Year,Gebietseinheit,Land der Staatsangehörigkeit,Units,GeoCode,Value
2005,"Braunschweig, Stadt",Ukraine,Anzahl,K03101,352
2005,"Salzgitter, Stadt",Ukraine,Anzahl,K03102,68
2005,"Wolfsburg, Stadt",Ukraine,Anzahl,K03103,91
2005,Gifhorn,Ukraine,Anzahl,K03151,96
2005,Goslar,Ukraine,Anzahl,K03153,92
2005,Helmstedt,Ukraine,Anzahl,K03154,45
2005,Northeim,Ukraine,Anzahl,K03155,59
2005,Peine,Ukraine,Anzahl,K03157,37
2005,Wolfenbüttel,Ukraine,Anzahl,K03158,53
2005,Göttingen,Ukraine,Anzahl,K03159,528
2005,Statistische Region Braunschweig,Ukraine,Anzahl,K031,1421
2005,Region Hannover,Ukraine,Anzahl,K03241,5859
2005,"dav. Hannover, Lhst.",Ukraine,Anzahl,K03241001,4768
2005,"dav. Hannover, Umland",Ukraine,Anzahl,K03241999,1091
2005,Diepholz,Ukraine,Anzahl,K03251,118
2005,Hameln-Pyrmont,Ukraine,Anzahl,K03252,508
2005,Hildesheim,Ukraine,Anzahl,K03254,188
2005,Holzminden,Ukraine,Anzahl,K03255,23
2005,Nienburg (Weser),Ukraine,Anzahl,K03256,58
2005,Schaumburg,Ukraine,Anzahl,K03257,109
2005,Statistische Region Hannover,Ukraine,Anzahl,K032,6863
2005,Celle,Ukraine,Anzahl,K03351,113
2005,Cuxhaven,Ukraine,Anzahl,K03352,67
2005,Harburg,Ukraine,Anzahl,K03353,123
2005,Lüchow-Dannenberg,Ukraine,Anzahl,K03354,20
2005,Lüneburg,Ukraine,Anzahl,K03355,88
2005,Osterholz,Ukraine,Anzahl,K03356,52
2005,Rotenburg (Wümme),Ukraine,Anzahl,K03357,77
2005,Heidekreis,Ukraine,Anzahl,K03358,91
2005,Stade,Ukraine,Anzahl,K03359,109
2005,Uelzen,Ukraine,Anzahl,K03360,33
2005,Verden,Ukraine,Anzahl,K03361,64
2005,Statistische Region Lüneburg,Ukraine,Anzahl,K033,837
2005,"Delmenhorst, Stadt",Ukraine,Anzahl,K03401,270
2005,"Emden, Stadt",Ukraine,Anzahl,K03402,32
2005,"Oldenburg (Oldb), Stadt",Ukraine,Anzahl,K03403,247
2005,"Osnabrück, Stadt",Ukraine,Anzahl,K03404,952
2005,"Wilhelmshaven, Stadt",Ukraine,Anzahl,K03405,54
2005,Ammerland,Ukraine,Anzahl,K03451,32
2005,Aurich,Ukraine,Anzahl,K03452,39
2005,Cloppenburg,Ukraine,Anzahl,K03453,105
2005,Emsland,Ukraine,Anzahl,K03454,122
2005,Friesland,Ukraine,Anzahl,K03455,27
2005,Grafschaft Bentheim,Ukraine,Anzahl,K03456,47
2005,Leer,Ukraine,Anzahl,K03457,62
2005,Oldenburg,Ukraine,Anzahl,K03458,38
2005,Osnabrück,Ukraine,Anzahl,K03459,260
2005,Vechta,Ukraine,Anzahl,K03460,123
2005,Wesermarsch,Ukraine,Anzahl,K03461,70
2005,Wittmund,Ukraine,Anzahl,K03462,11
2005,Statistische Region Weser-Ems,Ukraine,Anzahl,K034,2491
2005,Niedersachsen,Ukraine,Anzahl,K030,11612
2011,"Braunschweig, Stadt",Ukraine,Anzahl,K03101,373
2011,"Salzgitter, Stadt",Ukraine,Anzahl,K03102,71
2011,"Wolfsburg, Stadt",Ukraine,Anzahl,K03103,102
2011,Gifhorn,Ukraine,Anzahl,K03151,83
2011,Goslar,Ukraine,Anzahl,K03153,97
2011,Helmstedt,Ukraine,Anzahl,K03154,39
2011,Northeim,Ukraine,Anzahl,K03155,71
2011,Peine,Ukraine,Anzahl,K03157,54
2011,Wolfenbüttel,Ukraine,Anzahl,K03158,44
2011,Göttingen,Ukraine,Anzahl,K03159,436
2011,Statistische Region Braunschweig,Ukraine,Anzahl,K031,1370
2011,Region Hannover,Ukraine,Anzahl,K03241,4842
2011,"dav. Hannover, Lhst.",Ukraine,Anzahl,K03241001,3859
2011,"dav. Hannover, Umland",Ukraine,Anzahl,K03241999,983
2011,Diepholz,Ukraine,Anzahl,K03251,134
2011,Hameln-Pyrmont,Ukraine,Anzahl,K03252,375
2011,Hildesheim,Ukraine,Anzahl,K03254,190
2011,Holzminden,Ukraine,Anzahl,K03255,29
2011,Nienburg (Weser),Ukraine,Anzahl,K03256,61
2011,Schaumburg,Ukraine,Anzahl,K03257,111
2011,Statistische Region Hannover,Ukraine,Anzahl,K032,5742
2011,Celle,Ukraine,Anzahl,K03351,107
2011,Cuxhaven,Ukraine,Anzahl,K03352,73
2011,Harburg,Ukraine,Anzahl,K03353,144
2011,Lüchow-Dannenberg,Ukraine,Anzahl,K03354,20
2011,Lüneburg,Ukraine,Anzahl,K03355,97
2011,Osterholz,Ukraine,Anzahl,K03356,48
2011,Rotenburg (Wümme),Ukraine,Anzahl,K03357,71
2011,Heidekreis,Ukraine,Anzahl,K03358,81
2011,Stade,Ukraine,Anzahl,K03359,105
2011,Uelzen,Ukraine,Anzahl,K03360,36
2011,Verden,Ukraine,Anzahl,K03361,62
2011,Statistische Region Lüneburg,Ukraine,Anzahl,K033,844
2011,"Delmenhorst, Stadt",Ukraine,Anzahl,K03401,220
2011,"Emden, Stadt",Ukraine,Anzahl,K03402,28
2011,"Oldenburg (Oldb), Stadt",Ukraine,Anzahl,K03403,221
2011,"Osnabrück, Stadt",Ukraine,Anzahl,K03404,665
2011,"Wilhelmshaven, Stadt",Ukraine,Anzahl,K03405,36
2011,Ammerland,Ukraine,Anzahl,K03451,41
2011,Aurich,Ukraine,Anzahl,K03452,35
2011,Cloppenburg,Ukraine,Anzahl,K03453,118
2011,Emsland,Ukraine,Anzahl,K03454,154
2011,Friesland,Ukraine,Anzahl,K03455,37
2011,Grafschaft Bentheim,Ukraine,Anzahl,K03456,59
2011,Leer,Ukraine,Anzahl,K03457,81
2011,Oldenburg,Ukraine,Anzahl,K03458,40
2011,Osnabrück,Ukraine,Anzahl,K03459,264
2011,Vechta,Ukraine,Anzahl,K03460,115
2011,Wesermarsch,Ukraine,Anzahl,K03461,53
2011,Wittmund,Ukraine,Anzahl,K03462,13
2011,Statistische Region Weser-Ems,Ukraine,Anzahl,K034,2180
2011,Niedersachsen,Ukraine,Anzahl,K030,10136
2012,"Braunschweig, Stadt",Ukraine,Anzahl,K03101,360
2012,"Salzgitter, Stadt",Ukraine,Anzahl,K03102,82
2012,"Wolfsburg, Stadt",Ukraine,Anzahl,K03103,119
2012,Gifhorn,Ukraine,Anzahl,K03151,81
2012,Goslar,Ukraine,Anzahl,K03153,94
2012,Helmstedt,Ukraine,Anzahl,K03154,41
2012,Northeim,Ukraine,Anzahl,K03155,68
2012,Peine,Ukraine,Anzahl,K03157,57
2012,Wolfenbüttel,Ukraine,Anzahl,K03158,41
2012,Göttingen,Ukraine,Anzahl,K03159,412
2012,Statistische Region Braunschweig,Ukraine,Anzahl,K031,1355
2012,Region Hannover,Ukraine,Anzahl,K03241,4700
2012,"dav. Hannover, Lhst.",Ukraine,Anzahl,K03241001,3724
2012,"dav. Hannover, Umland",Ukraine,Anzahl,K03241999,976
2012,Diepholz,Ukraine,Anzahl,K03251,148
2012,Hameln-Pyrmont,Ukraine,Anzahl,K03252,360
2012,Hildesheim,Ukraine,Anzahl,K03254,187
2012,Holzminden,Ukraine,Anzahl,K03255,35
2012,Nienburg (Weser),Ukraine,Anzahl,K03256,63
2012,Schaumburg,Ukraine,Anzahl,K03257,105
2012,Statistische Region Hannover,Ukraine,Anzahl,K032,5598
2012,Celle,Ukraine,Anzahl,K03351,111
2012,Cuxhaven,Ukraine,Anzahl,K03352,68
2012,Harburg,Ukraine,Anzahl,K03353,145
2012,Lüchow-Dannenberg,Ukraine,Anzahl,K03354,18
2012,Lüneburg,Ukraine,Anzahl,K03355,100
2012,Osterholz,Ukraine,Anzahl,K03356,49
2012,Rotenburg (Wümme),Ukraine,Anzahl,K03357,73
2012,Heidekreis,Ukraine,Anzahl,K03358,82
2012,Stade,Ukraine,Anzahl,K03359,114
2012,Uelzen,Ukraine,Anzahl,K03360,36
2012,Verden,Ukraine,Anzahl,K03361,62
2012,Statistische Region Lüneburg,Ukraine,Anzahl,K033,858
2012,"Delmenhorst, Stadt",Ukraine,Anzahl,K03401,214
2012,"Emden, Stadt",Ukraine,Anzahl,K03402,31
2012,"Oldenburg (Oldb), Stadt",Ukraine,Anzahl,K03403,237
2012,"Osnabrück, Stadt",Ukraine,Anzahl,K03404,656
2012,"Wilhelmshaven, Stadt",Ukraine,Anzahl,K03405,36
2012,Ammerland,Ukraine,Anzahl,K03451,42
2012,Aurich,Ukraine,Anzahl,K03452,36
2012,Cloppenburg,Ukraine,Anzahl,K03453,123
2012,Emsland,Ukraine,Anzahl,K03454,134
2012,Friesland,Ukraine,Anzahl,K03455,31
2012,Grafschaft Bentheim,Ukraine,Anzahl,K03456,64
2012,Leer,Ukraine,Anzahl,K03457,78
2012,Oldenburg,Ukraine,Anzahl,K03458,37
2012,Osnabrück,Ukraine,Anzahl,K03459,260
2012,Vechta,Ukraine,Anzahl,K03460,118
2012,Wesermarsch,Ukraine,Anzahl,K03461,55
2012,Wittmund,Ukraine,Anzahl,K03462,11
2012,Statistische Region Weser-Ems,Ukraine,Anzahl,K034,2163
2012,Niedersachsen,Ukraine,Anzahl,K030,9974
2013,"Braunschweig, Stadt",Ukraine,Anzahl,K03101,378
2013,"Salzgitter, Stadt",Ukraine,Anzahl,K03102,77
2013,"Wolfsburg, Stadt",Ukraine,Anzahl,K03103,123
2013,Gifhorn,Ukraine,Anzahl,K03151,89
2013,Goslar,Ukraine,Anzahl,K03153,98
2013,Helmstedt,Ukraine,Anzahl,K03154,39
2013,Northeim,Ukraine,Anzahl,K03155,84
2013,Peine,Ukraine,Anzahl,K03157,56
2013,Wolfenbüttel,Ukraine,Anzahl,K03158,42
2013,Göttingen,Ukraine,Anzahl,K03159,424
2013,Statistische Region Braunschweig,Ukraine,Anzahl,K031,1410
2013,Region Hannover,Ukraine,Anzahl,K03241,4601
2013,"dav. Hannover, Lhst.",Ukraine,Anzahl,K03241001,3619
2013,"dav. Hannover, Umland",Ukraine,Anzahl,K03241999,982
2013,Diepholz,Ukraine,Anzahl,K03251,154
2013,Hameln-Pyrmont,Ukraine,Anzahl,K03252,338
2013,Hildesheim,Ukraine,Anzahl,K03254,191
2013,Holzminden,Ukraine,Anzahl,K03255,39
2013,Nienburg (Weser),Ukraine,Anzahl,K03256,68
2013,Schaumburg,Ukraine,Anzahl,K03257,87
2013,Statistische Region Hannover,Ukraine,Anzahl,K032,5478
2013,Celle,Ukraine,Anzahl,K03351,112
2013,Cuxhaven,Ukraine,Anzahl,K03352,68
2013,Harburg,Ukraine,Anzahl,K03353,164
2013,Lüchow-Dannenberg,Ukraine,Anzahl,K03354,23
2013,Lüneburg,Ukraine,Anzahl,K03355,91
2013,Osterholz,Ukraine,Anzahl,K03356,44
2013,Rotenburg (Wümme),Ukraine,Anzahl,K03357,84
2013,Heidekreis,Ukraine,Anzahl,K03358,87
2013,Stade,Ukraine,Anzahl,K03359,115
2013,Uelzen,Ukraine,Anzahl,K03360,41
2013,Verden,Ukraine,Anzahl,K03361,57
2013,Statistische Region Lüneburg,Ukraine,Anzahl,K033,886
2013,"Delmenhorst, Stadt",Ukraine,Anzahl,K03401,201
2013,"Emden, Stadt",Ukraine,Anzahl,K03402,32
2013,"Oldenburg (Oldb), Stadt",Ukraine,Anzahl,K03403,235
2013,"Osnabrück, Stadt",Ukraine,Anzahl,K03404,619
2013,"Wilhelmshaven, Stadt",Ukraine,Anzahl,K03405,41
2013,Ammerland,Ukraine,Anzahl,K03451,37
2013,Aurich,Ukraine,Anzahl,K03452,33
2013,Cloppenburg,Ukraine,Anzahl,K03453,123
2013,Emsland,Ukraine,Anzahl,K03454,107
2013,Friesland,Ukraine,Anzahl,K03455,29
2013,Grafschaft Bentheim,Ukraine,Anzahl,K03456,90
2013,Leer,Ukraine,Anzahl,K03457,76
2013,Oldenburg,Ukraine,Anzahl,K03458,44
2013,Osnabrück,Ukraine,Anzahl,K03459,268
2013,Vechta,Ukraine,Anzahl,K03460,114
2013,Wesermarsch,Ukraine,Anzahl,K03461,54
2013,Wittmund,Ukraine,Anzahl,K03462,7
2013,Statistische Region Weser-Ems,Ukraine,Anzahl,K034,2110
2013,Niedersachsen,Ukraine,Anzahl,K030,9884
2014,"Braunschweig, Stadt",Ukraine,Anzahl,K03101,406
2014,"Salzgitter, Stadt",Ukraine,Anzahl,K03102,82
2014,"Wolfsburg, Stadt",Ukraine,Anzahl,K03103,135
2014,Gifhorn,Ukraine,Anzahl,K03151,92
2014,Goslar,Ukraine,Anzahl,K03153,100
2014,Helmstedt,Ukraine,Anzahl,K03154,44
2014,Northeim,Ukraine,Anzahl,K03155,76
2014,Peine,Ukraine,Anzahl,K03157,63
2014,Wolfenbüttel,Ukraine,Anzahl,K03158,45
2014,Göttingen,Ukraine,Anzahl,K03159,423
2014,Statistische Region Braunschweig,Ukraine,Anzahl,K031,1466
2014,Region Hannover,Ukraine,Anzahl,K03241,4617
2014,"dav. Hannover, Lhst.",Ukraine,Anzahl,K03241001,3616
2014,"dav. Hannover, Umland",Ukraine,Anzahl,K03241999,1001
2014,Diepholz,Ukraine,Anzahl,K03251,163
2014,Hameln-Pyrmont,Ukraine,Anzahl,K03252,354
2014,Hildesheim,Ukraine,Anzahl,K03254,197
2014,Holzminden,Ukraine,Anzahl,K03255,42
2014,Nienburg (Weser),Ukraine,Anzahl,K03256,74
2014,Schaumburg,Ukraine,Anzahl,K03257,98
2014,Statistische Region Hannover,Ukraine,Anzahl,K032,5545
2014,Celle,Ukraine,Anzahl,K03351,115
2014,Cuxhaven,Ukraine,Anzahl,K03352,72
2014,Harburg,Ukraine,Anzahl,K03353,168
2014,Lüchow-Dannenberg,Ukraine,Anzahl,K03354,26
2014,Lüneburg,Ukraine,Anzahl,K03355,104
2014,Osterholz,Ukraine,Anzahl,K03356,64
2014,Rotenburg (Wümme),Ukraine,Anzahl,K03357,83
2014,Heidekreis,Ukraine,Anzahl,K03358,106
2014,Stade,Ukraine,Anzahl,K03359,122
2014,Uelzen,Ukraine,Anzahl,K03360,49
2014,Verden,Ukraine,Anzahl,K03361,66
2014,Statistische Region Lüneburg,Ukraine,Anzahl,K033,975
2014,"Delmenhorst, Stadt",Ukraine,Anzahl,K03401,206
2014,"Emden, Stadt",Ukraine,Anzahl,K03402,37
2014,"Oldenburg (Oldb), Stadt",Ukraine,Anzahl,K03403,248
2014,"Osnabrück, Stadt",Ukraine,Anzahl,K03404,596
2014,"Wilhelmshaven, Stadt",Ukraine,Anzahl,K03405,47
2014,Ammerland,Ukraine,Anzahl,K03451,47
2014,Aurich,Ukraine,Anzahl,K03452,39
2014,Cloppenburg,Ukraine,Anzahl,K03453,138
2014,Emsland,Ukraine,Anzahl,K03454,125
2014,Friesland,Ukraine,Anzahl,K03455,25
2014,Grafschaft Bentheim,Ukraine,Anzahl,K03456,95
2014,Leer,Ukraine,Anzahl,K03457,78
2014,Oldenburg,Ukraine,Anzahl,K03458,59
2014,Osnabrück,Ukraine,Anzahl,K03459,283
2014,Vechta,Ukraine,Anzahl,K03460,128
2014,Wesermarsch,Ukraine,Anzahl,K03461,53
2014,Wittmund,Ukraine,Anzahl,K03462,10
2014,Statistische Region Weser-Ems,Ukraine,Anzahl,K034,2214
2014,Niedersachsen,Ukraine,Anzahl,K030,10200
2015,"Braunschweig, Stadt",Ukraine,Anzahl,K03101,398
2015,"Salzgitter, Stadt",Ukraine,Anzahl,K03102,81
2015,"Wolfsburg, Stadt",Ukraine,Anzahl,K03103,153
2015,Gifhorn,Ukraine,Anzahl,K03151,103
2015,Goslar,Ukraine,Anzahl,K03153,101
2015,Helmstedt,Ukraine,Anzahl,K03154,44
2015,Northeim,Ukraine,Anzahl,K03155,75
2015,Peine,Ukraine,Anzahl,K03157,68
2015,Wolfenbüttel,Ukraine,Anzahl,K03158,45
2015,Göttingen,Ukraine,Anzahl,K03159,446
2015,Statistische Region Braunschweig,Ukraine,Anzahl,K031,1514
2015,Region Hannover,Ukraine,Anzahl,K03241,4489
2015,"dav. Hannover, Lhst.",Ukraine,Anzahl,K03241001,3514
2015,"dav. Hannover, Umland",Ukraine,Anzahl,K03241999,975
2015,Diepholz,Ukraine,Anzahl,K03251,167
2015,Hameln-Pyrmont,Ukraine,Anzahl,K03252,377
2015,Hildesheim,Ukraine,Anzahl,K03254,214
2015,Holzminden,Ukraine,Anzahl,K03255,45
2015,Nienburg (Weser),Ukraine,Anzahl,K03256,66
2015,Schaumburg,Ukraine,Anzahl,K03257,98
2015,Statistische Region Hannover,Ukraine,Anzahl,K032,5456
2015,Celle,Ukraine,Anzahl,K03351,125
2015,Cuxhaven,Ukraine,Anzahl,K03352,87
2015,Harburg,Ukraine,Anzahl,K03353,173
2015,Lüchow-Dannenberg,Ukraine,Anzahl,K03354,24
2015,Lüneburg,Ukraine,Anzahl,K03355,103
2015,Osterholz,Ukraine,Anzahl,K03356,62
2015,Rotenburg (Wümme),Ukraine,Anzahl,K03357,89
2015,Heidekreis,Ukraine,Anzahl,K03358,121
2015,Stade,Ukraine,Anzahl,K03359,127
2015,Uelzen,Ukraine,Anzahl,K03360,52
2015,Verden,Ukraine,Anzahl,K03361,70
2015,Statistische Region Lüneburg,Ukraine,Anzahl,K033,1033
2015,"Delmenhorst, Stadt",Ukraine,Anzahl,K03401,214
2015,"Emden, Stadt",Ukraine,Anzahl,K03402,38
2015,"Oldenburg (Oldb), Stadt",Ukraine,Anzahl,K03403,233
2015,"Osnabrück, Stadt",Ukraine,Anzahl,K03404,584
2015,"Wilhelmshaven, Stadt",Ukraine,Anzahl,K03405,48
2015,Ammerland,Ukraine,Anzahl,K03451,49
2015,Aurich,Ukraine,Anzahl,K03452,50
2015,Cloppenburg,Ukraine,Anzahl,K03453,148
2015,Emsland,Ukraine,Anzahl,K03454,152
2015,Friesland,Ukraine,Anzahl,K03455,36
2015,Grafschaft Bentheim,Ukraine,Anzahl,K03456,85
2015,Leer,Ukraine,Anzahl,K03457,84
2015,Oldenburg,Ukraine,Anzahl,K03458,76
2015,Osnabrück,Ukraine,Anzahl,K03459,295
2015,Vechta,Ukraine,Anzahl,K03460,127
2015,Wesermarsch,Ukraine,Anzahl,K03461,60
2015,Wittmund,Ukraine,Anzahl,K03462,13
2015,Statistische Region Weser-Ems,Ukraine,Anzahl,K034,2292
2015,Niedersachsen,Ukraine,Anzahl,K030,10295
2016,"Braunschweig, Stadt",Ukraine,Anzahl,K03101,395
2016,"Salzgitter, Stadt",Ukraine,Anzahl,K03102,95
2016,"Wolfsburg, Stadt",Ukraine,Anzahl,K03103,145
2016,Gifhorn,Ukraine,Anzahl,K03151,110
2016,Goslar,Ukraine,Anzahl,K03153,105
2016,Helmstedt,Ukraine,Anzahl,K03154,55
2016,Northeim,Ukraine,Anzahl,K03155,95
2016,Peine,Ukraine,Anzahl,K03157,70
2016,Wolfenbüttel,Ukraine,Anzahl,K03158,50
2016,Göttingen,Ukraine,Anzahl,K03159,460
2016,Statistische Region Braunschweig,Ukraine,Anzahl,K031,1585
2016,Region Hannover,Ukraine,Anzahl,K03241,4385
2016,"dav. Hannover, Lhst.",Ukraine,Anzahl,K03241001,3400
2016,"dav. Hannover, Umland",Ukraine,Anzahl,K03241999,985
2016,Diepholz,Ukraine,Anzahl,K03251,160
2016,Hameln-Pyrmont,Ukraine,Anzahl,K03252,375
2016,Hildesheim,Ukraine,Anzahl,K03254,235
2016,Holzminden,Ukraine,Anzahl,K03255,45
2016,Nienburg (Weser),Ukraine,Anzahl,K03256,65
2016,Schaumburg,Ukraine,Anzahl,K03257,90
2016,Statistische Region Hannover,Ukraine,Anzahl,K032,5360
2016,Celle,Ukraine,Anzahl,K03351,120
2016,Cuxhaven,Ukraine,Anzahl,K03352,95
2016,Harburg,Ukraine,Anzahl,K03353,180
2016,Lüchow-Dannenberg,Ukraine,Anzahl,K03354,25
2016,Lüneburg,Ukraine,Anzahl,K03355,100
2016,Osterholz,Ukraine,Anzahl,K03356,60
2016,Rotenburg (Wümme),Ukraine,Anzahl,K03357,90
2016,Heidekreis,Ukraine,Anzahl,K03358,120
2016,Stade,Ukraine,Anzahl,K03359,145
2016,Uelzen,Ukraine,Anzahl,K03360,55
2016,Verden,Ukraine,Anzahl,K03361,75
2016,Statistische Region Lüneburg,Ukraine,Anzahl,K033,1060
2016,"Delmenhorst, Stadt",Ukraine,Anzahl,K03401,205
2016,"Emden, Stadt",Ukraine,Anzahl,K03402,40
2016,"Oldenburg (Oldb), Stadt",Ukraine,Anzahl,K03403,210
2016,"Osnabrück, Stadt",Ukraine,Anzahl,K03404,570
2016,"Wilhelmshaven, Stadt",Ukraine,Anzahl,K03405,55
2016,Ammerland,Ukraine,Anzahl,K03451,60
2016,Aurich,Ukraine,Anzahl,K03452,60
2016,Cloppenburg,Ukraine,Anzahl,K03453,190
2016,Emsland,Ukraine,Anzahl,K03454,160
2016,Friesland,Ukraine,Anzahl,K03455,25
2016,Grafschaft Bentheim,Ukraine,Anzahl,K03456,100
2016,Leer,Ukraine,Anzahl,K03457,80
2016,Oldenburg,Ukraine,Anzahl,K03458,100
2016,Osnabrück,Ukraine,Anzahl,K03459,305
2016,Vechta,Ukraine,Anzahl,K03460,145
2016,Wesermarsch,Ukraine,Anzahl,K03461,65
2016,Wittmund,Ukraine,Anzahl,K03462,10
2016,Statistische Region Weser-Ems,Ukraine,Anzahl,K034,2385
2016,Niedersachsen,Ukraine,Anzahl,K030,10390
2017,"Braunschweig, Stadt",Ukraine,Anzahl,K03101,385
2017,"Salzgitter, Stadt",Ukraine,Anzahl,K03102,95
2017,"Wolfsburg, Stadt",Ukraine,Anzahl,K03103,150
2017,Gifhorn,Ukraine,Anzahl,K03151,115
2017,Goslar,Ukraine,Anzahl,K03153,110
2017,Helmstedt,Ukraine,Anzahl,K03154,50
2017,Northeim,Ukraine,Anzahl,K03155,90
2017,Peine,Ukraine,Anzahl,K03157,70
2017,Wolfenbüttel,Ukraine,Anzahl,K03158,55
2017,Göttingen,Ukraine,Anzahl,K03159,485
2017,Statistische Region Braunschweig,Ukraine,Anzahl,K031,1605
2017,Region Hannover,Ukraine,Anzahl,K03241,4395
2017,"dav. Hannover, Lhst.",Ukraine,Anzahl,K03241001,3400
2017,"dav. Hannover, Umland",Ukraine,Anzahl,K03241999,995
2017,Diepholz,Ukraine,Anzahl,K03251,165
2017,Hameln-Pyrmont,Ukraine,Anzahl,K03252,380
2017,Hildesheim,Ukraine,Anzahl,K03254,265
2017,Holzminden,Ukraine,Anzahl,K03255,40
2017,Nienburg (Weser),Ukraine,Anzahl,K03256,70
2017,Schaumburg,Ukraine,Anzahl,K03257,90
2017,Statistische Region Hannover,Ukraine,Anzahl,K032,5405
2017,Celle,Ukraine,Anzahl,K03351,125
2017,Cuxhaven,Ukraine,Anzahl,K03352,95
2017,Harburg,Ukraine,Anzahl,K03353,180
2017,Lüchow-Dannenberg,Ukraine,Anzahl,K03354,30
2017,Lüneburg,Ukraine,Anzahl,K03355,100
2017,Osterholz,Ukraine,Anzahl,K03356,60
2017,Rotenburg (Wümme),Ukraine,Anzahl,K03357,90
2017,Heidekreis,Ukraine,Anzahl,K03358,125
2017,Stade,Ukraine,Anzahl,K03359,145
2017,Uelzen,Ukraine,Anzahl,K03360,55
2017,Verden,Ukraine,Anzahl,K03361,75
2017,Statistische Region Lüneburg,Ukraine,Anzahl,K033,1090
2017,"Delmenhorst, Stadt",Ukraine,Anzahl,K03401,210
2017,"Emden, Stadt",Ukraine,Anzahl,K03402,50
2017,"Oldenburg (Oldb), Stadt",Ukraine,Anzahl,K03403,215
2017,"Osnabrück, Stadt",Ukraine,Anzahl,K03404,565
2017,"Wilhelmshaven, Stadt",Ukraine,Anzahl,K03405,50
2017,Ammerland,Ukraine,Anzahl,K03451,60
2017,Aurich,Ukraine,Anzahl,K03452,70
2017,Cloppenburg,Ukraine,Anzahl,K03453,225
2017,Emsland,Ukraine,Anzahl,K03454,180
2017,Friesland,Ukraine,Anzahl,K03455,30
2017,Grafschaft Bentheim,Ukraine,Anzahl,K03456,90
2017,Leer,Ukraine,Anzahl,K03457,85
2017,Oldenburg,Ukraine,Anzahl,K03458,110
2017,Osnabrück,Ukraine,Anzahl,K03459,325
2017,Vechta,Ukraine,Anzahl,K03460,150
2017,Wesermarsch,Ukraine,Anzahl,K03461,60
2017,Wittmund,Ukraine,Anzahl,K03462,10
2017,Statistische Region Weser-Ems,Ukraine,Anzahl,K034,2495
2017,Niedersachsen,Ukraine,Anzahl,K030,10595
2018,"Braunschweig, Stadt",Ukraine,Anzahl,K03101,395
2018,"Salzgitter, Stadt",Ukraine,Anzahl,K03102,100
2018,"Wolfsburg, Stadt",Ukraine,Anzahl,K03103,165
2018,Gifhorn,Ukraine,Anzahl,K03151,130
2018,Goslar,Ukraine,Anzahl,K03153,120
2018,Helmstedt,Ukraine,Anzahl,K03154,55
2018,Northeim,Ukraine,Anzahl,K03155,105
2018,Peine,Ukraine,Anzahl,K03157,80
2018,Wolfenbüttel,Ukraine,Anzahl,K03158,55
2018,Göttingen,Ukraine,Anzahl,K03159,495
2018,Statistische Region Braunschweig,Ukraine,Anzahl,K031,1705
2018,Region Hannover,Ukraine,Anzahl,K03241,4440
2018,"dav. Hannover, Lhst.",Ukraine,Anzahl,K03241001,3410
2018,"dav. Hannover, Umland",Ukraine,Anzahl,K03241999,1030
2018,Diepholz,Ukraine,Anzahl,K03251,165
2018,Hameln-Pyrmont,Ukraine,Anzahl,K03252,360
2018,Hildesheim,Ukraine,Anzahl,K03254,285
2018,Holzminden,Ukraine,Anzahl,K03255,50
2018,Nienburg (Weser),Ukraine,Anzahl,K03256,75
2018,Schaumburg,Ukraine,Anzahl,K03257,95
2018,Statistische Region Hannover,Ukraine,Anzahl,K032,5475
2018,Celle,Ukraine,Anzahl,K03351,135
2018,Cuxhaven,Ukraine,Anzahl,K03352,125
2018,Harburg,Ukraine,Anzahl,K03353,205
2018,Lüchow-Dannenberg,Ukraine,Anzahl,K03354,35
2018,Lüneburg,Ukraine,Anzahl,K03355,110
2018,Osterholz,Ukraine,Anzahl,K03356,60
2018,Rotenburg (Wümme),Ukraine,Anzahl,K03357,100
2018,Heidekreis,Ukraine,Anzahl,K03358,135
2018,Stade,Ukraine,Anzahl,K03359,145
2018,Uelzen,Ukraine,Anzahl,K03360,55
2018,Verden,Ukraine,Anzahl,K03361,85
2018,Statistische Region Lüneburg,Ukraine,Anzahl,K033,1190
2018,"Delmenhorst, Stadt",Ukraine,Anzahl,K03401,205
2018,"Emden, Stadt",Ukraine,Anzahl,K03402,50
2018,"Oldenburg (Oldb), Stadt",Ukraine,Anzahl,K03403,215
2018,"Osnabrück, Stadt",Ukraine,Anzahl,K03404,560
2018,"Wilhelmshaven, Stadt",Ukraine,Anzahl,K03405,55
2018,Ammerland,Ukraine,Anzahl,K03451,65
2018,Aurich,Ukraine,Anzahl,K03452,70
2018,Cloppenburg,Ukraine,Anzahl,K03453,275
2018,Emsland,Ukraine,Anzahl,K03454,220
2018,Friesland,Ukraine,Anzahl,K03455,30
2018,Grafschaft Bentheim,Ukraine,Anzahl,K03456,100
2018,Leer,Ukraine,Anzahl,K03457,85
2018,Oldenburg,Ukraine,Anzahl,K03458,120
2018,Osnabrück,Ukraine,Anzahl,K03459,365
2018,Vechta,Ukraine,Anzahl,K03460,170
2018,Wesermarsch,Ukraine,Anzahl,K03461,55
2018,Wittmund,Ukraine,Anzahl,K03462,15
2018,Statistische Region Weser-Ems,Ukraine,Anzahl,K034,2660
2018,Niedersachsen,Ukraine,Anzahl,K030,11030
2019,"Braunschweig, Stadt",Ukraine,Anzahl,K03101,425
2019,"Salzgitter, Stadt",Ukraine,Anzahl,K03102,115
2019,"Wolfsburg, Stadt",Ukraine,Anzahl,K03103,175
2019,Gifhorn,Ukraine,Anzahl,K03151,135
2019,Goslar,Ukraine,Anzahl,K03153,135
2019,Helmstedt,Ukraine,Anzahl,K03154,60
2019,Northeim,Ukraine,Anzahl,K03155,115
2019,Peine,Ukraine,Anzahl,K03157,85
2019,Wolfenbüttel,Ukraine,Anzahl,K03158,55
2019,Göttingen,Ukraine,Anzahl,K03159,485
2019,Statistische Region Braunschweig,Ukraine,Anzahl,K031,1785
2019,Region Hannover,Ukraine,Anzahl,K03241,4460
2019,"dav. Hannover, Lhst.",Ukraine,Anzahl,K03241001,3455
2019,"dav. Hannover, Umland",Ukraine,Anzahl,K03241999,1005
2019,Diepholz,Ukraine,Anzahl,K03251,180
2019,Hameln-Pyrmont,Ukraine,Anzahl,K03252,375
2019,Hildesheim,Ukraine,Anzahl,K03254,285
2019,Holzminden,Ukraine,Anzahl,K03255,55
2019,Nienburg (Weser),Ukraine,Anzahl,K03256,70
2019,Schaumburg,Ukraine,Anzahl,K03257,100
2019,Statistische Region Hannover,Ukraine,Anzahl,K032,5520
2019,Celle,Ukraine,Anzahl,K03351,140
2019,Cuxhaven,Ukraine,Anzahl,K03352,120
2019,Harburg,Ukraine,Anzahl,K03353,240
2019,Lüchow-Dannenberg,Ukraine,Anzahl,K03354,30
2019,Lüneburg,Ukraine,Anzahl,K03355,110
2019,Osterholz,Ukraine,Anzahl,K03356,60
2019,Rotenburg (Wümme),Ukraine,Anzahl,K03357,115
2019,Heidekreis,Ukraine,Anzahl,K03358,155
2019,Stade,Ukraine,Anzahl,K03359,140
2019,Uelzen,Ukraine,Anzahl,K03360,70
2019,Verden,Ukraine,Anzahl,K03361,90
2019,Statistische Region Lüneburg,Ukraine,Anzahl,K033,1275
2019,"Delmenhorst, Stadt",Ukraine,Anzahl,K03401,220
2019,"Emden, Stadt",Ukraine,Anzahl,K03402,55
2019,"Oldenburg (Oldb), Stadt",Ukraine,Anzahl,K03403,215
2019,"Osnabrück, Stadt",Ukraine,Anzahl,K03404,545
2019,"Wilhelmshaven, Stadt",Ukraine,Anzahl,K03405,65
2019,Ammerland,Ukraine,Anzahl,K03451,70
2019,Aurich,Ukraine,Anzahl,K03452,80
2019,Cloppenburg,Ukraine,Anzahl,K03453,265
2019,Emsland,Ukraine,Anzahl,K03454,255
2019,Friesland,Ukraine,Anzahl,K03455,35
2019,Grafschaft Bentheim,Ukraine,Anzahl,K03456,105
2019,Leer,Ukraine,Anzahl,K03457,130
2019,Oldenburg,Ukraine,Anzahl,K03458,70
2019,Osnabrück,Ukraine,Anzahl,K03459,410
2019,Vechta,Ukraine,Anzahl,K03460,160
2019,Wesermarsch,Ukraine,Anzahl,K03461,65
2019,Wittmund,Ukraine,Anzahl,K03462,10
2019,Statistische Region Weser-Ems,Ukraine,Anzahl,K034,2765
2019,Niedersachsen,Ukraine,Anzahl,K030,11345
2020,"Braunschweig, Stadt",Ukraine,Anzahl,K03101,415
2020,"Salzgitter, Stadt",Ukraine,Anzahl,K03102,140
2020,"Wolfsburg, Stadt",Ukraine,Anzahl,K03103,175
2020,Gifhorn,Ukraine,Anzahl,K03151,155
2020,Goslar,Ukraine,Anzahl,K03153,145
2020,Helmstedt,Ukraine,Anzahl,K03154,70
2020,Northeim,Ukraine,Anzahl,K03155,105
2020,Peine,Ukraine,Anzahl,K03157,85
2020,Wolfenbüttel,Ukraine,Anzahl,K03158,60
2020,Göttingen,Ukraine,Anzahl,K03159,485
2020,Statistische Region Braunschweig,Ukraine,Anzahl,K031,1835
2020,Region Hannover,Ukraine,Anzahl,K03241,4325
2020,"dav. Hannover, Lhst.",Ukraine,Anzahl,K03241001,3300
2020,"dav. Hannover, Umland",Ukraine,Anzahl,K03241999,1020
2020,Diepholz,Ukraine,Anzahl,K03251,185
2020,Hameln-Pyrmont,Ukraine,Anzahl,K03252,380
2020,Hildesheim,Ukraine,Anzahl,K03254,285
2020,Holzminden,Ukraine,Anzahl,K03255,45
2020,Nienburg (Weser),Ukraine,Anzahl,K03256,90
2020,Schaumburg,Ukraine,Anzahl,K03257,110
2020,Statistische Region Hannover,Ukraine,Anzahl,K032,5410
2020,Celle,Ukraine,Anzahl,K03351,140
2020,Cuxhaven,Ukraine,Anzahl,K03352,130
2020,Harburg,Ukraine,Anzahl,K03353,250
2020,Lüchow-Dannenberg,Ukraine,Anzahl,K03354,55
2020,Lüneburg,Ukraine,Anzahl,K03355,115
2020,Osterholz,Ukraine,Anzahl,K03356,70
2020,Rotenburg (Wümme),Ukraine,Anzahl,K03357,115
2020,Heidekreis,Ukraine,Anzahl,K03358,145
2020,Stade,Ukraine,Anzahl,K03359,140
2020,Uelzen,Ukraine,Anzahl,K03360,80
2020,Verden,Ukraine,Anzahl,K03361,95
2020,Statistische Region Lüneburg,Ukraine,Anzahl,K033,1335
2020,"Delmenhorst, Stadt",Ukraine,Anzahl,K03401,225
2020,"Emden, Stadt",Ukraine,Anzahl,K03402,65
2020,"Oldenburg (Oldb), Stadt",Ukraine,Anzahl,K03403,225
2020,"Osnabrück, Stadt",Ukraine,Anzahl,K03404,540
2020,"Wilhelmshaven, Stadt",Ukraine,Anzahl,K03405,65
2020,Ammerland,Ukraine,Anzahl,K03451,85
2020,Aurich,Ukraine,Anzahl,K03452,90
2020,Cloppenburg,Ukraine,Anzahl,K03453,255
2020,Emsland,Ukraine,Anzahl,K03454,265
2020,Friesland,Ukraine,Anzahl,K03455,45
2020,Grafschaft Bentheim,Ukraine,Anzahl,K03456,110
2020,Leer,Ukraine,Anzahl,K03457,120
2020,Oldenburg,Ukraine,Anzahl,K03458,75
2020,Osnabrück,Ukraine,Anzahl,K03459,425
2020,Vechta,Ukraine,Anzahl,K03460,165
2020,Wesermarsch,Ukraine,Anzahl,K03461,55
2020,Wittmund,Ukraine,Anzahl,K03462,15
2020,Statistische Region Weser-Ems,Ukraine,Anzahl,K034,2830
2020,Niedersachsen,Ukraine,Anzahl,K030,11410
2021,"Braunschweig, Stadt",Ukraine,Anzahl,K03101,430
2021,"Salzgitter, Stadt",Ukraine,Anzahl,K03102,150
2021,"Wolfsburg, Stadt",Ukraine,Anzahl,K03103,180
2021,Gifhorn,Ukraine,Anzahl,K03151,160
2021,Goslar,Ukraine,Anzahl,K03153,140
2021,Helmstedt,Ukraine,Anzahl,K03154,75
2021,Northeim,Ukraine,Anzahl,K03155,115
2021,Peine,Ukraine,Anzahl,K03157,95
2021,Wolfenbüttel,Ukraine,Anzahl,K03158,70
2021,Göttingen,Ukraine,Anzahl,K03159,495
2021,Statistische Region Braunschweig,Ukraine,Anzahl,K031,1905
2021,Region Hannover,Ukraine,Anzahl,K03241,4380
2021,"dav. Hannover, Lhst.",Ukraine,Anzahl,K03241001,3295
2021,"dav. Hannover, Umland",Ukraine,Anzahl,K03241999,1085
2021,Diepholz,Ukraine,Anzahl,K03251,220
2021,Hameln-Pyrmont,Ukraine,Anzahl,K03252,390
2021,Hildesheim,Ukraine,Anzahl,K03254,310
2021,Holzminden,Ukraine,Anzahl,K03255,55
2021,Nienburg (Weser),Ukraine,Anzahl,K03256,85
2021,Schaumburg,Ukraine,Anzahl,K03257,125
2021,Statistische Region Hannover,Ukraine,Anzahl,K032,5560
2021,Celle,Ukraine,Anzahl,K03351,145
2021,Cuxhaven,Ukraine,Anzahl,K03352,155
2021,Harburg,Ukraine,Anzahl,K03353,275
2021,Lüchow-Dannenberg,Ukraine,Anzahl,K03354,30
2021,Lüneburg,Ukraine,Anzahl,K03355,120
2021,Osterholz,Ukraine,Anzahl,K03356,85
2021,Rotenburg (Wümme),Ukraine,Anzahl,K03357,140
2021,Heidekreis,Ukraine,Anzahl,K03358,165
2021,Stade,Ukraine,Anzahl,K03359,155
2021,Uelzen,Ukraine,Anzahl,K03360,80
2021,Verden,Ukraine,Anzahl,K03361,95
2021,Statistische Region Lüneburg,Ukraine,Anzahl,K033,1440
2021,"Delmenhorst, Stadt",Ukraine,Anzahl,K03401,235
2021,"Emden, Stadt",Ukraine,Anzahl,K03402,70
2021,"Oldenburg (Oldb), Stadt",Ukraine,Anzahl,K03403,240
2021,"Osnabrück, Stadt",Ukraine,Anzahl,K03404,545
2021,"Wilhelmshaven, Stadt",Ukraine,Anzahl,K03405,70
2021,Ammerland,Ukraine,Anzahl,K03451,85
2021,Aurich,Ukraine,Anzahl,K03452,95
2021,Cloppenburg,Ukraine,Anzahl,K03453,240
2021,Emsland,Ukraine,Anzahl,K03454,285
2021,Friesland,Ukraine,Anzahl,K03455,45
2021,Grafschaft Bentheim,Ukraine,Anzahl,K03456,150
2021,Leer,Ukraine,Anzahl,K03457,130
2021,Oldenburg,Ukraine,Anzahl,K03458,85
2021,Osnabrück,Ukraine,Anzahl,K03459,445
2021,Vechta,Ukraine,Anzahl,K03460,180
2021,Wesermarsch,Ukraine,Anzahl,K03461,55
2021,Wittmund,Ukraine,Anzahl,K03462,25
2021,Statistische Region Weser-Ems,Ukraine,Anzahl,K034,2980
2021,Niedersachsen,Ukraine,Anzahl,K030,11890
2022,"Braunschweig, Stadt",Ukraine,Anzahl,K03101,3565
2022,"Salzgitter, Stadt",Ukraine,Anzahl,K03102,1385
2022,"Wolfsburg, Stadt",Ukraine,Anzahl,K03103,2210
2022,Gifhorn,Ukraine,Anzahl,K03151,2165
2022,Goslar,Ukraine,Anzahl,K03153,1845
2022,Helmstedt,Ukraine,Anzahl,K03154,1475
2022,Northeim,Ukraine,Anzahl,K03155,2680
2022,Peine,Ukraine,Anzahl,K03157,1830
2022,Wolfenbüttel,Ukraine,Anzahl,K03158,1690
2022,Göttingen,Ukraine,Anzahl,K03159,4390
2022,Statistische Region Braunschweig,Ukraine,Anzahl,K031,23235
2022,Region Hannover,Ukraine,Anzahl,K03241,22700
2022,"dav. Hannover, Lhst.",Ukraine,Anzahl,K03241001,10175
2022,"dav. Hannover, Umland",Ukraine,Anzahl,K03241999,12525
2022,Diepholz,Ukraine,Anzahl,K03251,2850
2022,Hameln-Pyrmont,Ukraine,Anzahl,K03252,2755
2022,Hildesheim,Ukraine,Anzahl,K03254,4310
2022,Holzminden,Ukraine,Anzahl,K03255,1305
2022,Nienburg (Weser),Ukraine,Anzahl,K03256,1780
2022,Schaumburg,Ukraine,Anzahl,K03257,1995
2022,Statistische Region Hannover,Ukraine,Anzahl,K032,37695
2022,Celle,Ukraine,Anzahl,K03351,2270
2022,Cuxhaven,Ukraine,Anzahl,K03352,2390
2022,Harburg,Ukraine,Anzahl,K03353,3150
2022,Lüchow-Dannenberg,Ukraine,Anzahl,K03354,775
2022,Lüneburg,Ukraine,Anzahl,K03355,1945
2022,Osterholz,Ukraine,Anzahl,K03356,1485
2022,Rotenburg (Wümme),Ukraine,Anzahl,K03357,2110
2022,Heidekreis,Ukraine,Anzahl,K03358,3445
2022,Stade,Ukraine,Anzahl,K03359,2945
2022,Uelzen,Ukraine,Anzahl,K03360,1515
2022,Verden,Ukraine,Anzahl,K03361,1730
2022,Statistische Region Lüneburg,Ukraine,Anzahl,K033,23760
2022,"Delmenhorst, Stadt",Ukraine,Anzahl,K03401,1175
2022,"Emden, Stadt",Ukraine,Anzahl,K03402,975
2022,"Oldenburg (Oldb), Stadt",Ukraine,Anzahl,K03403,2015
2022,"Osnabrück, Stadt",Ukraine,Anzahl,K03404,2900
2022,"Wilhelmshaven, Stadt",Ukraine,Anzahl,K03405,1100
2022,Ammerland,Ukraine,Anzahl,K03451,1520
2022,Aurich,Ukraine,Anzahl,K03452,1780
2022,Cloppenburg,Ukraine,Anzahl,K03453,2910
2022,Emsland,Ukraine,Anzahl,K03454,3980
2022,Friesland,Ukraine,Anzahl,K03455,1245
2022,Grafschaft Bentheim,Ukraine,Anzahl,K03456,2115
2022,Leer,Ukraine,Anzahl,K03457,2040
2022,Oldenburg,Ukraine,Anzahl,K03458,1340
2022,Osnabrück,Ukraine,Anzahl,K03459,5010
2022,Vechta,Ukraine,Anzahl,K03460,2225
2022,Wesermarsch,Ukraine,Anzahl,K03461,1300
2022,Wittmund,Ukraine,Anzahl,K03462,905
2022,Statistische Region Weser-Ems,Ukraine,Anzahl,K034,34540
2022,Niedersachsen,Ukraine,Anzahl,K030,119230
2023,"Braunschweig, Stadt",Ukraine,Anzahl,K03101,3765
2023,"Salzgitter, Stadt",Ukraine,Anzahl,K03102,1385
2023,"Wolfsburg, Stadt",Ukraine,Anzahl,K03103,2170
2023,Gifhorn,Ukraine,Anzahl,K03151,1845
2023,Goslar,Ukraine,Anzahl,K03153,2265
2023,Helmstedt,Ukraine,Anzahl,K03154,1555
2023,Northeim,Ukraine,Anzahl,K03155,2615
2023,Peine,Ukraine,Anzahl,K03157,1980
2023,Wolfenbüttel,Ukraine,Anzahl,K03158,1630
2023,Göttingen,Ukraine,Anzahl,K03159,4720
2023,Statistische Region Braunschweig,Ukraine,Anzahl,K031,23925
2023,Region Hannover,Ukraine,Anzahl,K03241,19975
2023,"dav. Hannover, Lhst.",Ukraine,Anzahl,K03241001,11260
2023,"dav. Hannover, Umland",Ukraine,Anzahl,K03241999,8715
2023,Diepholz,Ukraine,Anzahl,K03251,2940
2023,Hameln-Pyrmont,Ukraine,Anzahl,K03252,2975
2023,Hildesheim,Ukraine,Anzahl,K03254,4030
2023,Holzminden,Ukraine,Anzahl,K03255,1480
2023,Nienburg (Weser),Ukraine,Anzahl,K03256,1915
2023,Schaumburg,Ukraine,Anzahl,K03257,2070
2023,Statistische Region Hannover,Ukraine,Anzahl,K032,35385
2023,Celle,Ukraine,Anzahl,K03351,2440
2023,Cuxhaven,Ukraine,Anzahl,K03352,2460
2023,Harburg,Ukraine,Anzahl,K03353,2975
2023,Lüchow-Dannenberg,Ukraine,Anzahl,K03354,765
2023,Lüneburg,Ukraine,Anzahl,K03355,1910
2023,Osterholz,Ukraine,Anzahl,K03356,1550
2023,Rotenburg (Wümme),Ukraine,Anzahl,K03357,2090
2023,Heidekreis,Ukraine,Anzahl,K03358,3120
2023,Stade,Ukraine,Anzahl,K03359,3445
2023,Uelzen,Ukraine,Anzahl,K03360,1535
2023,Verden,Ukraine,Anzahl,K03361,1850
2023,Statistische Region Lüneburg,Ukraine,Anzahl,K033,24140
2023,"Delmenhorst, Stadt",Ukraine,Anzahl,K03401,1275
2023,"Emden, Stadt",Ukraine,Anzahl,K03402,1025
2023,"Oldenburg (Oldb), Stadt",Ukraine,Anzahl,K03403,2590
2023,"Osnabrück, Stadt",Ukraine,Anzahl,K03404,3235
2023,"Wilhelmshaven, Stadt",Ukraine,Anzahl,K03405,1440
2023,Ammerland,Ukraine,Anzahl,K03451,1450
2023,Aurich,Ukraine,Anzahl,K03452,1855
2023,Cloppenburg,Ukraine,Anzahl,K03453,3020
2023,Emsland,Ukraine,Anzahl,K03454,4535
2023,Friesland,Ukraine,Anzahl,K03455,1245
2023,Grafschaft Bentheim,Ukraine,Anzahl,K03456,2195
2023,Leer,Ukraine,Anzahl,K03457,1940
2023,Oldenburg,Ukraine,Anzahl,K03458,1310
2023,Osnabrück,Ukraine,Anzahl,K03459,5320
2023,Vechta,Ukraine,Anzahl,K03460,2375
2023,Wesermarsch,Ukraine,Anzahl,K03461,1245
2023,Wittmund,Ukraine,Anzahl,K03462,830
2023,Statistische Region Weser-Ems,Ukraine,Anzahl,K034,36880
2023,Niedersachsen,Ukraine,Anzahl,K030,120325
2024,"Braunschweig, Stadt",Ukraine,Anzahl,K03101,3650
2024,"Salzgitter, Stadt",Ukraine,Anzahl,K03102,1485
2024,"Wolfsburg, Stadt",Ukraine,Anzahl,K03103,2225
2024,Gifhorn,Ukraine,Anzahl,K03151,1860
2024,Goslar,Ukraine,Anzahl,K03153,2215
2024,Helmstedt,Ukraine,Anzahl,K03154,1480
2024,Northeim,Ukraine,Anzahl,K03155,2670
2024,Peine,Ukraine,Anzahl,K03157,1980
2024,Wolfenbüttel,Ukraine,Anzahl,K03158,1540
2024,Göttingen,Ukraine,Anzahl,K03159,4635
2024,Statistische Region Braunschweig,Ukraine,Anzahl,K031,23740
2024,Region Hannover,Ukraine,Anzahl,K03241,20720
2024,"dav. Hannover, Lhst.",Ukraine,Anzahl,K03241001,12065
2024,"dav. Hannover, Umland",Ukraine,Anzahl,K03241999,8655
2024,Diepholz,Ukraine,Anzahl,K03251,3145
2024,Hameln-Pyrmont,Ukraine,Anzahl,K03252,2910
2024,Hildesheim,Ukraine,Anzahl,K03254,3835
2024,Holzminden,Ukraine,Anzahl,K03255,1575
2024,Nienburg (Weser),Ukraine,Anzahl,K03256,2165
2024,Schaumburg,Ukraine,Anzahl,K03257,2135
2024,Statistische Region Hannover,Ukraine,Anzahl,K032,36485
2024,Celle,Ukraine,Anzahl,K03351,2460
2024,Cuxhaven,Ukraine,Anzahl,K03352,2310
2024,Harburg,Ukraine,Anzahl,K03353,2915
2024,Lüchow-Dannenberg,Ukraine,Anzahl,K03354,695
2024,Lüneburg,Ukraine,Anzahl,K03355,1880
2024,Osterholz,Ukraine,Anzahl,K03356,1475
2024,Rotenburg (Wümme),Ukraine,Anzahl,K03357,2010
2024,Heidekreis,Ukraine,Anzahl,K03358,2400
2024,Stade,Ukraine,Anzahl,K03359,3430
2024,Uelzen,Ukraine,Anzahl,K03360,1415
2024,Verden,Ukraine,Anzahl,K03361,1985
2024,Statistische Region Lüneburg,Ukraine,Anzahl,K033,22970
2024,"Delmenhorst, Stadt",Ukraine,Anzahl,K03401,1265
2024,"Emden, Stadt",Ukraine,Anzahl,K03402,1030
2024,"Oldenburg (Oldb), Stadt",Ukraine,Anzahl,K03403,2790
2024,"Osnabrück, Stadt",Ukraine,Anzahl,K03404,3350
2024,"Wilhelmshaven, Stadt",Ukraine,Anzahl,K03405,1465
2024,Ammerland,Ukraine,Anzahl,K03451,1455
2024,Aurich,Ukraine,Anzahl,K03452,1815
2024,Cloppenburg,Ukraine,Anzahl,K03453,3030
2024,Emsland,Ukraine,Anzahl,K03454,5090
2024,Friesland,Ukraine,Anzahl,K03455,1205
2024,Grafschaft Bentheim,Ukraine,Anzahl,K03456,2120
2024,Leer,Ukraine,Anzahl,K03457,1895
2024,Oldenburg,Ukraine,Anzahl,K03458,1250
2024,Osnabrück,Ukraine,Anzahl,K03459,5235
2024,Vechta,Ukraine,Anzahl,K03460,2560
2024,Wesermarsch,Ukraine,Anzahl,K03461,1150
2024,Wittmund,Ukraine,Anzahl,K03462,745
2024,Statistische Region Weser-Ems,Ukraine,Anzahl,K034,37440
2024,Niedersachsen,Ukraine,Anzahl,K030,120635
2025,"Braunschweig, Stadt",Ukraine,Anzahl,K03101,3705
2025,"Salzgitter, Stadt",Ukraine,Anzahl,K03102,1490
2025,"Wolfsburg, Stadt",Ukraine,Anzahl,K03103,2415
2025,Gifhorn,Ukraine,Anzahl,K03151,1985
2025,Goslar,Ukraine,Anzahl,K03153,2265
2025,Helmstedt,Ukraine,Anzahl,K03154,1700
2025,Northeim,Ukraine,Anzahl,K03155,2585
2025,Peine,Ukraine,Anzahl,K03157,2150
2025,Wolfenbüttel,Ukraine,Anzahl,K03158,1590
2025,Göttingen,Ukraine,Anzahl,K03159,5005
2025,Statistische Region Braunschweig,Ukraine,Anzahl,K031,24895
2025,Region Hannover,Ukraine,Anzahl,K03241,21475
2025,"dav. Hannover, Lhst.",Ukraine,Anzahl,K03241001,13175
2025,"dav. Hannover, Umland",Ukraine,Anzahl,K03241999,8300
2025,Diepholz,Ukraine,Anzahl,K03251,3355
2025,Hameln-Pyrmont,Ukraine,Anzahl,K03252,2985
2025,Hildesheim,Ukraine,Anzahl,K03254,4115
2025,Holzminden,Ukraine,Anzahl,K03255,1710
2025,Nienburg (Weser),Ukraine,Anzahl,K03256,2235
2025,Schaumburg,Ukraine,Anzahl,K03257,2195
2025,Statistische Region Hannover,Ukraine,Anzahl,K032,38080
2025,Celle,Ukraine,Anzahl,K03351,2625
2025,Cuxhaven,Ukraine,Anzahl,K03352,2495
2025,Harburg,Ukraine,Anzahl,K03353,3035
2025,Lüchow-Dannenberg,Ukraine,Anzahl,K03354,820
2025,Lüneburg,Ukraine,Anzahl,K03355,2115
2025,Osterholz,Ukraine,Anzahl,K03356,1485
2025,Rotenburg (Wümme),Ukraine,Anzahl,K03357,2230
2025,Heidekreis,Ukraine,Anzahl,K03358,2480
2025,Stade,Ukraine,Anzahl,K03359,3380
2025,Uelzen,Ukraine,Anzahl,K03360,1385
2025,Verden,Ukraine,Anzahl,K03361,2295
2025,Statistische Region Lüneburg,Ukraine,Anzahl,K033,24355
2025,"Delmenhorst, Stadt",Ukraine,Anzahl,K03401,1385
2025,"Emden, Stadt",Ukraine,Anzahl,K03402,1085
2025,"Oldenburg (Oldb), Stadt",Ukraine,Anzahl,K03403,3070
2025,"Osnabrück, Stadt",Ukraine,Anzahl,K03404,3425
2025,"Wilhelmshaven, Stadt",Ukraine,Anzahl,K03405,1590
2025,Ammerland,Ukraine,Anzahl,K03451,1590
2025,Aurich,Ukraine,Anzahl,K03452,1940
2025,Cloppenburg,Ukraine,Anzahl,K03453,3355
2025,Emsland,Ukraine,Anzahl,K03454,5210
2025,Friesland,Ukraine,Anzahl,K03455,1290
2025,Grafschaft Bentheim,Ukraine,Anzahl,K03456,2200
2025,Leer,Ukraine,Anzahl,K03457,2075
2025,Oldenburg,Ukraine,Anzahl,K03458,1420
2025,Osnabrück,Ukraine,Anzahl,K03459,5275
2025,Vechta,Ukraine,Anzahl,K03460,2670
2025,Wesermarsch,Ukraine,Anzahl,K03461,1305
2025,Wittmund,Ukraine,Anzahl,K03462,770
2025,Statistische Region Weser-Ems,Ukraine,Anzahl,K034,39650
2025,Niedersachsen,Ukraine,Anzahl,K030,126980
2005,"Braunschweig, Stadt",Polen,Anzahl,K03101,1942
2005,"Salzgitter, Stadt",Polen,Anzahl,K03102,543
2005,"Wolfsburg, Stadt",Polen,Anzahl,K03103,596
2005,Gifhorn,Polen,Anzahl,K03151,523
2005,Goslar,Polen,Anzahl,K03153,430
2005,Helmstedt,Polen,Anzahl,K03154,316
2005,Northeim,Polen,Anzahl,K03155,336
2005,Peine,Polen,Anzahl,K03157,478
2005,Wolfenbüttel,Polen,Anzahl,K03158,326
2005,Göttingen,Polen,Anzahl,K03159,989
2005,Statistische Region Braunschweig,Polen,Anzahl,K031,6479
2005,Region Hannover,Polen,Anzahl,K03241,7889
2005,"dav. Hannover, Lhst.",Polen,Anzahl,K03241001,4696
2005,"dav. Hannover, Umland",Polen,Anzahl,K03241999,3193
2005,Diepholz,Polen,Anzahl,K03251,754
2005,Hameln-Pyrmont,Polen,Anzahl,K03252,568
2005,Hildesheim,Polen,Anzahl,K03254,979
2005,Holzminden,Polen,Anzahl,K03255,179
2005,Nienburg (Weser),Polen,Anzahl,K03256,482
2005,Schaumburg,Polen,Anzahl,K03257,599
2005,Statistische Region Hannover,Polen,Anzahl,K032,11450
2005,Celle,Polen,Anzahl,K03351,421
2005,Cuxhaven,Polen,Anzahl,K03352,426
2005,Harburg,Polen,Anzahl,K03353,878
2005,Lüchow-Dannenberg,Polen,Anzahl,K03354,235
2005,Lüneburg,Polen,Anzahl,K03355,585
2005,Osterholz,Polen,Anzahl,K03356,263
2005,Rotenburg (Wümme),Polen,Anzahl,K03357,709
2005,Heidekreis,Polen,Anzahl,K03358,464
2005,Stade,Polen,Anzahl,K03359,701
2005,Uelzen,Polen,Anzahl,K03360,294
2005,Verden,Polen,Anzahl,K03361,446
2005,Statistische Region Lüneburg,Polen,Anzahl,K033,5422
2005,"Delmenhorst, Stadt",Polen,Anzahl,K03401,499
2005,"Emden, Stadt",Polen,Anzahl,K03402,270
2005,"Oldenburg (Oldb), Stadt",Polen,Anzahl,K03403,715
2005,"Osnabrück, Stadt",Polen,Anzahl,K03404,619
2005,"Wilhelmshaven, Stadt",Polen,Anzahl,K03405,214
2005,Ammerland,Polen,Anzahl,K03451,271
2005,Aurich,Polen,Anzahl,K03452,314
2005,Cloppenburg,Polen,Anzahl,K03453,782
2005,Emsland,Polen,Anzahl,K03454,1625
2005,Friesland,Polen,Anzahl,K03455,167
2005,Grafschaft Bentheim,Polen,Anzahl,K03456,328
2005,Leer,Polen,Anzahl,K03457,399
2005,Oldenburg,Polen,Anzahl,K03458,406
2005,Osnabrück,Polen,Anzahl,K03459,1099
2005,Vechta,Polen,Anzahl,K03460,906
2005,Wesermarsch,Polen,Anzahl,K03461,356
2005,Wittmund,Polen,Anzahl,K03462,92
2005,Statistische Region Weser-Ems,Polen,Anzahl,K034,9062
2005,Niedersachsen,Polen,Anzahl,K030,32413
2011,"Braunschweig, Stadt",Polen,Anzahl,K03101,2406
2011,"Salzgitter, Stadt",Polen,Anzahl,K03102,655
2011,"Wolfsburg, Stadt",Polen,Anzahl,K03103,761
2011,Gifhorn,Polen,Anzahl,K03151,650
2011,Goslar,Polen,Anzahl,K03153,440
2011,Helmstedt,Polen,Anzahl,K03154,449
2011,Northeim,Polen,Anzahl,K03155,333
2011,Peine,Polen,Anzahl,K03157,652
2011,Wolfenbüttel,Polen,Anzahl,K03158,483
2011,Göttingen,Polen,Anzahl,K03159,916
2011,Statistische Region Braunschweig,Polen,Anzahl,K031,7745
2011,Region Hannover,Polen,Anzahl,K03241,10275
2011,"dav. Hannover, Lhst.",Polen,Anzahl,K03241001,6422
2011,"dav. Hannover, Umland",Polen,Anzahl,K03241999,3853
2011,Diepholz,Polen,Anzahl,K03251,1202
2011,Hameln-Pyrmont,Polen,Anzahl,K03252,686
2011,Hildesheim,Polen,Anzahl,K03254,1101
2011,Holzminden,Polen,Anzahl,K03255,182
2011,Nienburg (Weser),Polen,Anzahl,K03256,625
2011,Schaumburg,Polen,Anzahl,K03257,817
2011,Statistische Region Hannover,Polen,Anzahl,K032,14888
2011,Celle,Polen,Anzahl,K03351,566
2011,Cuxhaven,Polen,Anzahl,K03352,562
2011,Harburg,Polen,Anzahl,K03353,1511
2011,Lüchow-Dannenberg,Polen,Anzahl,K03354,331
2011,Lüneburg,Polen,Anzahl,K03355,881
2011,Osterholz,Polen,Anzahl,K03356,404
2011,Rotenburg (Wümme),Polen,Anzahl,K03357,875
2011,Heidekreis,Polen,Anzahl,K03358,648
2011,Stade,Polen,Anzahl,K03359,1467
2011,Uelzen,Polen,Anzahl,K03360,395
2011,Verden,Polen,Anzahl,K03361,598
2011,Statistische Region Lüneburg,Polen,Anzahl,K033,8238
2011,"Delmenhorst, Stadt",Polen,Anzahl,K03401,632
2011,"Emden, Stadt",Polen,Anzahl,K03402,233
2011,"Oldenburg (Oldb), Stadt",Polen,Anzahl,K03403,740
2011,"Osnabrück, Stadt",Polen,Anzahl,K03404,888
2011,"Wilhelmshaven, Stadt",Polen,Anzahl,K03405,556
2011,Ammerland,Polen,Anzahl,K03451,621
2011,Aurich,Polen,Anzahl,K03452,631
2011,Cloppenburg,Polen,Anzahl,K03453,1451
2011,Emsland,Polen,Anzahl,K03454,3498
2011,Friesland,Polen,Anzahl,K03455,230
2011,Grafschaft Bentheim,Polen,Anzahl,K03456,708
2011,Leer,Polen,Anzahl,K03457,562
2011,Oldenburg,Polen,Anzahl,K03458,999
2011,Osnabrück,Polen,Anzahl,K03459,2468
2011,Vechta,Polen,Anzahl,K03460,1940
2011,Wesermarsch,Polen,Anzahl,K03461,457
2011,Wittmund,Polen,Anzahl,K03462,155
2011,Statistische Region Weser-Ems,Polen,Anzahl,K034,16769
2011,Niedersachsen,Polen,Anzahl,K030,47640
2012,"Braunschweig, Stadt",Polen,Anzahl,K03101,2770
2012,"Salzgitter, Stadt",Polen,Anzahl,K03102,722
2012,"Wolfsburg, Stadt",Polen,Anzahl,K03103,844
2012,Gifhorn,Polen,Anzahl,K03151,761
2012,Goslar,Polen,Anzahl,K03153,519
2012,Helmstedt,Polen,Anzahl,K03154,454
2012,Northeim,Polen,Anzahl,K03155,357
2012,Peine,Polen,Anzahl,K03157,753
2012,Wolfenbüttel,Polen,Anzahl,K03158,538
2012,Göttingen,Polen,Anzahl,K03159,992
2012,Statistische Region Braunschweig,Polen,Anzahl,K031,8710
2012,Region Hannover,Polen,Anzahl,K03241,11600
2012,"dav. Hannover, Lhst.",Polen,Anzahl,K03241001,7098
2012,"dav. Hannover, Umland",Polen,Anzahl,K03241999,4502
2012,Diepholz,Polen,Anzahl,K03251,1521
2012,Hameln-Pyrmont,Polen,Anzahl,K03252,638
2012,Hildesheim,Polen,Anzahl,K03254,1254
2012,Holzminden,Polen,Anzahl,K03255,183
2012,Nienburg (Weser),Polen,Anzahl,K03256,728
2012,Schaumburg,Polen,Anzahl,K03257,916
2012,Statistische Region Hannover,Polen,Anzahl,K032,16840
2012,Celle,Polen,Anzahl,K03351,649
2012,Cuxhaven,Polen,Anzahl,K03352,611
2012,Harburg,Polen,Anzahl,K03353,1561
2012,Lüchow-Dannenberg,Polen,Anzahl,K03354,373
2012,Lüneburg,Polen,Anzahl,K03355,980
2012,Osterholz,Polen,Anzahl,K03356,551
2012,Rotenburg (Wümme),Polen,Anzahl,K03357,1044
2012,Heidekreis,Polen,Anzahl,K03358,818
2012,Stade,Polen,Anzahl,K03359,1809
2012,Uelzen,Polen,Anzahl,K03360,448
2012,Verden,Polen,Anzahl,K03361,727
2012,Statistische Region Lüneburg,Polen,Anzahl,K033,9571
2012,"Delmenhorst, Stadt",Polen,Anzahl,K03401,831
2012,"Emden, Stadt",Polen,Anzahl,K03402,404
2012,"Oldenburg (Oldb), Stadt",Polen,Anzahl,K03403,822
2012,"Osnabrück, Stadt",Polen,Anzahl,K03404,1077
2012,"Wilhelmshaven, Stadt",Polen,Anzahl,K03405,584
2012,Ammerland,Polen,Anzahl,K03451,1031
2012,Aurich,Polen,Anzahl,K03452,795
2012,Cloppenburg,Polen,Anzahl,K03453,2163
2012,Emsland,Polen,Anzahl,K03454,4052
2012,Friesland,Polen,Anzahl,K03455,263
2012,Grafschaft Bentheim,Polen,Anzahl,K03456,1107
2012,Leer,Polen,Anzahl,K03457,674
2012,Oldenburg,Polen,Anzahl,K03458,1254
2012,Osnabrück,Polen,Anzahl,K03459,2976
2012,Vechta,Polen,Anzahl,K03460,2210
2012,Wesermarsch,Polen,Anzahl,K03461,506
2012,Wittmund,Polen,Anzahl,K03462,184
2012,Statistische Region Weser-Ems,Polen,Anzahl,K034,20933
2012,Niedersachsen,Polen,Anzahl,K030,56054
2013,"Braunschweig, Stadt",Polen,Anzahl,K03101,3115
2013,"Salzgitter, Stadt",Polen,Anzahl,K03102,939
2013,"Wolfsburg, Stadt",Polen,Anzahl,K03103,989
2013,Gifhorn,Polen,Anzahl,K03151,815
2013,Goslar,Polen,Anzahl,K03153,610
2013,Helmstedt,Polen,Anzahl,K03154,488
2013,Northeim,Polen,Anzahl,K03155,414
2013,Peine,Polen,Anzahl,K03157,888
2013,Wolfenbüttel,Polen,Anzahl,K03158,623
2013,Göttingen,Polen,Anzahl,K03159,1075
2013,Statistische Region Braunschweig,Polen,Anzahl,K031,9956
2013,Region Hannover,Polen,Anzahl,K03241,13457
2013,"dav. Hannover, Lhst.",Polen,Anzahl,K03241001,7855
2013,"dav. Hannover, Umland",Polen,Anzahl,K03241999,5602
2013,Diepholz,Polen,Anzahl,K03251,2371
2013,Hameln-Pyrmont,Polen,Anzahl,K03252,702
2013,Hildesheim,Polen,Anzahl,K03254,1440
2013,Holzminden,Polen,Anzahl,K03255,185
2013,Nienburg (Weser),Polen,Anzahl,K03256,962
2013,Schaumburg,Polen,Anzahl,K03257,1023
2013,Statistische Region Hannover,Polen,Anzahl,K032,20140
2013,Celle,Polen,Anzahl,K03351,829
2013,Cuxhaven,Polen,Anzahl,K03352,769
2013,Harburg,Polen,Anzahl,K03353,1540
2013,Lüchow-Dannenberg,Polen,Anzahl,K03354,535
2013,Lüneburg,Polen,Anzahl,K03355,1086
2013,Osterholz,Polen,Anzahl,K03356,586
2013,Rotenburg (Wümme),Polen,Anzahl,K03357,1265
2013,Heidekreis,Polen,Anzahl,K03358,1203
2013,Stade,Polen,Anzahl,K03359,2189
2013,Uelzen,Polen,Anzahl,K03360,545
2013,Verden,Polen,Anzahl,K03361,929
2013,Statistische Region Lüneburg,Polen,Anzahl,K033,11476
2013,"Delmenhorst, Stadt",Polen,Anzahl,K03401,1052
2013,"Emden, Stadt",Polen,Anzahl,K03402,618
2013,"Oldenburg (Oldb), Stadt",Polen,Anzahl,K03403,989
2013,"Osnabrück, Stadt",Polen,Anzahl,K03404,1184
2013,"Wilhelmshaven, Stadt",Polen,Anzahl,K03405,512
2013,Ammerland,Polen,Anzahl,K03451,1043
2013,Aurich,Polen,Anzahl,K03452,1060
2013,Cloppenburg,Polen,Anzahl,K03453,2430
2013,Emsland,Polen,Anzahl,K03454,4378
2013,Friesland,Polen,Anzahl,K03455,300
2013,Grafschaft Bentheim,Polen,Anzahl,K03456,1403
2013,Leer,Polen,Anzahl,K03457,776
2013,Oldenburg,Polen,Anzahl,K03458,1529
2013,Osnabrück,Polen,Anzahl,K03459,3555
2013,Vechta,Polen,Anzahl,K03460,2592
2013,Wesermarsch,Polen,Anzahl,K03461,615
2013,Wittmund,Polen,Anzahl,K03462,242
2013,Statistische Region Weser-Ems,Polen,Anzahl,K034,24278
2013,Niedersachsen,Polen,Anzahl,K030,65850
2014,"Braunschweig, Stadt",Polen,Anzahl,K03101,3370
2014,"Salzgitter, Stadt",Polen,Anzahl,K03102,1162
2014,"Wolfsburg, Stadt",Polen,Anzahl,K03103,1122
2014,Gifhorn,Polen,Anzahl,K03151,945
2014,Goslar,Polen,Anzahl,K03153,664
2014,Helmstedt,Polen,Anzahl,K03154,509
2014,Northeim,Polen,Anzahl,K03155,558
2014,Peine,Polen,Anzahl,K03157,1022
2014,Wolfenbüttel,Polen,Anzahl,K03158,678
2014,Göttingen,Polen,Anzahl,K03159,1165
2014,Statistische Region Braunschweig,Polen,Anzahl,K031,11195
2014,Region Hannover,Polen,Anzahl,K03241,15188
2014,"dav. Hannover, Lhst.",Polen,Anzahl,K03241001,8789
2014,"dav. Hannover, Umland",Polen,Anzahl,K03241999,6399
2014,Diepholz,Polen,Anzahl,K03251,2455
2014,Hameln-Pyrmont,Polen,Anzahl,K03252,791
2014,Hildesheim,Polen,Anzahl,K03254,1630
2014,Holzminden,Polen,Anzahl,K03255,172
2014,Nienburg (Weser),Polen,Anzahl,K03256,1122
2014,Schaumburg,Polen,Anzahl,K03257,1142
2014,Statistische Region Hannover,Polen,Anzahl,K032,22500
2014,Celle,Polen,Anzahl,K03351,1081
2014,Cuxhaven,Polen,Anzahl,K03352,1045
2014,Harburg,Polen,Anzahl,K03353,1526
2014,Lüchow-Dannenberg,Polen,Anzahl,K03354,631
2014,Lüneburg,Polen,Anzahl,K03355,1180
2014,Osterholz,Polen,Anzahl,K03356,664
2014,Rotenburg (Wümme),Polen,Anzahl,K03357,1500
2014,Heidekreis,Polen,Anzahl,K03358,1426
2014,Stade,Polen,Anzahl,K03359,2602
2014,Uelzen,Polen,Anzahl,K03360,682
2014,Verden,Polen,Anzahl,K03361,1055
2014,Statistische Region Lüneburg,Polen,Anzahl,K033,13392
2014,"Delmenhorst, Stadt",Polen,Anzahl,K03401,1289
2014,"Emden, Stadt",Polen,Anzahl,K03402,761
2014,"Oldenburg (Oldb), Stadt",Polen,Anzahl,K03403,1145
2014,"Osnabrück, Stadt",Polen,Anzahl,K03404,1289
2014,"Wilhelmshaven, Stadt",Polen,Anzahl,K03405,587
2014,Ammerland,Polen,Anzahl,K03451,1163
2014,Aurich,Polen,Anzahl,K03452,1361
2014,Cloppenburg,Polen,Anzahl,K03453,2812
2014,Emsland,Polen,Anzahl,K03454,5082
2014,Friesland,Polen,Anzahl,K03455,349
2014,Grafschaft Bentheim,Polen,Anzahl,K03456,1715
2014,Leer,Polen,Anzahl,K03457,893
2014,Oldenburg,Polen,Anzahl,K03458,1572
2014,Osnabrück,Polen,Anzahl,K03459,3851
2014,Vechta,Polen,Anzahl,K03460,3094
2014,Wesermarsch,Polen,Anzahl,K03461,783
2014,Wittmund,Polen,Anzahl,K03462,327
2014,Statistische Region Weser-Ems,Polen,Anzahl,K034,28073
2014,Niedersachsen,Polen,Anzahl,K030,75160
2015,"Braunschweig, Stadt",Polen,Anzahl,K03101,3638
2015,"Salzgitter, Stadt",Polen,Anzahl,K03102,1476
2015,"Wolfsburg, Stadt",Polen,Anzahl,K03103,1202
2015,Gifhorn,Polen,Anzahl,K03151,1040
2015,Goslar,Polen,Anzahl,K03153,741
2015,Helmstedt,Polen,Anzahl,K03154,667
2015,Northeim,Polen,Anzahl,K03155,680
2015,Peine,Polen,Anzahl,K03157,1143
2015,Wolfenbüttel,Polen,Anzahl,K03158,727
2015,Göttingen,Polen,Anzahl,K03159,1291
2015,Statistische Region Braunschweig,Polen,Anzahl,K031,12605
2015,Region Hannover,Polen,Anzahl,K03241,16964
2015,"dav. Hannover, Lhst.",Polen,Anzahl,K03241001,9470
2015,"dav. Hannover, Umland",Polen,Anzahl,K03241999,7494
2015,Diepholz,Polen,Anzahl,K03251,2682
2015,Hameln-Pyrmont,Polen,Anzahl,K03252,871
2015,Hildesheim,Polen,Anzahl,K03254,1864
2015,Holzminden,Polen,Anzahl,K03255,163
2015,Nienburg (Weser),Polen,Anzahl,K03256,1203
2015,Schaumburg,Polen,Anzahl,K03257,1335
2015,Statistische Region Hannover,Polen,Anzahl,K032,25082
2015,Celle,Polen,Anzahl,K03351,1228
2015,Cuxhaven,Polen,Anzahl,K03352,1248
2015,Harburg,Polen,Anzahl,K03353,1569
2015,Lüchow-Dannenberg,Polen,Anzahl,K03354,731
2015,Lüneburg,Polen,Anzahl,K03355,1254
2015,Osterholz,Polen,Anzahl,K03356,725
2015,Rotenburg (Wümme),Polen,Anzahl,K03357,1673
2015,Heidekreis,Polen,Anzahl,K03358,1732
2015,Stade,Polen,Anzahl,K03359,2766
2015,Uelzen,Polen,Anzahl,K03360,754
2015,Verden,Polen,Anzahl,K03361,1147
2015,Statistische Region Lüneburg,Polen,Anzahl,K033,14827
2015,"Delmenhorst, Stadt",Polen,Anzahl,K03401,1488
2015,"Emden, Stadt",Polen,Anzahl,K03402,868
2015,"Oldenburg (Oldb), Stadt",Polen,Anzahl,K03403,1319
2015,"Osnabrück, Stadt",Polen,Anzahl,K03404,1452
2015,"Wilhelmshaven, Stadt",Polen,Anzahl,K03405,597
2015,Ammerland,Polen,Anzahl,K03451,1261
2015,Aurich,Polen,Anzahl,K03452,1488
2015,Cloppenburg,Polen,Anzahl,K03453,2956
2015,Emsland,Polen,Anzahl,K03454,5811
2015,Friesland,Polen,Anzahl,K03455,374
2015,Grafschaft Bentheim,Polen,Anzahl,K03456,2065
2015,Leer,Polen,Anzahl,K03457,978
2015,Oldenburg,Polen,Anzahl,K03458,1679
2015,Osnabrück,Polen,Anzahl,K03459,4241
2015,Vechta,Polen,Anzahl,K03460,3555
2015,Wesermarsch,Polen,Anzahl,K03461,912
2015,Wittmund,Polen,Anzahl,K03462,392
2015,Statistische Region Weser-Ems,Polen,Anzahl,K034,31436
2015,Niedersachsen,Polen,Anzahl,K030,83950
2016,"Braunschweig, Stadt",Polen,Anzahl,K03101,3670
2016,"Salzgitter, Stadt",Polen,Anzahl,K03102,1690
2016,"Wolfsburg, Stadt",Polen,Anzahl,K03103,1255
2016,Gifhorn,Polen,Anzahl,K03151,1020
2016,Goslar,Polen,Anzahl,K03153,800
2016,Helmstedt,Polen,Anzahl,K03154,745
2016,Northeim,Polen,Anzahl,K03155,805
2016,Peine,Polen,Anzahl,K03157,1245
2016,Wolfenbüttel,Polen,Anzahl,K03158,720
2016,Göttingen,Polen,Anzahl,K03159,1375
2016,Statistische Region Braunschweig,Polen,Anzahl,K031,13325
2016,Region Hannover,Polen,Anzahl,K03241,18245
2016,"dav. Hannover, Lhst.",Polen,Anzahl,K03241001,10095
2016,"dav. Hannover, Umland",Polen,Anzahl,K03241999,8150
2016,Diepholz,Polen,Anzahl,K03251,2860
2016,Hameln-Pyrmont,Polen,Anzahl,K03252,920
2016,Hildesheim,Polen,Anzahl,K03254,2075
2016,Holzminden,Polen,Anzahl,K03255,150
2016,Nienburg (Weser),Polen,Anzahl,K03256,1395
2016,Schaumburg,Polen,Anzahl,K03257,1485
2016,Statistische Region Hannover,Polen,Anzahl,K032,27130
2016,Celle,Polen,Anzahl,K03351,1355
2016,Cuxhaven,Polen,Anzahl,K03352,1260
2016,Harburg,Polen,Anzahl,K03353,1865
2016,Lüchow-Dannenberg,Polen,Anzahl,K03354,825
2016,Lüneburg,Polen,Anzahl,K03355,1390
2016,Osterholz,Polen,Anzahl,K03356,675
2016,Rotenburg (Wümme),Polen,Anzahl,K03357,1700
2016,Heidekreis,Polen,Anzahl,K03358,1910
2016,Stade,Polen,Anzahl,K03359,3135
2016,Uelzen,Polen,Anzahl,K03360,845
2016,Verden,Polen,Anzahl,K03361,1235
2016,Statistische Region Lüneburg,Polen,Anzahl,K033,16205
2016,"Delmenhorst, Stadt",Polen,Anzahl,K03401,1480
2016,"Emden, Stadt",Polen,Anzahl,K03402,920
2016,"Oldenburg (Oldb), Stadt",Polen,Anzahl,K03403,1310
2016,"Osnabrück, Stadt",Polen,Anzahl,K03404,1535
2016,"Wilhelmshaven, Stadt",Polen,Anzahl,K03405,615
2016,Ammerland,Polen,Anzahl,K03451,1355
2016,Aurich,Polen,Anzahl,K03452,1520
2016,Cloppenburg,Polen,Anzahl,K03453,3350
2016,Emsland,Polen,Anzahl,K03454,6445
2016,Friesland,Polen,Anzahl,K03455,380
2016,Grafschaft Bentheim,Polen,Anzahl,K03456,2245
2016,Leer,Polen,Anzahl,K03457,1080
2016,Oldenburg,Polen,Anzahl,K03458,1690
2016,Osnabrück,Polen,Anzahl,K03459,4480
2016,Vechta,Polen,Anzahl,K03460,3700
2016,Wesermarsch,Polen,Anzahl,K03461,1025
2016,Wittmund,Polen,Anzahl,K03462,380
2016,Statistische Region Weser-Ems,Polen,Anzahl,K034,33510
2016,Niedersachsen,Polen,Anzahl,K030,90175
2017,"Braunschweig, Stadt",Polen,Anzahl,K03101,3725
2017,"Salzgitter, Stadt",Polen,Anzahl,K03102,1805
2017,"Wolfsburg, Stadt",Polen,Anzahl,K03103,1310
2017,Gifhorn,Polen,Anzahl,K03151,990
2017,Goslar,Polen,Anzahl,K03153,850
2017,Helmstedt,Polen,Anzahl,K03154,820
2017,Northeim,Polen,Anzahl,K03155,805
2017,Peine,Polen,Anzahl,K03157,1375
2017,Wolfenbüttel,Polen,Anzahl,K03158,715
2017,Göttingen,Polen,Anzahl,K03159,1405
2017,Statistische Region Braunschweig,Polen,Anzahl,K031,13810
2017,Region Hannover,Polen,Anzahl,K03241,18610
2017,"dav. Hannover, Lhst.",Polen,Anzahl,K03241001,10120
2017,"dav. Hannover, Umland",Polen,Anzahl,K03241999,8490
2017,Diepholz,Polen,Anzahl,K03251,2895
2017,Hameln-Pyrmont,Polen,Anzahl,K03252,955
2017,Hildesheim,Polen,Anzahl,K03254,2165
2017,Holzminden,Polen,Anzahl,K03255,150
2017,Nienburg (Weser),Polen,Anzahl,K03256,1695
2017,Schaumburg,Polen,Anzahl,K03257,1555
2017,Statistische Region Hannover,Polen,Anzahl,K032,28020
2017,Celle,Polen,Anzahl,K03351,1465
2017,Cuxhaven,Polen,Anzahl,K03352,1315
2017,Harburg,Polen,Anzahl,K03353,2360
2017,Lüchow-Dannenberg,Polen,Anzahl,K03354,635
2017,Lüneburg,Polen,Anzahl,K03355,1380
2017,Osterholz,Polen,Anzahl,K03356,670
2017,Rotenburg (Wümme),Polen,Anzahl,K03357,1695
2017,Heidekreis,Polen,Anzahl,K03358,1995
2017,Stade,Polen,Anzahl,K03359,3485
2017,Uelzen,Polen,Anzahl,K03360,895
2017,Verden,Polen,Anzahl,K03361,1320
2017,Statistische Region Lüneburg,Polen,Anzahl,K033,17215
2017,"Delmenhorst, Stadt",Polen,Anzahl,K03401,1470
2017,"Emden, Stadt",Polen,Anzahl,K03402,965
2017,"Oldenburg (Oldb), Stadt",Polen,Anzahl,K03403,1285
2017,"Osnabrück, Stadt",Polen,Anzahl,K03404,1580
2017,"Wilhelmshaven, Stadt",Polen,Anzahl,K03405,635
2017,Ammerland,Polen,Anzahl,K03451,1510
2017,Aurich,Polen,Anzahl,K03452,1610
2017,Cloppenburg,Polen,Anzahl,K03453,3195
2017,Emsland,Polen,Anzahl,K03454,7045
2017,Friesland,Polen,Anzahl,K03455,405
2017,Grafschaft Bentheim,Polen,Anzahl,K03456,2415
2017,Leer,Polen,Anzahl,K03457,1115
2017,Oldenburg,Polen,Anzahl,K03458,1825
2017,Osnabrück,Polen,Anzahl,K03459,4760
2017,Vechta,Polen,Anzahl,K03460,3925
2017,Wesermarsch,Polen,Anzahl,K03461,1015
2017,Wittmund,Polen,Anzahl,K03462,405
2017,Statistische Region Weser-Ems,Polen,Anzahl,K034,35165
2017,Niedersachsen,Polen,Anzahl,K030,94210
2018,"Braunschweig, Stadt",Polen,Anzahl,K03101,3785
2018,"Salzgitter, Stadt",Polen,Anzahl,K03102,1775
2018,"Wolfsburg, Stadt",Polen,Anzahl,K03103,1360
2018,Gifhorn,Polen,Anzahl,K03151,1020
2018,Goslar,Polen,Anzahl,K03153,880
2018,Helmstedt,Polen,Anzahl,K03154,825
2018,Northeim,Polen,Anzahl,K03155,875
2018,Peine,Polen,Anzahl,K03157,1425
2018,Wolfenbüttel,Polen,Anzahl,K03158,745
2018,Göttingen,Polen,Anzahl,K03159,1480
2018,Statistische Region Braunschweig,Polen,Anzahl,K031,14160
2018,Region Hannover,Polen,Anzahl,K03241,18495
2018,"dav. Hannover, Lhst.",Polen,Anzahl,K03241001,9780
2018,"dav. Hannover, Umland",Polen,Anzahl,K03241999,8720
2018,Diepholz,Polen,Anzahl,K03251,3160
2018,Hameln-Pyrmont,Polen,Anzahl,K03252,1005
2018,Hildesheim,Polen,Anzahl,K03254,2190
2018,Holzminden,Polen,Anzahl,K03255,145
2018,Nienburg (Weser),Polen,Anzahl,K03256,1725
2018,Schaumburg,Polen,Anzahl,K03257,1655
2018,Statistische Region Hannover,Polen,Anzahl,K032,28375
2018,Celle,Polen,Anzahl,K03351,1555
2018,Cuxhaven,Polen,Anzahl,K03352,1435
2018,Harburg,Polen,Anzahl,K03353,2635
2018,Lüchow-Dannenberg,Polen,Anzahl,K03354,635
2018,Lüneburg,Polen,Anzahl,K03355,1460
2018,Osterholz,Polen,Anzahl,K03356,685
2018,Rotenburg (Wümme),Polen,Anzahl,K03357,1775
2018,Heidekreis,Polen,Anzahl,K03358,2145
2018,Stade,Polen,Anzahl,K03359,3675
2018,Uelzen,Polen,Anzahl,K03360,965
2018,Verden,Polen,Anzahl,K03361,1430
2018,Statistische Region Lüneburg,Polen,Anzahl,K033,18395
2018,"Delmenhorst, Stadt",Polen,Anzahl,K03401,1485
2018,"Emden, Stadt",Polen,Anzahl,K03402,880
2018,"Oldenburg (Oldb), Stadt",Polen,Anzahl,K03403,1275
2018,"Osnabrück, Stadt",Polen,Anzahl,K03404,1585
2018,"Wilhelmshaven, Stadt",Polen,Anzahl,K03405,645
2018,Ammerland,Polen,Anzahl,K03451,1570
2018,Aurich,Polen,Anzahl,K03452,1655
2018,Cloppenburg,Polen,Anzahl,K03453,3435
2018,Emsland,Polen,Anzahl,K03454,7445
2018,Friesland,Polen,Anzahl,K03455,450
2018,Grafschaft Bentheim,Polen,Anzahl,K03456,2515
2018,Leer,Polen,Anzahl,K03457,1140
2018,Oldenburg,Polen,Anzahl,K03458,1805
2018,Osnabrück,Polen,Anzahl,K03459,5005
2018,Vechta,Polen,Anzahl,K03460,3870
2018,Wesermarsch,Polen,Anzahl,K03461,1060
2018,Wittmund,Polen,Anzahl,K03462,400
2018,Statistische Region Weser-Ems,Polen,Anzahl,K034,36215
2018,Niedersachsen,Polen,Anzahl,K030,97145
2019,"Braunschweig, Stadt",Polen,Anzahl,K03101,3635
2019,"Salzgitter, Stadt",Polen,Anzahl,K03102,1680
2019,"Wolfsburg, Stadt",Polen,Anzahl,K03103,1330
2019,Gifhorn,Polen,Anzahl,K03151,1050
2019,Goslar,Polen,Anzahl,K03153,875
2019,Helmstedt,Polen,Anzahl,K03154,860
2019,Northeim,Polen,Anzahl,K03155,895
2019,Peine,Polen,Anzahl,K03157,1450
2019,Wolfenbüttel,Polen,Anzahl,K03158,750
2019,Göttingen,Polen,Anzahl,K03159,1545
2019,Statistische Region Braunschweig,Polen,Anzahl,K031,14065
2019,Region Hannover,Polen,Anzahl,K03241,18065
2019,"dav. Hannover, Lhst.",Polen,Anzahl,K03241001,9470
2019,"dav. Hannover, Umland",Polen,Anzahl,K03241999,8595
2019,Diepholz,Polen,Anzahl,K03251,3430
2019,Hameln-Pyrmont,Polen,Anzahl,K03252,1050
2019,Hildesheim,Polen,Anzahl,K03254,2320
2019,Holzminden,Polen,Anzahl,K03255,155
2019,Nienburg (Weser),Polen,Anzahl,K03256,1670
2019,Schaumburg,Polen,Anzahl,K03257,1730
2019,Statistische Region Hannover,Polen,Anzahl,K032,28425
2019,Celle,Polen,Anzahl,K03351,1595
2019,Cuxhaven,Polen,Anzahl,K03352,1450
2019,Harburg,Polen,Anzahl,K03353,3105
2019,Lüchow-Dannenberg,Polen,Anzahl,K03354,645
2019,Lüneburg,Polen,Anzahl,K03355,1465
2019,Osterholz,Polen,Anzahl,K03356,725
2019,Rotenburg (Wümme),Polen,Anzahl,K03357,1840
2019,Heidekreis,Polen,Anzahl,K03358,2350
2019,Stade,Polen,Anzahl,K03359,3735
2019,Uelzen,Polen,Anzahl,K03360,940
2019,Verden,Polen,Anzahl,K03361,1385
2019,Statistische Region Lüneburg,Polen,Anzahl,K033,19240
2019,"Delmenhorst, Stadt",Polen,Anzahl,K03401,1425
2019,"Emden, Stadt",Polen,Anzahl,K03402,835
2019,"Oldenburg (Oldb), Stadt",Polen,Anzahl,K03403,1365
2019,"Osnabrück, Stadt",Polen,Anzahl,K03404,1585
2019,"Wilhelmshaven, Stadt",Polen,Anzahl,K03405,680
2019,Ammerland,Polen,Anzahl,K03451,1655
2019,Aurich,Polen,Anzahl,K03452,1495
2019,Cloppenburg,Polen,Anzahl,K03453,3420
2019,Emsland,Polen,Anzahl,K03454,7360
2019,Friesland,Polen,Anzahl,K03455,475
2019,Grafschaft Bentheim,Polen,Anzahl,K03456,2630
2019,Leer,Polen,Anzahl,K03457,1240
2019,Oldenburg,Polen,Anzahl,K03458,1820
2019,Osnabrück,Polen,Anzahl,K03459,4895
2019,Vechta,Polen,Anzahl,K03460,3900
2019,Wesermarsch,Polen,Anzahl,K03461,1110
2019,Wittmund,Polen,Anzahl,K03462,395
2019,Statistische Region Weser-Ems,Polen,Anzahl,K034,36290
2019,Niedersachsen,Polen,Anzahl,K030,98015
2020,"Braunschweig, Stadt",Polen,Anzahl,K03101,3520
2020,"Salzgitter, Stadt",Polen,Anzahl,K03102,1685
2020,"Wolfsburg, Stadt",Polen,Anzahl,K03103,1220
2020,Gifhorn,Polen,Anzahl,K03151,1100
2020,Goslar,Polen,Anzahl,K03153,945
2020,Helmstedt,Polen,Anzahl,K03154,870
2020,Northeim,Polen,Anzahl,K03155,910
2020,Peine,Polen,Anzahl,K03157,1570
2020,Wolfenbüttel,Polen,Anzahl,K03158,815
2020,Göttingen,Polen,Anzahl,K03159,1560
2020,Statistische Region Braunschweig,Polen,Anzahl,K031,14190
2020,Region Hannover,Polen,Anzahl,K03241,17565
2020,"dav. Hannover, Lhst.",Polen,Anzahl,K03241001,9005
2020,"dav. Hannover, Umland",Polen,Anzahl,K03241999,8560
2020,Diepholz,Polen,Anzahl,K03251,3605
2020,Hameln-Pyrmont,Polen,Anzahl,K03252,1075
2020,Hildesheim,Polen,Anzahl,K03254,2265
2020,Holzminden,Polen,Anzahl,K03255,180
2020,Nienburg (Weser),Polen,Anzahl,K03256,1620
2020,Schaumburg,Polen,Anzahl,K03257,1840
2020,Statistische Region Hannover,Polen,Anzahl,K032,28155
2020,Celle,Polen,Anzahl,K03351,1635
2020,Cuxhaven,Polen,Anzahl,K03352,1510
2020,Harburg,Polen,Anzahl,K03353,3410
2020,Lüchow-Dannenberg,Polen,Anzahl,K03354,675
2020,Lüneburg,Polen,Anzahl,K03355,1415
2020,Osterholz,Polen,Anzahl,K03356,730
2020,Rotenburg (Wümme),Polen,Anzahl,K03357,1895
2020,Heidekreis,Polen,Anzahl,K03358,2375
2020,Stade,Polen,Anzahl,K03359,3750
2020,Uelzen,Polen,Anzahl,K03360,975
2020,Verden,Polen,Anzahl,K03361,1420
2020,Statistische Region Lüneburg,Polen,Anzahl,K033,19780
2020,"Delmenhorst, Stadt",Polen,Anzahl,K03401,1455
2020,"Emden, Stadt",Polen,Anzahl,K03402,835
2020,"Oldenburg (Oldb), Stadt",Polen,Anzahl,K03403,1275
2020,"Osnabrück, Stadt",Polen,Anzahl,K03404,1540
2020,"Wilhelmshaven, Stadt",Polen,Anzahl,K03405,595
2020,Ammerland,Polen,Anzahl,K03451,1565
2020,Aurich,Polen,Anzahl,K03452,1460
2020,Cloppenburg,Polen,Anzahl,K03453,3520
2020,Emsland,Polen,Anzahl,K03454,7345
2020,Friesland,Polen,Anzahl,K03455,470
2020,Grafschaft Bentheim,Polen,Anzahl,K03456,2680
2020,Leer,Polen,Anzahl,K03457,1255
2020,Oldenburg,Polen,Anzahl,K03458,1810
2020,Osnabrück,Polen,Anzahl,K03459,5060
2020,Vechta,Polen,Anzahl,K03460,3880
2020,Wesermarsch,Polen,Anzahl,K03461,1085
2020,Wittmund,Polen,Anzahl,K03462,400
2020,Statistische Region Weser-Ems,Polen,Anzahl,K034,36230
2020,Niedersachsen,Polen,Anzahl,K030,98355
2021,"Braunschweig, Stadt",Polen,Anzahl,K03101,3535
2021,"Salzgitter, Stadt",Polen,Anzahl,K03102,1710
2021,"Wolfsburg, Stadt",Polen,Anzahl,K03103,1350
2021,Gifhorn,Polen,Anzahl,K03151,1120
2021,Goslar,Polen,Anzahl,K03153,945
2021,Helmstedt,Polen,Anzahl,K03154,865
2021,Northeim,Polen,Anzahl,K03155,920
2021,Peine,Polen,Anzahl,K03157,1590
2021,Wolfenbüttel,Polen,Anzahl,K03158,795
2021,Göttingen,Polen,Anzahl,K03159,1545
2021,Statistische Region Braunschweig,Polen,Anzahl,K031,14375
2021,Region Hannover,Polen,Anzahl,K03241,17750
2021,"dav. Hannover, Lhst.",Polen,Anzahl,K03241001,9235
2021,"dav. Hannover, Umland",Polen,Anzahl,K03241999,8515
2021,Diepholz,Polen,Anzahl,K03251,3815
2021,Hameln-Pyrmont,Polen,Anzahl,K03252,1125
2021,Hildesheim,Polen,Anzahl,K03254,2265
2021,Holzminden,Polen,Anzahl,K03255,195
2021,Nienburg (Weser),Polen,Anzahl,K03256,1670
2021,Schaumburg,Polen,Anzahl,K03257,1870
2021,Statistische Region Hannover,Polen,Anzahl,K032,28695
2021,Celle,Polen,Anzahl,K03351,1725
2021,Cuxhaven,Polen,Anzahl,K03352,1480
2021,Harburg,Polen,Anzahl,K03353,3925
2021,Lüchow-Dannenberg,Polen,Anzahl,K03354,615
2021,Lüneburg,Polen,Anzahl,K03355,1410
2021,Osterholz,Polen,Anzahl,K03356,725
2021,Rotenburg (Wümme),Polen,Anzahl,K03357,1930
2021,Heidekreis,Polen,Anzahl,K03358,2395
2021,Stade,Polen,Anzahl,K03359,3705
2021,Uelzen,Polen,Anzahl,K03360,1040
2021,Verden,Polen,Anzahl,K03361,1445
2021,Statistische Region Lüneburg,Polen,Anzahl,K033,20390
2021,"Delmenhorst, Stadt",Polen,Anzahl,K03401,1505
2021,"Emden, Stadt",Polen,Anzahl,K03402,835
2021,"Oldenburg (Oldb), Stadt",Polen,Anzahl,K03403,1240
2021,"Osnabrück, Stadt",Polen,Anzahl,K03404,1545
2021,"Wilhelmshaven, Stadt",Polen,Anzahl,K03405,615
2021,Ammerland,Polen,Anzahl,K03451,1555
2021,Aurich,Polen,Anzahl,K03452,1390
2021,Cloppenburg,Polen,Anzahl,K03453,3705
2021,Emsland,Polen,Anzahl,K03454,7485
2021,Friesland,Polen,Anzahl,K03455,485
2021,Grafschaft Bentheim,Polen,Anzahl,K03456,2860
2021,Leer,Polen,Anzahl,K03457,1345
2021,Oldenburg,Polen,Anzahl,K03458,1805
2021,Osnabrück,Polen,Anzahl,K03459,5095
2021,Vechta,Polen,Anzahl,K03460,3855
2021,Wesermarsch,Polen,Anzahl,K03461,1045
2021,Wittmund,Polen,Anzahl,K03462,395
2021,Statistische Region Weser-Ems,Polen,Anzahl,K034,36760
2021,Niedersachsen,Polen,Anzahl,K030,100220
2022,"Braunschweig, Stadt",Polen,Anzahl,K03101,3470
2022,"Salzgitter, Stadt",Polen,Anzahl,K03102,1770
2022,"Wolfsburg, Stadt",Polen,Anzahl,K03103,1340
2022,Gifhorn,Polen,Anzahl,K03151,1085
2022,Goslar,Polen,Anzahl,K03153,970
2022,Helmstedt,Polen,Anzahl,K03154,825
2022,Northeim,Polen,Anzahl,K03155,945
2022,Peine,Polen,Anzahl,K03157,1640
2022,Wolfenbüttel,Polen,Anzahl,K03158,815
2022,Göttingen,Polen,Anzahl,K03159,1575
2022,Statistische Region Braunschweig,Polen,Anzahl,K031,14440
2022,Region Hannover,Polen,Anzahl,K03241,17800
2022,"dav. Hannover, Lhst.",Polen,Anzahl,K03241001,9225
2022,"dav. Hannover, Umland",Polen,Anzahl,K03241999,8575
2022,Diepholz,Polen,Anzahl,K03251,3830
2022,Hameln-Pyrmont,Polen,Anzahl,K03252,1190
2022,Hildesheim,Polen,Anzahl,K03254,2280
2022,Holzminden,Polen,Anzahl,K03255,185
2022,Nienburg (Weser),Polen,Anzahl,K03256,1745
2022,Schaumburg,Polen,Anzahl,K03257,1960
2022,Statistische Region Hannover,Polen,Anzahl,K032,28990
2022,Celle,Polen,Anzahl,K03351,1830
2022,Cuxhaven,Polen,Anzahl,K03352,1470
2022,Harburg,Polen,Anzahl,K03353,4095
2022,Lüchow-Dannenberg,Polen,Anzahl,K03354,605
2022,Lüneburg,Polen,Anzahl,K03355,1520
2022,Osterholz,Polen,Anzahl,K03356,730
2022,Rotenburg (Wümme),Polen,Anzahl,K03357,1925
2022,Heidekreis,Polen,Anzahl,K03358,2420
2022,Stade,Polen,Anzahl,K03359,3790
2022,Uelzen,Polen,Anzahl,K03360,1050
2022,Verden,Polen,Anzahl,K03361,1455
2022,Statistische Region Lüneburg,Polen,Anzahl,K033,20885
2022,"Delmenhorst, Stadt",Polen,Anzahl,K03401,1565
2022,"Emden, Stadt",Polen,Anzahl,K03402,900
2022,"Oldenburg (Oldb), Stadt",Polen,Anzahl,K03403,1215
2022,"Osnabrück, Stadt",Polen,Anzahl,K03404,1615
2022,"Wilhelmshaven, Stadt",Polen,Anzahl,K03405,625
2022,Ammerland,Polen,Anzahl,K03451,1690
2022,Aurich,Polen,Anzahl,K03452,1450
2022,Cloppenburg,Polen,Anzahl,K03453,3510
2022,Emsland,Polen,Anzahl,K03454,7785
2022,Friesland,Polen,Anzahl,K03455,445
2022,Grafschaft Bentheim,Polen,Anzahl,K03456,2975
2022,Leer,Polen,Anzahl,K03457,1295
2022,Oldenburg,Polen,Anzahl,K03458,1810
2022,Osnabrück,Polen,Anzahl,K03459,5110
2022,Vechta,Polen,Anzahl,K03460,3830
2022,Wesermarsch,Polen,Anzahl,K03461,1065
2022,Wittmund,Polen,Anzahl,K03462,435
2022,Statistische Region Weser-Ems,Polen,Anzahl,K034,37325
2022,Niedersachsen,Polen,Anzahl,K030,101635
2023,"Braunschweig, Stadt",Polen,Anzahl,K03101,3300
2023,"Salzgitter, Stadt",Polen,Anzahl,K03102,1785
2023,"Wolfsburg, Stadt",Polen,Anzahl,K03103,1330
2023,Gifhorn,Polen,Anzahl,K03151,1215
2023,Goslar,Polen,Anzahl,K03153,975
2023,Helmstedt,Polen,Anzahl,K03154,880
2023,Northeim,Polen,Anzahl,K03155,970
2023,Peine,Polen,Anzahl,K03157,1765
2023,Wolfenbüttel,Polen,Anzahl,K03158,850
2023,Göttingen,Polen,Anzahl,K03159,1620
2023,Statistische Region Braunschweig,Polen,Anzahl,K031,14685
2023,Region Hannover,Polen,Anzahl,K03241,17795
2023,"dav. Hannover, Lhst.",Polen,Anzahl,K03241001,9095
2023,"dav. Hannover, Umland",Polen,Anzahl,K03241999,8700
2023,Diepholz,Polen,Anzahl,K03251,3890
2023,Hameln-Pyrmont,Polen,Anzahl,K03252,1195
2023,Hildesheim,Polen,Anzahl,K03254,2330
2023,Holzminden,Polen,Anzahl,K03255,195
2023,Nienburg (Weser),Polen,Anzahl,K03256,1795
2023,Schaumburg,Polen,Anzahl,K03257,1990
2023,Statistische Region Hannover,Polen,Anzahl,K032,29190
2023,Celle,Polen,Anzahl,K03351,1910
2023,Cuxhaven,Polen,Anzahl,K03352,1530
2023,Harburg,Polen,Anzahl,K03353,4075
2023,Lüchow-Dannenberg,Polen,Anzahl,K03354,600
2023,Lüneburg,Polen,Anzahl,K03355,1435
2023,Osterholz,Polen,Anzahl,K03356,730
2023,Rotenburg (Wümme),Polen,Anzahl,K03357,2000
2023,Heidekreis,Polen,Anzahl,K03358,2510
2023,Stade,Polen,Anzahl,K03359,3845
2023,Uelzen,Polen,Anzahl,K03360,1050
2023,Verden,Polen,Anzahl,K03361,1495
2023,Statistische Region Lüneburg,Polen,Anzahl,K033,21180
2023,"Delmenhorst, Stadt",Polen,Anzahl,K03401,1650
2023,"Emden, Stadt",Polen,Anzahl,K03402,945
2023,"Oldenburg (Oldb), Stadt",Polen,Anzahl,K03403,1185
2023,"Osnabrück, Stadt",Polen,Anzahl,K03404,1645
2023,"Wilhelmshaven, Stadt",Polen,Anzahl,K03405,655
2023,Ammerland,Polen,Anzahl,K03451,1575
2023,Aurich,Polen,Anzahl,K03452,1515
2023,Cloppenburg,Polen,Anzahl,K03453,3710
2023,Emsland,Polen,Anzahl,K03454,7730
2023,Friesland,Polen,Anzahl,K03455,460
2023,Grafschaft Bentheim,Polen,Anzahl,K03456,3135
2023,Leer,Polen,Anzahl,K03457,1280
2023,Oldenburg,Polen,Anzahl,K03458,1780
2023,Osnabrück,Polen,Anzahl,K03459,5080
2023,Vechta,Polen,Anzahl,K03460,3810
2023,Wesermarsch,Polen,Anzahl,K03461,1150
2023,Wittmund,Polen,Anzahl,K03462,400
2023,Statistische Region Weser-Ems,Polen,Anzahl,K034,37705
2023,Niedersachsen,Polen,Anzahl,K030,102760
2024,"Braunschweig, Stadt",Polen,Anzahl,K03101,3245
2024,"Salzgitter, Stadt",Polen,Anzahl,K03102,1690
2024,"Wolfsburg, Stadt",Polen,Anzahl,K03103,1200
2024,Gifhorn,Polen,Anzahl,K03151,1185
2024,Goslar,Polen,Anzahl,K03153,935
2024,Helmstedt,Polen,Anzahl,K03154,865
2024,Northeim,Polen,Anzahl,K03155,1030
2024,Peine,Polen,Anzahl,K03157,1770
2024,Wolfenbüttel,Polen,Anzahl,K03158,820
2024,Göttingen,Polen,Anzahl,K03159,1615
2024,Statistische Region Braunschweig,Polen,Anzahl,K031,14355
2024,Region Hannover,Polen,Anzahl,K03241,17655
2024,"dav. Hannover, Lhst.",Polen,Anzahl,K03241001,9175
2024,"dav. Hannover, Umland",Polen,Anzahl,K03241999,8480
2024,Diepholz,Polen,Anzahl,K03251,3885
2024,Hameln-Pyrmont,Polen,Anzahl,K03252,1210
2024,Hildesheim,Polen,Anzahl,K03254,2200
2024,Holzminden,Polen,Anzahl,K03255,230
2024,Nienburg (Weser),Polen,Anzahl,K03256,1705
2024,Schaumburg,Polen,Anzahl,K03257,1940
2024,Statistische Region Hannover,Polen,Anzahl,K032,28825
2024,Celle,Polen,Anzahl,K03351,1900
2024,Cuxhaven,Polen,Anzahl,K03352,1490
2024,Harburg,Polen,Anzahl,K03353,3890
2024,Lüchow-Dannenberg,Polen,Anzahl,K03354,625
2024,Lüneburg,Polen,Anzahl,K03355,1345
2024,Osterholz,Polen,Anzahl,K03356,675
2024,Rotenburg (Wümme),Polen,Anzahl,K03357,2010
2024,Heidekreis,Polen,Anzahl,K03358,2490
2024,Stade,Polen,Anzahl,K03359,3780
2024,Uelzen,Polen,Anzahl,K03360,980
2024,Verden,Polen,Anzahl,K03361,1420
2024,Statistische Region Lüneburg,Polen,Anzahl,K033,20600
2024,"Delmenhorst, Stadt",Polen,Anzahl,K03401,1460
2024,"Emden, Stadt",Polen,Anzahl,K03402,870
2024,"Oldenburg (Oldb), Stadt",Polen,Anzahl,K03403,1135
2024,"Osnabrück, Stadt",Polen,Anzahl,K03404,1610
2024,"Wilhelmshaven, Stadt",Polen,Anzahl,K03405,625
2024,Ammerland,Polen,Anzahl,K03451,1550
2024,Aurich,Polen,Anzahl,K03452,1375
2024,Cloppenburg,Polen,Anzahl,K03453,3570
2024,Emsland,Polen,Anzahl,K03454,7530
2024,Friesland,Polen,Anzahl,K03455,485
2024,Grafschaft Bentheim,Polen,Anzahl,K03456,3075
2024,Leer,Polen,Anzahl,K03457,1180
2024,Oldenburg,Polen,Anzahl,K03458,1675
2024,Osnabrück,Polen,Anzahl,K03459,4920
2024,Vechta,Polen,Anzahl,K03460,3745
2024,Wesermarsch,Polen,Anzahl,K03461,1175
2024,Wittmund,Polen,Anzahl,K03462,405
2024,Statistische Region Weser-Ems,Polen,Anzahl,K034,36385
2024,Niedersachsen,Polen,Anzahl,K030,100165
2025,"Braunschweig, Stadt",Polen,Anzahl,K03101,3250
2025,"Salzgitter, Stadt",Polen,Anzahl,K03102,1710
2025,"Wolfsburg, Stadt",Polen,Anzahl,K03103,1195
2025,Gifhorn,Polen,Anzahl,K03151,1080
2025,Goslar,Polen,Anzahl,K03153,860
2025,Helmstedt,Polen,Anzahl,K03154,845
2025,Northeim,Polen,Anzahl,K03155,1000
2025,Peine,Polen,Anzahl,K03157,1795
2025,Wolfenbüttel,Polen,Anzahl,K03158,820
2025,Göttingen,Polen,Anzahl,K03159,1630
2025,Statistische Region Braunschweig,Polen,Anzahl,K031,14190
2025,Region Hannover,Polen,Anzahl,K03241,16430
2025,"dav. Hannover, Lhst.",Polen,Anzahl,K03241001,8065
2025,"dav. Hannover, Umland",Polen,Anzahl,K03241999,8365
2025,Diepholz,Polen,Anzahl,K03251,3785
2025,Hameln-Pyrmont,Polen,Anzahl,K03252,1185
2025,Hildesheim,Polen,Anzahl,K03254,2160
2025,Holzminden,Polen,Anzahl,K03255,225
2025,Nienburg (Weser),Polen,Anzahl,K03256,1650
2025,Schaumburg,Polen,Anzahl,K03257,1870
2025,Statistische Region Hannover,Polen,Anzahl,K032,27310
2025,Celle,Polen,Anzahl,K03351,1840
2025,Cuxhaven,Polen,Anzahl,K03352,1435
2025,Harburg,Polen,Anzahl,K03353,3565
2025,Lüchow-Dannenberg,Polen,Anzahl,K03354,590
2025,Lüneburg,Polen,Anzahl,K03355,1330
2025,Osterholz,Polen,Anzahl,K03356,655
2025,Rotenburg (Wümme),Polen,Anzahl,K03357,2010
2025,Heidekreis,Polen,Anzahl,K03358,2340
2025,Stade,Polen,Anzahl,K03359,3635
2025,Uelzen,Polen,Anzahl,K03360,965
2025,Verden,Polen,Anzahl,K03361,1400
2025,Statistische Region Lüneburg,Polen,Anzahl,K033,19770
2025,"Delmenhorst, Stadt",Polen,Anzahl,K03401,1445
2025,"Emden, Stadt",Polen,Anzahl,K03402,830
2025,"Oldenburg (Oldb), Stadt",Polen,Anzahl,K03403,1085
2025,"Osnabrück, Stadt",Polen,Anzahl,K03404,1580
2025,"Wilhelmshaven, Stadt",Polen,Anzahl,K03405,540
2025,Ammerland,Polen,Anzahl,K03451,1560
2025,Aurich,Polen,Anzahl,K03452,1325
2025,Cloppenburg,Polen,Anzahl,K03453,3360
2025,Emsland,Polen,Anzahl,K03454,7410
2025,Friesland,Polen,Anzahl,K03455,450
2025,Grafschaft Bentheim,Polen,Anzahl,K03456,3140
2025,Leer,Polen,Anzahl,K03457,1125
2025,Oldenburg,Polen,Anzahl,K03458,1605
2025,Osnabrück,Polen,Anzahl,K03459,4645
2025,Vechta,Polen,Anzahl,K03460,3620
2025,Wesermarsch,Polen,Anzahl,K03461,1180
2025,Wittmund,Polen,Anzahl,K03462,350
2025,Statistische Region Weser-Ems,Polen,Anzahl,K034,35250
2025,Niedersachsen,Polen,Anzahl,K030,96515
2005,"Braunschweig, Stadt",Syrien,Anzahl,K03101,183
2005,"Salzgitter, Stadt",Syrien,Anzahl,K03102,46
2005,"Wolfsburg, Stadt",Syrien,Anzahl,K03103,112
2005,Gifhorn,Syrien,Anzahl,K03151,61
2005,Goslar,Syrien,Anzahl,K03153,58
2005,Helmstedt,Syrien,Anzahl,K03154,26
2005,Northeim,Syrien,Anzahl,K03155,99
2005,Peine,Syrien,Anzahl,K03157,101
2005,Wolfenbüttel,Syrien,Anzahl,K03158,161
2005,Göttingen,Syrien,Anzahl,K03159,181
2005,Statistische Region Braunschweig,Syrien,Anzahl,K031,1028
2005,Region Hannover,Syrien,Anzahl,K03241,978
2005,"dav. Hannover, Lhst.",Syrien,Anzahl,K03241001,516
2005,"dav. Hannover, Umland",Syrien,Anzahl,K03241999,462
2005,Diepholz,Syrien,Anzahl,K03251,121
2005,Hameln-Pyrmont,Syrien,Anzahl,K03252,142
2005,Hildesheim,Syrien,Anzahl,K03254,292
2005,Holzminden,Syrien,Anzahl,K03255,26
2005,Nienburg (Weser),Syrien,Anzahl,K03256,331
2005,Schaumburg,Syrien,Anzahl,K03257,153
2005,Statistische Region Hannover,Syrien,Anzahl,K032,2043
2005,Celle,Syrien,Anzahl,K03351,121
2005,Cuxhaven,Syrien,Anzahl,K03352,87
2005,Harburg,Syrien,Anzahl,K03353,96
2005,Lüchow-Dannenberg,Syrien,Anzahl,K03354,7
2005,Lüneburg,Syrien,Anzahl,K03355,117
2005,Osterholz,Syrien,Anzahl,K03356,83
2005,Rotenburg (Wümme),Syrien,Anzahl,K03357,43
2005,Heidekreis,Syrien,Anzahl,K03358,91
2005,Stade,Syrien,Anzahl,K03359,70
2005,Uelzen,Syrien,Anzahl,K03360,34
2005,Verden,Syrien,Anzahl,K03361,93
2005,Statistische Region Lüneburg,Syrien,Anzahl,K033,842
2005,"Delmenhorst, Stadt",Syrien,Anzahl,K03401,104
2005,"Emden, Stadt",Syrien,Anzahl,K03402,1
2005,"Oldenburg (Oldb), Stadt",Syrien,Anzahl,K03403,92
2005,"Osnabrück, Stadt",Syrien,Anzahl,K03404,72
2005,"Wilhelmshaven, Stadt",Syrien,Anzahl,K03405,56
2005,Ammerland,Syrien,Anzahl,K03451,97
2005,Aurich,Syrien,Anzahl,K03452,87
2005,Cloppenburg,Syrien,Anzahl,K03453,138
2005,Emsland,Syrien,Anzahl,K03454,102
2005,Friesland,Syrien,Anzahl,K03455,40
2005,Grafschaft Bentheim,Syrien,Anzahl,K03456,97
2005,Leer,Syrien,Anzahl,K03457,111
2005,Oldenburg,Syrien,Anzahl,K03458,119
2005,Osnabrück,Syrien,Anzahl,K03459,172
2005,Vechta,Syrien,Anzahl,K03460,207
2005,Wesermarsch,Syrien,Anzahl,K03461,43
2005,Wittmund,Syrien,Anzahl,K03462,7
2005,Statistische Region Weser-Ems,Syrien,Anzahl,K034,1545
2005,Niedersachsen,Syrien,Anzahl,K030,5458
2011,"Braunschweig, Stadt",Syrien,Anzahl,K03101,171
2011,"Salzgitter, Stadt",Syrien,Anzahl,K03102,34
2011,"Wolfsburg, Stadt",Syrien,Anzahl,K03103,156
2011,Gifhorn,Syrien,Anzahl,K03151,43
2011,Goslar,Syrien,Anzahl,K03153,63
2011,Helmstedt,Syrien,Anzahl,K03154,50
2011,Northeim,Syrien,Anzahl,K03155,94
2011,Peine,Syrien,Anzahl,K03157,123
2011,Wolfenbüttel,Syrien,Anzahl,K03158,154
2011,Göttingen,Syrien,Anzahl,K03159,232
2011,Statistische Region Braunschweig,Syrien,Anzahl,K031,1120
2011,Region Hannover,Syrien,Anzahl,K03241,1186
2011,"dav. Hannover, Lhst.",Syrien,Anzahl,K03241001,543
2011,"dav. Hannover, Umland",Syrien,Anzahl,K03241999,643
2011,Diepholz,Syrien,Anzahl,K03251,186
2011,Hameln-Pyrmont,Syrien,Anzahl,K03252,135
2011,Hildesheim,Syrien,Anzahl,K03254,275
2011,Holzminden,Syrien,Anzahl,K03255,91
2011,Nienburg (Weser),Syrien,Anzahl,K03256,345
2011,Schaumburg,Syrien,Anzahl,K03257,143
2011,Statistische Region Hannover,Syrien,Anzahl,K032,2361
2011,Celle,Syrien,Anzahl,K03351,139
2011,Cuxhaven,Syrien,Anzahl,K03352,94
2011,Harburg,Syrien,Anzahl,K03353,106
2011,Lüchow-Dannenberg,Syrien,Anzahl,K03354,8
2011,Lüneburg,Syrien,Anzahl,K03355,83
2011,Osterholz,Syrien,Anzahl,K03356,95
2011,Rotenburg (Wümme),Syrien,Anzahl,K03357,64
2011,Heidekreis,Syrien,Anzahl,K03358,95
2011,Stade,Syrien,Anzahl,K03359,95
2011,Uelzen,Syrien,Anzahl,K03360,48
2011,Verden,Syrien,Anzahl,K03361,131
2011,Statistische Region Lüneburg,Syrien,Anzahl,K033,958
2011,"Delmenhorst, Stadt",Syrien,Anzahl,K03401,75
2011,"Emden, Stadt",Syrien,Anzahl,K03402,6
2011,"Oldenburg (Oldb), Stadt",Syrien,Anzahl,K03403,153
2011,"Osnabrück, Stadt",Syrien,Anzahl,K03404,93
2011,"Wilhelmshaven, Stadt",Syrien,Anzahl,K03405,44
2011,Ammerland,Syrien,Anzahl,K03451,117
2011,Aurich,Syrien,Anzahl,K03452,86
2011,Cloppenburg,Syrien,Anzahl,K03453,171
2011,Emsland,Syrien,Anzahl,K03454,127
2011,Friesland,Syrien,Anzahl,K03455,43
2011,Grafschaft Bentheim,Syrien,Anzahl,K03456,77
2011,Leer,Syrien,Anzahl,K03457,117
2011,Oldenburg,Syrien,Anzahl,K03458,97
2011,Osnabrück,Syrien,Anzahl,K03459,181
2011,Vechta,Syrien,Anzahl,K03460,216
2011,Wesermarsch,Syrien,Anzahl,K03461,56
2011,Wittmund,Syrien,Anzahl,K03462,13
2011,Statistische Region Weser-Ems,Syrien,Anzahl,K034,1672
2011,Niedersachsen,Syrien,Anzahl,K030,6111
2012,"Braunschweig, Stadt",Syrien,Anzahl,K03101,168
2012,"Salzgitter, Stadt",Syrien,Anzahl,K03102,81
2012,"Wolfsburg, Stadt",Syrien,Anzahl,K03103,225
2012,Gifhorn,Syrien,Anzahl,K03151,71
2012,Goslar,Syrien,Anzahl,K03153,75
2012,Helmstedt,Syrien,Anzahl,K03154,57
2012,Northeim,Syrien,Anzahl,K03155,107
2012,Peine,Syrien,Anzahl,K03157,136
2012,Wolfenbüttel,Syrien,Anzahl,K03158,185
2012,Göttingen,Syrien,Anzahl,K03159,353
2012,Statistische Region Braunschweig,Syrien,Anzahl,K031,1458
2012,Region Hannover,Syrien,Anzahl,K03241,1391
2012,"dav. Hannover, Lhst.",Syrien,Anzahl,K03241001,612
2012,"dav. Hannover, Umland",Syrien,Anzahl,K03241999,779
2012,Diepholz,Syrien,Anzahl,K03251,219
2012,Hameln-Pyrmont,Syrien,Anzahl,K03252,203
2012,Hildesheim,Syrien,Anzahl,K03254,355
2012,Holzminden,Syrien,Anzahl,K03255,95
2012,Nienburg (Weser),Syrien,Anzahl,K03256,377
2012,Schaumburg,Syrien,Anzahl,K03257,142
2012,Statistische Region Hannover,Syrien,Anzahl,K032,2782
2012,Celle,Syrien,Anzahl,K03351,162
2012,Cuxhaven,Syrien,Anzahl,K03352,91
2012,Harburg,Syrien,Anzahl,K03353,102
2012,Lüchow-Dannenberg,Syrien,Anzahl,K03354,19
2012,Lüneburg,Syrien,Anzahl,K03355,92
2012,Osterholz,Syrien,Anzahl,K03356,59
2012,Rotenburg (Wümme),Syrien,Anzahl,K03357,58
2012,Heidekreis,Syrien,Anzahl,K03358,129
2012,Stade,Syrien,Anzahl,K03359,59
2012,Uelzen,Syrien,Anzahl,K03360,50
2012,Verden,Syrien,Anzahl,K03361,179
2012,Statistische Region Lüneburg,Syrien,Anzahl,K033,1000
2012,"Delmenhorst, Stadt",Syrien,Anzahl,K03401,78
2012,"Emden, Stadt",Syrien,Anzahl,K03402,12
2012,"Oldenburg (Oldb), Stadt",Syrien,Anzahl,K03403,209
2012,"Osnabrück, Stadt",Syrien,Anzahl,K03404,107
2012,"Wilhelmshaven, Stadt",Syrien,Anzahl,K03405,48
2012,Ammerland,Syrien,Anzahl,K03451,137
2012,Aurich,Syrien,Anzahl,K03452,98
2012,Cloppenburg,Syrien,Anzahl,K03453,208
2012,Emsland,Syrien,Anzahl,K03454,143
2012,Friesland,Syrien,Anzahl,K03455,40
2012,Grafschaft Bentheim,Syrien,Anzahl,K03456,85
2012,Leer,Syrien,Anzahl,K03457,137
2012,Oldenburg,Syrien,Anzahl,K03458,107
2012,Osnabrück,Syrien,Anzahl,K03459,174
2012,Vechta,Syrien,Anzahl,K03460,297
2012,Wesermarsch,Syrien,Anzahl,K03461,58
2012,Wittmund,Syrien,Anzahl,K03462,22
2012,Statistische Region Weser-Ems,Syrien,Anzahl,K034,1960
2012,Niedersachsen,Syrien,Anzahl,K030,7200
2013,"Braunschweig, Stadt",Syrien,Anzahl,K03101,234
2013,"Salzgitter, Stadt",Syrien,Anzahl,K03102,203
2013,"Wolfsburg, Stadt",Syrien,Anzahl,K03103,283
2013,Gifhorn,Syrien,Anzahl,K03151,93
2013,Goslar,Syrien,Anzahl,K03153,156
2013,Helmstedt,Syrien,Anzahl,K03154,55
2013,Northeim,Syrien,Anzahl,K03155,135
2013,Peine,Syrien,Anzahl,K03157,152
2013,Wolfenbüttel,Syrien,Anzahl,K03158,223
2013,Göttingen,Syrien,Anzahl,K03159,397
2013,Statistische Region Braunschweig,Syrien,Anzahl,K031,1931
2013,Region Hannover,Syrien,Anzahl,K03241,1998
2013,"dav. Hannover, Lhst.",Syrien,Anzahl,K03241001,886
2013,"dav. Hannover, Umland",Syrien,Anzahl,K03241999,1112
2013,Diepholz,Syrien,Anzahl,K03251,303
2013,Hameln-Pyrmont,Syrien,Anzahl,K03252,229
2013,Hildesheim,Syrien,Anzahl,K03254,466
2013,Holzminden,Syrien,Anzahl,K03255,110
2013,Nienburg (Weser),Syrien,Anzahl,K03256,463
2013,Schaumburg,Syrien,Anzahl,K03257,164
2013,Statistische Region Hannover,Syrien,Anzahl,K032,3733
2013,Celle,Syrien,Anzahl,K03351,247
2013,Cuxhaven,Syrien,Anzahl,K03352,87
2013,Harburg,Syrien,Anzahl,K03353,118
2013,Lüchow-Dannenberg,Syrien,Anzahl,K03354,29
2013,Lüneburg,Syrien,Anzahl,K03355,132
2013,Osterholz,Syrien,Anzahl,K03356,92
2013,Rotenburg (Wümme),Syrien,Anzahl,K03357,87
2013,Heidekreis,Syrien,Anzahl,K03358,186
2013,Stade,Syrien,Anzahl,K03359,81
2013,Uelzen,Syrien,Anzahl,K03360,74
2013,Verden,Syrien,Anzahl,K03361,207
2013,Statistische Region Lüneburg,Syrien,Anzahl,K033,1340
2013,"Delmenhorst, Stadt",Syrien,Anzahl,K03401,113
2013,"Emden, Stadt",Syrien,Anzahl,K03402,46
2013,"Oldenburg (Oldb), Stadt",Syrien,Anzahl,K03403,261
2013,"Osnabrück, Stadt",Syrien,Anzahl,K03404,224
2013,"Wilhelmshaven, Stadt",Syrien,Anzahl,K03405,62
2013,Ammerland,Syrien,Anzahl,K03451,148
2013,Aurich,Syrien,Anzahl,K03452,146
2013,Cloppenburg,Syrien,Anzahl,K03453,231
2013,Emsland,Syrien,Anzahl,K03454,172
2013,Friesland,Syrien,Anzahl,K03455,49
2013,Grafschaft Bentheim,Syrien,Anzahl,K03456,99
2013,Leer,Syrien,Anzahl,K03457,162
2013,Oldenburg,Syrien,Anzahl,K03458,135
2013,Osnabrück,Syrien,Anzahl,K03459,272
2013,Vechta,Syrien,Anzahl,K03460,372
2013,Wesermarsch,Syrien,Anzahl,K03461,52
2013,Wittmund,Syrien,Anzahl,K03462,34
2013,Statistische Region Weser-Ems,Syrien,Anzahl,K034,2578
2013,Niedersachsen,Syrien,Anzahl,K030,9582
2014,"Braunschweig, Stadt",Syrien,Anzahl,K03101,414
2014,"Salzgitter, Stadt",Syrien,Anzahl,K03102,521
2014,"Wolfsburg, Stadt",Syrien,Anzahl,K03103,579
2014,Gifhorn,Syrien,Anzahl,K03151,153
2014,Goslar,Syrien,Anzahl,K03153,257
2014,Helmstedt,Syrien,Anzahl,K03154,85
2014,Northeim,Syrien,Anzahl,K03155,226
2014,Peine,Syrien,Anzahl,K03157,257
2014,Wolfenbüttel,Syrien,Anzahl,K03158,315
2014,Göttingen,Syrien,Anzahl,K03159,487
2014,Statistische Region Braunschweig,Syrien,Anzahl,K031,3294
2014,Region Hannover,Syrien,Anzahl,K03241,3455
2014,"dav. Hannover, Lhst.",Syrien,Anzahl,K03241001,1469
2014,"dav. Hannover, Umland",Syrien,Anzahl,K03241999,1986
2014,Diepholz,Syrien,Anzahl,K03251,472
2014,Hameln-Pyrmont,Syrien,Anzahl,K03252,393
2014,Hildesheim,Syrien,Anzahl,K03254,795
2014,Holzminden,Syrien,Anzahl,K03255,147
2014,Nienburg (Weser),Syrien,Anzahl,K03256,558
2014,Schaumburg,Syrien,Anzahl,K03257,272
2014,Statistische Region Hannover,Syrien,Anzahl,K032,6092
2014,Celle,Syrien,Anzahl,K03351,429
2014,Cuxhaven,Syrien,Anzahl,K03352,171
2014,Harburg,Syrien,Anzahl,K03353,241
2014,Lüchow-Dannenberg,Syrien,Anzahl,K03354,74
2014,Lüneburg,Syrien,Anzahl,K03355,311
2014,Osterholz,Syrien,Anzahl,K03356,137
2014,Rotenburg (Wümme),Syrien,Anzahl,K03357,122
2014,Heidekreis,Syrien,Anzahl,K03358,287
2014,Stade,Syrien,Anzahl,K03359,145
2014,Uelzen,Syrien,Anzahl,K03360,204
2014,Verden,Syrien,Anzahl,K03361,271
2014,Statistische Region Lüneburg,Syrien,Anzahl,K033,2392
2014,"Delmenhorst, Stadt",Syrien,Anzahl,K03401,232
2014,"Emden, Stadt",Syrien,Anzahl,K03402,120
2014,"Oldenburg (Oldb), Stadt",Syrien,Anzahl,K03403,356
2014,"Osnabrück, Stadt",Syrien,Anzahl,K03404,521
2014,"Wilhelmshaven, Stadt",Syrien,Anzahl,K03405,111
2014,Ammerland,Syrien,Anzahl,K03451,280
2014,Aurich,Syrien,Anzahl,K03452,427
2014,Cloppenburg,Syrien,Anzahl,K03453,363
2014,Emsland,Syrien,Anzahl,K03454,458
2014,Friesland,Syrien,Anzahl,K03455,82
2014,Grafschaft Bentheim,Syrien,Anzahl,K03456,234
2014,Leer,Syrien,Anzahl,K03457,380
2014,Oldenburg,Syrien,Anzahl,K03458,244
2014,Osnabrück,Syrien,Anzahl,K03459,584
2014,Vechta,Syrien,Anzahl,K03460,668
2014,Wesermarsch,Syrien,Anzahl,K03461,98
2014,Wittmund,Syrien,Anzahl,K03462,77
2014,Statistische Region Weser-Ems,Syrien,Anzahl,K034,5235
2014,Niedersachsen,Syrien,Anzahl,K030,17013
2015,"Braunschweig, Stadt",Syrien,Anzahl,K03101,1268
2015,"Salzgitter, Stadt",Syrien,Anzahl,K03102,1139
2015,"Wolfsburg, Stadt",Syrien,Anzahl,K03103,920
2015,Gifhorn,Syrien,Anzahl,K03151,311
2015,Goslar,Syrien,Anzahl,K03153,788
2015,Helmstedt,Syrien,Anzahl,K03154,312
2015,Northeim,Syrien,Anzahl,K03155,574
2015,Peine,Syrien,Anzahl,K03157,681
2015,Wolfenbüttel,Syrien,Anzahl,K03158,678
2015,Göttingen,Syrien,Anzahl,K03159,1346
2015,Statistische Region Braunschweig,Syrien,Anzahl,K031,8017
2015,Region Hannover,Syrien,Anzahl,K03241,7044
2015,"dav. Hannover, Lhst.",Syrien,Anzahl,K03241001,2657
2015,"dav. Hannover, Umland",Syrien,Anzahl,K03241999,4387
2015,Diepholz,Syrien,Anzahl,K03251,1007
2015,Hameln-Pyrmont,Syrien,Anzahl,K03252,909
2015,Hildesheim,Syrien,Anzahl,K03254,1516
2015,Holzminden,Syrien,Anzahl,K03255,374
2015,Nienburg (Weser),Syrien,Anzahl,K03256,923
2015,Schaumburg,Syrien,Anzahl,K03257,571
2015,Statistische Region Hannover,Syrien,Anzahl,K032,12344
2015,Celle,Syrien,Anzahl,K03351,930
2015,Cuxhaven,Syrien,Anzahl,K03352,912
2015,Harburg,Syrien,Anzahl,K03353,437
2015,Lüchow-Dannenberg,Syrien,Anzahl,K03354,299
2015,Lüneburg,Syrien,Anzahl,K03355,607
2015,Osterholz,Syrien,Anzahl,K03356,469
2015,Rotenburg (Wümme),Syrien,Anzahl,K03357,624
2015,Heidekreis,Syrien,Anzahl,K03358,535
2015,Stade,Syrien,Anzahl,K03359,1243
2015,Uelzen,Syrien,Anzahl,K03360,314
2015,Verden,Syrien,Anzahl,K03361,832
2015,Statistische Region Lüneburg,Syrien,Anzahl,K033,7202
2015,"Delmenhorst, Stadt",Syrien,Anzahl,K03401,734
2015,"Emden, Stadt",Syrien,Anzahl,K03402,563
2015,"Oldenburg (Oldb), Stadt",Syrien,Anzahl,K03403,864
2015,"Osnabrück, Stadt",Syrien,Anzahl,K03404,1100
2015,"Wilhelmshaven, Stadt",Syrien,Anzahl,K03405,291
2015,Ammerland,Syrien,Anzahl,K03451,635
2015,Aurich,Syrien,Anzahl,K03452,1174
2015,Cloppenburg,Syrien,Anzahl,K03453,969
2015,Emsland,Syrien,Anzahl,K03454,1510
2015,Friesland,Syrien,Anzahl,K03455,363
2015,Grafschaft Bentheim,Syrien,Anzahl,K03456,672
2015,Leer,Syrien,Anzahl,K03457,819
2015,Oldenburg,Syrien,Anzahl,K03458,725
2015,Osnabrück,Syrien,Anzahl,K03459,1097
2015,Vechta,Syrien,Anzahl,K03460,1538
2015,Wesermarsch,Syrien,Anzahl,K03461,396
2015,Wittmund,Syrien,Anzahl,K03462,311
2015,Statistische Region Weser-Ems,Syrien,Anzahl,K034,13761
2015,Niedersachsen,Syrien,Anzahl,K030,41324
2016,"Braunschweig, Stadt",Syrien,Anzahl,K03101,1640
2016,"Salzgitter, Stadt",Syrien,Anzahl,K03102,2955
2016,"Wolfsburg, Stadt",Syrien,Anzahl,K03103,1270
2016,Gifhorn,Syrien,Anzahl,K03151,725
2016,Goslar,Syrien,Anzahl,K03153,1345
2016,Helmstedt,Syrien,Anzahl,K03154,515
2016,Northeim,Syrien,Anzahl,K03155,820
2016,Peine,Syrien,Anzahl,K03157,1175
2016,Wolfenbüttel,Syrien,Anzahl,K03158,1050
2016,Göttingen,Syrien,Anzahl,K03159,2180
2016,Statistische Region Braunschweig,Syrien,Anzahl,K031,13675
2016,Region Hannover,Syrien,Anzahl,K03241,10485
2016,"dav. Hannover, Lhst.",Syrien,Anzahl,K03241001,3940
2016,"dav. Hannover, Umland",Syrien,Anzahl,K03241999,6545
2016,Diepholz,Syrien,Anzahl,K03251,1470
2016,Hameln-Pyrmont,Syrien,Anzahl,K03252,1460
2016,Hildesheim,Syrien,Anzahl,K03254,2100
2016,Holzminden,Syrien,Anzahl,K03255,640
2016,Nienburg (Weser),Syrien,Anzahl,K03256,1320
2016,Schaumburg,Syrien,Anzahl,K03257,1350
2016,Statistische Region Hannover,Syrien,Anzahl,K032,18825
2016,Celle,Syrien,Anzahl,K03351,1430
2016,Cuxhaven,Syrien,Anzahl,K03352,1620
2016,Harburg,Syrien,Anzahl,K03353,1010
2016,Lüchow-Dannenberg,Syrien,Anzahl,K03354,270
2016,Lüneburg,Syrien,Anzahl,K03355,1505
2016,Osterholz,Syrien,Anzahl,K03356,645
2016,Rotenburg (Wümme),Syrien,Anzahl,K03357,1155
2016,Heidekreis,Syrien,Anzahl,K03358,1155
2016,Stade,Syrien,Anzahl,K03359,1860
2016,Uelzen,Syrien,Anzahl,K03360,630
2016,Verden,Syrien,Anzahl,K03361,1025
2016,Statistische Region Lüneburg,Syrien,Anzahl,K033,12310
2016,"Delmenhorst, Stadt",Syrien,Anzahl,K03401,1190
2016,"Emden, Stadt",Syrien,Anzahl,K03402,660
2016,"Oldenburg (Oldb), Stadt",Syrien,Anzahl,K03403,1415
2016,"Osnabrück, Stadt",Syrien,Anzahl,K03404,2290
2016,"Wilhelmshaven, Stadt",Syrien,Anzahl,K03405,1075
2016,Ammerland,Syrien,Anzahl,K03451,1030
2016,Aurich,Syrien,Anzahl,K03452,1670
2016,Cloppenburg,Syrien,Anzahl,K03453,1570
2016,Emsland,Syrien,Anzahl,K03454,2840
2016,Friesland,Syrien,Anzahl,K03455,890
2016,Grafschaft Bentheim,Syrien,Anzahl,K03456,960
2016,Leer,Syrien,Anzahl,K03457,1430
2016,Oldenburg,Syrien,Anzahl,K03458,1040
2016,Osnabrück,Syrien,Anzahl,K03459,2025
2016,Vechta,Syrien,Anzahl,K03460,2095
2016,Wesermarsch,Syrien,Anzahl,K03461,650
2016,Wittmund,Syrien,Anzahl,K03462,355
2016,Statistische Region Weser-Ems,Syrien,Anzahl,K034,23195
2016,Niedersachsen,Syrien,Anzahl,K030,68005
2017,"Braunschweig, Stadt",Syrien,Anzahl,K03101,1935
2017,"Salzgitter, Stadt",Syrien,Anzahl,K03102,3875
2017,"Wolfsburg, Stadt",Syrien,Anzahl,K03103,1395
2017,Gifhorn,Syrien,Anzahl,K03151,740
2017,Goslar,Syrien,Anzahl,K03153,1510
2017,Helmstedt,Syrien,Anzahl,K03154,450
2017,Northeim,Syrien,Anzahl,K03155,890
2017,Peine,Syrien,Anzahl,K03157,1350
2017,Wolfenbüttel,Syrien,Anzahl,K03158,1030
2017,Göttingen,Syrien,Anzahl,K03159,2550
2017,Statistische Region Braunschweig,Syrien,Anzahl,K031,15725
2017,Region Hannover,Syrien,Anzahl,K03241,12170
2017,"dav. Hannover, Lhst.",Syrien,Anzahl,K03241001,5020
2017,"dav. Hannover, Umland",Syrien,Anzahl,K03241999,7150
2017,Diepholz,Syrien,Anzahl,K03251,1575
2017,Hameln-Pyrmont,Syrien,Anzahl,K03252,1760
2017,Hildesheim,Syrien,Anzahl,K03254,2220
2017,Holzminden,Syrien,Anzahl,K03255,730
2017,Nienburg (Weser),Syrien,Anzahl,K03256,1375
2017,Schaumburg,Syrien,Anzahl,K03257,1480
2017,Statistische Region Hannover,Syrien,Anzahl,K032,21315
2017,Celle,Syrien,Anzahl,K03351,1585
2017,Cuxhaven,Syrien,Anzahl,K03352,1605
2017,Harburg,Syrien,Anzahl,K03353,1085
2017,Lüchow-Dannenberg,Syrien,Anzahl,K03354,245
2017,Lüneburg,Syrien,Anzahl,K03355,1700
2017,Osterholz,Syrien,Anzahl,K03356,670
2017,Rotenburg (Wümme),Syrien,Anzahl,K03357,1105
2017,Heidekreis,Syrien,Anzahl,K03358,1030
2017,Stade,Syrien,Anzahl,K03359,2085
2017,Uelzen,Syrien,Anzahl,K03360,675
2017,Verden,Syrien,Anzahl,K03361,1080
2017,Statistische Region Lüneburg,Syrien,Anzahl,K033,12865
2017,"Delmenhorst, Stadt",Syrien,Anzahl,K03401,1555
2017,"Emden, Stadt",Syrien,Anzahl,K03402,785
2017,"Oldenburg (Oldb), Stadt",Syrien,Anzahl,K03403,1680
2017,"Osnabrück, Stadt",Syrien,Anzahl,K03404,2725
2017,"Wilhelmshaven, Stadt",Syrien,Anzahl,K03405,1690
2017,Ammerland,Syrien,Anzahl,K03451,1025
2017,Aurich,Syrien,Anzahl,K03452,1620
2017,Cloppenburg,Syrien,Anzahl,K03453,1465
2017,Emsland,Syrien,Anzahl,K03454,2745
2017,Friesland,Syrien,Anzahl,K03455,815
2017,Grafschaft Bentheim,Syrien,Anzahl,K03456,1035
2017,Leer,Syrien,Anzahl,K03457,1380
2017,Oldenburg,Syrien,Anzahl,K03458,950
2017,Osnabrück,Syrien,Anzahl,K03459,2035
2017,Vechta,Syrien,Anzahl,K03460,2315
2017,Wesermarsch,Syrien,Anzahl,K03461,695
2017,Wittmund,Syrien,Anzahl,K03462,345
2017,Statistische Region Weser-Ems,Syrien,Anzahl,K034,24855
2017,Niedersachsen,Syrien,Anzahl,K030,74755
2018,"Braunschweig, Stadt",Syrien,Anzahl,K03101,2345
2018,"Salzgitter, Stadt",Syrien,Anzahl,K03102,4090
2018,"Wolfsburg, Stadt",Syrien,Anzahl,K03103,1475
2018,Gifhorn,Syrien,Anzahl,K03151,835
2018,Goslar,Syrien,Anzahl,K03153,1515
2018,Helmstedt,Syrien,Anzahl,K03154,440
2018,Northeim,Syrien,Anzahl,K03155,980
2018,Peine,Syrien,Anzahl,K03157,1460
2018,Wolfenbüttel,Syrien,Anzahl,K03158,1000
2018,Göttingen,Syrien,Anzahl,K03159,2690
2018,Statistische Region Braunschweig,Syrien,Anzahl,K031,16830
2018,Region Hannover,Syrien,Anzahl,K03241,13600
2018,"dav. Hannover, Lhst.",Syrien,Anzahl,K03241001,5865
2018,"dav. Hannover, Umland",Syrien,Anzahl,K03241999,7735
2018,Diepholz,Syrien,Anzahl,K03251,1720
2018,Hameln-Pyrmont,Syrien,Anzahl,K03252,1975
2018,Hildesheim,Syrien,Anzahl,K03254,2475
2018,Holzminden,Syrien,Anzahl,K03255,675
2018,Nienburg (Weser),Syrien,Anzahl,K03256,1360
2018,Schaumburg,Syrien,Anzahl,K03257,1520
2018,Statistische Region Hannover,Syrien,Anzahl,K032,23325
2018,Celle,Syrien,Anzahl,K03351,1640
2018,Cuxhaven,Syrien,Anzahl,K03352,1585
2018,Harburg,Syrien,Anzahl,K03353,1140
2018,Lüchow-Dannenberg,Syrien,Anzahl,K03354,265
2018,Lüneburg,Syrien,Anzahl,K03355,1825
2018,Osterholz,Syrien,Anzahl,K03356,700
2018,Rotenburg (Wümme),Syrien,Anzahl,K03357,1095
2018,Heidekreis,Syrien,Anzahl,K03358,1090
2018,Stade,Syrien,Anzahl,K03359,2340
2018,Uelzen,Syrien,Anzahl,K03360,675
2018,Verden,Syrien,Anzahl,K03361,1100
2018,Statistische Region Lüneburg,Syrien,Anzahl,K033,13460
2018,"Delmenhorst, Stadt",Syrien,Anzahl,K03401,1685
2018,"Emden, Stadt",Syrien,Anzahl,K03402,840
2018,"Oldenburg (Oldb), Stadt",Syrien,Anzahl,K03403,1870
2018,"Osnabrück, Stadt",Syrien,Anzahl,K03404,3025
2018,"Wilhelmshaven, Stadt",Syrien,Anzahl,K03405,1925
2018,Ammerland,Syrien,Anzahl,K03451,1060
2018,Aurich,Syrien,Anzahl,K03452,1690
2018,Cloppenburg,Syrien,Anzahl,K03453,1415
2018,Emsland,Syrien,Anzahl,K03454,2750
2018,Friesland,Syrien,Anzahl,K03455,800
2018,Grafschaft Bentheim,Syrien,Anzahl,K03456,1130
2018,Leer,Syrien,Anzahl,K03457,1495
2018,Oldenburg,Syrien,Anzahl,K03458,930
2018,Osnabrück,Syrien,Anzahl,K03459,2165
2018,Vechta,Syrien,Anzahl,K03460,2525
2018,Wesermarsch,Syrien,Anzahl,K03461,720
2018,Wittmund,Syrien,Anzahl,K03462,295
2018,Statistische Region Weser-Ems,Syrien,Anzahl,K034,26315
2018,Niedersachsen,Syrien,Anzahl,K030,79930
2019,"Braunschweig, Stadt",Syrien,Anzahl,K03101,2645
2019,"Salzgitter, Stadt",Syrien,Anzahl,K03102,4325
2019,"Wolfsburg, Stadt",Syrien,Anzahl,K03103,1625
2019,Gifhorn,Syrien,Anzahl,K03151,875
2019,Goslar,Syrien,Anzahl,K03153,1570
2019,Helmstedt,Syrien,Anzahl,K03154,445
2019,Northeim,Syrien,Anzahl,K03155,1065
2019,Peine,Syrien,Anzahl,K03157,1585
2019,Wolfenbüttel,Syrien,Anzahl,K03158,1050
2019,Göttingen,Syrien,Anzahl,K03159,2860
2019,Statistische Region Braunschweig,Syrien,Anzahl,K031,18045
2019,Region Hannover,Syrien,Anzahl,K03241,14770
2019,"dav. Hannover, Lhst.",Syrien,Anzahl,K03241001,6715
2019,"dav. Hannover, Umland",Syrien,Anzahl,K03241999,8055
2019,Diepholz,Syrien,Anzahl,K03251,1805
2019,Hameln-Pyrmont,Syrien,Anzahl,K03252,2170
2019,Hildesheim,Syrien,Anzahl,K03254,2640
2019,Holzminden,Syrien,Anzahl,K03255,640
2019,Nienburg (Weser),Syrien,Anzahl,K03256,1375
2019,Schaumburg,Syrien,Anzahl,K03257,1550
2019,Statistische Region Hannover,Syrien,Anzahl,K032,24950
2019,Celle,Syrien,Anzahl,K03351,1660
2019,Cuxhaven,Syrien,Anzahl,K03352,1580
2019,Harburg,Syrien,Anzahl,K03353,1190
2019,Lüchow-Dannenberg,Syrien,Anzahl,K03354,275
2019,Lüneburg,Syrien,Anzahl,K03355,1910
2019,Osterholz,Syrien,Anzahl,K03356,715
2019,Rotenburg (Wümme),Syrien,Anzahl,K03357,1150
2019,Heidekreis,Syrien,Anzahl,K03358,1170
2019,Stade,Syrien,Anzahl,K03359,2490
2019,Uelzen,Syrien,Anzahl,K03360,710
2019,Verden,Syrien,Anzahl,K03361,1145
2019,Statistische Region Lüneburg,Syrien,Anzahl,K033,13990
2019,"Delmenhorst, Stadt",Syrien,Anzahl,K03401,1775
2019,"Emden, Stadt",Syrien,Anzahl,K03402,945
2019,"Oldenburg (Oldb), Stadt",Syrien,Anzahl,K03403,2040
2019,"Osnabrück, Stadt",Syrien,Anzahl,K03404,3300
2019,"Wilhelmshaven, Stadt",Syrien,Anzahl,K03405,2100
2019,Ammerland,Syrien,Anzahl,K03451,1090
2019,Aurich,Syrien,Anzahl,K03452,1705
2019,Cloppenburg,Syrien,Anzahl,K03453,1370
2019,Emsland,Syrien,Anzahl,K03454,2890
2019,Friesland,Syrien,Anzahl,K03455,805
2019,Grafschaft Bentheim,Syrien,Anzahl,K03456,1200
2019,Leer,Syrien,Anzahl,K03457,1655
2019,Oldenburg,Syrien,Anzahl,K03458,945
2019,Osnabrück,Syrien,Anzahl,K03459,2255
2019,Vechta,Syrien,Anzahl,K03460,2685
2019,Wesermarsch,Syrien,Anzahl,K03461,735
2019,Wittmund,Syrien,Anzahl,K03462,325
2019,Statistische Region Weser-Ems,Syrien,Anzahl,K034,27820
2019,Niedersachsen,Syrien,Anzahl,K030,84805
2020,"Braunschweig, Stadt",Syrien,Anzahl,K03101,2780
2020,"Salzgitter, Stadt",Syrien,Anzahl,K03102,4460
2020,"Wolfsburg, Stadt",Syrien,Anzahl,K03103,1810
2020,Gifhorn,Syrien,Anzahl,K03151,945
2020,Goslar,Syrien,Anzahl,K03153,1530
2020,Helmstedt,Syrien,Anzahl,K03154,450
2020,Northeim,Syrien,Anzahl,K03155,1060
2020,Peine,Syrien,Anzahl,K03157,1710
2020,Wolfenbüttel,Syrien,Anzahl,K03158,1065
2020,Göttingen,Syrien,Anzahl,K03159,2485
2020,Statistische Region Braunschweig,Syrien,Anzahl,K031,18300
2020,Region Hannover,Syrien,Anzahl,K03241,15485
2020,"dav. Hannover, Lhst.",Syrien,Anzahl,K03241001,7130
2020,"dav. Hannover, Umland",Syrien,Anzahl,K03241999,8355
2020,Diepholz,Syrien,Anzahl,K03251,1815
2020,Hameln-Pyrmont,Syrien,Anzahl,K03252,2245
2020,Hildesheim,Syrien,Anzahl,K03254,2785
2020,Holzminden,Syrien,Anzahl,K03255,635
2020,Nienburg (Weser),Syrien,Anzahl,K03256,1400
2020,Schaumburg,Syrien,Anzahl,K03257,1635
2020,Statistische Region Hannover,Syrien,Anzahl,K032,25995
2020,Celle,Syrien,Anzahl,K03351,1585
2020,Cuxhaven,Syrien,Anzahl,K03352,1590
2020,Harburg,Syrien,Anzahl,K03353,1265
2020,Lüchow-Dannenberg,Syrien,Anzahl,K03354,295
2020,Lüneburg,Syrien,Anzahl,K03355,1920
2020,Osterholz,Syrien,Anzahl,K03356,755
2020,Rotenburg (Wümme),Syrien,Anzahl,K03357,1265
2020,Heidekreis,Syrien,Anzahl,K03358,1230
2020,Stade,Syrien,Anzahl,K03359,2690
2020,Uelzen,Syrien,Anzahl,K03360,750
2020,Verden,Syrien,Anzahl,K03361,1130
2020,Statistische Region Lüneburg,Syrien,Anzahl,K033,14475
2020,"Delmenhorst, Stadt",Syrien,Anzahl,K03401,1880
2020,"Emden, Stadt",Syrien,Anzahl,K03402,1000
2020,"Oldenburg (Oldb), Stadt",Syrien,Anzahl,K03403,2190
2020,"Osnabrück, Stadt",Syrien,Anzahl,K03404,3470
2020,"Wilhelmshaven, Stadt",Syrien,Anzahl,K03405,2110
2020,Ammerland,Syrien,Anzahl,K03451,1095
2020,Aurich,Syrien,Anzahl,K03452,1685
2020,Cloppenburg,Syrien,Anzahl,K03453,1365
2020,Emsland,Syrien,Anzahl,K03454,2980
2020,Friesland,Syrien,Anzahl,K03455,820
2020,Grafschaft Bentheim,Syrien,Anzahl,K03456,1270
2020,Leer,Syrien,Anzahl,K03457,1845
2020,Oldenburg,Syrien,Anzahl,K03458,940
2020,Osnabrück,Syrien,Anzahl,K03459,2315
2020,Vechta,Syrien,Anzahl,K03460,2780
2020,Wesermarsch,Syrien,Anzahl,K03461,785
2020,Wittmund,Syrien,Anzahl,K03462,365
2020,Statistische Region Weser-Ems,Syrien,Anzahl,K034,28905
2020,Niedersachsen,Syrien,Anzahl,K030,87680
2021,"Braunschweig, Stadt",Syrien,Anzahl,K03101,2720
2021,"Salzgitter, Stadt",Syrien,Anzahl,K03102,4730
2021,"Wolfsburg, Stadt",Syrien,Anzahl,K03103,1970
2021,Gifhorn,Syrien,Anzahl,K03151,1090
2021,Goslar,Syrien,Anzahl,K03153,1485
2021,Helmstedt,Syrien,Anzahl,K03154,510
2021,Northeim,Syrien,Anzahl,K03155,1090
2021,Peine,Syrien,Anzahl,K03157,1830
2021,Wolfenbüttel,Syrien,Anzahl,K03158,1145
2021,Göttingen,Syrien,Anzahl,K03159,2450
2021,Statistische Region Braunschweig,Syrien,Anzahl,K031,19020
2021,Region Hannover,Syrien,Anzahl,K03241,17440
2021,"dav. Hannover, Lhst.",Syrien,Anzahl,K03241001,7565
2021,"dav. Hannover, Umland",Syrien,Anzahl,K03241999,9875
2021,Diepholz,Syrien,Anzahl,K03251,1845
2021,Hameln-Pyrmont,Syrien,Anzahl,K03252,2345
2021,Hildesheim,Syrien,Anzahl,K03254,2890
2021,Holzminden,Syrien,Anzahl,K03255,700
2021,Nienburg (Weser),Syrien,Anzahl,K03256,1485
2021,Schaumburg,Syrien,Anzahl,K03257,1690
2021,Statistische Region Hannover,Syrien,Anzahl,K032,28395
2021,Celle,Syrien,Anzahl,K03351,1580
2021,Cuxhaven,Syrien,Anzahl,K03352,1690
2021,Harburg,Syrien,Anzahl,K03353,1420
2021,Lüchow-Dannenberg,Syrien,Anzahl,K03354,305
2021,Lüneburg,Syrien,Anzahl,K03355,1930
2021,Osterholz,Syrien,Anzahl,K03356,825
2021,Rotenburg (Wümme),Syrien,Anzahl,K03357,1370
2021,Heidekreis,Syrien,Anzahl,K03358,1355
2021,Stade,Syrien,Anzahl,K03359,2775
2021,Uelzen,Syrien,Anzahl,K03360,740
2021,Verden,Syrien,Anzahl,K03361,1155
2021,Statistische Region Lüneburg,Syrien,Anzahl,K033,15150
2021,"Delmenhorst, Stadt",Syrien,Anzahl,K03401,1920
2021,"Emden, Stadt",Syrien,Anzahl,K03402,1040
2021,"Oldenburg (Oldb), Stadt",Syrien,Anzahl,K03403,2175
2021,"Osnabrück, Stadt",Syrien,Anzahl,K03404,3620
2021,"Wilhelmshaven, Stadt",Syrien,Anzahl,K03405,2220
2021,Ammerland,Syrien,Anzahl,K03451,1170
2021,Aurich,Syrien,Anzahl,K03452,1785
2021,Cloppenburg,Syrien,Anzahl,K03453,1380
2021,Emsland,Syrien,Anzahl,K03454,3185
2021,Friesland,Syrien,Anzahl,K03455,870
2021,Grafschaft Bentheim,Syrien,Anzahl,K03456,1300
2021,Leer,Syrien,Anzahl,K03457,2030
2021,Oldenburg,Syrien,Anzahl,K03458,1000
2021,Osnabrück,Syrien,Anzahl,K03459,2075
2021,Vechta,Syrien,Anzahl,K03460,2820
2021,Wesermarsch,Syrien,Anzahl,K03461,830
2021,Wittmund,Syrien,Anzahl,K03462,440
2021,Statistische Region Weser-Ems,Syrien,Anzahl,K034,29865
2021,Niedersachsen,Syrien,Anzahl,K030,92430
2022,"Braunschweig, Stadt",Syrien,Anzahl,K03101,3125
2022,"Salzgitter, Stadt",Syrien,Anzahl,K03102,4835
2022,"Wolfsburg, Stadt",Syrien,Anzahl,K03103,2045
2022,Gifhorn,Syrien,Anzahl,K03151,1150
2022,Goslar,Syrien,Anzahl,K03153,1435
2022,Helmstedt,Syrien,Anzahl,K03154,560
2022,Northeim,Syrien,Anzahl,K03155,1140
2022,Peine,Syrien,Anzahl,K03157,1800
2022,Wolfenbüttel,Syrien,Anzahl,K03158,1190
2022,Göttingen,Syrien,Anzahl,K03159,2235
2022,Statistische Region Braunschweig,Syrien,Anzahl,K031,19515
2022,Region Hannover,Syrien,Anzahl,K03241,19580
2022,"dav. Hannover, Lhst.",Syrien,Anzahl,K03241001,8105
2022,"dav. Hannover, Umland",Syrien,Anzahl,K03241999,11475
2022,Diepholz,Syrien,Anzahl,K03251,1805
2022,Hameln-Pyrmont,Syrien,Anzahl,K03252,2460
2022,Hildesheim,Syrien,Anzahl,K03254,3025
2022,Holzminden,Syrien,Anzahl,K03255,700
2022,Nienburg (Weser),Syrien,Anzahl,K03256,1520
2022,Schaumburg,Syrien,Anzahl,K03257,1785
2022,Statistische Region Hannover,Syrien,Anzahl,K032,30880
2022,Celle,Syrien,Anzahl,K03351,1555
2022,Cuxhaven,Syrien,Anzahl,K03352,1690
2022,Harburg,Syrien,Anzahl,K03353,1565
2022,Lüchow-Dannenberg,Syrien,Anzahl,K03354,260
2022,Lüneburg,Syrien,Anzahl,K03355,1710
2022,Osterholz,Syrien,Anzahl,K03356,875
2022,Rotenburg (Wümme),Syrien,Anzahl,K03357,1440
2022,Heidekreis,Syrien,Anzahl,K03358,1325
2022,Stade,Syrien,Anzahl,K03359,2820
2022,Uelzen,Syrien,Anzahl,K03360,750
2022,Verden,Syrien,Anzahl,K03361,1275
2022,Statistische Region Lüneburg,Syrien,Anzahl,K033,15265
2022,"Delmenhorst, Stadt",Syrien,Anzahl,K03401,1965
2022,"Emden, Stadt",Syrien,Anzahl,K03402,1065
2022,"Oldenburg (Oldb), Stadt",Syrien,Anzahl,K03403,2285
2022,"Osnabrück, Stadt",Syrien,Anzahl,K03404,3795
2022,"Wilhelmshaven, Stadt",Syrien,Anzahl,K03405,2265
2022,Ammerland,Syrien,Anzahl,K03451,1220
2022,Aurich,Syrien,Anzahl,K03452,1790
2022,Cloppenburg,Syrien,Anzahl,K03453,1340
2022,Emsland,Syrien,Anzahl,K03454,3475
2022,Friesland,Syrien,Anzahl,K03455,895
2022,Grafschaft Bentheim,Syrien,Anzahl,K03456,1275
2022,Leer,Syrien,Anzahl,K03457,2140
2022,Oldenburg,Syrien,Anzahl,K03458,1050
2022,Osnabrück,Syrien,Anzahl,K03459,2050
2022,Vechta,Syrien,Anzahl,K03460,2715
2022,Wesermarsch,Syrien,Anzahl,K03461,860
2022,Wittmund,Syrien,Anzahl,K03462,485
2022,Statistische Region Weser-Ems,Syrien,Anzahl,K034,30870
2022,Niedersachsen,Syrien,Anzahl,K030,96330
2023,"Braunschweig, Stadt",Syrien,Anzahl,K03101,2915
2023,"Salzgitter, Stadt",Syrien,Anzahl,K03102,5155
2023,"Wolfsburg, Stadt",Syrien,Anzahl,K03103,2195
2023,Gifhorn,Syrien,Anzahl,K03151,1355
2023,Goslar,Syrien,Anzahl,K03153,1455
2023,Helmstedt,Syrien,Anzahl,K03154,715
2023,Northeim,Syrien,Anzahl,K03155,1180
2023,Peine,Syrien,Anzahl,K03157,1985
2023,Wolfenbüttel,Syrien,Anzahl,K03158,1505
2023,Göttingen,Syrien,Anzahl,K03159,2350
2023,Statistische Region Braunschweig,Syrien,Anzahl,K031,20805
2023,Region Hannover,Syrien,Anzahl,K03241,18700
2023,"dav. Hannover, Lhst.",Syrien,Anzahl,K03241001,8765
2023,"dav. Hannover, Umland",Syrien,Anzahl,K03241999,9935
2023,Diepholz,Syrien,Anzahl,K03251,2050
2023,Hameln-Pyrmont,Syrien,Anzahl,K03252,2655
2023,Hildesheim,Syrien,Anzahl,K03254,3390
2023,Holzminden,Syrien,Anzahl,K03255,750
2023,Nienburg (Weser),Syrien,Anzahl,K03256,1515
2023,Schaumburg,Syrien,Anzahl,K03257,1965
2023,Statistische Region Hannover,Syrien,Anzahl,K032,31025
2023,Celle,Syrien,Anzahl,K03351,1710
2023,Cuxhaven,Syrien,Anzahl,K03352,1645
2023,Harburg,Syrien,Anzahl,K03353,1710
2023,Lüchow-Dannenberg,Syrien,Anzahl,K03354,285
2023,Lüneburg,Syrien,Anzahl,K03355,1750
2023,Osterholz,Syrien,Anzahl,K03356,915
2023,Rotenburg (Wümme),Syrien,Anzahl,K03357,1660
2023,Heidekreis,Syrien,Anzahl,K03358,1150
2023,Stade,Syrien,Anzahl,K03359,3010
2023,Uelzen,Syrien,Anzahl,K03360,780
2023,Verden,Syrien,Anzahl,K03361,1325
2023,Statistische Region Lüneburg,Syrien,Anzahl,K033,15935
2023,"Delmenhorst, Stadt",Syrien,Anzahl,K03401,2075
2023,"Emden, Stadt",Syrien,Anzahl,K03402,1070
2023,"Oldenburg (Oldb), Stadt",Syrien,Anzahl,K03403,2280
2023,"Osnabrück, Stadt",Syrien,Anzahl,K03404,3800
2023,"Wilhelmshaven, Stadt",Syrien,Anzahl,K03405,2510
2023,Ammerland,Syrien,Anzahl,K03451,1400
2023,Aurich,Syrien,Anzahl,K03452,1840
2023,Cloppenburg,Syrien,Anzahl,K03453,1530
2023,Emsland,Syrien,Anzahl,K03454,3730
2023,Friesland,Syrien,Anzahl,K03455,930
2023,Grafschaft Bentheim,Syrien,Anzahl,K03456,1250
2023,Leer,Syrien,Anzahl,K03457,2520
2023,Oldenburg,Syrien,Anzahl,K03458,1235
2023,Osnabrück,Syrien,Anzahl,K03459,2145
2023,Vechta,Syrien,Anzahl,K03460,2685
2023,Wesermarsch,Syrien,Anzahl,K03461,960
2023,Wittmund,Syrien,Anzahl,K03462,580
2023,Statistische Region Weser-Ems,Syrien,Anzahl,K034,32545
2023,Niedersachsen,Syrien,Anzahl,K030,100310
2024,"Braunschweig, Stadt",Syrien,Anzahl,K03101,2845
2024,"Salzgitter, Stadt",Syrien,Anzahl,K03102,5180
2024,"Wolfsburg, Stadt",Syrien,Anzahl,K03103,2340
2024,Gifhorn,Syrien,Anzahl,K03151,1410
2024,Goslar,Syrien,Anzahl,K03153,1355
2024,Helmstedt,Syrien,Anzahl,K03154,855
2024,Northeim,Syrien,Anzahl,K03155,1180
2024,Peine,Syrien,Anzahl,K03157,2105
2024,Wolfenbüttel,Syrien,Anzahl,K03158,1550
2024,Göttingen,Syrien,Anzahl,K03159,2360
2024,Statistische Region Braunschweig,Syrien,Anzahl,K031,21190
2024,Region Hannover,Syrien,Anzahl,K03241,19145
2024,"dav. Hannover, Lhst.",Syrien,Anzahl,K03241001,9165
2024,"dav. Hannover, Umland",Syrien,Anzahl,K03241999,9980
2024,Diepholz,Syrien,Anzahl,K03251,2200
2024,Hameln-Pyrmont,Syrien,Anzahl,K03252,2750
2024,Hildesheim,Syrien,Anzahl,K03254,3485
2024,Holzminden,Syrien,Anzahl,K03255,735
2024,Nienburg (Weser),Syrien,Anzahl,K03256,1450
2024,Schaumburg,Syrien,Anzahl,K03257,1835
2024,Statistische Region Hannover,Syrien,Anzahl,K032,31600
2024,Celle,Syrien,Anzahl,K03351,1665
2024,Cuxhaven,Syrien,Anzahl,K03352,1595
2024,Harburg,Syrien,Anzahl,K03353,1690
2024,Lüchow-Dannenberg,Syrien,Anzahl,K03354,280
2024,Lüneburg,Syrien,Anzahl,K03355,1905
2024,Osterholz,Syrien,Anzahl,K03356,840
2024,Rotenburg (Wümme),Syrien,Anzahl,K03357,1570
2024,Heidekreis,Syrien,Anzahl,K03358,1015
2024,Stade,Syrien,Anzahl,K03359,2855
2024,Uelzen,Syrien,Anzahl,K03360,765
2024,Verden,Syrien,Anzahl,K03361,1360
2024,Statistische Region Lüneburg,Syrien,Anzahl,K033,15535
2024,"Delmenhorst, Stadt",Syrien,Anzahl,K03401,2070
2024,"Emden, Stadt",Syrien,Anzahl,K03402,1080
2024,"Oldenburg (Oldb), Stadt",Syrien,Anzahl,K03403,2275
2024,"Osnabrück, Stadt",Syrien,Anzahl,K03404,3695
2024,"Wilhelmshaven, Stadt",Syrien,Anzahl,K03405,2530
2024,Ammerland,Syrien,Anzahl,K03451,1400
2024,Aurich,Syrien,Anzahl,K03452,1750
2024,Cloppenburg,Syrien,Anzahl,K03453,1550
2024,Emsland,Syrien,Anzahl,K03454,3975
2024,Friesland,Syrien,Anzahl,K03455,980
2024,Grafschaft Bentheim,Syrien,Anzahl,K03456,1305
2024,Leer,Syrien,Anzahl,K03457,2745
2024,Oldenburg,Syrien,Anzahl,K03458,1260
2024,Osnabrück,Syrien,Anzahl,K03459,2150
2024,Vechta,Syrien,Anzahl,K03460,2465
2024,Wesermarsch,Syrien,Anzahl,K03461,1055
2024,Wittmund,Syrien,Anzahl,K03462,590
2024,Statistische Region Weser-Ems,Syrien,Anzahl,K034,32880
2024,Niedersachsen,Syrien,Anzahl,K030,101200
2025,"Braunschweig, Stadt",Syrien,Anzahl,K03101,2885
2025,"Salzgitter, Stadt",Syrien,Anzahl,K03102,4875
2025,"Wolfsburg, Stadt",Syrien,Anzahl,K03103,2410
2025,Gifhorn,Syrien,Anzahl,K03151,1410
2025,Goslar,Syrien,Anzahl,K03153,1235
2025,Helmstedt,Syrien,Anzahl,K03154,850
2025,Northeim,Syrien,Anzahl,K03155,1055
2025,Peine,Syrien,Anzahl,K03157,2085
2025,Wolfenbüttel,Syrien,Anzahl,K03158,1465
2025,Göttingen,Syrien,Anzahl,K03159,2190
2025,Statistische Region Braunschweig,Syrien,Anzahl,K031,20460
2025,Region Hannover,Syrien,Anzahl,K03241,19655
2025,"dav. Hannover, Lhst.",Syrien,Anzahl,K03241001,9260
2025,"dav. Hannover, Umland",Syrien,Anzahl,K03241999,10395
2025,Diepholz,Syrien,Anzahl,K03251,2080
2025,Hameln-Pyrmont,Syrien,Anzahl,K03252,2680
2025,Hildesheim,Syrien,Anzahl,K03254,3360
2025,Holzminden,Syrien,Anzahl,K03255,700
2025,Nienburg (Weser),Syrien,Anzahl,K03256,1340
2025,Schaumburg,Syrien,Anzahl,K03257,1710
2025,Statistische Region Hannover,Syrien,Anzahl,K032,31525
2025,Celle,Syrien,Anzahl,K03351,1625
2025,Cuxhaven,Syrien,Anzahl,K03352,1505
2025,Harburg,Syrien,Anzahl,K03353,1485
2025,Lüchow-Dannenberg,Syrien,Anzahl,K03354,265
2025,Lüneburg,Syrien,Anzahl,K03355,1700
2025,Osterholz,Syrien,Anzahl,K03356,705
2025,Rotenburg (Wümme),Syrien,Anzahl,K03357,1370
2025,Heidekreis,Syrien,Anzahl,K03358,1010
2025,Stade,Syrien,Anzahl,K03359,2605
2025,Uelzen,Syrien,Anzahl,K03360,800
2025,Verden,Syrien,Anzahl,K03361,1245
2025,Statistische Region Lüneburg,Syrien,Anzahl,K033,14315
2025,"Delmenhorst, Stadt",Syrien,Anzahl,K03401,1935
2025,"Emden, Stadt",Syrien,Anzahl,K03402,1060
2025,"Oldenburg (Oldb), Stadt",Syrien,Anzahl,K03403,2265
2025,"Osnabrück, Stadt",Syrien,Anzahl,K03404,3785
2025,"Wilhelmshaven, Stadt",Syrien,Anzahl,K03405,2550
2025,Ammerland,Syrien,Anzahl,K03451,1195
2025,Aurich,Syrien,Anzahl,K03452,1670
2025,Cloppenburg,Syrien,Anzahl,K03453,1400
2025,Emsland,Syrien,Anzahl,K03454,3595
2025,Friesland,Syrien,Anzahl,K03455,905
2025,Grafschaft Bentheim,Syrien,Anzahl,K03456,1325
2025,Leer,Syrien,Anzahl,K03457,2740
2025,Oldenburg,Syrien,Anzahl,K03458,1225
2025,Osnabrück,Syrien,Anzahl,K03459,1900
2025,Vechta,Syrien,Anzahl,K03460,2220
2025,Wesermarsch,Syrien,Anzahl,K03461,1055
2025,Wittmund,Syrien,Anzahl,K03462,545
2025,Statistische Region Weser-Ems,Syrien,Anzahl,K034,31385
2025,Niedersachsen,Syrien,Anzahl,K030,97685
2005,"Braunschweig, Stadt",Türkei,Anzahl,K03101,5957
2005,"Salzgitter, Stadt",Türkei,Anzahl,K03102,6320
2005,"Wolfsburg, Stadt",Türkei,Anzahl,K03103,581
2005,Gifhorn,Türkei,Anzahl,K03151,1903
2005,Goslar,Türkei,Anzahl,K03153,1936
2005,Helmstedt,Türkei,Anzahl,K03154,1146
2005,Northeim,Türkei,Anzahl,K03155,1026
2005,Peine,Türkei,Anzahl,K03157,2946
2005,Wolfenbüttel,Türkei,Anzahl,K03158,1325
2005,Göttingen,Türkei,Anzahl,K03159,3823
2005,Statistische Region Braunschweig,Türkei,Anzahl,K031,26963
2005,Region Hannover,Türkei,Anzahl,K03241,29699
2005,"dav. Hannover, Lhst.",Türkei,Anzahl,K03241001,19350
2005,"dav. Hannover, Umland",Türkei,Anzahl,K03241999,10349
2005,Diepholz,Türkei,Anzahl,K03251,1788
2005,Hameln-Pyrmont,Türkei,Anzahl,K03252,3221
2005,Hildesheim,Türkei,Anzahl,K03254,4163
2005,Holzminden,Türkei,Anzahl,K03255,1355
2005,Nienburg (Weser),Türkei,Anzahl,K03256,1984
2005,Schaumburg,Türkei,Anzahl,K03257,3060
2005,Statistische Region Hannover,Türkei,Anzahl,K032,45270
2005,Celle,Türkei,Anzahl,K03351,2418
2005,Cuxhaven,Türkei,Anzahl,K03352,1151
2005,Harburg,Türkei,Anzahl,K03353,1619
2005,Lüchow-Dannenberg,Türkei,Anzahl,K03354,104
2005,Lüneburg,Türkei,Anzahl,K03355,995
2005,Osterholz,Türkei,Anzahl,K03356,1008
2005,Rotenburg (Wümme),Türkei,Anzahl,K03357,1000
2005,Heidekreis,Türkei,Anzahl,K03358,1297
2005,Stade,Türkei,Anzahl,K03359,1961
2005,Uelzen,Türkei,Anzahl,K03360,356
2005,Verden,Türkei,Anzahl,K03361,2555
2005,Statistische Region Lüneburg,Türkei,Anzahl,K033,14464
2005,"Delmenhorst, Stadt",Türkei,Anzahl,K03401,3167
2005,"Emden, Stadt",Türkei,Anzahl,K03402,373
2005,"Oldenburg (Oldb), Stadt",Türkei,Anzahl,K03403,2137
2005,"Osnabrück, Stadt",Türkei,Anzahl,K03404,3213
2005,"Wilhelmshaven, Stadt",Türkei,Anzahl,K03405,691
2005,Ammerland,Türkei,Anzahl,K03451,722
2005,Aurich,Türkei,Anzahl,K03452,440
2005,Cloppenburg,Türkei,Anzahl,K03453,1028
2005,Emsland,Türkei,Anzahl,K03454,1204
2005,Friesland,Türkei,Anzahl,K03455,345
2005,Grafschaft Bentheim,Türkei,Anzahl,K03456,1750
2005,Leer,Türkei,Anzahl,K03457,639
2005,Oldenburg,Türkei,Anzahl,K03458,627
2005,Osnabrück,Türkei,Anzahl,K03459,3684
2005,Vechta,Türkei,Anzahl,K03460,3143
2005,Wesermarsch,Türkei,Anzahl,K03461,1574
2005,Wittmund,Türkei,Anzahl,K03462,164
2005,Statistische Region Weser-Ems,Türkei,Anzahl,K034,24901
2005,Niedersachsen,Türkei,Anzahl,K030,111598
2011,"Braunschweig, Stadt",Türkei,Anzahl,K03101,5502
2011,"Salzgitter, Stadt",Türkei,Anzahl,K03102,5664
2011,"Wolfsburg, Stadt",Türkei,Anzahl,K03103,620
2011,Gifhorn,Türkei,Anzahl,K03151,1670
2011,Goslar,Türkei,Anzahl,K03153,1628
2011,Helmstedt,Türkei,Anzahl,K03154,967
2011,Northeim,Türkei,Anzahl,K03155,815
2011,Peine,Türkei,Anzahl,K03157,2615
2011,Wolfenbüttel,Türkei,Anzahl,K03158,1025
2011,Göttingen,Türkei,Anzahl,K03159,3281
2011,Statistische Region Braunschweig,Türkei,Anzahl,K031,23787
2011,Region Hannover,Türkei,Anzahl,K03241,27531
2011,"dav. Hannover, Lhst.",Türkei,Anzahl,K03241001,17951
2011,"dav. Hannover, Umland",Türkei,Anzahl,K03241999,9580
2011,Diepholz,Türkei,Anzahl,K03251,1563
2011,Hameln-Pyrmont,Türkei,Anzahl,K03252,2913
2011,Hildesheim,Türkei,Anzahl,K03254,3508
2011,Holzminden,Türkei,Anzahl,K03255,1156
2011,Nienburg (Weser),Türkei,Anzahl,K03256,1567
2011,Schaumburg,Türkei,Anzahl,K03257,2469
2011,Statistische Region Hannover,Türkei,Anzahl,K032,40707
2011,Celle,Türkei,Anzahl,K03351,1792
2011,Cuxhaven,Türkei,Anzahl,K03352,957
2011,Harburg,Türkei,Anzahl,K03353,1376
2011,Lüchow-Dannenberg,Türkei,Anzahl,K03354,106
2011,Lüneburg,Türkei,Anzahl,K03355,870
2011,Osterholz,Türkei,Anzahl,K03356,869
2011,Rotenburg (Wümme),Türkei,Anzahl,K03357,795
2011,Heidekreis,Türkei,Anzahl,K03358,1028
2011,Stade,Türkei,Anzahl,K03359,1876
2011,Uelzen,Türkei,Anzahl,K03360,254
2011,Verden,Türkei,Anzahl,K03361,2122
2011,Statistische Region Lüneburg,Türkei,Anzahl,K033,12045
2011,"Delmenhorst, Stadt",Türkei,Anzahl,K03401,2610
2011,"Emden, Stadt",Türkei,Anzahl,K03402,332
2011,"Oldenburg (Oldb), Stadt",Türkei,Anzahl,K03403,1772
2011,"Osnabrück, Stadt",Türkei,Anzahl,K03404,2927
2011,"Wilhelmshaven, Stadt",Türkei,Anzahl,K03405,564
2011,Ammerland,Türkei,Anzahl,K03451,581
2011,Aurich,Türkei,Anzahl,K03452,356
2011,Cloppenburg,Türkei,Anzahl,K03453,910
2011,Emsland,Türkei,Anzahl,K03454,1024
2011,Friesland,Türkei,Anzahl,K03455,272
2011,Grafschaft Bentheim,Türkei,Anzahl,K03456,1482
2011,Leer,Türkei,Anzahl,K03457,417
2011,Oldenburg,Türkei,Anzahl,K03458,501
2011,Osnabrück,Türkei,Anzahl,K03459,3276
2011,Vechta,Türkei,Anzahl,K03460,2881
2011,Wesermarsch,Türkei,Anzahl,K03461,1258
2011,Wittmund,Türkei,Anzahl,K03462,112
2011,Statistische Region Weser-Ems,Türkei,Anzahl,K034,21275
2011,Niedersachsen,Türkei,Anzahl,K030,97814
2012,"Braunschweig, Stadt",Türkei,Anzahl,K03101,5380
2012,"Salzgitter, Stadt",Türkei,Anzahl,K03102,5541
2012,"Wolfsburg, Stadt",Türkei,Anzahl,K03103,621
2012,Gifhorn,Türkei,Anzahl,K03151,1655
2012,Goslar,Türkei,Anzahl,K03153,1616
2012,Helmstedt,Türkei,Anzahl,K03154,931
2012,Northeim,Türkei,Anzahl,K03155,787
2012,Peine,Türkei,Anzahl,K03157,2526
2012,Wolfenbüttel,Türkei,Anzahl,K03158,999
2012,Göttingen,Türkei,Anzahl,K03159,3192
2012,Statistische Region Braunschweig,Türkei,Anzahl,K031,23248
2012,Region Hannover,Türkei,Anzahl,K03241,27200
2012,"dav. Hannover, Lhst.",Türkei,Anzahl,K03241001,17686
2012,"dav. Hannover, Umland",Türkei,Anzahl,K03241999,9514
2012,Diepholz,Türkei,Anzahl,K03251,1573
2012,Hameln-Pyrmont,Türkei,Anzahl,K03252,2847
2012,Hildesheim,Türkei,Anzahl,K03254,3419
2012,Holzminden,Türkei,Anzahl,K03255,1104
2012,Nienburg (Weser),Türkei,Anzahl,K03256,1509
2012,Schaumburg,Türkei,Anzahl,K03257,2380
2012,Statistische Region Hannover,Türkei,Anzahl,K032,40032
2012,Celle,Türkei,Anzahl,K03351,1740
2012,Cuxhaven,Türkei,Anzahl,K03352,925
2012,Harburg,Türkei,Anzahl,K03353,1366
2012,Lüchow-Dannenberg,Türkei,Anzahl,K03354,95
2012,Lüneburg,Türkei,Anzahl,K03355,820
2012,Osterholz,Türkei,Anzahl,K03356,819
2012,Rotenburg (Wümme),Türkei,Anzahl,K03357,775
2012,Heidekreis,Türkei,Anzahl,K03358,982
2012,Stade,Türkei,Anzahl,K03359,1828
2012,Uelzen,Türkei,Anzahl,K03360,245
2012,Verden,Türkei,Anzahl,K03361,2029
2012,Statistische Region Lüneburg,Türkei,Anzahl,K033,11624
2012,"Delmenhorst, Stadt",Türkei,Anzahl,K03401,2553
2012,"Emden, Stadt",Türkei,Anzahl,K03402,338
2012,"Oldenburg (Oldb), Stadt",Türkei,Anzahl,K03403,1731
2012,"Osnabrück, Stadt",Türkei,Anzahl,K03404,2863
2012,"Wilhelmshaven, Stadt",Türkei,Anzahl,K03405,537
2012,Ammerland,Türkei,Anzahl,K03451,557
2012,Aurich,Türkei,Anzahl,K03452,347
2012,Cloppenburg,Türkei,Anzahl,K03453,864
2012,Emsland,Türkei,Anzahl,K03454,977
2012,Friesland,Türkei,Anzahl,K03455,261
2012,Grafschaft Bentheim,Türkei,Anzahl,K03456,1420
2012,Leer,Türkei,Anzahl,K03457,400
2012,Oldenburg,Türkei,Anzahl,K03458,486
2012,Osnabrück,Türkei,Anzahl,K03459,3180
2012,Vechta,Türkei,Anzahl,K03460,2737
2012,Wesermarsch,Türkei,Anzahl,K03461,1211
2012,Wittmund,Türkei,Anzahl,K03462,104
2012,Statistische Region Weser-Ems,Türkei,Anzahl,K034,20566
2012,Niedersachsen,Türkei,Anzahl,K030,95470
2013,"Braunschweig, Stadt",Türkei,Anzahl,K03101,5319
2013,"Salzgitter, Stadt",Türkei,Anzahl,K03102,5465
2013,"Wolfsburg, Stadt",Türkei,Anzahl,K03103,619
2013,Gifhorn,Türkei,Anzahl,K03151,1661
2013,Goslar,Türkei,Anzahl,K03153,1592
2013,Helmstedt,Türkei,Anzahl,K03154,912
2013,Northeim,Türkei,Anzahl,K03155,750
2013,Peine,Türkei,Anzahl,K03157,2471
2013,Wolfenbüttel,Türkei,Anzahl,K03158,970
2013,Göttingen,Türkei,Anzahl,K03159,3139
2013,Statistische Region Braunschweig,Türkei,Anzahl,K031,22898
2013,Region Hannover,Türkei,Anzahl,K03241,26767
2013,"dav. Hannover, Lhst.",Türkei,Anzahl,K03241001,17329
2013,"dav. Hannover, Umland",Türkei,Anzahl,K03241999,9438
2013,Diepholz,Türkei,Anzahl,K03251,1547
2013,Hameln-Pyrmont,Türkei,Anzahl,K03252,2786
2013,Hildesheim,Türkei,Anzahl,K03254,3430
2013,Holzminden,Türkei,Anzahl,K03255,1073
2013,Nienburg (Weser),Türkei,Anzahl,K03256,1457
2013,Schaumburg,Türkei,Anzahl,K03257,2330
2013,Statistische Region Hannover,Türkei,Anzahl,K032,39390
2013,Celle,Türkei,Anzahl,K03351,1677
2013,Cuxhaven,Türkei,Anzahl,K03352,870
2013,Harburg,Türkei,Anzahl,K03353,1360
2013,Lüchow-Dannenberg,Türkei,Anzahl,K03354,104
2013,Lüneburg,Türkei,Anzahl,K03355,804
2013,Osterholz,Türkei,Anzahl,K03356,808
2013,Rotenburg (Wümme),Türkei,Anzahl,K03357,760
2013,Heidekreis,Türkei,Anzahl,K03358,954
2013,Stade,Türkei,Anzahl,K03359,1824
2013,Uelzen,Türkei,Anzahl,K03360,253
2013,Verden,Türkei,Anzahl,K03361,1917
2013,Statistische Region Lüneburg,Türkei,Anzahl,K033,11331
2013,"Delmenhorst, Stadt",Türkei,Anzahl,K03401,2492
2013,"Emden, Stadt",Türkei,Anzahl,K03402,336
2013,"Oldenburg (Oldb), Stadt",Türkei,Anzahl,K03403,1689
2013,"Osnabrück, Stadt",Türkei,Anzahl,K03404,2854
2013,"Wilhelmshaven, Stadt",Türkei,Anzahl,K03405,532
2013,Ammerland,Türkei,Anzahl,K03451,546
2013,Aurich,Türkei,Anzahl,K03452,357
2013,Cloppenburg,Türkei,Anzahl,K03453,837
2013,Emsland,Türkei,Anzahl,K03454,938
2013,Friesland,Türkei,Anzahl,K03455,250
2013,Grafschaft Bentheim,Türkei,Anzahl,K03456,1380
2013,Leer,Türkei,Anzahl,K03457,392
2013,Oldenburg,Türkei,Anzahl,K03458,461
2013,Osnabrück,Türkei,Anzahl,K03459,3146
2013,Vechta,Türkei,Anzahl,K03460,2647
2013,Wesermarsch,Türkei,Anzahl,K03461,1152
2013,Wittmund,Türkei,Anzahl,K03462,98
2013,Statistische Region Weser-Ems,Türkei,Anzahl,K034,20107
2013,Niedersachsen,Türkei,Anzahl,K030,93726
2014,"Braunschweig, Stadt",Türkei,Anzahl,K03101,5272
2014,"Salzgitter, Stadt",Türkei,Anzahl,K03102,5400
2014,"Wolfsburg, Stadt",Türkei,Anzahl,K03103,626
2014,Gifhorn,Türkei,Anzahl,K03151,1642
2014,Goslar,Türkei,Anzahl,K03153,1557
2014,Helmstedt,Türkei,Anzahl,K03154,907
2014,Northeim,Türkei,Anzahl,K03155,722
2014,Peine,Türkei,Anzahl,K03157,2393
2014,Wolfenbüttel,Türkei,Anzahl,K03158,945
2014,Göttingen,Türkei,Anzahl,K03159,3097
2014,Statistische Region Braunschweig,Türkei,Anzahl,K031,22561
2014,Region Hannover,Türkei,Anzahl,K03241,26601
2014,"dav. Hannover, Lhst.",Türkei,Anzahl,K03241001,17201
2014,"dav. Hannover, Umland",Türkei,Anzahl,K03241999,9400
2014,Diepholz,Türkei,Anzahl,K03251,1467
2014,Hameln-Pyrmont,Türkei,Anzahl,K03252,2771
2014,Hildesheim,Türkei,Anzahl,K03254,3352
2014,Holzminden,Türkei,Anzahl,K03255,1044
2014,Nienburg (Weser),Türkei,Anzahl,K03256,1415
2014,Schaumburg,Türkei,Anzahl,K03257,2275
2014,Statistische Region Hannover,Türkei,Anzahl,K032,38925
2014,Celle,Türkei,Anzahl,K03351,1625
2014,Cuxhaven,Türkei,Anzahl,K03352,856
2014,Harburg,Türkei,Anzahl,K03353,1362
2014,Lüchow-Dannenberg,Türkei,Anzahl,K03354,103
2014,Lüneburg,Türkei,Anzahl,K03355,776
2014,Osterholz,Türkei,Anzahl,K03356,779
2014,Rotenburg (Wümme),Türkei,Anzahl,K03357,732
2014,Heidekreis,Türkei,Anzahl,K03358,937
2014,Stade,Türkei,Anzahl,K03359,1809
2014,Uelzen,Türkei,Anzahl,K03360,255
2014,Verden,Türkei,Anzahl,K03361,1861
2014,Statistische Region Lüneburg,Türkei,Anzahl,K033,11095
2014,"Delmenhorst, Stadt",Türkei,Anzahl,K03401,2461
2014,"Emden, Stadt",Türkei,Anzahl,K03402,327
2014,"Oldenburg (Oldb), Stadt",Türkei,Anzahl,K03403,1641
2014,"Osnabrück, Stadt",Türkei,Anzahl,K03404,2798
2014,"Wilhelmshaven, Stadt",Türkei,Anzahl,K03405,526
2014,Ammerland,Türkei,Anzahl,K03451,516
2014,Aurich,Türkei,Anzahl,K03452,363
2014,Cloppenburg,Türkei,Anzahl,K03453,819
2014,Emsland,Türkei,Anzahl,K03454,924
2014,Friesland,Türkei,Anzahl,K03455,226
2014,Grafschaft Bentheim,Türkei,Anzahl,K03456,1341
2014,Leer,Türkei,Anzahl,K03457,378
2014,Oldenburg,Türkei,Anzahl,K03458,431
2014,Osnabrück,Türkei,Anzahl,K03459,3060
2014,Vechta,Türkei,Anzahl,K03460,2627
2014,Wesermarsch,Türkei,Anzahl,K03461,1152
2014,Wittmund,Türkei,Anzahl,K03462,100
2014,Statistische Region Weser-Ems,Türkei,Anzahl,K034,19690
2014,Niedersachsen,Türkei,Anzahl,K030,92271
2015,"Braunschweig, Stadt",Türkei,Anzahl,K03101,5141
2015,"Salzgitter, Stadt",Türkei,Anzahl,K03102,5340
2015,"Wolfsburg, Stadt",Türkei,Anzahl,K03103,633
2015,Gifhorn,Türkei,Anzahl,K03151,1633
2015,Goslar,Türkei,Anzahl,K03153,1535
2015,Helmstedt,Türkei,Anzahl,K03154,876
2015,Northeim,Türkei,Anzahl,K03155,718
2015,Peine,Türkei,Anzahl,K03157,2381
2015,Wolfenbüttel,Türkei,Anzahl,K03158,933
2015,Göttingen,Türkei,Anzahl,K03159,3083
2015,Statistische Region Braunschweig,Türkei,Anzahl,K031,22273
2015,Region Hannover,Türkei,Anzahl,K03241,26298
2015,"dav. Hannover, Lhst.",Türkei,Anzahl,K03241001,16986
2015,"dav. Hannover, Umland",Türkei,Anzahl,K03241999,9312
2015,Diepholz,Türkei,Anzahl,K03251,1480
2015,Hameln-Pyrmont,Türkei,Anzahl,K03252,2756
2015,Hildesheim,Türkei,Anzahl,K03254,3310
2015,Holzminden,Türkei,Anzahl,K03255,1023
2015,Nienburg (Weser),Türkei,Anzahl,K03256,1393
2015,Schaumburg,Türkei,Anzahl,K03257,2194
2015,Statistische Region Hannover,Türkei,Anzahl,K032,38454
2015,Celle,Türkei,Anzahl,K03351,1547
2015,Cuxhaven,Türkei,Anzahl,K03352,855
2015,Harburg,Türkei,Anzahl,K03353,1356
2015,Lüchow-Dannenberg,Türkei,Anzahl,K03354,104
2015,Lüneburg,Türkei,Anzahl,K03355,771
2015,Osterholz,Türkei,Anzahl,K03356,738
2015,Rotenburg (Wümme),Türkei,Anzahl,K03357,714
2015,Heidekreis,Türkei,Anzahl,K03358,922
2015,Stade,Türkei,Anzahl,K03359,1789
2015,Uelzen,Türkei,Anzahl,K03360,259
2015,Verden,Türkei,Anzahl,K03361,1813
2015,Statistische Region Lüneburg,Türkei,Anzahl,K033,10868
2015,"Delmenhorst, Stadt",Türkei,Anzahl,K03401,2442
2015,"Emden, Stadt",Türkei,Anzahl,K03402,303
2015,"Oldenburg (Oldb), Stadt",Türkei,Anzahl,K03403,1586
2015,"Osnabrück, Stadt",Türkei,Anzahl,K03404,2746
2015,"Wilhelmshaven, Stadt",Türkei,Anzahl,K03405,503
2015,Ammerland,Türkei,Anzahl,K03451,509
2015,Aurich,Türkei,Anzahl,K03452,374
2015,Cloppenburg,Türkei,Anzahl,K03453,798
2015,Emsland,Türkei,Anzahl,K03454,913
2015,Friesland,Türkei,Anzahl,K03455,211
2015,Grafschaft Bentheim,Türkei,Anzahl,K03456,1305
2015,Leer,Türkei,Anzahl,K03457,381
2015,Oldenburg,Türkei,Anzahl,K03458,415
2015,Osnabrück,Türkei,Anzahl,K03459,2998
2015,Vechta,Türkei,Anzahl,K03460,2587
2015,Wesermarsch,Türkei,Anzahl,K03461,1155
2015,Wittmund,Türkei,Anzahl,K03462,93
2015,Statistische Region Weser-Ems,Türkei,Anzahl,K034,19319
2015,Niedersachsen,Türkei,Anzahl,K030,90914
2016,"Braunschweig, Stadt",Türkei,Anzahl,K03101,5220
2016,"Salzgitter, Stadt",Türkei,Anzahl,K03102,5285
2016,"Wolfsburg, Stadt",Türkei,Anzahl,K03103,630
2016,Gifhorn,Türkei,Anzahl,K03151,1640
2016,Goslar,Türkei,Anzahl,K03153,1495
2016,Helmstedt,Türkei,Anzahl,K03154,890
2016,Northeim,Türkei,Anzahl,K03155,730
2016,Peine,Türkei,Anzahl,K03157,2365
2016,Wolfenbüttel,Türkei,Anzahl,K03158,920
2016,Göttingen,Türkei,Anzahl,K03159,3035
2016,Statistische Region Braunschweig,Türkei,Anzahl,K031,22220
2016,Region Hannover,Türkei,Anzahl,K03241,26085
2016,"dav. Hannover, Lhst.",Türkei,Anzahl,K03241001,16650
2016,"dav. Hannover, Umland",Türkei,Anzahl,K03241999,9435
2016,Diepholz,Türkei,Anzahl,K03251,1500
2016,Hameln-Pyrmont,Türkei,Anzahl,K03252,2735
2016,Hildesheim,Türkei,Anzahl,K03254,3255
2016,Holzminden,Türkei,Anzahl,K03255,1015
2016,Nienburg (Weser),Türkei,Anzahl,K03256,1375
2016,Schaumburg,Türkei,Anzahl,K03257,2180
2016,Statistische Region Hannover,Türkei,Anzahl,K032,38140
2016,Celle,Türkei,Anzahl,K03351,1490
2016,Cuxhaven,Türkei,Anzahl,K03352,840
2016,Harburg,Türkei,Anzahl,K03353,1390
2016,Lüchow-Dannenberg,Türkei,Anzahl,K03354,105
2016,Lüneburg,Türkei,Anzahl,K03355,770
2016,Osterholz,Türkei,Anzahl,K03356,730
2016,Rotenburg (Wümme),Türkei,Anzahl,K03357,720
2016,Heidekreis,Türkei,Anzahl,K03358,915
2016,Stade,Türkei,Anzahl,K03359,1780
2016,Uelzen,Türkei,Anzahl,K03360,265
2016,Verden,Türkei,Anzahl,K03361,1760
2016,Statistische Region Lüneburg,Türkei,Anzahl,K033,10765
2016,"Delmenhorst, Stadt",Türkei,Anzahl,K03401,2410
2016,"Emden, Stadt",Türkei,Anzahl,K03402,285
2016,"Oldenburg (Oldb), Stadt",Türkei,Anzahl,K03403,1555
2016,"Osnabrück, Stadt",Türkei,Anzahl,K03404,2720
2016,"Wilhelmshaven, Stadt",Türkei,Anzahl,K03405,500
2016,Ammerland,Türkei,Anzahl,K03451,505
2016,Aurich,Türkei,Anzahl,K03452,385
2016,Cloppenburg,Türkei,Anzahl,K03453,780
2016,Emsland,Türkei,Anzahl,K03454,890
2016,Friesland,Türkei,Anzahl,K03455,200
2016,Grafschaft Bentheim,Türkei,Anzahl,K03456,1275
2016,Leer,Türkei,Anzahl,K03457,410
2016,Oldenburg,Türkei,Anzahl,K03458,415
2016,Osnabrück,Türkei,Anzahl,K03459,2995
2016,Vechta,Türkei,Anzahl,K03460,2525
2016,Wesermarsch,Türkei,Anzahl,K03461,1140
2016,Wittmund,Türkei,Anzahl,K03462,85
2016,Statistische Region Weser-Ems,Türkei,Anzahl,K034,19065
2016,Niedersachsen,Türkei,Anzahl,K030,90185
2017,"Braunschweig, Stadt",Türkei,Anzahl,K03101,5105
2017,"Salzgitter, Stadt",Türkei,Anzahl,K03102,5265
2017,"Wolfsburg, Stadt",Türkei,Anzahl,K03103,665
2017,Gifhorn,Türkei,Anzahl,K03151,1640
2017,Goslar,Türkei,Anzahl,K03153,1495
2017,Helmstedt,Türkei,Anzahl,K03154,880
2017,Northeim,Türkei,Anzahl,K03155,720
2017,Peine,Türkei,Anzahl,K03157,2330
2017,Wolfenbüttel,Türkei,Anzahl,K03158,895
2017,Göttingen,Türkei,Anzahl,K03159,3045
2017,Statistische Region Braunschweig,Türkei,Anzahl,K031,22040
2017,Region Hannover,Türkei,Anzahl,K03241,25915
2017,"dav. Hannover, Lhst.",Türkei,Anzahl,K03241001,16485
2017,"dav. Hannover, Umland",Türkei,Anzahl,K03241999,9430
2017,Diepholz,Türkei,Anzahl,K03251,1500
2017,Hameln-Pyrmont,Türkei,Anzahl,K03252,2725
2017,Hildesheim,Türkei,Anzahl,K03254,3250
2017,Holzminden,Türkei,Anzahl,K03255,1000
2017,Nienburg (Weser),Türkei,Anzahl,K03256,1350
2017,Schaumburg,Türkei,Anzahl,K03257,2155
2017,Statistische Region Hannover,Türkei,Anzahl,K032,37900
2017,Celle,Türkei,Anzahl,K03351,1465
2017,Cuxhaven,Türkei,Anzahl,K03352,815
2017,Harburg,Türkei,Anzahl,K03353,1455
2017,Lüchow-Dannenberg,Türkei,Anzahl,K03354,100
2017,Lüneburg,Türkei,Anzahl,K03355,775
2017,Osterholz,Türkei,Anzahl,K03356,740
2017,Rotenburg (Wümme),Türkei,Anzahl,K03357,745
2017,Heidekreis,Türkei,Anzahl,K03358,900
2017,Stade,Türkei,Anzahl,K03359,1790
2017,Uelzen,Türkei,Anzahl,K03360,280
2017,Verden,Türkei,Anzahl,K03361,1730
2017,Statistische Region Lüneburg,Türkei,Anzahl,K033,10790
2017,"Delmenhorst, Stadt",Türkei,Anzahl,K03401,2380
2017,"Emden, Stadt",Türkei,Anzahl,K03402,280
2017,"Oldenburg (Oldb), Stadt",Türkei,Anzahl,K03403,1530
2017,"Osnabrück, Stadt",Türkei,Anzahl,K03404,2705
2017,"Wilhelmshaven, Stadt",Türkei,Anzahl,K03405,485
2017,Ammerland,Türkei,Anzahl,K03451,480
2017,Aurich,Türkei,Anzahl,K03452,405
2017,Cloppenburg,Türkei,Anzahl,K03453,765
2017,Emsland,Türkei,Anzahl,K03454,870
2017,Friesland,Türkei,Anzahl,K03455,205
2017,Grafschaft Bentheim,Türkei,Anzahl,K03456,1250
2017,Leer,Türkei,Anzahl,K03457,445
2017,Oldenburg,Türkei,Anzahl,K03458,400
2017,Osnabrück,Türkei,Anzahl,K03459,3070
2017,Vechta,Türkei,Anzahl,K03460,2480
2017,Wesermarsch,Türkei,Anzahl,K03461,1120
2017,Wittmund,Türkei,Anzahl,K03462,75
2017,Statistische Region Weser-Ems,Türkei,Anzahl,K034,18945
2017,Niedersachsen,Türkei,Anzahl,K030,89675
2018,"Braunschweig, Stadt",Türkei,Anzahl,K03101,5085
2018,"Salzgitter, Stadt",Türkei,Anzahl,K03102,5180
2018,"Wolfsburg, Stadt",Türkei,Anzahl,K03103,700
2018,Gifhorn,Türkei,Anzahl,K03151,1670
2018,Goslar,Türkei,Anzahl,K03153,1470
2018,Helmstedt,Türkei,Anzahl,K03154,880
2018,Northeim,Türkei,Anzahl,K03155,700
2018,Peine,Türkei,Anzahl,K03157,2310
2018,Wolfenbüttel,Türkei,Anzahl,K03158,905
2018,Göttingen,Türkei,Anzahl,K03159,3005
2018,Statistische Region Braunschweig,Türkei,Anzahl,K031,21895
2018,Region Hannover,Türkei,Anzahl,K03241,25975
2018,"dav. Hannover, Lhst.",Türkei,Anzahl,K03241001,16430
2018,"dav. Hannover, Umland",Türkei,Anzahl,K03241999,9545
2018,Diepholz,Türkei,Anzahl,K03251,1530
2018,Hameln-Pyrmont,Türkei,Anzahl,K03252,2690
2018,Hildesheim,Türkei,Anzahl,K03254,3285
2018,Holzminden,Türkei,Anzahl,K03255,965
2018,Nienburg (Weser),Türkei,Anzahl,K03256,1345
2018,Schaumburg,Türkei,Anzahl,K03257,2120
2018,Statistische Region Hannover,Türkei,Anzahl,K032,37905
2018,Celle,Türkei,Anzahl,K03351,1420
2018,Cuxhaven,Türkei,Anzahl,K03352,810
2018,Harburg,Türkei,Anzahl,K03353,1500
2018,Lüchow-Dannenberg,Türkei,Anzahl,K03354,105
2018,Lüneburg,Türkei,Anzahl,K03355,775
2018,Osterholz,Türkei,Anzahl,K03356,745
2018,Rotenburg (Wümme),Türkei,Anzahl,K03357,740
2018,Heidekreis,Türkei,Anzahl,K03358,870
2018,Stade,Türkei,Anzahl,K03359,1765
2018,Uelzen,Türkei,Anzahl,K03360,280
2018,Verden,Türkei,Anzahl,K03361,1685
2018,Statistische Region Lüneburg,Türkei,Anzahl,K033,10690
2018,"Delmenhorst, Stadt",Türkei,Anzahl,K03401,2355
2018,"Emden, Stadt",Türkei,Anzahl,K03402,275
2018,"Oldenburg (Oldb), Stadt",Türkei,Anzahl,K03403,1485
2018,"Osnabrück, Stadt",Türkei,Anzahl,K03404,2650
2018,"Wilhelmshaven, Stadt",Türkei,Anzahl,K03405,480
2018,Ammerland,Türkei,Anzahl,K03451,500
2018,Aurich,Türkei,Anzahl,K03452,410
2018,Cloppenburg,Türkei,Anzahl,K03453,755
2018,Emsland,Türkei,Anzahl,K03454,870
2018,Friesland,Türkei,Anzahl,K03455,215
2018,Grafschaft Bentheim,Türkei,Anzahl,K03456,1230
2018,Leer,Türkei,Anzahl,K03457,475
2018,Oldenburg,Türkei,Anzahl,K03458,390
2018,Osnabrück,Türkei,Anzahl,K03459,3065
2018,Vechta,Türkei,Anzahl,K03460,2430
2018,Wesermarsch,Türkei,Anzahl,K03461,1125
2018,Wittmund,Türkei,Anzahl,K03462,75
2018,Statistische Region Weser-Ems,Türkei,Anzahl,K034,18785
2018,Niedersachsen,Türkei,Anzahl,K030,89275
2019,"Braunschweig, Stadt",Türkei,Anzahl,K03101,5115
2019,"Salzgitter, Stadt",Türkei,Anzahl,K03102,5095
2019,"Wolfsburg, Stadt",Türkei,Anzahl,K03103,700
2019,Gifhorn,Türkei,Anzahl,K03151,1655
2019,Goslar,Türkei,Anzahl,K03153,1450
2019,Helmstedt,Türkei,Anzahl,K03154,865
2019,Northeim,Türkei,Anzahl,K03155,690
2019,Peine,Türkei,Anzahl,K03157,2245
2019,Wolfenbüttel,Türkei,Anzahl,K03158,915
2019,Göttingen,Türkei,Anzahl,K03159,3000
2019,Statistische Region Braunschweig,Türkei,Anzahl,K031,21725
2019,Region Hannover,Türkei,Anzahl,K03241,25830
2019,"dav. Hannover, Lhst.",Türkei,Anzahl,K03241001,16275
2019,"dav. Hannover, Umland",Türkei,Anzahl,K03241999,9555
2019,Diepholz,Türkei,Anzahl,K03251,1540
2019,Hameln-Pyrmont,Türkei,Anzahl,K03252,2670
2019,Hildesheim,Türkei,Anzahl,K03254,3235
2019,Holzminden,Türkei,Anzahl,K03255,965
2019,Nienburg (Weser),Türkei,Anzahl,K03256,1315
2019,Schaumburg,Türkei,Anzahl,K03257,2085
2019,Statistische Region Hannover,Türkei,Anzahl,K032,37635
2019,Celle,Türkei,Anzahl,K03351,1370
2019,Cuxhaven,Türkei,Anzahl,K03352,790
2019,Harburg,Türkei,Anzahl,K03353,1565
2019,Lüchow-Dannenberg,Türkei,Anzahl,K03354,110
2019,Lüneburg,Türkei,Anzahl,K03355,775
2019,Osterholz,Türkei,Anzahl,K03356,750
2019,Rotenburg (Wümme),Türkei,Anzahl,K03357,725
2019,Heidekreis,Türkei,Anzahl,K03358,910
2019,Stade,Türkei,Anzahl,K03359,1775
2019,Uelzen,Türkei,Anzahl,K03360,280
2019,Verden,Türkei,Anzahl,K03361,1660
2019,Statistische Region Lüneburg,Türkei,Anzahl,K033,10710
2019,"Delmenhorst, Stadt",Türkei,Anzahl,K03401,2305
2019,"Emden, Stadt",Türkei,Anzahl,K03402,270
2019,"Oldenburg (Oldb), Stadt",Türkei,Anzahl,K03403,1440
2019,"Osnabrück, Stadt",Türkei,Anzahl,K03404,2640
2019,"Wilhelmshaven, Stadt",Türkei,Anzahl,K03405,475
2019,Ammerland,Türkei,Anzahl,K03451,500
2019,Aurich,Türkei,Anzahl,K03452,425
2019,Cloppenburg,Türkei,Anzahl,K03453,745
2019,Emsland,Türkei,Anzahl,K03454,900
2019,Friesland,Türkei,Anzahl,K03455,225
2019,Grafschaft Bentheim,Türkei,Anzahl,K03456,1215
2019,Leer,Türkei,Anzahl,K03457,495
2019,Oldenburg,Türkei,Anzahl,K03458,390
2019,Osnabrück,Türkei,Anzahl,K03459,3065
2019,Vechta,Türkei,Anzahl,K03460,2380
2019,Wesermarsch,Türkei,Anzahl,K03461,1110
2019,Wittmund,Türkei,Anzahl,K03462,75
2019,Statistische Region Weser-Ems,Türkei,Anzahl,K034,18660
2019,Niedersachsen,Türkei,Anzahl,K030,88735
2020,"Braunschweig, Stadt",Türkei,Anzahl,K03101,5060
2020,"Salzgitter, Stadt",Türkei,Anzahl,K03102,5055
2020,"Wolfsburg, Stadt",Türkei,Anzahl,K03103,715
2020,Gifhorn,Türkei,Anzahl,K03151,1690
2020,Goslar,Türkei,Anzahl,K03153,1400
2020,Helmstedt,Türkei,Anzahl,K03154,875
2020,Northeim,Türkei,Anzahl,K03155,680
2020,Peine,Türkei,Anzahl,K03157,2265
2020,Wolfenbüttel,Türkei,Anzahl,K03158,905
2020,Göttingen,Türkei,Anzahl,K03159,3015
2020,Statistische Region Braunschweig,Türkei,Anzahl,K031,21670
2020,Region Hannover,Türkei,Anzahl,K03241,25450
2020,"dav. Hannover, Lhst.",Türkei,Anzahl,K03241001,15830
2020,"dav. Hannover, Umland",Türkei,Anzahl,K03241999,9620
2020,Diepholz,Türkei,Anzahl,K03251,1510
2020,Hameln-Pyrmont,Türkei,Anzahl,K03252,2635
2020,Hildesheim,Türkei,Anzahl,K03254,3220
2020,Holzminden,Türkei,Anzahl,K03255,960
2020,Nienburg (Weser),Türkei,Anzahl,K03256,1305
2020,Schaumburg,Türkei,Anzahl,K03257,2060
2020,Statistische Region Hannover,Türkei,Anzahl,K032,37140
2020,Celle,Türkei,Anzahl,K03351,1345
2020,Cuxhaven,Türkei,Anzahl,K03352,785
2020,Harburg,Türkei,Anzahl,K03353,1610
2020,Lüchow-Dannenberg,Türkei,Anzahl,K03354,120
2020,Lüneburg,Türkei,Anzahl,K03355,785
2020,Osterholz,Türkei,Anzahl,K03356,785
2020,Rotenburg (Wümme),Türkei,Anzahl,K03357,725
2020,Heidekreis,Türkei,Anzahl,K03358,920
2020,Stade,Türkei,Anzahl,K03359,1780
2020,Uelzen,Türkei,Anzahl,K03360,280
2020,Verden,Türkei,Anzahl,K03361,1640
2020,Statistische Region Lüneburg,Türkei,Anzahl,K033,10775
2020,"Delmenhorst, Stadt",Türkei,Anzahl,K03401,2265
2020,"Emden, Stadt",Türkei,Anzahl,K03402,270
2020,"Oldenburg (Oldb), Stadt",Türkei,Anzahl,K03403,1425
2020,"Osnabrück, Stadt",Türkei,Anzahl,K03404,2595
2020,"Wilhelmshaven, Stadt",Türkei,Anzahl,K03405,465
2020,Ammerland,Türkei,Anzahl,K03451,515
2020,Aurich,Türkei,Anzahl,K03452,440
2020,Cloppenburg,Türkei,Anzahl,K03453,755
2020,Emsland,Türkei,Anzahl,K03454,905
2020,Friesland,Türkei,Anzahl,K03455,240
2020,Grafschaft Bentheim,Türkei,Anzahl,K03456,1230
2020,Leer,Türkei,Anzahl,K03457,500
2020,Oldenburg,Türkei,Anzahl,K03458,390
2020,Osnabrück,Türkei,Anzahl,K03459,3055
2020,Vechta,Türkei,Anzahl,K03460,2345
2020,Wesermarsch,Türkei,Anzahl,K03461,1030
2020,Wittmund,Türkei,Anzahl,K03462,85
2020,Statistische Region Weser-Ems,Türkei,Anzahl,K034,18505
2020,Niedersachsen,Türkei,Anzahl,K030,88085
2021,"Braunschweig, Stadt",Türkei,Anzahl,K03101,4980
2021,"Salzgitter, Stadt",Türkei,Anzahl,K03102,5030
2021,"Wolfsburg, Stadt",Türkei,Anzahl,K03103,710
2021,Gifhorn,Türkei,Anzahl,K03151,1690
2021,Goslar,Türkei,Anzahl,K03153,1410
2021,Helmstedt,Türkei,Anzahl,K03154,915
2021,Northeim,Türkei,Anzahl,K03155,685
2021,Peine,Türkei,Anzahl,K03157,2270
2021,Wolfenbüttel,Türkei,Anzahl,K03158,905
2021,Göttingen,Türkei,Anzahl,K03159,2985
2021,Statistische Region Braunschweig,Türkei,Anzahl,K031,21585
2021,Region Hannover,Türkei,Anzahl,K03241,25710
2021,"dav. Hannover, Lhst.",Türkei,Anzahl,K03241001,15730
2021,"dav. Hannover, Umland",Türkei,Anzahl,K03241999,9980
2021,Diepholz,Türkei,Anzahl,K03251,1530
2021,Hameln-Pyrmont,Türkei,Anzahl,K03252,2640
2021,Hildesheim,Türkei,Anzahl,K03254,3210
2021,Holzminden,Türkei,Anzahl,K03255,955
2021,Nienburg (Weser),Türkei,Anzahl,K03256,1280
2021,Schaumburg,Türkei,Anzahl,K03257,2050
2021,Statistische Region Hannover,Türkei,Anzahl,K032,37370
2021,Celle,Türkei,Anzahl,K03351,1300
2021,Cuxhaven,Türkei,Anzahl,K03352,795
2021,Harburg,Türkei,Anzahl,K03353,1720
2021,Lüchow-Dannenberg,Türkei,Anzahl,K03354,120
2021,Lüneburg,Türkei,Anzahl,K03355,805
2021,Osterholz,Türkei,Anzahl,K03356,795
2021,Rotenburg (Wümme),Türkei,Anzahl,K03357,735
2021,Heidekreis,Türkei,Anzahl,K03358,935
2021,Stade,Türkei,Anzahl,K03359,1780
2021,Uelzen,Türkei,Anzahl,K03360,300
2021,Verden,Türkei,Anzahl,K03361,1665
2021,Statistische Region Lüneburg,Türkei,Anzahl,K033,10950
2021,"Delmenhorst, Stadt",Türkei,Anzahl,K03401,2255
2021,"Emden, Stadt",Türkei,Anzahl,K03402,280
2021,"Oldenburg (Oldb), Stadt",Türkei,Anzahl,K03403,1435
2021,"Osnabrück, Stadt",Türkei,Anzahl,K03404,2580
2021,"Wilhelmshaven, Stadt",Türkei,Anzahl,K03405,450
2021,Ammerland,Türkei,Anzahl,K03451,515
2021,Aurich,Türkei,Anzahl,K03452,455
2021,Cloppenburg,Türkei,Anzahl,K03453,765
2021,Emsland,Türkei,Anzahl,K03454,930
2021,Friesland,Türkei,Anzahl,K03455,225
2021,Grafschaft Bentheim,Türkei,Anzahl,K03456,1240
2021,Leer,Türkei,Anzahl,K03457,520
2021,Oldenburg,Türkei,Anzahl,K03458,380
2021,Osnabrück,Türkei,Anzahl,K03459,3030
2021,Vechta,Türkei,Anzahl,K03460,2295
2021,Wesermarsch,Türkei,Anzahl,K03461,1015
2021,Wittmund,Türkei,Anzahl,K03462,95
2021,Statistische Region Weser-Ems,Türkei,Anzahl,K034,18470
2021,Niedersachsen,Türkei,Anzahl,K030,88375
2022,"Braunschweig, Stadt",Türkei,Anzahl,K03101,5125
2022,"Salzgitter, Stadt",Türkei,Anzahl,K03102,4940
2022,"Wolfsburg, Stadt",Türkei,Anzahl,K03103,775
2022,Gifhorn,Türkei,Anzahl,K03151,1740
2022,Goslar,Türkei,Anzahl,K03153,1430
2022,Helmstedt,Türkei,Anzahl,K03154,920
2022,Northeim,Türkei,Anzahl,K03155,680
2022,Peine,Türkei,Anzahl,K03157,2275
2022,Wolfenbüttel,Türkei,Anzahl,K03158,910
2022,Göttingen,Türkei,Anzahl,K03159,3030
2022,Statistische Region Braunschweig,Türkei,Anzahl,K031,21820
2022,Region Hannover,Türkei,Anzahl,K03241,26705
2022,"dav. Hannover, Lhst.",Türkei,Anzahl,K03241001,15855
2022,"dav. Hannover, Umland",Türkei,Anzahl,K03241999,10850
2022,Diepholz,Türkei,Anzahl,K03251,1600
2022,Hameln-Pyrmont,Türkei,Anzahl,K03252,2670
2022,Hildesheim,Türkei,Anzahl,K03254,3250
2022,Holzminden,Türkei,Anzahl,K03255,940
2022,Nienburg (Weser),Türkei,Anzahl,K03256,1295
2022,Schaumburg,Türkei,Anzahl,K03257,2090
2022,Statistische Region Hannover,Türkei,Anzahl,K032,38550
2022,Celle,Türkei,Anzahl,K03351,1295
2022,Cuxhaven,Türkei,Anzahl,K03352,820
2022,Harburg,Türkei,Anzahl,K03353,1905
2022,Lüchow-Dannenberg,Türkei,Anzahl,K03354,140
2022,Lüneburg,Türkei,Anzahl,K03355,875
2022,Osterholz,Türkei,Anzahl,K03356,805
2022,Rotenburg (Wümme),Türkei,Anzahl,K03357,725
2022,Heidekreis,Türkei,Anzahl,K03358,1000
2022,Stade,Türkei,Anzahl,K03359,1855
2022,Uelzen,Türkei,Anzahl,K03360,295
2022,Verden,Türkei,Anzahl,K03361,1700
2022,Statistische Region Lüneburg,Türkei,Anzahl,K033,11415
2022,"Delmenhorst, Stadt",Türkei,Anzahl,K03401,2250
2022,"Emden, Stadt",Türkei,Anzahl,K03402,290
2022,"Oldenburg (Oldb), Stadt",Türkei,Anzahl,K03403,1545
2022,"Osnabrück, Stadt",Türkei,Anzahl,K03404,2580
2022,"Wilhelmshaven, Stadt",Türkei,Anzahl,K03405,445
2022,Ammerland,Türkei,Anzahl,K03451,520
2022,Aurich,Türkei,Anzahl,K03452,550
2022,Cloppenburg,Türkei,Anzahl,K03453,790
2022,Emsland,Türkei,Anzahl,K03454,945
2022,Friesland,Türkei,Anzahl,K03455,260
2022,Grafschaft Bentheim,Türkei,Anzahl,K03456,1225
2022,Leer,Türkei,Anzahl,K03457,560
2022,Oldenburg,Türkei,Anzahl,K03458,430
2022,Osnabrück,Türkei,Anzahl,K03459,3065
2022,Vechta,Türkei,Anzahl,K03460,2260
2022,Wesermarsch,Türkei,Anzahl,K03461,1010
2022,Wittmund,Türkei,Anzahl,K03462,100
2022,Statistische Region Weser-Ems,Türkei,Anzahl,K034,18830
2022,Niedersachsen,Türkei,Anzahl,K030,90615
2023,"Braunschweig, Stadt",Türkei,Anzahl,K03101,5250
2023,"Salzgitter, Stadt",Türkei,Anzahl,K03102,5015
2023,"Wolfsburg, Stadt",Türkei,Anzahl,K03103,980
2023,Gifhorn,Türkei,Anzahl,K03151,2015
2023,Goslar,Türkei,Anzahl,K03153,1580
2023,Helmstedt,Türkei,Anzahl,K03154,980
2023,Northeim,Türkei,Anzahl,K03155,790
2023,Peine,Türkei,Anzahl,K03157,2380
2023,Wolfenbüttel,Türkei,Anzahl,K03158,1060
2023,Göttingen,Türkei,Anzahl,K03159,3220
2023,Statistische Region Braunschweig,Türkei,Anzahl,K031,23265
2023,Region Hannover,Türkei,Anzahl,K03241,26500
2023,"dav. Hannover, Lhst.",Türkei,Anzahl,K03241001,15890
2023,"dav. Hannover, Umland",Türkei,Anzahl,K03241999,10610
2023,Diepholz,Türkei,Anzahl,K03251,1735
2023,Hameln-Pyrmont,Türkei,Anzahl,K03252,2850
2023,Hildesheim,Türkei,Anzahl,K03254,3625
2023,Holzminden,Türkei,Anzahl,K03255,1005
2023,Nienburg (Weser),Türkei,Anzahl,K03256,1540
2023,Schaumburg,Türkei,Anzahl,K03257,2355
2023,Statistische Region Hannover,Türkei,Anzahl,K032,39615
2023,Celle,Türkei,Anzahl,K03351,1365
2023,Cuxhaven,Türkei,Anzahl,K03352,955
2023,Harburg,Türkei,Anzahl,K03353,2235
2023,Lüchow-Dannenberg,Türkei,Anzahl,K03354,145
2023,Lüneburg,Türkei,Anzahl,K03355,1035
2023,Osterholz,Türkei,Anzahl,K03356,910
2023,Rotenburg (Wümme),Türkei,Anzahl,K03357,855
2023,Heidekreis,Türkei,Anzahl,K03358,935
2023,Stade,Türkei,Anzahl,K03359,2065
2023,Uelzen,Türkei,Anzahl,K03360,325
2023,Verden,Türkei,Anzahl,K03361,1755
2023,Statistische Region Lüneburg,Türkei,Anzahl,K033,12585
2023,"Delmenhorst, Stadt",Türkei,Anzahl,K03401,2355
2023,"Emden, Stadt",Türkei,Anzahl,K03402,340
2023,"Oldenburg (Oldb), Stadt",Türkei,Anzahl,K03403,1570
2023,"Osnabrück, Stadt",Türkei,Anzahl,K03404,2750
2023,"Wilhelmshaven, Stadt",Türkei,Anzahl,K03405,490
2023,Ammerland,Türkei,Anzahl,K03451,640
2023,Aurich,Türkei,Anzahl,K03452,795
2023,Cloppenburg,Türkei,Anzahl,K03453,945
2023,Emsland,Türkei,Anzahl,K03454,1115
2023,Friesland,Türkei,Anzahl,K03455,330
2023,Grafschaft Bentheim,Türkei,Anzahl,K03456,1295
2023,Leer,Türkei,Anzahl,K03457,815
2023,Oldenburg,Türkei,Anzahl,K03458,645
2023,Osnabrück,Türkei,Anzahl,K03459,3170
2023,Vechta,Türkei,Anzahl,K03460,2360
2023,Wesermarsch,Türkei,Anzahl,K03461,1165
2023,Wittmund,Türkei,Anzahl,K03462,165
2023,Statistische Region Weser-Ems,Türkei,Anzahl,K034,20940
2023,Niedersachsen,Türkei,Anzahl,K030,96405
2024,"Braunschweig, Stadt",Türkei,Anzahl,K03101,5130
2024,"Salzgitter, Stadt",Türkei,Anzahl,K03102,4900
2024,"Wolfsburg, Stadt",Türkei,Anzahl,K03103,1010
2024,Gifhorn,Türkei,Anzahl,K03151,2100
2024,Goslar,Türkei,Anzahl,K03153,1600
2024,Helmstedt,Türkei,Anzahl,K03154,965
2024,Northeim,Türkei,Anzahl,K03155,840
2024,Peine,Türkei,Anzahl,K03157,2375
2024,Wolfenbüttel,Türkei,Anzahl,K03158,1105
2024,Göttingen,Türkei,Anzahl,K03159,3235
2024,Statistische Region Braunschweig,Türkei,Anzahl,K031,23260
2024,Region Hannover,Türkei,Anzahl,K03241,26690
2024,"dav. Hannover, Lhst.",Türkei,Anzahl,K03241001,15765
2024,"dav. Hannover, Umland",Türkei,Anzahl,K03241999,10925
2024,Diepholz,Türkei,Anzahl,K03251,1830
2024,Hameln-Pyrmont,Türkei,Anzahl,K03252,2860
2024,Hildesheim,Türkei,Anzahl,K03254,3600
2024,Holzminden,Türkei,Anzahl,K03255,1000
2024,Nienburg (Weser),Türkei,Anzahl,K03256,1530
2024,Schaumburg,Türkei,Anzahl,K03257,2390
2024,Statistische Region Hannover,Türkei,Anzahl,K032,39900
2024,Celle,Türkei,Anzahl,K03351,1385
2024,Cuxhaven,Türkei,Anzahl,K03352,1000
2024,Harburg,Türkei,Anzahl,K03353,2275
2024,Lüchow-Dannenberg,Türkei,Anzahl,K03354,155
2024,Lüneburg,Türkei,Anzahl,K03355,1090
2024,Osterholz,Türkei,Anzahl,K03356,910
2024,Rotenburg (Wümme),Türkei,Anzahl,K03357,880
2024,Heidekreis,Türkei,Anzahl,K03358,855
2024,Stade,Türkei,Anzahl,K03359,2095
2024,Uelzen,Türkei,Anzahl,K03360,330
2024,Verden,Türkei,Anzahl,K03361,1725
2024,Statistische Region Lüneburg,Türkei,Anzahl,K033,12700
2024,"Delmenhorst, Stadt",Türkei,Anzahl,K03401,2365
2024,"Emden, Stadt",Türkei,Anzahl,K03402,300
2024,"Oldenburg (Oldb), Stadt",Türkei,Anzahl,K03403,1505
2024,"Osnabrück, Stadt",Türkei,Anzahl,K03404,2740
2024,"Wilhelmshaven, Stadt",Türkei,Anzahl,K03405,480
2024,Ammerland,Türkei,Anzahl,K03451,630
2024,Aurich,Türkei,Anzahl,K03452,960
2024,Cloppenburg,Türkei,Anzahl,K03453,935
2024,Emsland,Türkei,Anzahl,K03454,1165
2024,Friesland,Türkei,Anzahl,K03455,320
2024,Grafschaft Bentheim,Türkei,Anzahl,K03456,1320
2024,Leer,Türkei,Anzahl,K03457,830
2024,Oldenburg,Türkei,Anzahl,K03458,630
2024,Osnabrück,Türkei,Anzahl,K03459,3105
2024,Vechta,Türkei,Anzahl,K03460,2290
2024,Wesermarsch,Türkei,Anzahl,K03461,1180
2024,Wittmund,Türkei,Anzahl,K03462,160
2024,Statistische Region Weser-Ems,Türkei,Anzahl,K034,20920
2024,Niedersachsen,Türkei,Anzahl,K030,96780
2025,"Braunschweig, Stadt",Türkei,Anzahl,K03101,5015
2025,"Salzgitter, Stadt",Türkei,Anzahl,K03102,4845
2025,"Wolfsburg, Stadt",Türkei,Anzahl,K03103,995
2025,Gifhorn,Türkei,Anzahl,K03151,2070
2025,Goslar,Türkei,Anzahl,K03153,1470
2025,Helmstedt,Türkei,Anzahl,K03154,940
2025,Northeim,Türkei,Anzahl,K03155,800
2025,Peine,Türkei,Anzahl,K03157,2320
2025,Wolfenbüttel,Türkei,Anzahl,K03158,1090
2025,Göttingen,Türkei,Anzahl,K03159,3125
2025,Statistische Region Braunschweig,Türkei,Anzahl,K031,22675
2025,Region Hannover,Türkei,Anzahl,K03241,26160
2025,"dav. Hannover, Lhst.",Türkei,Anzahl,K03241001,15120
2025,"dav. Hannover, Umland",Türkei,Anzahl,K03241999,11040
2025,Diepholz,Türkei,Anzahl,K03251,1735
2025,Hameln-Pyrmont,Türkei,Anzahl,K03252,2785
2025,Hildesheim,Türkei,Anzahl,K03254,3485
2025,Holzminden,Türkei,Anzahl,K03255,960
2025,Nienburg (Weser),Türkei,Anzahl,K03256,1490
2025,Schaumburg,Türkei,Anzahl,K03257,2330
2025,Statistische Region Hannover,Türkei,Anzahl,K032,38950
2025,Celle,Türkei,Anzahl,K03351,1360
2025,Cuxhaven,Türkei,Anzahl,K03352,1010
2025,Harburg,Türkei,Anzahl,K03353,2165
2025,Lüchow-Dannenberg,Türkei,Anzahl,K03354,150
2025,Lüneburg,Türkei,Anzahl,K03355,1075
2025,Osterholz,Türkei,Anzahl,K03356,885
2025,Rotenburg (Wümme),Türkei,Anzahl,K03357,830
2025,Heidekreis,Türkei,Anzahl,K03358,815
2025,Stade,Türkei,Anzahl,K03359,2095
2025,Uelzen,Türkei,Anzahl,K03360,355
2025,Verden,Türkei,Anzahl,K03361,1675
2025,Statistische Region Lüneburg,Türkei,Anzahl,K033,12410
2025,"Delmenhorst, Stadt",Türkei,Anzahl,K03401,2335
2025,"Emden, Stadt",Türkei,Anzahl,K03402,275
2025,"Oldenburg (Oldb), Stadt",Türkei,Anzahl,K03403,1505
2025,"Osnabrück, Stadt",Türkei,Anzahl,K03404,2795
2025,"Wilhelmshaven, Stadt",Türkei,Anzahl,K03405,465
2025,Ammerland,Türkei,Anzahl,K03451,620
2025,Aurich,Türkei,Anzahl,K03452,910
2025,Cloppenburg,Türkei,Anzahl,K03453,940
2025,Emsland,Türkei,Anzahl,K03454,1110
2025,Friesland,Türkei,Anzahl,K03455,315
2025,Grafschaft Bentheim,Türkei,Anzahl,K03456,1230
2025,Leer,Türkei,Anzahl,K03457,880
2025,Oldenburg,Türkei,Anzahl,K03458,620
2025,Osnabrück,Türkei,Anzahl,K03459,3010
2025,Vechta,Türkei,Anzahl,K03460,2145
2025,Wesermarsch,Türkei,Anzahl,K03461,1135
2025,Wittmund,Türkei,Anzahl,K03462,150
2025,Statistische Region Weser-Ems,Türkei,Anzahl,K034,20445
2025,Niedersachsen,Türkei,Anzahl,K030,94475
2005,"Braunschweig, Stadt",Rumänien,Anzahl,K03101,238
2005,"Salzgitter, Stadt",Rumänien,Anzahl,K03102,120
2005,"Wolfsburg, Stadt",Rumänien,Anzahl,K03103,78
2005,Gifhorn,Rumänien,Anzahl,K03151,54
2005,Goslar,Rumänien,Anzahl,K03153,46
2005,Helmstedt,Rumänien,Anzahl,K03154,18
2005,Northeim,Rumänien,Anzahl,K03155,39
2005,Peine,Rumänien,Anzahl,K03157,32
2005,Wolfenbüttel,Rumänien,Anzahl,K03158,24
2005,Göttingen,Rumänien,Anzahl,K03159,159
2005,Statistische Region Braunschweig,Rumänien,Anzahl,K031,808
2005,Region Hannover,Rumänien,Anzahl,K03241,732
2005,"dav. Hannover, Lhst.",Rumänien,Anzahl,K03241001,335
2005,"dav. Hannover, Umland",Rumänien,Anzahl,K03241999,397
2005,Diepholz,Rumänien,Anzahl,K03251,59
2005,Hameln-Pyrmont,Rumänien,Anzahl,K03252,55
2005,Hildesheim,Rumänien,Anzahl,K03254,130
2005,Holzminden,Rumänien,Anzahl,K03255,14
2005,Nienburg (Weser),Rumänien,Anzahl,K03256,33
2005,Schaumburg,Rumänien,Anzahl,K03257,59
2005,Statistische Region Hannover,Rumänien,Anzahl,K032,1082
2005,Celle,Rumänien,Anzahl,K03351,75
2005,Cuxhaven,Rumänien,Anzahl,K03352,39
2005,Harburg,Rumänien,Anzahl,K03353,126
2005,Lüchow-Dannenberg,Rumänien,Anzahl,K03354,8
2005,Lüneburg,Rumänien,Anzahl,K03355,37
2005,Osterholz,Rumänien,Anzahl,K03356,32
2005,Rotenburg (Wümme),Rumänien,Anzahl,K03357,56
2005,Heidekreis,Rumänien,Anzahl,K03358,41
2005,Stade,Rumänien,Anzahl,K03359,85
2005,Uelzen,Rumänien,Anzahl,K03360,22
2005,Verden,Rumänien,Anzahl,K03361,28
2005,Statistische Region Lüneburg,Rumänien,Anzahl,K033,549
2005,"Delmenhorst, Stadt",Rumänien,Anzahl,K03401,26
2005,"Emden, Stadt",Rumänien,Anzahl,K03402,39
2005,"Oldenburg (Oldb), Stadt",Rumänien,Anzahl,K03403,115
2005,"Osnabrück, Stadt",Rumänien,Anzahl,K03404,59
2005,"Wilhelmshaven, Stadt",Rumänien,Anzahl,K03405,15
2005,Ammerland,Rumänien,Anzahl,K03451,25
2005,Aurich,Rumänien,Anzahl,K03452,31
2005,Cloppenburg,Rumänien,Anzahl,K03453,34
2005,Emsland,Rumänien,Anzahl,K03454,76
2005,Friesland,Rumänien,Anzahl,K03455,23
2005,Grafschaft Bentheim,Rumänien,Anzahl,K03456,37
2005,Leer,Rumänien,Anzahl,K03457,122
2005,Oldenburg,Rumänien,Anzahl,K03458,36
2005,Osnabrück,Rumänien,Anzahl,K03459,131
2005,Vechta,Rumänien,Anzahl,K03460,86
2005,Wesermarsch,Rumänien,Anzahl,K03461,80
2005,Wittmund,Rumänien,Anzahl,K03462,8
2005,Statistische Region Weser-Ems,Rumänien,Anzahl,K034,943
2005,Niedersachsen,Rumänien,Anzahl,K030,3382
2011,"Braunschweig, Stadt",Rumänien,Anzahl,K03101,198
2011,"Salzgitter, Stadt",Rumänien,Anzahl,K03102,140
2011,"Wolfsburg, Stadt",Rumänien,Anzahl,K03103,86
2011,Gifhorn,Rumänien,Anzahl,K03151,81
2011,Goslar,Rumänien,Anzahl,K03153,103
2011,Helmstedt,Rumänien,Anzahl,K03154,30
2011,Northeim,Rumänien,Anzahl,K03155,86
2011,Peine,Rumänien,Anzahl,K03157,50
2011,Wolfenbüttel,Rumänien,Anzahl,K03158,50
2011,Göttingen,Rumänien,Anzahl,K03159,197
2011,Statistische Region Braunschweig,Rumänien,Anzahl,K031,1021
2011,Region Hannover,Rumänien,Anzahl,K03241,1331
2011,"dav. Hannover, Lhst.",Rumänien,Anzahl,K03241001,914
2011,"dav. Hannover, Umland",Rumänien,Anzahl,K03241999,417
2011,Diepholz,Rumänien,Anzahl,K03251,126
2011,Hameln-Pyrmont,Rumänien,Anzahl,K03252,160
2011,Hildesheim,Rumänien,Anzahl,K03254,160
2011,Holzminden,Rumänien,Anzahl,K03255,24
2011,Nienburg (Weser),Rumänien,Anzahl,K03256,137
2011,Schaumburg,Rumänien,Anzahl,K03257,64
2011,Statistische Region Hannover,Rumänien,Anzahl,K032,2002
2011,Celle,Rumänien,Anzahl,K03351,110
2011,Cuxhaven,Rumänien,Anzahl,K03352,57
2011,Harburg,Rumänien,Anzahl,K03353,191
2011,Lüchow-Dannenberg,Rumänien,Anzahl,K03354,57
2011,Lüneburg,Rumänien,Anzahl,K03355,77
2011,Osterholz,Rumänien,Anzahl,K03356,64
2011,Rotenburg (Wümme),Rumänien,Anzahl,K03357,141
2011,Heidekreis,Rumänien,Anzahl,K03358,58
2011,Stade,Rumänien,Anzahl,K03359,152
2011,Uelzen,Rumänien,Anzahl,K03360,51
2011,Verden,Rumänien,Anzahl,K03361,54
2011,Statistische Region Lüneburg,Rumänien,Anzahl,K033,1012
2011,"Delmenhorst, Stadt",Rumänien,Anzahl,K03401,47
2011,"Emden, Stadt",Rumänien,Anzahl,K03402,80
2011,"Oldenburg (Oldb), Stadt",Rumänien,Anzahl,K03403,162
2011,"Osnabrück, Stadt",Rumänien,Anzahl,K03404,263
2011,"Wilhelmshaven, Stadt",Rumänien,Anzahl,K03405,74
2011,Ammerland,Rumänien,Anzahl,K03451,93
2011,Aurich,Rumänien,Anzahl,K03452,74
2011,Cloppenburg,Rumänien,Anzahl,K03453,1109
2011,Emsland,Rumänien,Anzahl,K03454,985
2011,Friesland,Rumänien,Anzahl,K03455,45
2011,Grafschaft Bentheim,Rumänien,Anzahl,K03456,178
2011,Leer,Rumänien,Anzahl,K03457,204
2011,Oldenburg,Rumänien,Anzahl,K03458,246
2011,Osnabrück,Rumänien,Anzahl,K03459,723
2011,Vechta,Rumänien,Anzahl,K03460,641
2011,Wesermarsch,Rumänien,Anzahl,K03461,120
2011,Wittmund,Rumänien,Anzahl,K03462,22
2011,Statistische Region Weser-Ems,Rumänien,Anzahl,K034,5066
2011,Niedersachsen,Rumänien,Anzahl,K030,9101
2012,"Braunschweig, Stadt",Rumänien,Anzahl,K03101,239
2012,"Salzgitter, Stadt",Rumänien,Anzahl,K03102,169
2012,"Wolfsburg, Stadt",Rumänien,Anzahl,K03103,127
2012,Gifhorn,Rumänien,Anzahl,K03151,103
2012,Goslar,Rumänien,Anzahl,K03153,119
2012,Helmstedt,Rumänien,Anzahl,K03154,58
2012,Northeim,Rumänien,Anzahl,K03155,87
2012,Peine,Rumänien,Anzahl,K03157,58
2012,Wolfenbüttel,Rumänien,Anzahl,K03158,57
2012,Göttingen,Rumänien,Anzahl,K03159,246
2012,Statistische Region Braunschweig,Rumänien,Anzahl,K031,1263
2012,Region Hannover,Rumänien,Anzahl,K03241,1756
2012,"dav. Hannover, Lhst.",Rumänien,Anzahl,K03241001,1217
2012,"dav. Hannover, Umland",Rumänien,Anzahl,K03241999,539
2012,Diepholz,Rumänien,Anzahl,K03251,320
2012,Hameln-Pyrmont,Rumänien,Anzahl,K03252,188
2012,Hildesheim,Rumänien,Anzahl,K03254,222
2012,Holzminden,Rumänien,Anzahl,K03255,27
2012,Nienburg (Weser),Rumänien,Anzahl,K03256,160
2012,Schaumburg,Rumänien,Anzahl,K03257,83
2012,Statistische Region Hannover,Rumänien,Anzahl,K032,2756
2012,Celle,Rumänien,Anzahl,K03351,143
2012,Cuxhaven,Rumänien,Anzahl,K03352,61
2012,Harburg,Rumänien,Anzahl,K03353,216
2012,Lüchow-Dannenberg,Rumänien,Anzahl,K03354,106
2012,Lüneburg,Rumänien,Anzahl,K03355,129
2012,Osterholz,Rumänien,Anzahl,K03356,70
2012,Rotenburg (Wümme),Rumänien,Anzahl,K03357,186
2012,Heidekreis,Rumänien,Anzahl,K03358,86
2012,Stade,Rumänien,Anzahl,K03359,196
2012,Uelzen,Rumänien,Anzahl,K03360,64
2012,Verden,Rumänien,Anzahl,K03361,76
2012,Statistische Region Lüneburg,Rumänien,Anzahl,K033,1333
2012,"Delmenhorst, Stadt",Rumänien,Anzahl,K03401,86
2012,"Emden, Stadt",Rumänien,Anzahl,K03402,102
2012,"Oldenburg (Oldb), Stadt",Rumänien,Anzahl,K03403,199
2012,"Osnabrück, Stadt",Rumänien,Anzahl,K03404,415
2012,"Wilhelmshaven, Stadt",Rumänien,Anzahl,K03405,98
2012,Ammerland,Rumänien,Anzahl,K03451,136
2012,Aurich,Rumänien,Anzahl,K03452,101
2012,Cloppenburg,Rumänien,Anzahl,K03453,1393
2012,Emsland,Rumänien,Anzahl,K03454,1411
2012,Friesland,Rumänien,Anzahl,K03455,47
2012,Grafschaft Bentheim,Rumänien,Anzahl,K03456,198
2012,Leer,Rumänien,Anzahl,K03457,273
2012,Oldenburg,Rumänien,Anzahl,K03458,410
2012,Osnabrück,Rumänien,Anzahl,K03459,1084
2012,Vechta,Rumänien,Anzahl,K03460,769
2012,Wesermarsch,Rumänien,Anzahl,K03461,126
2012,Wittmund,Rumänien,Anzahl,K03462,37
2012,Statistische Region Weser-Ems,Rumänien,Anzahl,K034,6885
2012,Niedersachsen,Rumänien,Anzahl,K030,12237
2013,"Braunschweig, Stadt",Rumänien,Anzahl,K03101,269
2013,"Salzgitter, Stadt",Rumänien,Anzahl,K03102,243
2013,"Wolfsburg, Stadt",Rumänien,Anzahl,K03103,162
2013,Gifhorn,Rumänien,Anzahl,K03151,130
2013,Goslar,Rumänien,Anzahl,K03153,125
2013,Helmstedt,Rumänien,Anzahl,K03154,64
2013,Northeim,Rumänien,Anzahl,K03155,150
2013,Peine,Rumänien,Anzahl,K03157,77
2013,Wolfenbüttel,Rumänien,Anzahl,K03158,83
2013,Göttingen,Rumänien,Anzahl,K03159,279
2013,Statistische Region Braunschweig,Rumänien,Anzahl,K031,1582
2013,Region Hannover,Rumänien,Anzahl,K03241,2338
2013,"dav. Hannover, Lhst.",Rumänien,Anzahl,K03241001,1567
2013,"dav. Hannover, Umland",Rumänien,Anzahl,K03241999,771
2013,Diepholz,Rumänien,Anzahl,K03251,730
2013,Hameln-Pyrmont,Rumänien,Anzahl,K03252,342
2013,Hildesheim,Rumänien,Anzahl,K03254,305
2013,Holzminden,Rumänien,Anzahl,K03255,20
2013,Nienburg (Weser),Rumänien,Anzahl,K03256,240
2013,Schaumburg,Rumänien,Anzahl,K03257,111
2013,Statistische Region Hannover,Rumänien,Anzahl,K032,4086
2013,Celle,Rumänien,Anzahl,K03351,186
2013,Cuxhaven,Rumänien,Anzahl,K03352,85
2013,Harburg,Rumänien,Anzahl,K03353,206
2013,Lüchow-Dannenberg,Rumänien,Anzahl,K03354,151
2013,Lüneburg,Rumänien,Anzahl,K03355,146
2013,Osterholz,Rumänien,Anzahl,K03356,81
2013,Rotenburg (Wümme),Rumänien,Anzahl,K03357,227
2013,Heidekreis,Rumänien,Anzahl,K03358,145
2013,Stade,Rumänien,Anzahl,K03359,302
2013,Uelzen,Rumänien,Anzahl,K03360,119
2013,Verden,Rumänien,Anzahl,K03361,123
2013,Statistische Region Lüneburg,Rumänien,Anzahl,K033,1771
2013,"Delmenhorst, Stadt",Rumänien,Anzahl,K03401,91
2013,"Emden, Stadt",Rumänien,Anzahl,K03402,183
2013,"Oldenburg (Oldb), Stadt",Rumänien,Anzahl,K03403,248
2013,"Osnabrück, Stadt",Rumänien,Anzahl,K03404,456
2013,"Wilhelmshaven, Stadt",Rumänien,Anzahl,K03405,130
2013,Ammerland,Rumänien,Anzahl,K03451,161
2013,Aurich,Rumänien,Anzahl,K03452,174
2013,Cloppenburg,Rumänien,Anzahl,K03453,1502
2013,Emsland,Rumänien,Anzahl,K03454,1707
2013,Friesland,Rumänien,Anzahl,K03455,64
2013,Grafschaft Bentheim,Rumänien,Anzahl,K03456,192
2013,Leer,Rumänien,Anzahl,K03457,399
2013,Oldenburg,Rumänien,Anzahl,K03458,535
2013,Osnabrück,Rumänien,Anzahl,K03459,1297
2013,Vechta,Rumänien,Anzahl,K03460,832
2013,Wesermarsch,Rumänien,Anzahl,K03461,154
2013,Wittmund,Rumänien,Anzahl,K03462,50
2013,Statistische Region Weser-Ems,Rumänien,Anzahl,K034,8175
2013,Niedersachsen,Rumänien,Anzahl,K030,15614
2014,"Braunschweig, Stadt",Rumänien,Anzahl,K03101,298
2014,"Salzgitter, Stadt",Rumänien,Anzahl,K03102,411
2014,"Wolfsburg, Stadt",Rumänien,Anzahl,K03103,253
2014,Gifhorn,Rumänien,Anzahl,K03151,208
2014,Goslar,Rumänien,Anzahl,K03153,166
2014,Helmstedt,Rumänien,Anzahl,K03154,83
2014,Northeim,Rumänien,Anzahl,K03155,181
2014,Peine,Rumänien,Anzahl,K03157,123
2014,Wolfenbüttel,Rumänien,Anzahl,K03158,79
2014,Göttingen,Rumänien,Anzahl,K03159,406
2014,Statistische Region Braunschweig,Rumänien,Anzahl,K031,2208
2014,Region Hannover,Rumänien,Anzahl,K03241,3186
2014,"dav. Hannover, Lhst.",Rumänien,Anzahl,K03241001,2081
2014,"dav. Hannover, Umland",Rumänien,Anzahl,K03241999,1105
2014,Diepholz,Rumänien,Anzahl,K03251,789
2014,Hameln-Pyrmont,Rumänien,Anzahl,K03252,587
2014,Hildesheim,Rumänien,Anzahl,K03254,452
2014,Holzminden,Rumänien,Anzahl,K03255,20
2014,Nienburg (Weser),Rumänien,Anzahl,K03256,359
2014,Schaumburg,Rumänien,Anzahl,K03257,232
2014,Statistische Region Hannover,Rumänien,Anzahl,K032,5625
2014,Celle,Rumänien,Anzahl,K03351,379
2014,Cuxhaven,Rumänien,Anzahl,K03352,244
2014,Harburg,Rumänien,Anzahl,K03353,240
2014,Lüchow-Dannenberg,Rumänien,Anzahl,K03354,144
2014,Lüneburg,Rumänien,Anzahl,K03355,206
2014,Osterholz,Rumänien,Anzahl,K03356,117
2014,Rotenburg (Wümme),Rumänien,Anzahl,K03357,291
2014,Heidekreis,Rumänien,Anzahl,K03358,185
2014,Stade,Rumänien,Anzahl,K03359,439
2014,Uelzen,Rumänien,Anzahl,K03360,146
2014,Verden,Rumänien,Anzahl,K03361,184
2014,Statistische Region Lüneburg,Rumänien,Anzahl,K033,2575
2014,"Delmenhorst, Stadt",Rumänien,Anzahl,K03401,260
2014,"Emden, Stadt",Rumänien,Anzahl,K03402,261
2014,"Oldenburg (Oldb), Stadt",Rumänien,Anzahl,K03403,344
2014,"Osnabrück, Stadt",Rumänien,Anzahl,K03404,560
2014,"Wilhelmshaven, Stadt",Rumänien,Anzahl,K03405,206
2014,Ammerland,Rumänien,Anzahl,K03451,265
2014,Aurich,Rumänien,Anzahl,K03452,331
2014,Cloppenburg,Rumänien,Anzahl,K03453,2234
2014,Emsland,Rumänien,Anzahl,K03454,2108
2014,Friesland,Rumänien,Anzahl,K03455,90
2014,Grafschaft Bentheim,Rumänien,Anzahl,K03456,265
2014,Leer,Rumänien,Anzahl,K03457,581
2014,Oldenburg,Rumänien,Anzahl,K03458,756
2014,Osnabrück,Rumänien,Anzahl,K03459,1748
2014,Vechta,Rumänien,Anzahl,K03460,1204
2014,Wesermarsch,Rumänien,Anzahl,K03461,184
2014,Wittmund,Rumänien,Anzahl,K03462,88
2014,Statistische Region Weser-Ems,Rumänien,Anzahl,K034,11485
2014,Niedersachsen,Rumänien,Anzahl,K030,21893
2015,"Braunschweig, Stadt",Rumänien,Anzahl,K03101,423
2015,"Salzgitter, Stadt",Rumänien,Anzahl,K03102,579
2015,"Wolfsburg, Stadt",Rumänien,Anzahl,K03103,316
2015,Gifhorn,Rumänien,Anzahl,K03151,281
2015,Goslar,Rumänien,Anzahl,K03153,225
2015,Helmstedt,Rumänien,Anzahl,K03154,172
2015,Northeim,Rumänien,Anzahl,K03155,249
2015,Peine,Rumänien,Anzahl,K03157,221
2015,Wolfenbüttel,Rumänien,Anzahl,K03158,110
2015,Göttingen,Rumänien,Anzahl,K03159,560
2015,Statistische Region Braunschweig,Rumänien,Anzahl,K031,3136
2015,Region Hannover,Rumänien,Anzahl,K03241,4358
2015,"dav. Hannover, Lhst.",Rumänien,Anzahl,K03241001,2656
2015,"dav. Hannover, Umland",Rumänien,Anzahl,K03241999,1702
2015,Diepholz,Rumänien,Anzahl,K03251,992
2015,Hameln-Pyrmont,Rumänien,Anzahl,K03252,734
2015,Hildesheim,Rumänien,Anzahl,K03254,615
2015,Holzminden,Rumänien,Anzahl,K03255,21
2015,Nienburg (Weser),Rumänien,Anzahl,K03256,462
2015,Schaumburg,Rumänien,Anzahl,K03257,339
2015,Statistische Region Hannover,Rumänien,Anzahl,K032,7521
2015,Celle,Rumänien,Anzahl,K03351,444
2015,Cuxhaven,Rumänien,Anzahl,K03352,262
2015,Harburg,Rumänien,Anzahl,K03353,257
2015,Lüchow-Dannenberg,Rumänien,Anzahl,K03354,68
2015,Lüneburg,Rumänien,Anzahl,K03355,238
2015,Osterholz,Rumänien,Anzahl,K03356,136
2015,Rotenburg (Wümme),Rumänien,Anzahl,K03357,339
2015,Heidekreis,Rumänien,Anzahl,K03358,285
2015,Stade,Rumänien,Anzahl,K03359,558
2015,Uelzen,Rumänien,Anzahl,K03360,178
2015,Verden,Rumänien,Anzahl,K03361,245
2015,Statistische Region Lüneburg,Rumänien,Anzahl,K033,3010
2015,"Delmenhorst, Stadt",Rumänien,Anzahl,K03401,508
2015,"Emden, Stadt",Rumänien,Anzahl,K03402,343
2015,"Oldenburg (Oldb), Stadt",Rumänien,Anzahl,K03403,514
2015,"Osnabrück, Stadt",Rumänien,Anzahl,K03404,685
2015,"Wilhelmshaven, Stadt",Rumänien,Anzahl,K03405,280
2015,Ammerland,Rumänien,Anzahl,K03451,362
2015,Aurich,Rumänien,Anzahl,K03452,496
2015,Cloppenburg,Rumänien,Anzahl,K03453,2575
2015,Emsland,Rumänien,Anzahl,K03454,2917
2015,Friesland,Rumänien,Anzahl,K03455,116
2015,Grafschaft Bentheim,Rumänien,Anzahl,K03456,370
2015,Leer,Rumänien,Anzahl,K03457,802
2015,Oldenburg,Rumänien,Anzahl,K03458,945
2015,Osnabrück,Rumänien,Anzahl,K03459,2552
2015,Vechta,Rumänien,Anzahl,K03460,1567
2015,Wesermarsch,Rumänien,Anzahl,K03461,232
2015,Wittmund,Rumänien,Anzahl,K03462,134
2015,Statistische Region Weser-Ems,Rumänien,Anzahl,K034,15398
2015,Niedersachsen,Rumänien,Anzahl,K030,29065
2016,"Braunschweig, Stadt",Rumänien,Anzahl,K03101,480
2016,"Salzgitter, Stadt",Rumänien,Anzahl,K03102,825
2016,"Wolfsburg, Stadt",Rumänien,Anzahl,K03103,370
2016,Gifhorn,Rumänien,Anzahl,K03151,310
2016,Goslar,Rumänien,Anzahl,K03153,295
2016,Helmstedt,Rumänien,Anzahl,K03154,240
2016,Northeim,Rumänien,Anzahl,K03155,335
2016,Peine,Rumänien,Anzahl,K03157,300
2016,Wolfenbüttel,Rumänien,Anzahl,K03158,105
2016,Göttingen,Rumänien,Anzahl,K03159,610
2016,Statistische Region Braunschweig,Rumänien,Anzahl,K031,3875
2016,Region Hannover,Rumänien,Anzahl,K03241,5600
2016,"dav. Hannover, Lhst.",Rumänien,Anzahl,K03241001,3435
2016,"dav. Hannover, Umland",Rumänien,Anzahl,K03241999,2165
2016,Diepholz,Rumänien,Anzahl,K03251,995
2016,Hameln-Pyrmont,Rumänien,Anzahl,K03252,995
2016,Hildesheim,Rumänien,Anzahl,K03254,735
2016,Holzminden,Rumänien,Anzahl,K03255,25
2016,Nienburg (Weser),Rumänien,Anzahl,K03256,845
2016,Schaumburg,Rumänien,Anzahl,K03257,390
2016,Statistische Region Hannover,Rumänien,Anzahl,K032,9585
2016,Celle,Rumänien,Anzahl,K03351,495
2016,Cuxhaven,Rumänien,Anzahl,K03352,490
2016,Harburg,Rumänien,Anzahl,K03353,450
2016,Lüchow-Dannenberg,Rumänien,Anzahl,K03354,125
2016,Lüneburg,Rumänien,Anzahl,K03355,355
2016,Osterholz,Rumänien,Anzahl,K03356,140
2016,Rotenburg (Wümme),Rumänien,Anzahl,K03357,440
2016,Heidekreis,Rumänien,Anzahl,K03358,380
2016,Stade,Rumänien,Anzahl,K03359,845
2016,Uelzen,Rumänien,Anzahl,K03360,220
2016,Verden,Rumänien,Anzahl,K03361,340
2016,Statistische Region Lüneburg,Rumänien,Anzahl,K033,4275
2016,"Delmenhorst, Stadt",Rumänien,Anzahl,K03401,650
2016,"Emden, Stadt",Rumänien,Anzahl,K03402,410
2016,"Oldenburg (Oldb), Stadt",Rumänien,Anzahl,K03403,560
2016,"Osnabrück, Stadt",Rumänien,Anzahl,K03404,720
2016,"Wilhelmshaven, Stadt",Rumänien,Anzahl,K03405,305
2016,Ammerland,Rumänien,Anzahl,K03451,475
2016,Aurich,Rumänien,Anzahl,K03452,605
2016,Cloppenburg,Rumänien,Anzahl,K03453,3460
2016,Emsland,Rumänien,Anzahl,K03454,3600
2016,Friesland,Rumänien,Anzahl,K03455,120
2016,Grafschaft Bentheim,Rumänien,Anzahl,K03456,530
2016,Leer,Rumänien,Anzahl,K03457,935
2016,Oldenburg,Rumänien,Anzahl,K03458,1415
2016,Osnabrück,Rumänien,Anzahl,K03459,3415
2016,Vechta,Rumänien,Anzahl,K03460,1880
2016,Wesermarsch,Rumänien,Anzahl,K03461,285
2016,Wittmund,Rumänien,Anzahl,K03462,145
2016,Statistische Region Weser-Ems,Rumänien,Anzahl,K034,19515
2016,Niedersachsen,Rumänien,Anzahl,K030,37250
2017,"Braunschweig, Stadt",Rumänien,Anzahl,K03101,505
2017,"Salzgitter, Stadt",Rumänien,Anzahl,K03102,1165
2017,"Wolfsburg, Stadt",Rumänien,Anzahl,K03103,425
2017,Gifhorn,Rumänien,Anzahl,K03151,370
2017,Goslar,Rumänien,Anzahl,K03153,380
2017,Helmstedt,Rumänien,Anzahl,K03154,340
2017,Northeim,Rumänien,Anzahl,K03155,340
2017,Peine,Rumänien,Anzahl,K03157,365
2017,Wolfenbüttel,Rumänien,Anzahl,K03158,130
2017,Göttingen,Rumänien,Anzahl,K03159,630
2017,Statistische Region Braunschweig,Rumänien,Anzahl,K031,4650
2017,Region Hannover,Rumänien,Anzahl,K03241,6145
2017,"dav. Hannover, Lhst.",Rumänien,Anzahl,K03241001,3600
2017,"dav. Hannover, Umland",Rumänien,Anzahl,K03241999,2545
2017,Diepholz,Rumänien,Anzahl,K03251,1075
2017,Hameln-Pyrmont,Rumänien,Anzahl,K03252,1120
2017,Hildesheim,Rumänien,Anzahl,K03254,880
2017,Holzminden,Rumänien,Anzahl,K03255,30
2017,Nienburg (Weser),Rumänien,Anzahl,K03256,1050
2017,Schaumburg,Rumänien,Anzahl,K03257,475
2017,Statistische Region Hannover,Rumänien,Anzahl,K032,10775
2017,Celle,Rumänien,Anzahl,K03351,570
2017,Cuxhaven,Rumänien,Anzahl,K03352,555
2017,Harburg,Rumänien,Anzahl,K03353,670
2017,Lüchow-Dannenberg,Rumänien,Anzahl,K03354,120
2017,Lüneburg,Rumänien,Anzahl,K03355,365
2017,Osterholz,Rumänien,Anzahl,K03356,195
2017,Rotenburg (Wümme),Rumänien,Anzahl,K03357,530
2017,Heidekreis,Rumänien,Anzahl,K03358,435
2017,Stade,Rumänien,Anzahl,K03359,1050
2017,Uelzen,Rumänien,Anzahl,K03360,285
2017,Verden,Rumänien,Anzahl,K03361,420
2017,Statistische Region Lüneburg,Rumänien,Anzahl,K033,5205
2017,"Delmenhorst, Stadt",Rumänien,Anzahl,K03401,920
2017,"Emden, Stadt",Rumänien,Anzahl,K03402,495
2017,"Oldenburg (Oldb), Stadt",Rumänien,Anzahl,K03403,650
2017,"Osnabrück, Stadt",Rumänien,Anzahl,K03404,835
2017,"Wilhelmshaven, Stadt",Rumänien,Anzahl,K03405,355
2017,Ammerland,Rumänien,Anzahl,K03451,610
2017,Aurich,Rumänien,Anzahl,K03452,820
2017,Cloppenburg,Rumänien,Anzahl,K03453,3295
2017,Emsland,Rumänien,Anzahl,K03454,4640
2017,Friesland,Rumänien,Anzahl,K03455,175
2017,Grafschaft Bentheim,Rumänien,Anzahl,K03456,585
2017,Leer,Rumänien,Anzahl,K03457,1165
2017,Oldenburg,Rumänien,Anzahl,K03458,1695
2017,Osnabrück,Rumänien,Anzahl,K03459,4270
2017,Vechta,Rumänien,Anzahl,K03460,2200
2017,Wesermarsch,Rumänien,Anzahl,K03461,350
2017,Wittmund,Rumänien,Anzahl,K03462,180
2017,Statistische Region Weser-Ems,Rumänien,Anzahl,K034,23235
2017,Niedersachsen,Rumänien,Anzahl,K030,43860
2018,"Braunschweig, Stadt",Rumänien,Anzahl,K03101,560
2018,"Salzgitter, Stadt",Rumänien,Anzahl,K03102,1625
2018,"Wolfsburg, Stadt",Rumänien,Anzahl,K03103,450
2018,Gifhorn,Rumänien,Anzahl,K03151,475
2018,Goslar,Rumänien,Anzahl,K03153,405
2018,Helmstedt,Rumänien,Anzahl,K03154,335
2018,Northeim,Rumänien,Anzahl,K03155,395
2018,Peine,Rumänien,Anzahl,K03157,465
2018,Wolfenbüttel,Rumänien,Anzahl,K03158,130
2018,Göttingen,Rumänien,Anzahl,K03159,810
2018,Statistische Region Braunschweig,Rumänien,Anzahl,K031,5650
2018,Region Hannover,Rumänien,Anzahl,K03241,6465
2018,"dav. Hannover, Lhst.",Rumänien,Anzahl,K03241001,3655
2018,"dav. Hannover, Umland",Rumänien,Anzahl,K03241999,2810
2018,Diepholz,Rumänien,Anzahl,K03251,1350
2018,Hameln-Pyrmont,Rumänien,Anzahl,K03252,1300
2018,Hildesheim,Rumänien,Anzahl,K03254,1020
2018,Holzminden,Rumänien,Anzahl,K03255,50
2018,Nienburg (Weser),Rumänien,Anzahl,K03256,1285
2018,Schaumburg,Rumänien,Anzahl,K03257,545
2018,Statistische Region Hannover,Rumänien,Anzahl,K032,12015
2018,Celle,Rumänien,Anzahl,K03351,780
2018,Cuxhaven,Rumänien,Anzahl,K03352,580
2018,Harburg,Rumänien,Anzahl,K03353,1020
2018,Lüchow-Dannenberg,Rumänien,Anzahl,K03354,130
2018,Lüneburg,Rumänien,Anzahl,K03355,490
2018,Osterholz,Rumänien,Anzahl,K03356,195
2018,Rotenburg (Wümme),Rumänien,Anzahl,K03357,610
2018,Heidekreis,Rumänien,Anzahl,K03358,615
2018,Stade,Rumänien,Anzahl,K03359,1275
2018,Uelzen,Rumänien,Anzahl,K03360,325
2018,Verden,Rumänien,Anzahl,K03361,480
2018,Statistische Region Lüneburg,Rumänien,Anzahl,K033,6505
2018,"Delmenhorst, Stadt",Rumänien,Anzahl,K03401,1075
2018,"Emden, Stadt",Rumänien,Anzahl,K03402,545
2018,"Oldenburg (Oldb), Stadt",Rumänien,Anzahl,K03403,790
2018,"Osnabrück, Stadt",Rumänien,Anzahl,K03404,860
2018,"Wilhelmshaven, Stadt",Rumänien,Anzahl,K03405,415
2018,Ammerland,Rumänien,Anzahl,K03451,690
2018,Aurich,Rumänien,Anzahl,K03452,955
2018,Cloppenburg,Rumänien,Anzahl,K03453,4670
2018,Emsland,Rumänien,Anzahl,K03454,6065
2018,Friesland,Rumänien,Anzahl,K03455,215
2018,Grafschaft Bentheim,Rumänien,Anzahl,K03456,625
2018,Leer,Rumänien,Anzahl,K03457,1395
2018,Oldenburg,Rumänien,Anzahl,K03458,1735
2018,Osnabrück,Rumänien,Anzahl,K03459,5185
2018,Vechta,Rumänien,Anzahl,K03460,2715
2018,Wesermarsch,Rumänien,Anzahl,K03461,330
2018,Wittmund,Rumänien,Anzahl,K03462,195
2018,Statistische Region Weser-Ems,Rumänien,Anzahl,K034,28465
2018,Niedersachsen,Rumänien,Anzahl,K030,52635
2019,"Braunschweig, Stadt",Rumänien,Anzahl,K03101,610
2019,"Salzgitter, Stadt",Rumänien,Anzahl,K03102,1635
2019,"Wolfsburg, Stadt",Rumänien,Anzahl,K03103,485
2019,Gifhorn,Rumänien,Anzahl,K03151,625
2019,Goslar,Rumänien,Anzahl,K03153,480
2019,Helmstedt,Rumänien,Anzahl,K03154,315
2019,Northeim,Rumänien,Anzahl,K03155,495
2019,Peine,Rumänien,Anzahl,K03157,520
2019,Wolfenbüttel,Rumänien,Anzahl,K03158,125
2019,Göttingen,Rumänien,Anzahl,K03159,1135
2019,Statistische Region Braunschweig,Rumänien,Anzahl,K031,6430
2019,Region Hannover,Rumänien,Anzahl,K03241,6870
2019,"dav. Hannover, Lhst.",Rumänien,Anzahl,K03241001,3715
2019,"dav. Hannover, Umland",Rumänien,Anzahl,K03241999,3155
2019,Diepholz,Rumänien,Anzahl,K03251,1780
2019,Hameln-Pyrmont,Rumänien,Anzahl,K03252,1295
2019,Hildesheim,Rumänien,Anzahl,K03254,1220
2019,Holzminden,Rumänien,Anzahl,K03255,65
2019,Nienburg (Weser),Rumänien,Anzahl,K03256,1180
2019,Schaumburg,Rumänien,Anzahl,K03257,625
2019,Statistische Region Hannover,Rumänien,Anzahl,K032,13035
2019,Celle,Rumänien,Anzahl,K03351,915
2019,Cuxhaven,Rumänien,Anzahl,K03352,580
2019,Harburg,Rumänien,Anzahl,K03353,1640
2019,Lüchow-Dannenberg,Rumänien,Anzahl,K03354,135
2019,Lüneburg,Rumänien,Anzahl,K03355,555
2019,Osterholz,Rumänien,Anzahl,K03356,190
2019,Rotenburg (Wümme),Rumänien,Anzahl,K03357,725
2019,Heidekreis,Rumänien,Anzahl,K03358,745
2019,Stade,Rumänien,Anzahl,K03359,1520
2019,Uelzen,Rumänien,Anzahl,K03360,345
2019,Verden,Rumänien,Anzahl,K03361,585
2019,Statistische Region Lüneburg,Rumänien,Anzahl,K033,7930
2019,"Delmenhorst, Stadt",Rumänien,Anzahl,K03401,1120
2019,"Emden, Stadt",Rumänien,Anzahl,K03402,570
2019,"Oldenburg (Oldb), Stadt",Rumänien,Anzahl,K03403,965
2019,"Osnabrück, Stadt",Rumänien,Anzahl,K03404,975
2019,"Wilhelmshaven, Stadt",Rumänien,Anzahl,K03405,525
2019,Ammerland,Rumänien,Anzahl,K03451,785
2019,Aurich,Rumänien,Anzahl,K03452,1075
2019,Cloppenburg,Rumänien,Anzahl,K03453,4515
2019,Emsland,Rumänien,Anzahl,K03454,6875
2019,Friesland,Rumänien,Anzahl,K03455,185
2019,Grafschaft Bentheim,Rumänien,Anzahl,K03456,725
2019,Leer,Rumänien,Anzahl,K03457,1635
2019,Oldenburg,Rumänien,Anzahl,K03458,2405
2019,Osnabrück,Rumänien,Anzahl,K03459,5560
2019,Vechta,Rumänien,Anzahl,K03460,3020
2019,Wesermarsch,Rumänien,Anzahl,K03461,415
2019,Wittmund,Rumänien,Anzahl,K03462,225
2019,Statistische Region Weser-Ems,Rumänien,Anzahl,K034,31580
2019,Niedersachsen,Rumänien,Anzahl,K030,58980
2020,"Braunschweig, Stadt",Rumänien,Anzahl,K03101,570
2020,"Salzgitter, Stadt",Rumänien,Anzahl,K03102,1720
2020,"Wolfsburg, Stadt",Rumänien,Anzahl,K03103,475
2020,Gifhorn,Rumänien,Anzahl,K03151,790
2020,Goslar,Rumänien,Anzahl,K03153,635
2020,Helmstedt,Rumänien,Anzahl,K03154,395
2020,Northeim,Rumänien,Anzahl,K03155,495
2020,Peine,Rumänien,Anzahl,K03157,610
2020,Wolfenbüttel,Rumänien,Anzahl,K03158,155
2020,Göttingen,Rumänien,Anzahl,K03159,1370
2020,Statistische Region Braunschweig,Rumänien,Anzahl,K031,7215
2020,Region Hannover,Rumänien,Anzahl,K03241,6980
2020,"dav. Hannover, Lhst.",Rumänien,Anzahl,K03241001,3580
2020,"dav. Hannover, Umland",Rumänien,Anzahl,K03241999,3400
2020,Diepholz,Rumänien,Anzahl,K03251,2045
2020,Hameln-Pyrmont,Rumänien,Anzahl,K03252,1460
2020,Hildesheim,Rumänien,Anzahl,K03254,1370
2020,Holzminden,Rumänien,Anzahl,K03255,150
2020,Nienburg (Weser),Rumänien,Anzahl,K03256,1175
2020,Schaumburg,Rumänien,Anzahl,K03257,715
2020,Statistische Region Hannover,Rumänien,Anzahl,K032,13895
2020,Celle,Rumänien,Anzahl,K03351,905
2020,Cuxhaven,Rumänien,Anzahl,K03352,585
2020,Harburg,Rumänien,Anzahl,K03353,1860
2020,Lüchow-Dannenberg,Rumänien,Anzahl,K03354,150
2020,Lüneburg,Rumänien,Anzahl,K03355,550
2020,Osterholz,Rumänien,Anzahl,K03356,195
2020,Rotenburg (Wümme),Rumänien,Anzahl,K03357,800
2020,Heidekreis,Rumänien,Anzahl,K03358,965
2020,Stade,Rumänien,Anzahl,K03359,1540
2020,Uelzen,Rumänien,Anzahl,K03360,350
2020,Verden,Rumänien,Anzahl,K03361,685
2020,Statistische Region Lüneburg,Rumänien,Anzahl,K033,8585
2020,"Delmenhorst, Stadt",Rumänien,Anzahl,K03401,1215
2020,"Emden, Stadt",Rumänien,Anzahl,K03402,615
2020,"Oldenburg (Oldb), Stadt",Rumänien,Anzahl,K03403,1135
2020,"Osnabrück, Stadt",Rumänien,Anzahl,K03404,1030
2020,"Wilhelmshaven, Stadt",Rumänien,Anzahl,K03405,550
2020,Ammerland,Rumänien,Anzahl,K03451,920
2020,Aurich,Rumänien,Anzahl,K03452,1110
2020,Cloppenburg,Rumänien,Anzahl,K03453,5655
2020,Emsland,Rumänien,Anzahl,K03454,7080
2020,Friesland,Rumänien,Anzahl,K03455,205
2020,Grafschaft Bentheim,Rumänien,Anzahl,K03456,845
2020,Leer,Rumänien,Anzahl,K03457,1625
2020,Oldenburg,Rumänien,Anzahl,K03458,2500
2020,Osnabrück,Rumänien,Anzahl,K03459,6475
2020,Vechta,Rumänien,Anzahl,K03460,3295
2020,Wesermarsch,Rumänien,Anzahl,K03461,455
2020,Wittmund,Rumänien,Anzahl,K03462,270
2020,Statistische Region Weser-Ems,Rumänien,Anzahl,K034,34980
2020,Niedersachsen,Rumänien,Anzahl,K030,64675
2021,"Braunschweig, Stadt",Rumänien,Anzahl,K03101,650
2021,"Salzgitter, Stadt",Rumänien,Anzahl,K03102,1770
2021,"Wolfsburg, Stadt",Rumänien,Anzahl,K03103,465
2021,Gifhorn,Rumänien,Anzahl,K03151,895
2021,Goslar,Rumänien,Anzahl,K03153,635
2021,Helmstedt,Rumänien,Anzahl,K03154,430
2021,Northeim,Rumänien,Anzahl,K03155,485
2021,Peine,Rumänien,Anzahl,K03157,655
2021,Wolfenbüttel,Rumänien,Anzahl,K03158,155
2021,Göttingen,Rumänien,Anzahl,K03159,1505
2021,Statistische Region Braunschweig,Rumänien,Anzahl,K031,7640
2021,Region Hannover,Rumänien,Anzahl,K03241,7635
2021,"dav. Hannover, Lhst.",Rumänien,Anzahl,K03241001,4030
2021,"dav. Hannover, Umland",Rumänien,Anzahl,K03241999,3605
2021,Diepholz,Rumänien,Anzahl,K03251,2285
2021,Hameln-Pyrmont,Rumänien,Anzahl,K03252,1555
2021,Hildesheim,Rumänien,Anzahl,K03254,1490
2021,Holzminden,Rumänien,Anzahl,K03255,225
2021,Nienburg (Weser),Rumänien,Anzahl,K03256,1335
2021,Schaumburg,Rumänien,Anzahl,K03257,730
2021,Statistische Region Hannover,Rumänien,Anzahl,K032,15255
2021,Celle,Rumänien,Anzahl,K03351,1040
2021,Cuxhaven,Rumänien,Anzahl,K03352,665
2021,Harburg,Rumänien,Anzahl,K03353,2165
2021,Lüchow-Dannenberg,Rumänien,Anzahl,K03354,180
2021,Lüneburg,Rumänien,Anzahl,K03355,575
2021,Osterholz,Rumänien,Anzahl,K03356,245
2021,Rotenburg (Wümme),Rumänien,Anzahl,K03357,925
2021,Heidekreis,Rumänien,Anzahl,K03358,1110
2021,Stade,Rumänien,Anzahl,K03359,1585
2021,Uelzen,Rumänien,Anzahl,K03360,390
2021,Verden,Rumänien,Anzahl,K03361,820
2021,Statistische Region Lüneburg,Rumänien,Anzahl,K033,9705
2021,"Delmenhorst, Stadt",Rumänien,Anzahl,K03401,1355
2021,"Emden, Stadt",Rumänien,Anzahl,K03402,565
2021,"Oldenburg (Oldb), Stadt",Rumänien,Anzahl,K03403,1285
2021,"Osnabrück, Stadt",Rumänien,Anzahl,K03404,1100
2021,"Wilhelmshaven, Stadt",Rumänien,Anzahl,K03405,615
2021,Ammerland,Rumänien,Anzahl,K03451,785
2021,Aurich,Rumänien,Anzahl,K03452,1160
2021,Cloppenburg,Rumänien,Anzahl,K03453,7290
2021,Emsland,Rumänien,Anzahl,K03454,7655
2021,Friesland,Rumänien,Anzahl,K03455,240
2021,Grafschaft Bentheim,Rumänien,Anzahl,K03456,975
2021,Leer,Rumänien,Anzahl,K03457,1690
2021,Oldenburg,Rumänien,Anzahl,K03458,2685
2021,Osnabrück,Rumänien,Anzahl,K03459,7235
2021,Vechta,Rumänien,Anzahl,K03460,3570
2021,Wesermarsch,Rumänien,Anzahl,K03461,470
2021,Wittmund,Rumänien,Anzahl,K03462,265
2021,Statistische Region Weser-Ems,Rumänien,Anzahl,K034,38940
2021,Niedersachsen,Rumänien,Anzahl,K030,71540
2022,"Braunschweig, Stadt",Rumänien,Anzahl,K03101,635
2022,"Salzgitter, Stadt",Rumänien,Anzahl,K03102,1820
2022,"Wolfsburg, Stadt",Rumänien,Anzahl,K03103,520
2022,Gifhorn,Rumänien,Anzahl,K03151,890
2022,Goslar,Rumänien,Anzahl,K03153,665
2022,Helmstedt,Rumänien,Anzahl,K03154,410
2022,Northeim,Rumänien,Anzahl,K03155,520
2022,Peine,Rumänien,Anzahl,K03157,705
2022,Wolfenbüttel,Rumänien,Anzahl,K03158,195
2022,Göttingen,Rumänien,Anzahl,K03159,1605
2022,Statistische Region Braunschweig,Rumänien,Anzahl,K031,7970
2022,Region Hannover,Rumänien,Anzahl,K03241,8055
2022,"dav. Hannover, Lhst.",Rumänien,Anzahl,K03241001,4120
2022,"dav. Hannover, Umland",Rumänien,Anzahl,K03241999,3935
2022,Diepholz,Rumänien,Anzahl,K03251,2355
2022,Hameln-Pyrmont,Rumänien,Anzahl,K03252,1535
2022,Hildesheim,Rumänien,Anzahl,K03254,1595
2022,Holzminden,Rumänien,Anzahl,K03255,220
2022,Nienburg (Weser),Rumänien,Anzahl,K03256,1360
2022,Schaumburg,Rumänien,Anzahl,K03257,805
2022,Statistische Region Hannover,Rumänien,Anzahl,K032,15925
2022,Celle,Rumänien,Anzahl,K03351,1160
2022,Cuxhaven,Rumänien,Anzahl,K03352,725
2022,Harburg,Rumänien,Anzahl,K03353,2175
2022,Lüchow-Dannenberg,Rumänien,Anzahl,K03354,175
2022,Lüneburg,Rumänien,Anzahl,K03355,710
2022,Osterholz,Rumänien,Anzahl,K03356,265
2022,Rotenburg (Wümme),Rumänien,Anzahl,K03357,990
2022,Heidekreis,Rumänien,Anzahl,K03358,1175
2022,Stade,Rumänien,Anzahl,K03359,1665
2022,Uelzen,Rumänien,Anzahl,K03360,405
2022,Verden,Rumänien,Anzahl,K03361,910
2022,Statistische Region Lüneburg,Rumänien,Anzahl,K033,10345
2022,"Delmenhorst, Stadt",Rumänien,Anzahl,K03401,1545
2022,"Emden, Stadt",Rumänien,Anzahl,K03402,635
2022,"Oldenburg (Oldb), Stadt",Rumänien,Anzahl,K03403,1360
2022,"Osnabrück, Stadt",Rumänien,Anzahl,K03404,1185
2022,"Wilhelmshaven, Stadt",Rumänien,Anzahl,K03405,705
2022,Ammerland,Rumänien,Anzahl,K03451,810
2022,Aurich,Rumänien,Anzahl,K03452,1290
2022,Cloppenburg,Rumänien,Anzahl,K03453,6980
2022,Emsland,Rumänien,Anzahl,K03454,8110
2022,Friesland,Rumänien,Anzahl,K03455,210
2022,Grafschaft Bentheim,Rumänien,Anzahl,K03456,1175
2022,Leer,Rumänien,Anzahl,K03457,1740
2022,Oldenburg,Rumänien,Anzahl,K03458,2580
2022,Osnabrück,Rumänien,Anzahl,K03459,7740
2022,Vechta,Rumänien,Anzahl,K03460,3725
2022,Wesermarsch,Rumänien,Anzahl,K03461,490
2022,Wittmund,Rumänien,Anzahl,K03462,300
2022,Statistische Region Weser-Ems,Rumänien,Anzahl,K034,40565
2022,Niedersachsen,Rumänien,Anzahl,K030,74805
2023,"Braunschweig, Stadt",Rumänien,Anzahl,K03101,665
2023,"Salzgitter, Stadt",Rumänien,Anzahl,K03102,1975
2023,"Wolfsburg, Stadt",Rumänien,Anzahl,K03103,590
2023,Gifhorn,Rumänien,Anzahl,K03151,1100
2023,Goslar,Rumänien,Anzahl,K03153,655
2023,Helmstedt,Rumänien,Anzahl,K03154,445
2023,Northeim,Rumänien,Anzahl,K03155,615
2023,Peine,Rumänien,Anzahl,K03157,700
2023,Wolfenbüttel,Rumänien,Anzahl,K03158,180
2023,Göttingen,Rumänien,Anzahl,K03159,1820
2023,Statistische Region Braunschweig,Rumänien,Anzahl,K031,8745
2023,Region Hannover,Rumänien,Anzahl,K03241,8260
2023,"dav. Hannover, Lhst.",Rumänien,Anzahl,K03241001,4180
2023,"dav. Hannover, Umland",Rumänien,Anzahl,K03241999,4080
2023,Diepholz,Rumänien,Anzahl,K03251,2540
2023,Hameln-Pyrmont,Rumänien,Anzahl,K03252,1545
2023,Hildesheim,Rumänien,Anzahl,K03254,1660
2023,Holzminden,Rumänien,Anzahl,K03255,260
2023,Nienburg (Weser),Rumänien,Anzahl,K03256,1485
2023,Schaumburg,Rumänien,Anzahl,K03257,830
2023,Statistische Region Hannover,Rumänien,Anzahl,K032,16580
2023,Celle,Rumänien,Anzahl,K03351,1240
2023,Cuxhaven,Rumänien,Anzahl,K03352,830
2023,Harburg,Rumänien,Anzahl,K03353,2280
2023,Lüchow-Dannenberg,Rumänien,Anzahl,K03354,145
2023,Lüneburg,Rumänien,Anzahl,K03355,615
2023,Osterholz,Rumänien,Anzahl,K03356,280
2023,Rotenburg (Wümme),Rumänien,Anzahl,K03357,1100
2023,Heidekreis,Rumänien,Anzahl,K03358,1260
2023,Stade,Rumänien,Anzahl,K03359,1785
2023,Uelzen,Rumänien,Anzahl,K03360,390
2023,Verden,Rumänien,Anzahl,K03361,940
2023,Statistische Region Lüneburg,Rumänien,Anzahl,K033,10865
2023,"Delmenhorst, Stadt",Rumänien,Anzahl,K03401,1760
2023,"Emden, Stadt",Rumänien,Anzahl,K03402,745
2023,"Oldenburg (Oldb), Stadt",Rumänien,Anzahl,K03403,1435
2023,"Osnabrück, Stadt",Rumänien,Anzahl,K03404,1265
2023,"Wilhelmshaven, Stadt",Rumänien,Anzahl,K03405,815
2023,Ammerland,Rumänien,Anzahl,K03451,830
2023,Aurich,Rumänien,Anzahl,K03452,1395
2023,Cloppenburg,Rumänien,Anzahl,K03453,8060
2023,Emsland,Rumänien,Anzahl,K03454,8700
2023,Friesland,Rumänien,Anzahl,K03455,235
2023,Grafschaft Bentheim,Rumänien,Anzahl,K03456,1340
2023,Leer,Rumänien,Anzahl,K03457,1775
2023,Oldenburg,Rumänien,Anzahl,K03458,2570
2023,Osnabrück,Rumänien,Anzahl,K03459,8055
2023,Vechta,Rumänien,Anzahl,K03460,3890
2023,Wesermarsch,Rumänien,Anzahl,K03461,550
2023,Wittmund,Rumänien,Anzahl,K03462,280
2023,Statistische Region Weser-Ems,Rumänien,Anzahl,K034,43695
2023,Niedersachsen,Rumänien,Anzahl,K030,79890
2024,"Braunschweig, Stadt",Rumänien,Anzahl,K03101,615
2024,"Salzgitter, Stadt",Rumänien,Anzahl,K03102,2165
2024,"Wolfsburg, Stadt",Rumänien,Anzahl,K03103,645
2024,Gifhorn,Rumänien,Anzahl,K03151,1085
2024,Goslar,Rumänien,Anzahl,K03153,660
2024,Helmstedt,Rumänien,Anzahl,K03154,445
2024,Northeim,Rumänien,Anzahl,K03155,805
2024,Peine,Rumänien,Anzahl,K03157,745
2024,Wolfenbüttel,Rumänien,Anzahl,K03158,170
2024,Göttingen,Rumänien,Anzahl,K03159,2010
2024,Statistische Region Braunschweig,Rumänien,Anzahl,K031,9350
2024,Region Hannover,Rumänien,Anzahl,K03241,8635
2024,"dav. Hannover, Lhst.",Rumänien,Anzahl,K03241001,4450
2024,"dav. Hannover, Umland",Rumänien,Anzahl,K03241999,4185
2024,Diepholz,Rumänien,Anzahl,K03251,2475
2024,Hameln-Pyrmont,Rumänien,Anzahl,K03252,1485
2024,Hildesheim,Rumänien,Anzahl,K03254,1610
2024,Holzminden,Rumänien,Anzahl,K03255,330
2024,Nienburg (Weser),Rumänien,Anzahl,K03256,1380
2024,Schaumburg,Rumänien,Anzahl,K03257,880
2024,Statistische Region Hannover,Rumänien,Anzahl,K032,16795
2024,Celle,Rumänien,Anzahl,K03351,1285
2024,Cuxhaven,Rumänien,Anzahl,K03352,805
2024,Harburg,Rumänien,Anzahl,K03353,2315
2024,Lüchow-Dannenberg,Rumänien,Anzahl,K03354,160
2024,Lüneburg,Rumänien,Anzahl,K03355,565
2024,Osterholz,Rumänien,Anzahl,K03356,275
2024,Rotenburg (Wümme),Rumänien,Anzahl,K03357,1060
2024,Heidekreis,Rumänien,Anzahl,K03358,1200
2024,Stade,Rumänien,Anzahl,K03359,1910
2024,Uelzen,Rumänien,Anzahl,K03360,390
2024,Verden,Rumänien,Anzahl,K03361,930
2024,Statistische Region Lüneburg,Rumänien,Anzahl,K033,10895
2024,"Delmenhorst, Stadt",Rumänien,Anzahl,K03401,1770
2024,"Emden, Stadt",Rumänien,Anzahl,K03402,735
2024,"Oldenburg (Oldb), Stadt",Rumänien,Anzahl,K03403,1405
2024,"Osnabrück, Stadt",Rumänien,Anzahl,K03404,1205
2024,"Wilhelmshaven, Stadt",Rumänien,Anzahl,K03405,800
2024,Ammerland,Rumänien,Anzahl,K03451,800
2024,Aurich,Rumänien,Anzahl,K03452,1300
2024,Cloppenburg,Rumänien,Anzahl,K03453,8260
2024,Emsland,Rumänien,Anzahl,K03454,8945
2024,Friesland,Rumänien,Anzahl,K03455,245
2024,Grafschaft Bentheim,Rumänien,Anzahl,K03456,1355
2024,Leer,Rumänien,Anzahl,K03457,1765
2024,Oldenburg,Rumänien,Anzahl,K03458,2500
2024,Osnabrück,Rumänien,Anzahl,K03459,8110
2024,Vechta,Rumänien,Anzahl,K03460,3820
2024,Wesermarsch,Rumänien,Anzahl,K03461,575
2024,Wittmund,Rumänien,Anzahl,K03462,295
2024,Statistische Region Weser-Ems,Rumänien,Anzahl,K034,43890
2024,Niedersachsen,Rumänien,Anzahl,K030,80935
2025,"Braunschweig, Stadt",Rumänien,Anzahl,K03101,655
2025,"Salzgitter, Stadt",Rumänien,Anzahl,K03102,2345
2025,"Wolfsburg, Stadt",Rumänien,Anzahl,K03103,615
2025,Gifhorn,Rumänien,Anzahl,K03151,1020
2025,Goslar,Rumänien,Anzahl,K03153,625
2025,Helmstedt,Rumänien,Anzahl,K03154,470
2025,Northeim,Rumänien,Anzahl,K03155,715
2025,Peine,Rumänien,Anzahl,K03157,740
2025,Wolfenbüttel,Rumänien,Anzahl,K03158,175
2025,Göttingen,Rumänien,Anzahl,K03159,2080
2025,Statistische Region Braunschweig,Rumänien,Anzahl,K031,9440
2025,Region Hannover,Rumänien,Anzahl,K03241,8045
2025,"dav. Hannover, Lhst.",Rumänien,Anzahl,K03241001,4010
2025,"dav. Hannover, Umland",Rumänien,Anzahl,K03241999,4035
2025,Diepholz,Rumänien,Anzahl,K03251,2510
2025,Hameln-Pyrmont,Rumänien,Anzahl,K03252,1510
2025,Hildesheim,Rumänien,Anzahl,K03254,1625
2025,Holzminden,Rumänien,Anzahl,K03255,365
2025,Nienburg (Weser),Rumänien,Anzahl,K03256,1330
2025,Schaumburg,Rumänien,Anzahl,K03257,845
2025,Statistische Region Hannover,Rumänien,Anzahl,K032,16230
2025,Celle,Rumänien,Anzahl,K03351,1280
2025,Cuxhaven,Rumänien,Anzahl,K03352,795
2025,Harburg,Rumänien,Anzahl,K03353,2130
2025,Lüchow-Dannenberg,Rumänien,Anzahl,K03354,170
2025,Lüneburg,Rumänien,Anzahl,K03355,560
2025,Osterholz,Rumänien,Anzahl,K03356,245
2025,Rotenburg (Wümme),Rumänien,Anzahl,K03357,1095
2025,Heidekreis,Rumänien,Anzahl,K03358,1220
2025,Stade,Rumänien,Anzahl,K03359,1865
2025,Uelzen,Rumänien,Anzahl,K03360,410
2025,Verden,Rumänien,Anzahl,K03361,995
2025,Statistische Region Lüneburg,Rumänien,Anzahl,K033,10770
2025,"Delmenhorst, Stadt",Rumänien,Anzahl,K03401,1840
2025,"Emden, Stadt",Rumänien,Anzahl,K03402,685
2025,"Oldenburg (Oldb), Stadt",Rumänien,Anzahl,K03403,1335
2025,"Osnabrück, Stadt",Rumänien,Anzahl,K03404,1165
2025,"Wilhelmshaven, Stadt",Rumänien,Anzahl,K03405,835
2025,Ammerland,Rumänien,Anzahl,K03451,935
2025,Aurich,Rumänien,Anzahl,K03452,1345
2025,Cloppenburg,Rumänien,Anzahl,K03453,7585
2025,Emsland,Rumänien,Anzahl,K03454,9155
2025,Friesland,Rumänien,Anzahl,K03455,280
2025,Grafschaft Bentheim,Rumänien,Anzahl,K03456,1460
2025,Leer,Rumänien,Anzahl,K03457,1785
2025,Oldenburg,Rumänien,Anzahl,K03458,2305
2025,Osnabrück,Rumänien,Anzahl,K03459,8115
2025,Vechta,Rumänien,Anzahl,K03460,3880
2025,Wesermarsch,Rumänien,Anzahl,K03461,615
2025,Wittmund,Rumänien,Anzahl,K03462,255
2025,Statistische Region Weser-Ems,Rumänien,Anzahl,K034,43570
2025,Niedersachsen,Rumänien,Anzahl,K030,80010
2005,"Braunschweig, Stadt",Ukraine,Veränderung gegenüber 2005 in Prozent,K03101,0
2005,"Salzgitter, Stadt",Ukraine,Veränderung gegenüber 2005 in Prozent,K03102,0
2005,"Wolfsburg, Stadt",Ukraine,Veränderung gegenüber 2005 in Prozent,K03103,0
2005,Gifhorn,Ukraine,Veränderung gegenüber 2005 in Prozent,K03151,0
2005,Goslar,Ukraine,Veränderung gegenüber 2005 in Prozent,K03153,0
2005,Helmstedt,Ukraine,Veränderung gegenüber 2005 in Prozent,K03154,0
2005,Northeim,Ukraine,Veränderung gegenüber 2005 in Prozent,K03155,0
2005,Peine,Ukraine,Veränderung gegenüber 2005 in Prozent,K03157,0
2005,Wolfenbüttel,Ukraine,Veränderung gegenüber 2005 in Prozent,K03158,0
2005,Göttingen,Ukraine,Veränderung gegenüber 2005 in Prozent,K03159,0
2005,Statistische Region Braunschweig,Ukraine,Veränderung gegenüber 2005 in Prozent,K031,0
2005,Region Hannover,Ukraine,Veränderung gegenüber 2005 in Prozent,K03241,0
2005,"dav. Hannover, Lhst.",Ukraine,Veränderung gegenüber 2005 in Prozent,K03241001,0
2005,"dav. Hannover, Umland",Ukraine,Veränderung gegenüber 2005 in Prozent,K03241999,0
2005,Diepholz,Ukraine,Veränderung gegenüber 2005 in Prozent,K03251,0
2005,Hameln-Pyrmont,Ukraine,Veränderung gegenüber 2005 in Prozent,K03252,0
2005,Hildesheim,Ukraine,Veränderung gegenüber 2005 in Prozent,K03254,0
2005,Holzminden,Ukraine,Veränderung gegenüber 2005 in Prozent,K03255,0
2005,Nienburg (Weser),Ukraine,Veränderung gegenüber 2005 in Prozent,K03256,0
2005,Schaumburg,Ukraine,Veränderung gegenüber 2005 in Prozent,K03257,0
2005,Statistische Region Hannover,Ukraine,Veränderung gegenüber 2005 in Prozent,K032,0
2005,Celle,Ukraine,Veränderung gegenüber 2005 in Prozent,K03351,0
2005,Cuxhaven,Ukraine,Veränderung gegenüber 2005 in Prozent,K03352,0
2005,Harburg,Ukraine,Veränderung gegenüber 2005 in Prozent,K03353,0
2005,Lüchow-Dannenberg,Ukraine,Veränderung gegenüber 2005 in Prozent,K03354,0
2005,Lüneburg,Ukraine,Veränderung gegenüber 2005 in Prozent,K03355,0
2005,Osterholz,Ukraine,Veränderung gegenüber 2005 in Prozent,K03356,0
2005,Rotenburg (Wümme),Ukraine,Veränderung gegenüber 2005 in Prozent,K03357,0
2005,Heidekreis,Ukraine,Veränderung gegenüber 2005 in Prozent,K03358,0
2005,Stade,Ukraine,Veränderung gegenüber 2005 in Prozent,K03359,0
2005,Uelzen,Ukraine,Veränderung gegenüber 2005 in Prozent,K03360,0
2005,Verden,Ukraine,Veränderung gegenüber 2005 in Prozent,K03361,0
2005,Statistische Region Lüneburg,Ukraine,Veränderung gegenüber 2005 in Prozent,K033,0
2005,"Delmenhorst, Stadt",Ukraine,Veränderung gegenüber 2005 in Prozent,K03401,0
2005,"Emden, Stadt",Ukraine,Veränderung gegenüber 2005 in Prozent,K03402,0
2005,"Oldenburg (Oldb), Stadt",Ukraine,Veränderung gegenüber 2005 in Prozent,K03403,0
2005,"Osnabrück, Stadt",Ukraine,Veränderung gegenüber 2005 in Prozent,K03404,0
2005,"Wilhelmshaven, Stadt",Ukraine,Veränderung gegenüber 2005 in Prozent,K03405,0
2005,Ammerland,Ukraine,Veränderung gegenüber 2005 in Prozent,K03451,0
2005,Aurich,Ukraine,Veränderung gegenüber 2005 in Prozent,K03452,0
2005,Cloppenburg,Ukraine,Veränderung gegenüber 2005 in Prozent,K03453,0
2005,Emsland,Ukraine,Veränderung gegenüber 2005 in Prozent,K03454,0
2005,Friesland,Ukraine,Veränderung gegenüber 2005 in Prozent,K03455,0
2005,Grafschaft Bentheim,Ukraine,Veränderung gegenüber 2005 in Prozent,K03456,0
2005,Leer,Ukraine,Veränderung gegenüber 2005 in Prozent,K03457,0
2005,Oldenburg,Ukraine,Veränderung gegenüber 2005 in Prozent,K03458,0
2005,Osnabrück,Ukraine,Veränderung gegenüber 2005 in Prozent,K03459,0
2005,Vechta,Ukraine,Veränderung gegenüber 2005 in Prozent,K03460,0
2005,Wesermarsch,Ukraine,Veränderung gegenüber 2005 in Prozent,K03461,0
2005,Wittmund,Ukraine,Veränderung gegenüber 2005 in Prozent,K03462,0
2005,Statistische Region Weser-Ems,Ukraine,Veränderung gegenüber 2005 in Prozent,K034,0
2005,Niedersachsen,Ukraine,Veränderung gegenüber 2005 in Prozent,K030,0
2011,"Braunschweig, Stadt",Ukraine,Veränderung gegenüber 2005 in Prozent,K03101,6
2011,"Salzgitter, Stadt",Ukraine,Veränderung gegenüber 2005 in Prozent,K03102,4
2011,"Wolfsburg, Stadt",Ukraine,Veränderung gegenüber 2005 in Prozent,K03103,12
2011,Gifhorn,Ukraine,Veränderung gegenüber 2005 in Prozent,K03151,-14
2011,Goslar,Ukraine,Veränderung gegenüber 2005 in Prozent,K03153,5
2011,Helmstedt,Ukraine,Veränderung gegenüber 2005 in Prozent,K03154,-13
2011,Northeim,Ukraine,Veränderung gegenüber 2005 in Prozent,K03155,20
2011,Peine,Ukraine,Veränderung gegenüber 2005 in Prozent,K03157,46
2011,Wolfenbüttel,Ukraine,Veränderung gegenüber 2005 in Prozent,K03158,-17
2011,Göttingen,Ukraine,Veränderung gegenüber 2005 in Prozent,K03159,-17
2011,Statistische Region Braunschweig,Ukraine,Veränderung gegenüber 2005 in Prozent,K031,-4
2011,Region Hannover,Ukraine,Veränderung gegenüber 2005 in Prozent,K03241,-17
2011,"dav. Hannover, Lhst.",Ukraine,Veränderung gegenüber 2005 in Prozent,K03241001,-19
2011,"dav. Hannover, Umland",Ukraine,Veränderung gegenüber 2005 in Prozent,K03241999,-10
2011,Diepholz,Ukraine,Veränderung gegenüber 2005 in Prozent,K03251,14
2011,Hameln-Pyrmont,Ukraine,Veränderung gegenüber 2005 in Prozent,K03252,-26
2011,Hildesheim,Ukraine,Veränderung gegenüber 2005 in Prozent,K03254,1
2011,Holzminden,Ukraine,Veränderung gegenüber 2005 in Prozent,K03255,26
2011,Nienburg (Weser),Ukraine,Veränderung gegenüber 2005 in Prozent,K03256,5
2011,Schaumburg,Ukraine,Veränderung gegenüber 2005 in Prozent,K03257,2
2011,Statistische Region Hannover,Ukraine,Veränderung gegenüber 2005 in Prozent,K032,-16
2011,Celle,Ukraine,Veränderung gegenüber 2005 in Prozent,K03351,-5
2011,Cuxhaven,Ukraine,Veränderung gegenüber 2005 in Prozent,K03352,9
2011,Harburg,Ukraine,Veränderung gegenüber 2005 in Prozent,K03353,17
2011,Lüchow-Dannenberg,Ukraine,Veränderung gegenüber 2005 in Prozent,K03354,0
2011,Lüneburg,Ukraine,Veränderung gegenüber 2005 in Prozent,K03355,10
2011,Osterholz,Ukraine,Veränderung gegenüber 2005 in Prozent,K03356,-8
2011,Rotenburg (Wümme),Ukraine,Veränderung gegenüber 2005 in Prozent,K03357,-8
2011,Heidekreis,Ukraine,Veränderung gegenüber 2005 in Prozent,K03358,-11
2011,Stade,Ukraine,Veränderung gegenüber 2005 in Prozent,K03359,-4
2011,Uelzen,Ukraine,Veränderung gegenüber 2005 in Prozent,K03360,9
2011,Verden,Ukraine,Veränderung gegenüber 2005 in Prozent,K03361,-3
2011,Statistische Region Lüneburg,Ukraine,Veränderung gegenüber 2005 in Prozent,K033,1
2011,"Delmenhorst, Stadt",Ukraine,Veränderung gegenüber 2005 in Prozent,K03401,-19
2011,"Emden, Stadt",Ukraine,Veränderung gegenüber 2005 in Prozent,K03402,-13
2011,"Oldenburg (Oldb), Stadt",Ukraine,Veränderung gegenüber 2005 in Prozent,K03403,-11
2011,"Osnabrück, Stadt",Ukraine,Veränderung gegenüber 2005 in Prozent,K03404,-30
2011,"Wilhelmshaven, Stadt",Ukraine,Veränderung gegenüber 2005 in Prozent,K03405,-33
2011,Ammerland,Ukraine,Veränderung gegenüber 2005 in Prozent,K03451,28
2011,Aurich,Ukraine,Veränderung gegenüber 2005 in Prozent,K03452,-10
2011,Cloppenburg,Ukraine,Veränderung gegenüber 2005 in Prozent,K03453,12
2011,Emsland,Ukraine,Veränderung gegenüber 2005 in Prozent,K03454,26
2011,Friesland,Ukraine,Veränderung gegenüber 2005 in Prozent,K03455,37
2011,Grafschaft Bentheim,Ukraine,Veränderung gegenüber 2005 in Prozent,K03456,26
2011,Leer,Ukraine,Veränderung gegenüber 2005 in Prozent,K03457,31
2011,Oldenburg,Ukraine,Veränderung gegenüber 2005 in Prozent,K03458,5
2011,Osnabrück,Ukraine,Veränderung gegenüber 2005 in Prozent,K03459,2
2011,Vechta,Ukraine,Veränderung gegenüber 2005 in Prozent,K03460,-7
2011,Wesermarsch,Ukraine,Veränderung gegenüber 2005 in Prozent,K03461,-24
2011,Wittmund,Ukraine,Veränderung gegenüber 2005 in Prozent,K03462,18
2011,Statistische Region Weser-Ems,Ukraine,Veränderung gegenüber 2005 in Prozent,K034,-12
2011,Niedersachsen,Ukraine,Veränderung gegenüber 2005 in Prozent,K030,-13
2012,"Braunschweig, Stadt",Ukraine,Veränderung gegenüber 2005 in Prozent,K03101,2
2012,"Salzgitter, Stadt",Ukraine,Veränderung gegenüber 2005 in Prozent,K03102,21
2012,"Wolfsburg, Stadt",Ukraine,Veränderung gegenüber 2005 in Prozent,K03103,31
2012,Gifhorn,Ukraine,Veränderung gegenüber 2005 in Prozent,K03151,-16
2012,Goslar,Ukraine,Veränderung gegenüber 2005 in Prozent,K03153,2
2012,Helmstedt,Ukraine,Veränderung gegenüber 2005 in Prozent,K03154,-9
2012,Northeim,Ukraine,Veränderung gegenüber 2005 in Prozent,K03155,15
2012,Peine,Ukraine,Veränderung gegenüber 2005 in Prozent,K03157,54
2012,Wolfenbüttel,Ukraine,Veränderung gegenüber 2005 in Prozent,K03158,-23
2012,Göttingen,Ukraine,Veränderung gegenüber 2005 in Prozent,K03159,-22
2012,Statistische Region Braunschweig,Ukraine,Veränderung gegenüber 2005 in Prozent,K031,-5
2012,Region Hannover,Ukraine,Veränderung gegenüber 2005 in Prozent,K03241,-20
2012,"dav. Hannover, Lhst.",Ukraine,Veränderung gegenüber 2005 in Prozent,K03241001,-22
2012,"dav. Hannover, Umland",Ukraine,Veränderung gegenüber 2005 in Prozent,K03241999,-11
2012,Diepholz,Ukraine,Veränderung gegenüber 2005 in Prozent,K03251,25
2012,Hameln-Pyrmont,Ukraine,Veränderung gegenüber 2005 in Prozent,K03252,-29
2012,Hildesheim,Ukraine,Veränderung gegenüber 2005 in Prozent,K03254,-1
2012,Holzminden,Ukraine,Veränderung gegenüber 2005 in Prozent,K03255,52
2012,Nienburg (Weser),Ukraine,Veränderung gegenüber 2005 in Prozent,K03256,9
2012,Schaumburg,Ukraine,Veränderung gegenüber 2005 in Prozent,K03257,-4
2012,Statistische Region Hannover,Ukraine,Veränderung gegenüber 2005 in Prozent,K032,-18
2012,Celle,Ukraine,Veränderung gegenüber 2005 in Prozent,K03351,-2
2012,Cuxhaven,Ukraine,Veränderung gegenüber 2005 in Prozent,K03352,1
2012,Harburg,Ukraine,Veränderung gegenüber 2005 in Prozent,K03353,18
2012,Lüchow-Dannenberg,Ukraine,Veränderung gegenüber 2005 in Prozent,K03354,-10
2012,Lüneburg,Ukraine,Veränderung gegenüber 2005 in Prozent,K03355,14
2012,Osterholz,Ukraine,Veränderung gegenüber 2005 in Prozent,K03356,-6
2012,Rotenburg (Wümme),Ukraine,Veränderung gegenüber 2005 in Prozent,K03357,-5
2012,Heidekreis,Ukraine,Veränderung gegenüber 2005 in Prozent,K03358,-10
2012,Stade,Ukraine,Veränderung gegenüber 2005 in Prozent,K03359,5
2012,Uelzen,Ukraine,Veränderung gegenüber 2005 in Prozent,K03360,9
2012,Verden,Ukraine,Veränderung gegenüber 2005 in Prozent,K03361,-3
2012,Statistische Region Lüneburg,Ukraine,Veränderung gegenüber 2005 in Prozent,K033,3
2012,"Delmenhorst, Stadt",Ukraine,Veränderung gegenüber 2005 in Prozent,K03401,-21
2012,"Emden, Stadt",Ukraine,Veränderung gegenüber 2005 in Prozent,K03402,-3
2012,"Oldenburg (Oldb), Stadt",Ukraine,Veränderung gegenüber 2005 in Prozent,K03403,-4
2012,"Osnabrück, Stadt",Ukraine,Veränderung gegenüber 2005 in Prozent,K03404,-31
2012,"Wilhelmshaven, Stadt",Ukraine,Veränderung gegenüber 2005 in Prozent,K03405,-33
2012,Ammerland,Ukraine,Veränderung gegenüber 2005 in Prozent,K03451,31
2012,Aurich,Ukraine,Veränderung gegenüber 2005 in Prozent,K03452,-8
2012,Cloppenburg,Ukraine,Veränderung gegenüber 2005 in Prozent,K03453,17
2012,Emsland,Ukraine,Veränderung gegenüber 2005 in Prozent,K03454,10
2012,Friesland,Ukraine,Veränderung gegenüber 2005 in Prozent,K03455,15
2012,Grafschaft Bentheim,Ukraine,Veränderung gegenüber 2005 in Prozent,K03456,36
2012,Leer,Ukraine,Veränderung gegenüber 2005 in Prozent,K03457,26
2012,Oldenburg,Ukraine,Veränderung gegenüber 2005 in Prozent,K03458,-3
2012,Osnabrück,Ukraine,Veränderung gegenüber 2005 in Prozent,K03459,0
2012,Vechta,Ukraine,Veränderung gegenüber 2005 in Prozent,K03460,-4
2012,Wesermarsch,Ukraine,Veränderung gegenüber 2005 in Prozent,K03461,-21
2012,Wittmund,Ukraine,Veränderung gegenüber 2005 in Prozent,K03462,0
2012,Statistische Region Weser-Ems,Ukraine,Veränderung gegenüber 2005 in Prozent,K034,-13
2012,Niedersachsen,Ukraine,Veränderung gegenüber 2005 in Prozent,K030,-14
2013,"Braunschweig, Stadt",Ukraine,Veränderung gegenüber 2005 in Prozent,K03101,7
2013,"Salzgitter, Stadt",Ukraine,Veränderung gegenüber 2005 in Prozent,K03102,13
2013,"Wolfsburg, Stadt",Ukraine,Veränderung gegenüber 2005 in Prozent,K03103,35
2013,Gifhorn,Ukraine,Veränderung gegenüber 2005 in Prozent,K03151,-7
2013,Goslar,Ukraine,Veränderung gegenüber 2005 in Prozent,K03153,7
2013,Helmstedt,Ukraine,Veränderung gegenüber 2005 in Prozent,K03154,-13
2013,Northeim,Ukraine,Veränderung gegenüber 2005 in Prozent,K03155,42
2013,Peine,Ukraine,Veränderung gegenüber 2005 in Prozent,K03157,51
2013,Wolfenbüttel,Ukraine,Veränderung gegenüber 2005 in Prozent,K03158,-21
2013,Göttingen,Ukraine,Veränderung gegenüber 2005 in Prozent,K03159,-20
2013,Statistische Region Braunschweig,Ukraine,Veränderung gegenüber 2005 in Prozent,K031,-1
2013,Region Hannover,Ukraine,Veränderung gegenüber 2005 in Prozent,K03241,-21
2013,"dav. Hannover, Lhst.",Ukraine,Veränderung gegenüber 2005 in Prozent,K03241001,-24
2013,"dav. Hannover, Umland",Ukraine,Veränderung gegenüber 2005 in Prozent,K03241999,-10
2013,Diepholz,Ukraine,Veränderung gegenüber 2005 in Prozent,K03251,31
2013,Hameln-Pyrmont,Ukraine,Veränderung gegenüber 2005 in Prozent,K03252,-33
2013,Hildesheim,Ukraine,Veränderung gegenüber 2005 in Prozent,K03254,2
2013,Holzminden,Ukraine,Veränderung gegenüber 2005 in Prozent,K03255,70
2013,Nienburg (Weser),Ukraine,Veränderung gegenüber 2005 in Prozent,K03256,17
2013,Schaumburg,Ukraine,Veränderung gegenüber 2005 in Prozent,K03257,-20
2013,Statistische Region Hannover,Ukraine,Veränderung gegenüber 2005 in Prozent,K032,-20
2013,Celle,Ukraine,Veränderung gegenüber 2005 in Prozent,K03351,-1
2013,Cuxhaven,Ukraine,Veränderung gegenüber 2005 in Prozent,K03352,1
2013,Harburg,Ukraine,Veränderung gegenüber 2005 in Prozent,K03353,33
2013,Lüchow-Dannenberg,Ukraine,Veränderung gegenüber 2005 in Prozent,K03354,15
2013,Lüneburg,Ukraine,Veränderung gegenüber 2005 in Prozent,K03355,3
2013,Osterholz,Ukraine,Veränderung gegenüber 2005 in Prozent,K03356,-15
2013,Rotenburg (Wümme),Ukraine,Veränderung gegenüber 2005 in Prozent,K03357,9
2013,Heidekreis,Ukraine,Veränderung gegenüber 2005 in Prozent,K03358,-4
2013,Stade,Ukraine,Veränderung gegenüber 2005 in Prozent,K03359,6
2013,Uelzen,Ukraine,Veränderung gegenüber 2005 in Prozent,K03360,24
2013,Verden,Ukraine,Veränderung gegenüber 2005 in Prozent,K03361,-11
2013,Statistische Region Lüneburg,Ukraine,Veränderung gegenüber 2005 in Prozent,K033,6
2013,"Delmenhorst, Stadt",Ukraine,Veränderung gegenüber 2005 in Prozent,K03401,-26
2013,"Emden, Stadt",Ukraine,Veränderung gegenüber 2005 in Prozent,K03402,0
2013,"Oldenburg (Oldb), Stadt",Ukraine,Veränderung gegenüber 2005 in Prozent,K03403,-5
2013,"Osnabrück, Stadt",Ukraine,Veränderung gegenüber 2005 in Prozent,K03404,-35
2013,"Wilhelmshaven, Stadt",Ukraine,Veränderung gegenüber 2005 in Prozent,K03405,-24
2013,Ammerland,Ukraine,Veränderung gegenüber 2005 in Prozent,K03451,16
2013,Aurich,Ukraine,Veränderung gegenüber 2005 in Prozent,K03452,-15
2013,Cloppenburg,Ukraine,Veränderung gegenüber 2005 in Prozent,K03453,17
2013,Emsland,Ukraine,Veränderung gegenüber 2005 in Prozent,K03454,-12
2013,Friesland,Ukraine,Veränderung gegenüber 2005 in Prozent,K03455,7
2013,Grafschaft Bentheim,Ukraine,Veränderung gegenüber 2005 in Prozent,K03456,91
2013,Leer,Ukraine,Veränderung gegenüber 2005 in Prozent,K03457,23
2013,Oldenburg,Ukraine,Veränderung gegenüber 2005 in Prozent,K03458,16
2013,Osnabrück,Ukraine,Veränderung gegenüber 2005 in Prozent,K03459,3
2013,Vechta,Ukraine,Veränderung gegenüber 2005 in Prozent,K03460,-7
2013,Wesermarsch,Ukraine,Veränderung gegenüber 2005 in Prozent,K03461,-23
2013,Wittmund,Ukraine,Veränderung gegenüber 2005 in Prozent,K03462,-36
2013,Statistische Region Weser-Ems,Ukraine,Veränderung gegenüber 2005 in Prozent,K034,-15
2013,Niedersachsen,Ukraine,Veränderung gegenüber 2005 in Prozent,K030,-15
2014,"Braunschweig, Stadt",Ukraine,Veränderung gegenüber 2005 in Prozent,K03101,15
2014,"Salzgitter, Stadt",Ukraine,Veränderung gegenüber 2005 in Prozent,K03102,21
2014,"Wolfsburg, Stadt",Ukraine,Veränderung gegenüber 2005 in Prozent,K03103,48
2014,Gifhorn,Ukraine,Veränderung gegenüber 2005 in Prozent,K03151,-4
2014,Goslar,Ukraine,Veränderung gegenüber 2005 in Prozent,K03153,9
2014,Helmstedt,Ukraine,Veränderung gegenüber 2005 in Prozent,K03154,-2
2014,Northeim,Ukraine,Veränderung gegenüber 2005 in Prozent,K03155,29
2014,Peine,Ukraine,Veränderung gegenüber 2005 in Prozent,K03157,70
2014,Wolfenbüttel,Ukraine,Veränderung gegenüber 2005 in Prozent,K03158,-15
2014,Göttingen,Ukraine,Veränderung gegenüber 2005 in Prozent,K03159,-20
2014,Statistische Region Braunschweig,Ukraine,Veränderung gegenüber 2005 in Prozent,K031,3
2014,Region Hannover,Ukraine,Veränderung gegenüber 2005 in Prozent,K03241,-21
2014,"dav. Hannover, Lhst.",Ukraine,Veränderung gegenüber 2005 in Prozent,K03241001,-24
2014,"dav. Hannover, Umland",Ukraine,Veränderung gegenüber 2005 in Prozent,K03241999,-8
2014,Diepholz,Ukraine,Veränderung gegenüber 2005 in Prozent,K03251,38
2014,Hameln-Pyrmont,Ukraine,Veränderung gegenüber 2005 in Prozent,K03252,-30
2014,Hildesheim,Ukraine,Veränderung gegenüber 2005 in Prozent,K03254,5
2014,Holzminden,Ukraine,Veränderung gegenüber 2005 in Prozent,K03255,83
2014,Nienburg (Weser),Ukraine,Veränderung gegenüber 2005 in Prozent,K03256,28
2014,Schaumburg,Ukraine,Veränderung gegenüber 2005 in Prozent,K03257,-10
2014,Statistische Region Hannover,Ukraine,Veränderung gegenüber 2005 in Prozent,K032,-19
2014,Celle,Ukraine,Veränderung gegenüber 2005 in Prozent,K03351,2
2014,Cuxhaven,Ukraine,Veränderung gegenüber 2005 in Prozent,K03352,7
2014,Harburg,Ukraine,Veränderung gegenüber 2005 in Prozent,K03353,37
2014,Lüchow-Dannenberg,Ukraine,Veränderung gegenüber 2005 in Prozent,K03354,30
2014,Lüneburg,Ukraine,Veränderung gegenüber 2005 in Prozent,K03355,18
2014,Osterholz,Ukraine,Veränderung gegenüber 2005 in Prozent,K03356,23
2014,Rotenburg (Wümme),Ukraine,Veränderung gegenüber 2005 in Prozent,K03357,8
2014,Heidekreis,Ukraine,Veränderung gegenüber 2005 in Prozent,K03358,16
2014,Stade,Ukraine,Veränderung gegenüber 2005 in Prozent,K03359,12
2014,Uelzen,Ukraine,Veränderung gegenüber 2005 in Prozent,K03360,48
2014,Verden,Ukraine,Veränderung gegenüber 2005 in Prozent,K03361,3
2014,Statistische Region Lüneburg,Ukraine,Veränderung gegenüber 2005 in Prozent,K033,16
2014,"Delmenhorst, Stadt",Ukraine,Veränderung gegenüber 2005 in Prozent,K03401,-24
2014,"Emden, Stadt",Ukraine,Veränderung gegenüber 2005 in Prozent,K03402,16
2014,"Oldenburg (Oldb), Stadt",Ukraine,Veränderung gegenüber 2005 in Prozent,K03403,0
2014,"Osnabrück, Stadt",Ukraine,Veränderung gegenüber 2005 in Prozent,K03404,-37
2014,"Wilhelmshaven, Stadt",Ukraine,Veränderung gegenüber 2005 in Prozent,K03405,-13
2014,Ammerland,Ukraine,Veränderung gegenüber 2005 in Prozent,K03451,47
2014,Aurich,Ukraine,Veränderung gegenüber 2005 in Prozent,K03452,0
2014,Cloppenburg,Ukraine,Veränderung gegenüber 2005 in Prozent,K03453,31
2014,Emsland,Ukraine,Veränderung gegenüber 2005 in Prozent,K03454,2
2014,Friesland,Ukraine,Veränderung gegenüber 2005 in Prozent,K03455,-7
2014,Grafschaft Bentheim,Ukraine,Veränderung gegenüber 2005 in Prozent,K03456,102
2014,Leer,Ukraine,Veränderung gegenüber 2005 in Prozent,K03457,26
2014,Oldenburg,Ukraine,Veränderung gegenüber 2005 in Prozent,K03458,55
2014,Osnabrück,Ukraine,Veränderung gegenüber 2005 in Prozent,K03459,9
2014,Vechta,Ukraine,Veränderung gegenüber 2005 in Prozent,K03460,4
2014,Wesermarsch,Ukraine,Veränderung gegenüber 2005 in Prozent,K03461,-24
2014,Wittmund,Ukraine,Veränderung gegenüber 2005 in Prozent,K03462,-9
2014,Statistische Region Weser-Ems,Ukraine,Veränderung gegenüber 2005 in Prozent,K034,-11
2014,Niedersachsen,Ukraine,Veränderung gegenüber 2005 in Prozent,K030,-12
2015,"Braunschweig, Stadt",Ukraine,Veränderung gegenüber 2005 in Prozent,K03101,13
2015,"Salzgitter, Stadt",Ukraine,Veränderung gegenüber 2005 in Prozent,K03102,19
2015,"Wolfsburg, Stadt",Ukraine,Veränderung gegenüber 2005 in Prozent,K03103,68
2015,Gifhorn,Ukraine,Veränderung gegenüber 2005 in Prozent,K03151,7
2015,Goslar,Ukraine,Veränderung gegenüber 2005 in Prozent,K03153,10
2015,Helmstedt,Ukraine,Veränderung gegenüber 2005 in Prozent,K03154,-2
2015,Northeim,Ukraine,Veränderung gegenüber 2005 in Prozent,K03155,27
2015,Peine,Ukraine,Veränderung gegenüber 2005 in Prozent,K03157,84
2015,Wolfenbüttel,Ukraine,Veränderung gegenüber 2005 in Prozent,K03158,-15
2015,Göttingen,Ukraine,Veränderung gegenüber 2005 in Prozent,K03159,-16
2015,Statistische Region Braunschweig,Ukraine,Veränderung gegenüber 2005 in Prozent,K031,7
2015,Region Hannover,Ukraine,Veränderung gegenüber 2005 in Prozent,K03241,-23
2015,"dav. Hannover, Lhst.",Ukraine,Veränderung gegenüber 2005 in Prozent,K03241001,-26
2015,"dav. Hannover, Umland",Ukraine,Veränderung gegenüber 2005 in Prozent,K03241999,-11
2015,Diepholz,Ukraine,Veränderung gegenüber 2005 in Prozent,K03251,42
2015,Hameln-Pyrmont,Ukraine,Veränderung gegenüber 2005 in Prozent,K03252,-26
2015,Hildesheim,Ukraine,Veränderung gegenüber 2005 in Prozent,K03254,14
2015,Holzminden,Ukraine,Veränderung gegenüber 2005 in Prozent,K03255,96
2015,Nienburg (Weser),Ukraine,Veränderung gegenüber 2005 in Prozent,K03256,14
2015,Schaumburg,Ukraine,Veränderung gegenüber 2005 in Prozent,K03257,-10
2015,Statistische Region Hannover,Ukraine,Veränderung gegenüber 2005 in Prozent,K032,-21
2015,Celle,Ukraine,Veränderung gegenüber 2005 in Prozent,K03351,11
2015,Cuxhaven,Ukraine,Veränderung gegenüber 2005 in Prozent,K03352,30
2015,Harburg,Ukraine,Veränderung gegenüber 2005 in Prozent,K03353,41
2015,Lüchow-Dannenberg,Ukraine,Veränderung gegenüber 2005 in Prozent,K03354,20
2015,Lüneburg,Ukraine,Veränderung gegenüber 2005 in Prozent,K03355,17
2015,Osterholz,Ukraine,Veränderung gegenüber 2005 in Prozent,K03356,19
2015,Rotenburg (Wümme),Ukraine,Veränderung gegenüber 2005 in Prozent,K03357,16
2015,Heidekreis,Ukraine,Veränderung gegenüber 2005 in Prozent,K03358,33
2015,Stade,Ukraine,Veränderung gegenüber 2005 in Prozent,K03359,17
2015,Uelzen,Ukraine,Veränderung gegenüber 2005 in Prozent,K03360,58
2015,Verden,Ukraine,Veränderung gegenüber 2005 in Prozent,K03361,9
2015,Statistische Region Lüneburg,Ukraine,Veränderung gegenüber 2005 in Prozent,K033,23
2015,"Delmenhorst, Stadt",Ukraine,Veränderung gegenüber 2005 in Prozent,K03401,-21
2015,"Emden, Stadt",Ukraine,Veränderung gegenüber 2005 in Prozent,K03402,19
2015,"Oldenburg (Oldb), Stadt",Ukraine,Veränderung gegenüber 2005 in Prozent,K03403,-6
2015,"Osnabrück, Stadt",Ukraine,Veränderung gegenüber 2005 in Prozent,K03404,-39
2015,"Wilhelmshaven, Stadt",Ukraine,Veränderung gegenüber 2005 in Prozent,K03405,-11
2015,Ammerland,Ukraine,Veränderung gegenüber 2005 in Prozent,K03451,53
2015,Aurich,Ukraine,Veränderung gegenüber 2005 in Prozent,K03452,28
2015,Cloppenburg,Ukraine,Veränderung gegenüber 2005 in Prozent,K03453,41
2015,Emsland,Ukraine,Veränderung gegenüber 2005 in Prozent,K03454,25
2015,Friesland,Ukraine,Veränderung gegenüber 2005 in Prozent,K03455,33
2015,Grafschaft Bentheim,Ukraine,Veränderung gegenüber 2005 in Prozent,K03456,81
2015,Leer,Ukraine,Veränderung gegenüber 2005 in Prozent,K03457,35
2015,Oldenburg,Ukraine,Veränderung gegenüber 2005 in Prozent,K03458,100
2015,Osnabrück,Ukraine,Veränderung gegenüber 2005 in Prozent,K03459,13
2015,Vechta,Ukraine,Veränderung gegenüber 2005 in Prozent,K03460,3
2015,Wesermarsch,Ukraine,Veränderung gegenüber 2005 in Prozent,K03461,-14
2015,Wittmund,Ukraine,Veränderung gegenüber 2005 in Prozent,K03462,18
2015,Statistische Region Weser-Ems,Ukraine,Veränderung gegenüber 2005 in Prozent,K034,-8
2015,Niedersachsen,Ukraine,Veränderung gegenüber 2005 in Prozent,K030,-11
2016,"Braunschweig, Stadt",Ukraine,Veränderung gegenüber 2005 in Prozent,K03101,12
2016,"Salzgitter, Stadt",Ukraine,Veränderung gegenüber 2005 in Prozent,K03102,40
2016,"Wolfsburg, Stadt",Ukraine,Veränderung gegenüber 2005 in Prozent,K03103,59
2016,Gifhorn,Ukraine,Veränderung gegenüber 2005 in Prozent,K03151,15
2016,Goslar,Ukraine,Veränderung gegenüber 2005 in Prozent,K03153,14
2016,Helmstedt,Ukraine,Veränderung gegenüber 2005 in Prozent,K03154,22
2016,Northeim,Ukraine,Veränderung gegenüber 2005 in Prozent,K03155,61
2016,Peine,Ukraine,Veränderung gegenüber 2005 in Prozent,K03157,89
2016,Wolfenbüttel,Ukraine,Veränderung gegenüber 2005 in Prozent,K03158,-6
2016,Göttingen,Ukraine,Veränderung gegenüber 2005 in Prozent,K03159,-13
2016,Statistische Region Braunschweig,Ukraine,Veränderung gegenüber 2005 in Prozent,K031,12
2016,Region Hannover,Ukraine,Veränderung gegenüber 2005 in Prozent,K03241,-25
2016,"dav. Hannover, Lhst.",Ukraine,Veränderung gegenüber 2005 in Prozent,K03241001,-29
2016,"dav. Hannover, Umland",Ukraine,Veränderung gegenüber 2005 in Prozent,K03241999,-10
2016,Diepholz,Ukraine,Veränderung gegenüber 2005 in Prozent,K03251,36
2016,Hameln-Pyrmont,Ukraine,Veränderung gegenüber 2005 in Prozent,K03252,-26
2016,Hildesheim,Ukraine,Veränderung gegenüber 2005 in Prozent,K03254,25
2016,Holzminden,Ukraine,Veränderung gegenüber 2005 in Prozent,K03255,96
2016,Nienburg (Weser),Ukraine,Veränderung gegenüber 2005 in Prozent,K03256,12
2016,Schaumburg,Ukraine,Veränderung gegenüber 2005 in Prozent,K03257,-17
2016,Statistische Region Hannover,Ukraine,Veränderung gegenüber 2005 in Prozent,K032,-22
2016,Celle,Ukraine,Veränderung gegenüber 2005 in Prozent,K03351,6
2016,Cuxhaven,Ukraine,Veränderung gegenüber 2005 in Prozent,K03352,42
2016,Harburg,Ukraine,Veränderung gegenüber 2005 in Prozent,K03353,46
2016,Lüchow-Dannenberg,Ukraine,Veränderung gegenüber 2005 in Prozent,K03354,25
2016,Lüneburg,Ukraine,Veränderung gegenüber 2005 in Prozent,K03355,14
2016,Osterholz,Ukraine,Veränderung gegenüber 2005 in Prozent,K03356,15
2016,Rotenburg (Wümme),Ukraine,Veränderung gegenüber 2005 in Prozent,K03357,17
2016,Heidekreis,Ukraine,Veränderung gegenüber 2005 in Prozent,K03358,32
2016,Stade,Ukraine,Veränderung gegenüber 2005 in Prozent,K03359,33
2016,Uelzen,Ukraine,Veränderung gegenüber 2005 in Prozent,K03360,67
2016,Verden,Ukraine,Veränderung gegenüber 2005 in Prozent,K03361,17
2016,Statistische Region Lüneburg,Ukraine,Veränderung gegenüber 2005 in Prozent,K033,27
2016,"Delmenhorst, Stadt",Ukraine,Veränderung gegenüber 2005 in Prozent,K03401,-24
2016,"Emden, Stadt",Ukraine,Veränderung gegenüber 2005 in Prozent,K03402,25
2016,"Oldenburg (Oldb), Stadt",Ukraine,Veränderung gegenüber 2005 in Prozent,K03403,-15
2016,"Osnabrück, Stadt",Ukraine,Veränderung gegenüber 2005 in Prozent,K03404,-40
2016,"Wilhelmshaven, Stadt",Ukraine,Veränderung gegenüber 2005 in Prozent,K03405,2
2016,Ammerland,Ukraine,Veränderung gegenüber 2005 in Prozent,K03451,88
2016,Aurich,Ukraine,Veränderung gegenüber 2005 in Prozent,K03452,54
2016,Cloppenburg,Ukraine,Veränderung gegenüber 2005 in Prozent,K03453,81
2016,Emsland,Ukraine,Veränderung gegenüber 2005 in Prozent,K03454,31
2016,Friesland,Ukraine,Veränderung gegenüber 2005 in Prozent,K03455,-7
2016,Grafschaft Bentheim,Ukraine,Veränderung gegenüber 2005 in Prozent,K03456,113
2016,Leer,Ukraine,Veränderung gegenüber 2005 in Prozent,K03457,29
2016,Oldenburg,Ukraine,Veränderung gegenüber 2005 in Prozent,K03458,163
2016,Osnabrück,Ukraine,Veränderung gegenüber 2005 in Prozent,K03459,17
2016,Vechta,Ukraine,Veränderung gegenüber 2005 in Prozent,K03460,18
2016,Wesermarsch,Ukraine,Veränderung gegenüber 2005 in Prozent,K03461,-7
2016,Wittmund,Ukraine,Veränderung gegenüber 2005 in Prozent,K03462,-9
2016,Statistische Region Weser-Ems,Ukraine,Veränderung gegenüber 2005 in Prozent,K034,-4
2016,Niedersachsen,Ukraine,Veränderung gegenüber 2005 in Prozent,K030,-11
2017,"Braunschweig, Stadt",Ukraine,Veränderung gegenüber 2005 in Prozent,K03101,9
2017,"Salzgitter, Stadt",Ukraine,Veränderung gegenüber 2005 in Prozent,K03102,40
2017,"Wolfsburg, Stadt",Ukraine,Veränderung gegenüber 2005 in Prozent,K03103,65
2017,Gifhorn,Ukraine,Veränderung gegenüber 2005 in Prozent,K03151,20
2017,Goslar,Ukraine,Veränderung gegenüber 2005 in Prozent,K03153,20
2017,Helmstedt,Ukraine,Veränderung gegenüber 2005 in Prozent,K03154,11
2017,Northeim,Ukraine,Veränderung gegenüber 2005 in Prozent,K03155,53
2017,Peine,Ukraine,Veränderung gegenüber 2005 in Prozent,K03157,89
2017,Wolfenbüttel,Ukraine,Veränderung gegenüber 2005 in Prozent,K03158,4
2017,Göttingen,Ukraine,Veränderung gegenüber 2005 in Prozent,K03159,-8
2017,Statistische Region Braunschweig,Ukraine,Veränderung gegenüber 2005 in Prozent,K031,13
2017,Region Hannover,Ukraine,Veränderung gegenüber 2005 in Prozent,K03241,-25
2017,"dav. Hannover, Lhst.",Ukraine,Veränderung gegenüber 2005 in Prozent,K03241001,-29
2017,"dav. Hannover, Umland",Ukraine,Veränderung gegenüber 2005 in Prozent,K03241999,-9
2017,Diepholz,Ukraine,Veränderung gegenüber 2005 in Prozent,K03251,40
2017,Hameln-Pyrmont,Ukraine,Veränderung gegenüber 2005 in Prozent,K03252,-25
2017,Hildesheim,Ukraine,Veränderung gegenüber 2005 in Prozent,K03254,41
2017,Holzminden,Ukraine,Veränderung gegenüber 2005 in Prozent,K03255,74
2017,Nienburg (Weser),Ukraine,Veränderung gegenüber 2005 in Prozent,K03256,21
2017,Schaumburg,Ukraine,Veränderung gegenüber 2005 in Prozent,K03257,-17
2017,Statistische Region Hannover,Ukraine,Veränderung gegenüber 2005 in Prozent,K032,-21
2017,Celle,Ukraine,Veränderung gegenüber 2005 in Prozent,K03351,11
2017,Cuxhaven,Ukraine,Veränderung gegenüber 2005 in Prozent,K03352,42
2017,Harburg,Ukraine,Veränderung gegenüber 2005 in Prozent,K03353,46
2017,Lüchow-Dannenberg,Ukraine,Veränderung gegenüber 2005 in Prozent,K03354,50
2017,Lüneburg,Ukraine,Veränderung gegenüber 2005 in Prozent,K03355,14
2017,Osterholz,Ukraine,Veränderung gegenüber 2005 in Prozent,K03356,15
2017,Rotenburg (Wümme),Ukraine,Veränderung gegenüber 2005 in Prozent,K03357,17
2017,Heidekreis,Ukraine,Veränderung gegenüber 2005 in Prozent,K03358,37
2017,Stade,Ukraine,Veränderung gegenüber 2005 in Prozent,K03359,33
2017,Uelzen,Ukraine,Veränderung gegenüber 2005 in Prozent,K03360,67
2017,Verden,Ukraine,Veränderung gegenüber 2005 in Prozent,K03361,17
2017,Statistische Region Lüneburg,Ukraine,Veränderung gegenüber 2005 in Prozent,K033,30
2017,"Delmenhorst, Stadt",Ukraine,Veränderung gegenüber 2005 in Prozent,K03401,-22
2017,"Emden, Stadt",Ukraine,Veränderung gegenüber 2005 in Prozent,K03402,56
2017,"Oldenburg (Oldb), Stadt",Ukraine,Veränderung gegenüber 2005 in Prozent,K03403,-13
2017,"Osnabrück, Stadt",Ukraine,Veränderung gegenüber 2005 in Prozent,K03404,-41
2017,"Wilhelmshaven, Stadt",Ukraine,Veränderung gegenüber 2005 in Prozent,K03405,-7
2017,Ammerland,Ukraine,Veränderung gegenüber 2005 in Prozent,K03451,88
2017,Aurich,Ukraine,Veränderung gegenüber 2005 in Prozent,K03452,79
2017,Cloppenburg,Ukraine,Veränderung gegenüber 2005 in Prozent,K03453,114
2017,Emsland,Ukraine,Veränderung gegenüber 2005 in Prozent,K03454,48
2017,Friesland,Ukraine,Veränderung gegenüber 2005 in Prozent,K03455,11
2017,Grafschaft Bentheim,Ukraine,Veränderung gegenüber 2005 in Prozent,K03456,91
2017,Leer,Ukraine,Veränderung gegenüber 2005 in Prozent,K03457,37
2017,Oldenburg,Ukraine,Veränderung gegenüber 2005 in Prozent,K03458,189
2017,Osnabrück,Ukraine,Veränderung gegenüber 2005 in Prozent,K03459,25
2017,Vechta,Ukraine,Veränderung gegenüber 2005 in Prozent,K03460,22
2017,Wesermarsch,Ukraine,Veränderung gegenüber 2005 in Prozent,K03461,-14
2017,Wittmund,Ukraine,Veränderung gegenüber 2005 in Prozent,K03462,-9
2017,Statistische Region Weser-Ems,Ukraine,Veränderung gegenüber 2005 in Prozent,K034,0
2017,Niedersachsen,Ukraine,Veränderung gegenüber 2005 in Prozent,K030,-9
2018,"Braunschweig, Stadt",Ukraine,Veränderung gegenüber 2005 in Prozent,K03101,12
2018,"Salzgitter, Stadt",Ukraine,Veränderung gegenüber 2005 in Prozent,K03102,47
2018,"Wolfsburg, Stadt",Ukraine,Veränderung gegenüber 2005 in Prozent,K03103,81
2018,Gifhorn,Ukraine,Veränderung gegenüber 2005 in Prozent,K03151,35
2018,Goslar,Ukraine,Veränderung gegenüber 2005 in Prozent,K03153,30
2018,Helmstedt,Ukraine,Veränderung gegenüber 2005 in Prozent,K03154,22
2018,Northeim,Ukraine,Veränderung gegenüber 2005 in Prozent,K03155,78
2018,Peine,Ukraine,Veränderung gegenüber 2005 in Prozent,K03157,116
2018,Wolfenbüttel,Ukraine,Veränderung gegenüber 2005 in Prozent,K03158,4
2018,Göttingen,Ukraine,Veränderung gegenüber 2005 in Prozent,K03159,-6
2018,Statistische Region Braunschweig,Ukraine,Veränderung gegenüber 2005 in Prozent,K031,20
2018,Region Hannover,Ukraine,Veränderung gegenüber 2005 in Prozent,K03241,-24
2018,"dav. Hannover, Lhst.",Ukraine,Veränderung gegenüber 2005 in Prozent,K03241001,-28
2018,"dav. Hannover, Umland",Ukraine,Veränderung gegenüber 2005 in Prozent,K03241999,-6
2018,Diepholz,Ukraine,Veränderung gegenüber 2005 in Prozent,K03251,40
2018,Hameln-Pyrmont,Ukraine,Veränderung gegenüber 2005 in Prozent,K03252,-29
2018,Hildesheim,Ukraine,Veränderung gegenüber 2005 in Prozent,K03254,52
2018,Holzminden,Ukraine,Veränderung gegenüber 2005 in Prozent,K03255,117
2018,Nienburg (Weser),Ukraine,Veränderung gegenüber 2005 in Prozent,K03256,29
2018,Schaumburg,Ukraine,Veränderung gegenüber 2005 in Prozent,K03257,-13
2018,Statistische Region Hannover,Ukraine,Veränderung gegenüber 2005 in Prozent,K032,-20
2018,Celle,Ukraine,Veränderung gegenüber 2005 in Prozent,K03351,19
2018,Cuxhaven,Ukraine,Veränderung gegenüber 2005 in Prozent,K03352,87
2018,Harburg,Ukraine,Veränderung gegenüber 2005 in Prozent,K03353,67
2018,Lüchow-Dannenberg,Ukraine,Veränderung gegenüber 2005 in Prozent,K03354,75
2018,Lüneburg,Ukraine,Veränderung gegenüber 2005 in Prozent,K03355,25
2018,Osterholz,Ukraine,Veränderung gegenüber 2005 in Prozent,K03356,15
2018,Rotenburg (Wümme),Ukraine,Veränderung gegenüber 2005 in Prozent,K03357,30
2018,Heidekreis,Ukraine,Veränderung gegenüber 2005 in Prozent,K03358,48
2018,Stade,Ukraine,Veränderung gegenüber 2005 in Prozent,K03359,33
2018,Uelzen,Ukraine,Veränderung gegenüber 2005 in Prozent,K03360,67
2018,Verden,Ukraine,Veränderung gegenüber 2005 in Prozent,K03361,33
2018,Statistische Region Lüneburg,Ukraine,Veränderung gegenüber 2005 in Prozent,K033,42
2018,"Delmenhorst, Stadt",Ukraine,Veränderung gegenüber 2005 in Prozent,K03401,-24
2018,"Emden, Stadt",Ukraine,Veränderung gegenüber 2005 in Prozent,K03402,56
2018,"Oldenburg (Oldb), Stadt",Ukraine,Veränderung gegenüber 2005 in Prozent,K03403,-13
2018,"Osnabrück, Stadt",Ukraine,Veränderung gegenüber 2005 in Prozent,K03404,-41
2018,"Wilhelmshaven, Stadt",Ukraine,Veränderung gegenüber 2005 in Prozent,K03405,2
2018,Ammerland,Ukraine,Veränderung gegenüber 2005 in Prozent,K03451,103
2018,Aurich,Ukraine,Veränderung gegenüber 2005 in Prozent,K03452,79
2018,Cloppenburg,Ukraine,Veränderung gegenüber 2005 in Prozent,K03453,162
2018,Emsland,Ukraine,Veränderung gegenüber 2005 in Prozent,K03454,80
2018,Friesland,Ukraine,Veränderung gegenüber 2005 in Prozent,K03455,11
2018,Grafschaft Bentheim,Ukraine,Veränderung gegenüber 2005 in Prozent,K03456,113
2018,Leer,Ukraine,Veränderung gegenüber 2005 in Prozent,K03457,37
2018,Oldenburg,Ukraine,Veränderung gegenüber 2005 in Prozent,K03458,216
2018,Osnabrück,Ukraine,Veränderung gegenüber 2005 in Prozent,K03459,40
2018,Vechta,Ukraine,Veränderung gegenüber 2005 in Prozent,K03460,38
2018,Wesermarsch,Ukraine,Veränderung gegenüber 2005 in Prozent,K03461,-21
2018,Wittmund,Ukraine,Veränderung gegenüber 2005 in Prozent,K03462,36
2018,Statistische Region Weser-Ems,Ukraine,Veränderung gegenüber 2005 in Prozent,K034,7
2018,Niedersachsen,Ukraine,Veränderung gegenüber 2005 in Prozent,K030,-5
2019,"Braunschweig, Stadt",Ukraine,Veränderung gegenüber 2005 in Prozent,K03101,21
2019,"Salzgitter, Stadt",Ukraine,Veränderung gegenüber 2005 in Prozent,K03102,69
2019,"Wolfsburg, Stadt",Ukraine,Veränderung gegenüber 2005 in Prozent,K03103,92
2019,Gifhorn,Ukraine,Veränderung gegenüber 2005 in Prozent,K03151,41
2019,Goslar,Ukraine,Veränderung gegenüber 2005 in Prozent,K03153,47
2019,Helmstedt,Ukraine,Veränderung gegenüber 2005 in Prozent,K03154,33
2019,Northeim,Ukraine,Veränderung gegenüber 2005 in Prozent,K03155,95
2019,Peine,Ukraine,Veränderung gegenüber 2005 in Prozent,K03157,130
2019,Wolfenbüttel,Ukraine,Veränderung gegenüber 2005 in Prozent,K03158,4
2019,Göttingen,Ukraine,Veränderung gegenüber 2005 in Prozent,K03159,-8
2019,Statistische Region Braunschweig,Ukraine,Veränderung gegenüber 2005 in Prozent,K031,26
2019,Region Hannover,Ukraine,Veränderung gegenüber 2005 in Prozent,K03241,-24
2019,"dav. Hannover, Lhst.",Ukraine,Veränderung gegenüber 2005 in Prozent,K03241001,-28
2019,"dav. Hannover, Umland",Ukraine,Veränderung gegenüber 2005 in Prozent,K03241999,-8
2019,Diepholz,Ukraine,Veränderung gegenüber 2005 in Prozent,K03251,53
2019,Hameln-Pyrmont,Ukraine,Veränderung gegenüber 2005 in Prozent,K03252,-26
2019,Hildesheim,Ukraine,Veränderung gegenüber 2005 in Prozent,K03254,52
2019,Holzminden,Ukraine,Veränderung gegenüber 2005 in Prozent,K03255,139
2019,Nienburg (Weser),Ukraine,Veränderung gegenüber 2005 in Prozent,K03256,21
2019,Schaumburg,Ukraine,Veränderung gegenüber 2005 in Prozent,K03257,-8
2019,Statistische Region Hannover,Ukraine,Veränderung gegenüber 2005 in Prozent,K032,-20
2019,Celle,Ukraine,Veränderung gegenüber 2005 in Prozent,K03351,24
2019,Cuxhaven,Ukraine,Veränderung gegenüber 2005 in Prozent,K03352,79
2019,Harburg,Ukraine,Veränderung gegenüber 2005 in Prozent,K03353,95
2019,Lüchow-Dannenberg,Ukraine,Veränderung gegenüber 2005 in Prozent,K03354,50
2019,Lüneburg,Ukraine,Veränderung gegenüber 2005 in Prozent,K03355,25
2019,Osterholz,Ukraine,Veränderung gegenüber 2005 in Prozent,K03356,15
2019,Rotenburg (Wümme),Ukraine,Veränderung gegenüber 2005 in Prozent,K03357,49
2019,Heidekreis,Ukraine,Veränderung gegenüber 2005 in Prozent,K03358,70
2019,Stade,Ukraine,Veränderung gegenüber 2005 in Prozent,K03359,28
2019,Uelzen,Ukraine,Veränderung gegenüber 2005 in Prozent,K03360,112
2019,Verden,Ukraine,Veränderung gegenüber 2005 in Prozent,K03361,41
2019,Statistische Region Lüneburg,Ukraine,Veränderung gegenüber 2005 in Prozent,K033,52
2019,"Delmenhorst, Stadt",Ukraine,Veränderung gegenüber 2005 in Prozent,K03401,-19
2019,"Emden, Stadt",Ukraine,Veränderung gegenüber 2005 in Prozent,K03402,72
2019,"Oldenburg (Oldb), Stadt",Ukraine,Veränderung gegenüber 2005 in Prozent,K03403,-13
2019,"Osnabrück, Stadt",Ukraine,Veränderung gegenüber 2005 in Prozent,K03404,-43
2019,"Wilhelmshaven, Stadt",Ukraine,Veränderung gegenüber 2005 in Prozent,K03405,20
2019,Ammerland,Ukraine,Veränderung gegenüber 2005 in Prozent,K03451,119
2019,Aurich,Ukraine,Veränderung gegenüber 2005 in Prozent,K03452,105
2019,Cloppenburg,Ukraine,Veränderung gegenüber 2005 in Prozent,K03453,152
2019,Emsland,Ukraine,Veränderung gegenüber 2005 in Prozent,K03454,109
2019,Friesland,Ukraine,Veränderung gegenüber 2005 in Prozent,K03455,30
2019,Grafschaft Bentheim,Ukraine,Veränderung gegenüber 2005 in Prozent,K03456,123
2019,Leer,Ukraine,Veränderung gegenüber 2005 in Prozent,K03457,110
2019,Oldenburg,Ukraine,Veränderung gegenüber 2005 in Prozent,K03458,84
2019,Osnabrück,Ukraine,Veränderung gegenüber 2005 in Prozent,K03459,58
2019,Vechta,Ukraine,Veränderung gegenüber 2005 in Prozent,K03460,30
2019,Wesermarsch,Ukraine,Veränderung gegenüber 2005 in Prozent,K03461,-7
2019,Wittmund,Ukraine,Veränderung gegenüber 2005 in Prozent,K03462,-9
2019,Statistische Region Weser-Ems,Ukraine,Veränderung gegenüber 2005 in Prozent,K034,11
2019,Niedersachsen,Ukraine,Veränderung gegenüber 2005 in Prozent,K030,-2
2020,"Braunschweig, Stadt",Ukraine,Veränderung gegenüber 2005 in Prozent,K03101,18
2020,"Salzgitter, Stadt",Ukraine,Veränderung gegenüber 2005 in Prozent,K03102,106
2020,"Wolfsburg, Stadt",Ukraine,Veränderung gegenüber 2005 in Prozent,K03103,92
2020,Gifhorn,Ukraine,Veränderung gegenüber 2005 in Prozent,K03151,61
2020,Goslar,Ukraine,Veränderung gegenüber 2005 in Prozent,K03153,58
2020,Helmstedt,Ukraine,Veränderung gegenüber 2005 in Prozent,K03154,56
2020,Northeim,Ukraine,Veränderung gegenüber 2005 in Prozent,K03155,78
2020,Peine,Ukraine,Veränderung gegenüber 2005 in Prozent,K03157,130
2020,Wolfenbüttel,Ukraine,Veränderung gegenüber 2005 in Prozent,K03158,13
2020,Göttingen,Ukraine,Veränderung gegenüber 2005 in Prozent,K03159,-8
2020,Statistische Region Braunschweig,Ukraine,Veränderung gegenüber 2005 in Prozent,K031,29
2020,Region Hannover,Ukraine,Veränderung gegenüber 2005 in Prozent,K03241,-26
2020,"dav. Hannover, Lhst.",Ukraine,Veränderung gegenüber 2005 in Prozent,K03241001,-31
2020,"dav. Hannover, Umland",Ukraine,Veränderung gegenüber 2005 in Prozent,K03241999,-7
2020,Diepholz,Ukraine,Veränderung gegenüber 2005 in Prozent,K03251,57
2020,Hameln-Pyrmont,Ukraine,Veränderung gegenüber 2005 in Prozent,K03252,-25
2020,Hildesheim,Ukraine,Veränderung gegenüber 2005 in Prozent,K03254,52
2020,Holzminden,Ukraine,Veränderung gegenüber 2005 in Prozent,K03255,96
2020,Nienburg (Weser),Ukraine,Veränderung gegenüber 2005 in Prozent,K03256,55
2020,Schaumburg,Ukraine,Veränderung gegenüber 2005 in Prozent,K03257,1
2020,Statistische Region Hannover,Ukraine,Veränderung gegenüber 2005 in Prozent,K032,-21
2020,Celle,Ukraine,Veränderung gegenüber 2005 in Prozent,K03351,24
2020,Cuxhaven,Ukraine,Veränderung gegenüber 2005 in Prozent,K03352,94
2020,Harburg,Ukraine,Veränderung gegenüber 2005 in Prozent,K03353,103
2020,Lüchow-Dannenberg,Ukraine,Veränderung gegenüber 2005 in Prozent,K03354,175
2020,Lüneburg,Ukraine,Veränderung gegenüber 2005 in Prozent,K03355,31
2020,Osterholz,Ukraine,Veränderung gegenüber 2005 in Prozent,K03356,35
2020,Rotenburg (Wümme),Ukraine,Veränderung gegenüber 2005 in Prozent,K03357,49
2020,Heidekreis,Ukraine,Veränderung gegenüber 2005 in Prozent,K03358,59
2020,Stade,Ukraine,Veränderung gegenüber 2005 in Prozent,K03359,28
2020,Uelzen,Ukraine,Veränderung gegenüber 2005 in Prozent,K03360,142
2020,Verden,Ukraine,Veränderung gegenüber 2005 in Prozent,K03361,48
2020,Statistische Region Lüneburg,Ukraine,Veränderung gegenüber 2005 in Prozent,K033,59
2020,"Delmenhorst, Stadt",Ukraine,Veränderung gegenüber 2005 in Prozent,K03401,-17
2020,"Emden, Stadt",Ukraine,Veränderung gegenüber 2005 in Prozent,K03402,103
2020,"Oldenburg (Oldb), Stadt",Ukraine,Veränderung gegenüber 2005 in Prozent,K03403,-9
2020,"Osnabrück, Stadt",Ukraine,Veränderung gegenüber 2005 in Prozent,K03404,-43
2020,"Wilhelmshaven, Stadt",Ukraine,Veränderung gegenüber 2005 in Prozent,K03405,20
2020,Ammerland,Ukraine,Veränderung gegenüber 2005 in Prozent,K03451,166
2020,Aurich,Ukraine,Veränderung gegenüber 2005 in Prozent,K03452,131
2020,Cloppenburg,Ukraine,Veränderung gegenüber 2005 in Prozent,K03453,143
2020,Emsland,Ukraine,Veränderung gegenüber 2005 in Prozent,K03454,117
2020,Friesland,Ukraine,Veränderung gegenüber 2005 in Prozent,K03455,67
2020,Grafschaft Bentheim,Ukraine,Veränderung gegenüber 2005 in Prozent,K03456,134
2020,Leer,Ukraine,Veränderung gegenüber 2005 in Prozent,K03457,94
2020,Oldenburg,Ukraine,Veränderung gegenüber 2005 in Prozent,K03458,97
2020,Osnabrück,Ukraine,Veränderung gegenüber 2005 in Prozent,K03459,63
2020,Vechta,Ukraine,Veränderung gegenüber 2005 in Prozent,K03460,34
2020,Wesermarsch,Ukraine,Veränderung gegenüber 2005 in Prozent,K03461,-21
2020,Wittmund,Ukraine,Veränderung gegenüber 2005 in Prozent,K03462,36
2020,Statistische Region Weser-Ems,Ukraine,Veränderung gegenüber 2005 in Prozent,K034,14
2020,Niedersachsen,Ukraine,Veränderung gegenüber 2005 in Prozent,K030,-2
2021,"Braunschweig, Stadt",Ukraine,Veränderung gegenüber 2005 in Prozent,K03101,22
2021,"Salzgitter, Stadt",Ukraine,Veränderung gegenüber 2005 in Prozent,K03102,121
2021,"Wolfsburg, Stadt",Ukraine,Veränderung gegenüber 2005 in Prozent,K03103,98
2021,Gifhorn,Ukraine,Veränderung gegenüber 2005 in Prozent,K03151,67
2021,Goslar,Ukraine,Veränderung gegenüber 2005 in Prozent,K03153,52
2021,Helmstedt,Ukraine,Veränderung gegenüber 2005 in Prozent,K03154,67
2021,Northeim,Ukraine,Veränderung gegenüber 2005 in Prozent,K03155,95
2021,Peine,Ukraine,Veränderung gegenüber 2005 in Prozent,K03157,157
2021,Wolfenbüttel,Ukraine,Veränderung gegenüber 2005 in Prozent,K03158,32
2021,Göttingen,Ukraine,Veränderung gegenüber 2005 in Prozent,K03159,-6
2021,Statistische Region Braunschweig,Ukraine,Veränderung gegenüber 2005 in Prozent,K031,34
2021,Region Hannover,Ukraine,Veränderung gegenüber 2005 in Prozent,K03241,-25
2021,"dav. Hannover, Lhst.",Ukraine,Veränderung gegenüber 2005 in Prozent,K03241001,-31
2021,"dav. Hannover, Umland",Ukraine,Veränderung gegenüber 2005 in Prozent,K03241999,-1
2021,Diepholz,Ukraine,Veränderung gegenüber 2005 in Prozent,K03251,86
2021,Hameln-Pyrmont,Ukraine,Veränderung gegenüber 2005 in Prozent,K03252,-23
2021,Hildesheim,Ukraine,Veränderung gegenüber 2005 in Prozent,K03254,65
2021,Holzminden,Ukraine,Veränderung gegenüber 2005 in Prozent,K03255,139
2021,Nienburg (Weser),Ukraine,Veränderung gegenüber 2005 in Prozent,K03256,47
2021,Schaumburg,Ukraine,Veränderung gegenüber 2005 in Prozent,K03257,15
2021,Statistische Region Hannover,Ukraine,Veränderung gegenüber 2005 in Prozent,K032,-19
2021,Celle,Ukraine,Veränderung gegenüber 2005 in Prozent,K03351,28
2021,Cuxhaven,Ukraine,Veränderung gegenüber 2005 in Prozent,K03352,131
2021,Harburg,Ukraine,Veränderung gegenüber 2005 in Prozent,K03353,124
2021,Lüchow-Dannenberg,Ukraine,Veränderung gegenüber 2005 in Prozent,K03354,50
2021,Lüneburg,Ukraine,Veränderung gegenüber 2005 in Prozent,K03355,36
2021,Osterholz,Ukraine,Veränderung gegenüber 2005 in Prozent,K03356,63
2021,Rotenburg (Wümme),Ukraine,Veränderung gegenüber 2005 in Prozent,K03357,82
2021,Heidekreis,Ukraine,Veränderung gegenüber 2005 in Prozent,K03358,81
2021,Stade,Ukraine,Veränderung gegenüber 2005 in Prozent,K03359,42
2021,Uelzen,Ukraine,Veränderung gegenüber 2005 in Prozent,K03360,142
2021,Verden,Ukraine,Veränderung gegenüber 2005 in Prozent,K03361,48
2021,Statistische Region Lüneburg,Ukraine,Veränderung gegenüber 2005 in Prozent,K033,72
2021,"Delmenhorst, Stadt",Ukraine,Veränderung gegenüber 2005 in Prozent,K03401,-13
2021,"Emden, Stadt",Ukraine,Veränderung gegenüber 2005 in Prozent,K03402,119
2021,"Oldenburg (Oldb), Stadt",Ukraine,Veränderung gegenüber 2005 in Prozent,K03403,-3
2021,"Osnabrück, Stadt",Ukraine,Veränderung gegenüber 2005 in Prozent,K03404,-43
2021,"Wilhelmshaven, Stadt",Ukraine,Veränderung gegenüber 2005 in Prozent,K03405,30
2021,Ammerland,Ukraine,Veränderung gegenüber 2005 in Prozent,K03451,166
2021,Aurich,Ukraine,Veränderung gegenüber 2005 in Prozent,K03452,144
2021,Cloppenburg,Ukraine,Veränderung gegenüber 2005 in Prozent,K03453,129
2021,Emsland,Ukraine,Veränderung gegenüber 2005 in Prozent,K03454,134
2021,Friesland,Ukraine,Veränderung gegenüber 2005 in Prozent,K03455,67
2021,Grafschaft Bentheim,Ukraine,Veränderung gegenüber 2005 in Prozent,K03456,219
2021,Leer,Ukraine,Veränderung gegenüber 2005 in Prozent,K03457,110
2021,Oldenburg,Ukraine,Veränderung gegenüber 2005 in Prozent,K03458,124
2021,Osnabrück,Ukraine,Veränderung gegenüber 2005 in Prozent,K03459,71
2021,Vechta,Ukraine,Veränderung gegenüber 2005 in Prozent,K03460,46
2021,Wesermarsch,Ukraine,Veränderung gegenüber 2005 in Prozent,K03461,-21
2021,Wittmund,Ukraine,Veränderung gegenüber 2005 in Prozent,K03462,127
2021,Statistische Region Weser-Ems,Ukraine,Veränderung gegenüber 2005 in Prozent,K034,20
2021,Niedersachsen,Ukraine,Veränderung gegenüber 2005 in Prozent,K030,2
2022,"Braunschweig, Stadt",Ukraine,Veränderung gegenüber 2005 in Prozent,K03101,913
2022,"Salzgitter, Stadt",Ukraine,Veränderung gegenüber 2005 in Prozent,K03102,1937
2022,"Wolfsburg, Stadt",Ukraine,Veränderung gegenüber 2005 in Prozent,K03103,2329
2022,Gifhorn,Ukraine,Veränderung gegenüber 2005 in Prozent,K03151,2155
2022,Goslar,Ukraine,Veränderung gegenüber 2005 in Prozent,K03153,1905
2022,Helmstedt,Ukraine,Veränderung gegenüber 2005 in Prozent,K03154,3178
2022,Northeim,Ukraine,Veränderung gegenüber 2005 in Prozent,K03155,4442
2022,Peine,Ukraine,Veränderung gegenüber 2005 in Prozent,K03157,4846
2022,Wolfenbüttel,Ukraine,Veränderung gegenüber 2005 in Prozent,K03158,3089
2022,Göttingen,Ukraine,Veränderung gegenüber 2005 in Prozent,K03159,731
2022,Statistische Region Braunschweig,Ukraine,Veränderung gegenüber 2005 in Prozent,K031,1535
2022,Region Hannover,Ukraine,Veränderung gegenüber 2005 in Prozent,K03241,287
2022,"dav. Hannover, Lhst.",Ukraine,Veränderung gegenüber 2005 in Prozent,K03241001,113
2022,"dav. Hannover, Umland",Ukraine,Veränderung gegenüber 2005 in Prozent,K03241999,1048
2022,Diepholz,Ukraine,Veränderung gegenüber 2005 in Prozent,K03251,2315
2022,Hameln-Pyrmont,Ukraine,Veränderung gegenüber 2005 in Prozent,K03252,442
2022,Hildesheim,Ukraine,Veränderung gegenüber 2005 in Prozent,K03254,2193
2022,Holzminden,Ukraine,Veränderung gegenüber 2005 in Prozent,K03255,5574
2022,Nienburg (Weser),Ukraine,Veränderung gegenüber 2005 in Prozent,K03256,2969
2022,Schaumburg,Ukraine,Veränderung gegenüber 2005 in Prozent,K03257,1730
2022,Statistische Region Hannover,Ukraine,Veränderung gegenüber 2005 in Prozent,K032,449
2022,Celle,Ukraine,Veränderung gegenüber 2005 in Prozent,K03351,1909
2022,Cuxhaven,Ukraine,Veränderung gegenüber 2005 in Prozent,K03352,3467
2022,Harburg,Ukraine,Veränderung gegenüber 2005 in Prozent,K03353,2461
2022,Lüchow-Dannenberg,Ukraine,Veränderung gegenüber 2005 in Prozent,K03354,3775
2022,Lüneburg,Ukraine,Veränderung gegenüber 2005 in Prozent,K03355,2110
2022,Osterholz,Ukraine,Veränderung gegenüber 2005 in Prozent,K03356,2756
2022,Rotenburg (Wümme),Ukraine,Veränderung gegenüber 2005 in Prozent,K03357,2640
2022,Heidekreis,Ukraine,Veränderung gegenüber 2005 in Prozent,K03358,3686
2022,Stade,Ukraine,Veränderung gegenüber 2005 in Prozent,K03359,2602
2022,Uelzen,Ukraine,Veränderung gegenüber 2005 in Prozent,K03360,4491
2022,Verden,Ukraine,Veränderung gegenüber 2005 in Prozent,K03361,2603
2022,Statistische Region Lüneburg,Ukraine,Veränderung gegenüber 2005 in Prozent,K033,2739
2022,"Delmenhorst, Stadt",Ukraine,Veränderung gegenüber 2005 in Prozent,K03401,335
2022,"Emden, Stadt",Ukraine,Veränderung gegenüber 2005 in Prozent,K03402,2947
2022,"Oldenburg (Oldb), Stadt",Ukraine,Veränderung gegenüber 2005 in Prozent,K03403,716
2022,"Osnabrück, Stadt",Ukraine,Veränderung gegenüber 2005 in Prozent,K03404,205
2022,"Wilhelmshaven, Stadt",Ukraine,Veränderung gegenüber 2005 in Prozent,K03405,1937
2022,Ammerland,Ukraine,Veränderung gegenüber 2005 in Prozent,K03451,4650
2022,Aurich,Ukraine,Veränderung gegenüber 2005 in Prozent,K03452,4464
2022,Cloppenburg,Ukraine,Veränderung gegenüber 2005 in Prozent,K03453,2671
2022,Emsland,Ukraine,Veränderung gegenüber 2005 in Prozent,K03454,3162
2022,Friesland,Ukraine,Veränderung gegenüber 2005 in Prozent,K03455,4511
2022,Grafschaft Bentheim,Ukraine,Veränderung gegenüber 2005 in Prozent,K03456,4400
2022,Leer,Ukraine,Veränderung gegenüber 2005 in Prozent,K03457,3190
2022,Oldenburg,Ukraine,Veränderung gegenüber 2005 in Prozent,K03458,3426
2022,Osnabrück,Ukraine,Veränderung gegenüber 2005 in Prozent,K03459,1827
2022,Vechta,Ukraine,Veränderung gegenüber 2005 in Prozent,K03460,1709
2022,Wesermarsch,Ukraine,Veränderung gegenüber 2005 in Prozent,K03461,1757
2022,Wittmund,Ukraine,Veränderung gegenüber 2005 in Prozent,K03462,8127
2022,Statistische Region Weser-Ems,Ukraine,Veränderung gegenüber 2005 in Prozent,K034,1287
2022,Niedersachsen,Ukraine,Veränderung gegenüber 2005 in Prozent,K030,927
2023,"Braunschweig, Stadt",Ukraine,Veränderung gegenüber 2005 in Prozent,K03101,970
2023,"Salzgitter, Stadt",Ukraine,Veränderung gegenüber 2005 in Prozent,K03102,1937
2023,"Wolfsburg, Stadt",Ukraine,Veränderung gegenüber 2005 in Prozent,K03103,2285
2023,Gifhorn,Ukraine,Veränderung gegenüber 2005 in Prozent,K03151,1822
2023,Goslar,Ukraine,Veränderung gegenüber 2005 in Prozent,K03153,2362
2023,Helmstedt,Ukraine,Veränderung gegenüber 2005 in Prozent,K03154,3356
2023,Northeim,Ukraine,Veränderung gegenüber 2005 in Prozent,K03155,4332
2023,Peine,Ukraine,Veränderung gegenüber 2005 in Prozent,K03157,5251
2023,Wolfenbüttel,Ukraine,Veränderung gegenüber 2005 in Prozent,K03158,2975
2023,Göttingen,Ukraine,Veränderung gegenüber 2005 in Prozent,K03159,794
2023,Statistische Region Braunschweig,Ukraine,Veränderung gegenüber 2005 in Prozent,K031,1584
2023,Region Hannover,Ukraine,Veränderung gegenüber 2005 in Prozent,K03241,241
2023,"dav. Hannover, Lhst.",Ukraine,Veränderung gegenüber 2005 in Prozent,K03241001,136
2023,"dav. Hannover, Umland",Ukraine,Veränderung gegenüber 2005 in Prozent,K03241999,699
2023,Diepholz,Ukraine,Veränderung gegenüber 2005 in Prozent,K03251,2392
2023,Hameln-Pyrmont,Ukraine,Veränderung gegenüber 2005 in Prozent,K03252,486
2023,Hildesheim,Ukraine,Veränderung gegenüber 2005 in Prozent,K03254,2044
2023,Holzminden,Ukraine,Veränderung gegenüber 2005 in Prozent,K03255,6335
2023,Nienburg (Weser),Ukraine,Veränderung gegenüber 2005 in Prozent,K03256,3202
2023,Schaumburg,Ukraine,Veränderung gegenüber 2005 in Prozent,K03257,1799
2023,Statistische Region Hannover,Ukraine,Veränderung gegenüber 2005 in Prozent,K032,416
2023,Celle,Ukraine,Veränderung gegenüber 2005 in Prozent,K03351,2059
2023,Cuxhaven,Ukraine,Veränderung gegenüber 2005 in Prozent,K03352,3572
2023,Harburg,Ukraine,Veränderung gegenüber 2005 in Prozent,K03353,2319
2023,Lüchow-Dannenberg,Ukraine,Veränderung gegenüber 2005 in Prozent,K03354,3725
2023,Lüneburg,Ukraine,Veränderung gegenüber 2005 in Prozent,K03355,2070
2023,Osterholz,Ukraine,Veränderung gegenüber 2005 in Prozent,K03356,2881
2023,Rotenburg (Wümme),Ukraine,Veränderung gegenüber 2005 in Prozent,K03357,2614
2023,Heidekreis,Ukraine,Veränderung gegenüber 2005 in Prozent,K03358,3329
2023,Stade,Ukraine,Veränderung gegenüber 2005 in Prozent,K03359,3061
2023,Uelzen,Ukraine,Veränderung gegenüber 2005 in Prozent,K03360,4552
2023,Verden,Ukraine,Veränderung gegenüber 2005 in Prozent,K03361,2791
2023,Statistische Region Lüneburg,Ukraine,Veränderung gegenüber 2005 in Prozent,K033,2784
2023,"Delmenhorst, Stadt",Ukraine,Veränderung gegenüber 2005 in Prozent,K03401,372
2023,"Emden, Stadt",Ukraine,Veränderung gegenüber 2005 in Prozent,K03402,3103
2023,"Oldenburg (Oldb), Stadt",Ukraine,Veränderung gegenüber 2005 in Prozent,K03403,949
2023,"Osnabrück, Stadt",Ukraine,Veränderung gegenüber 2005 in Prozent,K03404,240
2023,"Wilhelmshaven, Stadt",Ukraine,Veränderung gegenüber 2005 in Prozent,K03405,2567
2023,Ammerland,Ukraine,Veränderung gegenüber 2005 in Prozent,K03451,4431
2023,Aurich,Ukraine,Veränderung gegenüber 2005 in Prozent,K03452,4656
2023,Cloppenburg,Ukraine,Veränderung gegenüber 2005 in Prozent,K03453,2776
2023,Emsland,Ukraine,Veränderung gegenüber 2005 in Prozent,K03454,3617
2023,Friesland,Ukraine,Veränderung gegenüber 2005 in Prozent,K03455,4511
2023,Grafschaft Bentheim,Ukraine,Veränderung gegenüber 2005 in Prozent,K03456,4570
2023,Leer,Ukraine,Veränderung gegenüber 2005 in Prozent,K03457,3029
2023,Oldenburg,Ukraine,Veränderung gegenüber 2005 in Prozent,K03458,3347
2023,Osnabrück,Ukraine,Veränderung gegenüber 2005 in Prozent,K03459,1946
2023,Vechta,Ukraine,Veränderung gegenüber 2005 in Prozent,K03460,1831
2023,Wesermarsch,Ukraine,Veränderung gegenüber 2005 in Prozent,K03461,1679
2023,Wittmund,Ukraine,Veränderung gegenüber 2005 in Prozent,K03462,7445
2023,Statistische Region Weser-Ems,Ukraine,Veränderung gegenüber 2005 in Prozent,K034,1381
2023,Niedersachsen,Ukraine,Veränderung gegenüber 2005 in Prozent,K030,936
2024,"Braunschweig, Stadt",Ukraine,Veränderung gegenüber 2005 in Prozent,K03101,937
2024,"Salzgitter, Stadt",Ukraine,Veränderung gegenüber 2005 in Prozent,K03102,2084
2024,"Wolfsburg, Stadt",Ukraine,Veränderung gegenüber 2005 in Prozent,K03103,2345
2024,Gifhorn,Ukraine,Veränderung gegenüber 2005 in Prozent,K03151,1838
2024,Goslar,Ukraine,Veränderung gegenüber 2005 in Prozent,K03153,2308
2024,Helmstedt,Ukraine,Veränderung gegenüber 2005 in Prozent,K03154,3189
2024,Northeim,Ukraine,Veränderung gegenüber 2005 in Prozent,K03155,4425
2024,Peine,Ukraine,Veränderung gegenüber 2005 in Prozent,K03157,5251
2024,Wolfenbüttel,Ukraine,Veränderung gegenüber 2005 in Prozent,K03158,2806
2024,Göttingen,Ukraine,Veränderung gegenüber 2005 in Prozent,K03159,778
2024,Statistische Region Braunschweig,Ukraine,Veränderung gegenüber 2005 in Prozent,K031,1571
2024,Region Hannover,Ukraine,Veränderung gegenüber 2005 in Prozent,K03241,254
2024,"dav. Hannover, Lhst.",Ukraine,Veränderung gegenüber 2005 in Prozent,K03241001,153
2024,"dav. Hannover, Umland",Ukraine,Veränderung gegenüber 2005 in Prozent,K03241999,693
2024,Diepholz,Ukraine,Veränderung gegenüber 2005 in Prozent,K03251,2565
2024,Hameln-Pyrmont,Ukraine,Veränderung gegenüber 2005 in Prozent,K03252,473
2024,Hildesheim,Ukraine,Veränderung gegenüber 2005 in Prozent,K03254,1940
2024,Holzminden,Ukraine,Veränderung gegenüber 2005 in Prozent,K03255,6748
2024,Nienburg (Weser),Ukraine,Veränderung gegenüber 2005 in Prozent,K03256,3633
2024,Schaumburg,Ukraine,Veränderung gegenüber 2005 in Prozent,K03257,1859
2024,Statistische Region Hannover,Ukraine,Veränderung gegenüber 2005 in Prozent,K032,432
2024,Celle,Ukraine,Veränderung gegenüber 2005 in Prozent,K03351,2077
2024,Cuxhaven,Ukraine,Veränderung gegenüber 2005 in Prozent,K03352,3348
2024,Harburg,Ukraine,Veränderung gegenüber 2005 in Prozent,K03353,2270
2024,Lüchow-Dannenberg,Ukraine,Veränderung gegenüber 2005 in Prozent,K03354,3375
2024,Lüneburg,Ukraine,Veränderung gegenüber 2005 in Prozent,K03355,2036
2024,Osterholz,Ukraine,Veränderung gegenüber 2005 in Prozent,K03356,2737
2024,Rotenburg (Wümme),Ukraine,Veränderung gegenüber 2005 in Prozent,K03357,2510
2024,Heidekreis,Ukraine,Veränderung gegenüber 2005 in Prozent,K03358,2537
2024,Stade,Ukraine,Veränderung gegenüber 2005 in Prozent,K03359,3047
2024,Uelzen,Ukraine,Veränderung gegenüber 2005 in Prozent,K03360,4188
2024,Verden,Ukraine,Veränderung gegenüber 2005 in Prozent,K03361,3002
2024,Statistische Region Lüneburg,Ukraine,Veränderung gegenüber 2005 in Prozent,K033,2644
2024,"Delmenhorst, Stadt",Ukraine,Veränderung gegenüber 2005 in Prozent,K03401,369
2024,"Emden, Stadt",Ukraine,Veränderung gegenüber 2005 in Prozent,K03402,3119
2024,"Oldenburg (Oldb), Stadt",Ukraine,Veränderung gegenüber 2005 in Prozent,K03403,1030
2024,"Osnabrück, Stadt",Ukraine,Veränderung gegenüber 2005 in Prozent,K03404,252
2024,"Wilhelmshaven, Stadt",Ukraine,Veränderung gegenüber 2005 in Prozent,K03405,2613
2024,Ammerland,Ukraine,Veränderung gegenüber 2005 in Prozent,K03451,4447
2024,Aurich,Ukraine,Veränderung gegenüber 2005 in Prozent,K03452,4554
2024,Cloppenburg,Ukraine,Veränderung gegenüber 2005 in Prozent,K03453,2786
2024,Emsland,Ukraine,Veränderung gegenüber 2005 in Prozent,K03454,4072
2024,Friesland,Ukraine,Veränderung gegenüber 2005 in Prozent,K03455,4363
2024,Grafschaft Bentheim,Ukraine,Veränderung gegenüber 2005 in Prozent,K03456,4411
2024,Leer,Ukraine,Veränderung gegenüber 2005 in Prozent,K03457,2956
2024,Oldenburg,Ukraine,Veränderung gegenüber 2005 in Prozent,K03458,3189
2024,Osnabrück,Ukraine,Veränderung gegenüber 2005 in Prozent,K03459,1913
2024,Vechta,Ukraine,Veränderung gegenüber 2005 in Prozent,K03460,1981
2024,Wesermarsch,Ukraine,Veränderung gegenüber 2005 in Prozent,K03461,1543
2024,Wittmund,Ukraine,Veränderung gegenüber 2005 in Prozent,K03462,6673
2024,Statistische Region Weser-Ems,Ukraine,Veränderung gegenüber 2005 in Prozent,K034,1403
2024,Niedersachsen,Ukraine,Veränderung gegenüber 2005 in Prozent,K030,939
2025,"Braunschweig, Stadt",Ukraine,Veränderung gegenüber 2005 in Prozent,K03101,953
2025,"Salzgitter, Stadt",Ukraine,Veränderung gegenüber 2005 in Prozent,K03102,2091
2025,"Wolfsburg, Stadt",Ukraine,Veränderung gegenüber 2005 in Prozent,K03103,2554
2025,Gifhorn,Ukraine,Veränderung gegenüber 2005 in Prozent,K03151,1968
2025,Goslar,Ukraine,Veränderung gegenüber 2005 in Prozent,K03153,2362
2025,Helmstedt,Ukraine,Veränderung gegenüber 2005 in Prozent,K03154,3678
2025,Northeim,Ukraine,Veränderung gegenüber 2005 in Prozent,K03155,4281
2025,Peine,Ukraine,Veränderung gegenüber 2005 in Prozent,K03157,5711
2025,Wolfenbüttel,Ukraine,Veränderung gegenüber 2005 in Prozent,K03158,2900
2025,Göttingen,Ukraine,Veränderung gegenüber 2005 in Prozent,K03159,848
2025,Statistische Region Braunschweig,Ukraine,Veränderung gegenüber 2005 in Prozent,K031,1652
2025,Region Hannover,Ukraine,Veränderung gegenüber 2005 in Prozent,K03241,267
2025,"dav. Hannover, Lhst.",Ukraine,Veränderung gegenüber 2005 in Prozent,K03241001,176
2025,"dav. Hannover, Umland",Ukraine,Veränderung gegenüber 2005 in Prozent,K03241999,661
2025,Diepholz,Ukraine,Veränderung gegenüber 2005 in Prozent,K03251,2743
2025,Hameln-Pyrmont,Ukraine,Veränderung gegenüber 2005 in Prozent,K03252,488
2025,Hildesheim,Ukraine,Veränderung gegenüber 2005 in Prozent,K03254,2089
2025,Holzminden,Ukraine,Veränderung gegenüber 2005 in Prozent,K03255,7335
2025,Nienburg (Weser),Ukraine,Veränderung gegenüber 2005 in Prozent,K03256,3753
2025,Schaumburg,Ukraine,Veränderung gegenüber 2005 in Prozent,K03257,1914
2025,Statistische Region Hannover,Ukraine,Veränderung gegenüber 2005 in Prozent,K032,455
2025,Celle,Ukraine,Veränderung gegenüber 2005 in Prozent,K03351,2223
2025,Cuxhaven,Ukraine,Veränderung gegenüber 2005 in Prozent,K03352,3624
2025,Harburg,Ukraine,Veränderung gegenüber 2005 in Prozent,K03353,2367
2025,Lüchow-Dannenberg,Ukraine,Veränderung gegenüber 2005 in Prozent,K03354,4000
2025,Lüneburg,Ukraine,Veränderung gegenüber 2005 in Prozent,K03355,2303
2025,Osterholz,Ukraine,Veränderung gegenüber 2005 in Prozent,K03356,2756
2025,Rotenburg (Wümme),Ukraine,Veränderung gegenüber 2005 in Prozent,K03357,2796
2025,Heidekreis,Ukraine,Veränderung gegenüber 2005 in Prozent,K03358,2625
2025,Stade,Ukraine,Veränderung gegenüber 2005 in Prozent,K03359,3001
2025,Uelzen,Ukraine,Veränderung gegenüber 2005 in Prozent,K03360,4097
2025,Verden,Ukraine,Veränderung gegenüber 2005 in Prozent,K03361,3486
2025,Statistische Region Lüneburg,Ukraine,Veränderung gegenüber 2005 in Prozent,K033,2810
2025,"Delmenhorst, Stadt",Ukraine,Veränderung gegenüber 2005 in Prozent,K03401,413
2025,"Emden, Stadt",Ukraine,Veränderung gegenüber 2005 in Prozent,K03402,3291
2025,"Oldenburg (Oldb), Stadt",Ukraine,Veränderung gegenüber 2005 in Prozent,K03403,1143
2025,"Osnabrück, Stadt",Ukraine,Veränderung gegenüber 2005 in Prozent,K03404,260
2025,"Wilhelmshaven, Stadt",Ukraine,Veränderung gegenüber 2005 in Prozent,K03405,2844
2025,Ammerland,Ukraine,Veränderung gegenüber 2005 in Prozent,K03451,4869
2025,Aurich,Ukraine,Veränderung gegenüber 2005 in Prozent,K03452,4874
2025,Cloppenburg,Ukraine,Veränderung gegenüber 2005 in Prozent,K03453,3095
2025,Emsland,Ukraine,Veränderung gegenüber 2005 in Prozent,K03454,4170
2025,Friesland,Ukraine,Veränderung gegenüber 2005 in Prozent,K03455,4678
2025,Grafschaft Bentheim,Ukraine,Veränderung gegenüber 2005 in Prozent,K03456,4581
2025,Leer,Ukraine,Veränderung gegenüber 2005 in Prozent,K03457,3247
2025,Oldenburg,Ukraine,Veränderung gegenüber 2005 in Prozent,K03458,3637
2025,Osnabrück,Ukraine,Veränderung gegenüber 2005 in Prozent,K03459,1929
2025,Vechta,Ukraine,Veränderung gegenüber 2005 in Prozent,K03460,2071
2025,Wesermarsch,Ukraine,Veränderung gegenüber 2005 in Prozent,K03461,1764
2025,Wittmund,Ukraine,Veränderung gegenüber 2005 in Prozent,K03462,6900
2025,Statistische Region Weser-Ems,Ukraine,Veränderung gegenüber 2005 in Prozent,K034,1492
2025,Niedersachsen,Ukraine,Veränderung gegenüber 2005 in Prozent,K030,994
2005,"Braunschweig, Stadt",Polen,Veränderung gegenüber 2005 in Prozent,K03101,0
2005,"Salzgitter, Stadt",Polen,Veränderung gegenüber 2005 in Prozent,K03102,0
2005,"Wolfsburg, Stadt",Polen,Veränderung gegenüber 2005 in Prozent,K03103,0
2005,Gifhorn,Polen,Veränderung gegenüber 2005 in Prozent,K03151,0
2005,Goslar,Polen,Veränderung gegenüber 2005 in Prozent,K03153,0
2005,Helmstedt,Polen,Veränderung gegenüber 2005 in Prozent,K03154,0
2005,Northeim,Polen,Veränderung gegenüber 2005 in Prozent,K03155,0
2005,Peine,Polen,Veränderung gegenüber 2005 in Prozent,K03157,0
2005,Wolfenbüttel,Polen,Veränderung gegenüber 2005 in Prozent,K03158,0
2005,Göttingen,Polen,Veränderung gegenüber 2005 in Prozent,K03159,0
2005,Statistische Region Braunschweig,Polen,Veränderung gegenüber 2005 in Prozent,K031,0
2005,Region Hannover,Polen,Veränderung gegenüber 2005 in Prozent,K03241,0
2005,"dav. Hannover, Lhst.",Polen,Veränderung gegenüber 2005 in Prozent,K03241001,0
2005,"dav. Hannover, Umland",Polen,Veränderung gegenüber 2005 in Prozent,K03241999,0
2005,Diepholz,Polen,Veränderung gegenüber 2005 in Prozent,K03251,0
2005,Hameln-Pyrmont,Polen,Veränderung gegenüber 2005 in Prozent,K03252,0
2005,Hildesheim,Polen,Veränderung gegenüber 2005 in Prozent,K03254,0
2005,Holzminden,Polen,Veränderung gegenüber 2005 in Prozent,K03255,0
2005,Nienburg (Weser),Polen,Veränderung gegenüber 2005 in Prozent,K03256,0
2005,Schaumburg,Polen,Veränderung gegenüber 2005 in Prozent,K03257,0
2005,Statistische Region Hannover,Polen,Veränderung gegenüber 2005 in Prozent,K032,0
2005,Celle,Polen,Veränderung gegenüber 2005 in Prozent,K03351,0
2005,Cuxhaven,Polen,Veränderung gegenüber 2005 in Prozent,K03352,0
2005,Harburg,Polen,Veränderung gegenüber 2005 in Prozent,K03353,0
2005,Lüchow-Dannenberg,Polen,Veränderung gegenüber 2005 in Prozent,K03354,0
2005,Lüneburg,Polen,Veränderung gegenüber 2005 in Prozent,K03355,0
2005,Osterholz,Polen,Veränderung gegenüber 2005 in Prozent,K03356,0
2005,Rotenburg (Wümme),Polen,Veränderung gegenüber 2005 in Prozent,K03357,0
2005,Heidekreis,Polen,Veränderung gegenüber 2005 in Prozent,K03358,0
2005,Stade,Polen,Veränderung gegenüber 2005 in Prozent,K03359,0
2005,Uelzen,Polen,Veränderung gegenüber 2005 in Prozent,K03360,0
2005,Verden,Polen,Veränderung gegenüber 2005 in Prozent,K03361,0
2005,Statistische Region Lüneburg,Polen,Veränderung gegenüber 2005 in Prozent,K033,0
2005,"Delmenhorst, Stadt",Polen,Veränderung gegenüber 2005 in Prozent,K03401,0
2005,"Emden, Stadt",Polen,Veränderung gegenüber 2005 in Prozent,K03402,0
2005,"Oldenburg (Oldb), Stadt",Polen,Veränderung gegenüber 2005 in Prozent,K03403,0
2005,"Osnabrück, Stadt",Polen,Veränderung gegenüber 2005 in Prozent,K03404,0
2005,"Wilhelmshaven, Stadt",Polen,Veränderung gegenüber 2005 in Prozent,K03405,0
2005,Ammerland,Polen,Veränderung gegenüber 2005 in Prozent,K03451,0
2005,Aurich,Polen,Veränderung gegenüber 2005 in Prozent,K03452,0
2005,Cloppenburg,Polen,Veränderung gegenüber 2005 in Prozent,K03453,0
2005,Emsland,Polen,Veränderung gegenüber 2005 in Prozent,K03454,0
2005,Friesland,Polen,Veränderung gegenüber 2005 in Prozent,K03455,0
2005,Grafschaft Bentheim,Polen,Veränderung gegenüber 2005 in Prozent,K03456,0
2005,Leer,Polen,Veränderung gegenüber 2005 in Prozent,K03457,0
2005,Oldenburg,Polen,Veränderung gegenüber 2005 in Prozent,K03458,0
2005,Osnabrück,Polen,Veränderung gegenüber 2005 in Prozent,K03459,0
2005,Vechta,Polen,Veränderung gegenüber 2005 in Prozent,K03460,0
2005,Wesermarsch,Polen,Veränderung gegenüber 2005 in Prozent,K03461,0
2005,Wittmund,Polen,Veränderung gegenüber 2005 in Prozent,K03462,0
2005,Statistische Region Weser-Ems,Polen,Veränderung gegenüber 2005 in Prozent,K034,0
2005,Niedersachsen,Polen,Veränderung gegenüber 2005 in Prozent,K030,0
2011,"Braunschweig, Stadt",Polen,Veränderung gegenüber 2005 in Prozent,K03101,24
2011,"Salzgitter, Stadt",Polen,Veränderung gegenüber 2005 in Prozent,K03102,21
2011,"Wolfsburg, Stadt",Polen,Veränderung gegenüber 2005 in Prozent,K03103,28
2011,Gifhorn,Polen,Veränderung gegenüber 2005 in Prozent,K03151,24
2011,Goslar,Polen,Veränderung gegenüber 2005 in Prozent,K03153,2
2011,Helmstedt,Polen,Veränderung gegenüber 2005 in Prozent,K03154,42
2011,Northeim,Polen,Veränderung gegenüber 2005 in Prozent,K03155,-1
2011,Peine,Polen,Veränderung gegenüber 2005 in Prozent,K03157,36
2011,Wolfenbüttel,Polen,Veränderung gegenüber 2005 in Prozent,K03158,48
2011,Göttingen,Polen,Veränderung gegenüber 2005 in Prozent,K03159,-7
2011,Statistische Region Braunschweig,Polen,Veränderung gegenüber 2005 in Prozent,K031,20
2011,Region Hannover,Polen,Veränderung gegenüber 2005 in Prozent,K03241,30
2011,"dav. Hannover, Lhst.",Polen,Veränderung gegenüber 2005 in Prozent,K03241001,37
2011,"dav. Hannover, Umland",Polen,Veränderung gegenüber 2005 in Prozent,K03241999,21
2011,Diepholz,Polen,Veränderung gegenüber 2005 in Prozent,K03251,59
2011,Hameln-Pyrmont,Polen,Veränderung gegenüber 2005 in Prozent,K03252,21
2011,Hildesheim,Polen,Veränderung gegenüber 2005 in Prozent,K03254,12
2011,Holzminden,Polen,Veränderung gegenüber 2005 in Prozent,K03255,2
2011,Nienburg (Weser),Polen,Veränderung gegenüber 2005 in Prozent,K03256,30
2011,Schaumburg,Polen,Veränderung gegenüber 2005 in Prozent,K03257,36
2011,Statistische Region Hannover,Polen,Veränderung gegenüber 2005 in Prozent,K032,30
2011,Celle,Polen,Veränderung gegenüber 2005 in Prozent,K03351,34
2011,Cuxhaven,Polen,Veränderung gegenüber 2005 in Prozent,K03352,32
2011,Harburg,Polen,Veränderung gegenüber 2005 in Prozent,K03353,72
2011,Lüchow-Dannenberg,Polen,Veränderung gegenüber 2005 in Prozent,K03354,41
2011,Lüneburg,Polen,Veränderung gegenüber 2005 in Prozent,K03355,51
2011,Osterholz,Polen,Veränderung gegenüber 2005 in Prozent,K03356,54
2011,Rotenburg (Wümme),Polen,Veränderung gegenüber 2005 in Prozent,K03357,23
2011,Heidekreis,Polen,Veränderung gegenüber 2005 in Prozent,K03358,40
2011,Stade,Polen,Veränderung gegenüber 2005 in Prozent,K03359,109
2011,Uelzen,Polen,Veränderung gegenüber 2005 in Prozent,K03360,34
2011,Verden,Polen,Veränderung gegenüber 2005 in Prozent,K03361,34
2011,Statistische Region Lüneburg,Polen,Veränderung gegenüber 2005 in Prozent,K033,52
2011,"Delmenhorst, Stadt",Polen,Veränderung gegenüber 2005 in Prozent,K03401,27
2011,"Emden, Stadt",Polen,Veränderung gegenüber 2005 in Prozent,K03402,-14
2011,"Oldenburg (Oldb), Stadt",Polen,Veränderung gegenüber 2005 in Prozent,K03403,3
2011,"Osnabrück, Stadt",Polen,Veränderung gegenüber 2005 in Prozent,K03404,43
2011,"Wilhelmshaven, Stadt",Polen,Veränderung gegenüber 2005 in Prozent,K03405,160
2011,Ammerland,Polen,Veränderung gegenüber 2005 in Prozent,K03451,129
2011,Aurich,Polen,Veränderung gegenüber 2005 in Prozent,K03452,101
2011,Cloppenburg,Polen,Veränderung gegenüber 2005 in Prozent,K03453,86
2011,Emsland,Polen,Veränderung gegenüber 2005 in Prozent,K03454,115
2011,Friesland,Polen,Veränderung gegenüber 2005 in Prozent,K03455,38
2011,Grafschaft Bentheim,Polen,Veränderung gegenüber 2005 in Prozent,K03456,116
2011,Leer,Polen,Veränderung gegenüber 2005 in Prozent,K03457,41
2011,Oldenburg,Polen,Veränderung gegenüber 2005 in Prozent,K03458,146
2011,Osnabrück,Polen,Veränderung gegenüber 2005 in Prozent,K03459,125
2011,Vechta,Polen,Veränderung gegenüber 2005 in Prozent,K03460,114
2011,Wesermarsch,Polen,Veränderung gegenüber 2005 in Prozent,K03461,28
2011,Wittmund,Polen,Veränderung gegenüber 2005 in Prozent,K03462,68
2011,Statistische Region Weser-Ems,Polen,Veränderung gegenüber 2005 in Prozent,K034,85
2011,Niedersachsen,Polen,Veränderung gegenüber 2005 in Prozent,K030,47
2012,"Braunschweig, Stadt",Polen,Veränderung gegenüber 2005 in Prozent,K03101,43
2012,"Salzgitter, Stadt",Polen,Veränderung gegenüber 2005 in Prozent,K03102,33
2012,"Wolfsburg, Stadt",Polen,Veränderung gegenüber 2005 in Prozent,K03103,42
2012,Gifhorn,Polen,Veränderung gegenüber 2005 in Prozent,K03151,46
2012,Goslar,Polen,Veränderung gegenüber 2005 in Prozent,K03153,21
2012,Helmstedt,Polen,Veränderung gegenüber 2005 in Prozent,K03154,44
2012,Northeim,Polen,Veränderung gegenüber 2005 in Prozent,K03155,6
2012,Peine,Polen,Veränderung gegenüber 2005 in Prozent,K03157,58
2012,Wolfenbüttel,Polen,Veränderung gegenüber 2005 in Prozent,K03158,65
2012,Göttingen,Polen,Veränderung gegenüber 2005 in Prozent,K03159,0
2012,Statistische Region Braunschweig,Polen,Veränderung gegenüber 2005 in Prozent,K031,34
2012,Region Hannover,Polen,Veränderung gegenüber 2005 in Prozent,K03241,47
2012,"dav. Hannover, Lhst.",Polen,Veränderung gegenüber 2005 in Prozent,K03241001,51
2012,"dav. Hannover, Umland",Polen,Veränderung gegenüber 2005 in Prozent,K03241999,41
2012,Diepholz,Polen,Veränderung gegenüber 2005 in Prozent,K03251,102
2012,Hameln-Pyrmont,Polen,Veränderung gegenüber 2005 in Prozent,K03252,12
2012,Hildesheim,Polen,Veränderung gegenüber 2005 in Prozent,K03254,28
2012,Holzminden,Polen,Veränderung gegenüber 2005 in Prozent,K03255,2
2012,Nienburg (Weser),Polen,Veränderung gegenüber 2005 in Prozent,K03256,51
2012,Schaumburg,Polen,Veränderung gegenüber 2005 in Prozent,K03257,53
2012,Statistische Region Hannover,Polen,Veränderung gegenüber 2005 in Prozent,K032,47
2012,Celle,Polen,Veränderung gegenüber 2005 in Prozent,K03351,54
2012,Cuxhaven,Polen,Veränderung gegenüber 2005 in Prozent,K03352,43
2012,Harburg,Polen,Veränderung gegenüber 2005 in Prozent,K03353,78
2012,Lüchow-Dannenberg,Polen,Veränderung gegenüber 2005 in Prozent,K03354,59
2012,Lüneburg,Polen,Veränderung gegenüber 2005 in Prozent,K03355,68
2012,Osterholz,Polen,Veränderung gegenüber 2005 in Prozent,K03356,110
2012,Rotenburg (Wümme),Polen,Veränderung gegenüber 2005 in Prozent,K03357,47
2012,Heidekreis,Polen,Veränderung gegenüber 2005 in Prozent,K03358,76
2012,Stade,Polen,Veränderung gegenüber 2005 in Prozent,K03359,158
2012,Uelzen,Polen,Veränderung gegenüber 2005 in Prozent,K03360,52
2012,Verden,Polen,Veränderung gegenüber 2005 in Prozent,K03361,63
2012,Statistische Region Lüneburg,Polen,Veränderung gegenüber 2005 in Prozent,K033,77
2012,"Delmenhorst, Stadt",Polen,Veränderung gegenüber 2005 in Prozent,K03401,67
2012,"Emden, Stadt",Polen,Veränderung gegenüber 2005 in Prozent,K03402,50
2012,"Oldenburg (Oldb), Stadt",Polen,Veränderung gegenüber 2005 in Prozent,K03403,15
2012,"Osnabrück, Stadt",Polen,Veränderung gegenüber 2005 in Prozent,K03404,74
2012,"Wilhelmshaven, Stadt",Polen,Veränderung gegenüber 2005 in Prozent,K03405,173
2012,Ammerland,Polen,Veränderung gegenüber 2005 in Prozent,K03451,280
2012,Aurich,Polen,Veränderung gegenüber 2005 in Prozent,K03452,153
2012,Cloppenburg,Polen,Veränderung gegenüber 2005 in Prozent,K03453,177
2012,Emsland,Polen,Veränderung gegenüber 2005 in Prozent,K03454,149
2012,Friesland,Polen,Veränderung gegenüber 2005 in Prozent,K03455,57
2012,Grafschaft Bentheim,Polen,Veränderung gegenüber 2005 in Prozent,K03456,238
2012,Leer,Polen,Veränderung gegenüber 2005 in Prozent,K03457,69
2012,Oldenburg,Polen,Veränderung gegenüber 2005 in Prozent,K03458,209
2012,Osnabrück,Polen,Veränderung gegenüber 2005 in Prozent,K03459,171
2012,Vechta,Polen,Veränderung gegenüber 2005 in Prozent,K03460,144
2012,Wesermarsch,Polen,Veränderung gegenüber 2005 in Prozent,K03461,42
2012,Wittmund,Polen,Veränderung gegenüber 2005 in Prozent,K03462,100
2012,Statistische Region Weser-Ems,Polen,Veränderung gegenüber 2005 in Prozent,K034,131
2012,Niedersachsen,Polen,Veränderung gegenüber 2005 in Prozent,K030,73
2013,"Braunschweig, Stadt",Polen,Veränderung gegenüber 2005 in Prozent,K03101,60
2013,"Salzgitter, Stadt",Polen,Veränderung gegenüber 2005 in Prozent,K03102,73
2013,"Wolfsburg, Stadt",Polen,Veränderung gegenüber 2005 in Prozent,K03103,66
2013,Gifhorn,Polen,Veränderung gegenüber 2005 in Prozent,K03151,56
2013,Goslar,Polen,Veränderung gegenüber 2005 in Prozent,K03153,42
2013,Helmstedt,Polen,Veränderung gegenüber 2005 in Prozent,K03154,54
2013,Northeim,Polen,Veränderung gegenüber 2005 in Prozent,K03155,23
2013,Peine,Polen,Veränderung gegenüber 2005 in Prozent,K03157,86
2013,Wolfenbüttel,Polen,Veränderung gegenüber 2005 in Prozent,K03158,91
2013,Göttingen,Polen,Veränderung gegenüber 2005 in Prozent,K03159,9
2013,Statistische Region Braunschweig,Polen,Veränderung gegenüber 2005 in Prozent,K031,54
2013,Region Hannover,Polen,Veränderung gegenüber 2005 in Prozent,K03241,71
2013,"dav. Hannover, Lhst.",Polen,Veränderung gegenüber 2005 in Prozent,K03241001,67
2013,"dav. Hannover, Umland",Polen,Veränderung gegenüber 2005 in Prozent,K03241999,75
2013,Diepholz,Polen,Veränderung gegenüber 2005 in Prozent,K03251,214
2013,Hameln-Pyrmont,Polen,Veränderung gegenüber 2005 in Prozent,K03252,24
2013,Hildesheim,Polen,Veränderung gegenüber 2005 in Prozent,K03254,47
2013,Holzminden,Polen,Veränderung gegenüber 2005 in Prozent,K03255,3
2013,Nienburg (Weser),Polen,Veränderung gegenüber 2005 in Prozent,K03256,100
2013,Schaumburg,Polen,Veränderung gegenüber 2005 in Prozent,K03257,71
2013,Statistische Region Hannover,Polen,Veränderung gegenüber 2005 in Prozent,K032,76
2013,Celle,Polen,Veränderung gegenüber 2005 in Prozent,K03351,97
2013,Cuxhaven,Polen,Veränderung gegenüber 2005 in Prozent,K03352,81
2013,Harburg,Polen,Veränderung gegenüber 2005 in Prozent,K03353,75
2013,Lüchow-Dannenberg,Polen,Veränderung gegenüber 2005 in Prozent,K03354,128
2013,Lüneburg,Polen,Veränderung gegenüber 2005 in Prozent,K03355,86
2013,Osterholz,Polen,Veränderung gegenüber 2005 in Prozent,K03356,123
2013,Rotenburg (Wümme),Polen,Veränderung gegenüber 2005 in Prozent,K03357,78
2013,Heidekreis,Polen,Veränderung gegenüber 2005 in Prozent,K03358,159
2013,Stade,Polen,Veränderung gegenüber 2005 in Prozent,K03359,212
2013,Uelzen,Polen,Veränderung gegenüber 2005 in Prozent,K03360,85
2013,Verden,Polen,Veränderung gegenüber 2005 in Prozent,K03361,108
2013,Statistische Region Lüneburg,Polen,Veränderung gegenüber 2005 in Prozent,K033,112
2013,"Delmenhorst, Stadt",Polen,Veränderung gegenüber 2005 in Prozent,K03401,111
2013,"Emden, Stadt",Polen,Veränderung gegenüber 2005 in Prozent,K03402,129
2013,"Oldenburg (Oldb), Stadt",Polen,Veränderung gegenüber 2005 in Prozent,K03403,38
2013,"Osnabrück, Stadt",Polen,Veränderung gegenüber 2005 in Prozent,K03404,91
2013,"Wilhelmshaven, Stadt",Polen,Veränderung gegenüber 2005 in Prozent,K03405,139
2013,Ammerland,Polen,Veränderung gegenüber 2005 in Prozent,K03451,285
2013,Aurich,Polen,Veränderung gegenüber 2005 in Prozent,K03452,238
2013,Cloppenburg,Polen,Veränderung gegenüber 2005 in Prozent,K03453,211
2013,Emsland,Polen,Veränderung gegenüber 2005 in Prozent,K03454,169
2013,Friesland,Polen,Veränderung gegenüber 2005 in Prozent,K03455,80
2013,Grafschaft Bentheim,Polen,Veränderung gegenüber 2005 in Prozent,K03456,328
2013,Leer,Polen,Veränderung gegenüber 2005 in Prozent,K03457,94
2013,Oldenburg,Polen,Veränderung gegenüber 2005 in Prozent,K03458,277
2013,Osnabrück,Polen,Veränderung gegenüber 2005 in Prozent,K03459,223
2013,Vechta,Polen,Veränderung gegenüber 2005 in Prozent,K03460,186
2013,Wesermarsch,Polen,Veränderung gegenüber 2005 in Prozent,K03461,73
2013,Wittmund,Polen,Veränderung gegenüber 2005 in Prozent,K03462,163
2013,Statistische Region Weser-Ems,Polen,Veränderung gegenüber 2005 in Prozent,K034,168
2013,Niedersachsen,Polen,Veränderung gegenüber 2005 in Prozent,K030,103
2014,"Braunschweig, Stadt",Polen,Veränderung gegenüber 2005 in Prozent,K03101,74
2014,"Salzgitter, Stadt",Polen,Veränderung gegenüber 2005 in Prozent,K03102,114
2014,"Wolfsburg, Stadt",Polen,Veränderung gegenüber 2005 in Prozent,K03103,88
2014,Gifhorn,Polen,Veränderung gegenüber 2005 in Prozent,K03151,81
2014,Goslar,Polen,Veränderung gegenüber 2005 in Prozent,K03153,54
2014,Helmstedt,Polen,Veränderung gegenüber 2005 in Prozent,K03154,61
2014,Northeim,Polen,Veränderung gegenüber 2005 in Prozent,K03155,66
2014,Peine,Polen,Veränderung gegenüber 2005 in Prozent,K03157,114
2014,Wolfenbüttel,Polen,Veränderung gegenüber 2005 in Prozent,K03158,108
2014,Göttingen,Polen,Veränderung gegenüber 2005 in Prozent,K03159,18
2014,Statistische Region Braunschweig,Polen,Veränderung gegenüber 2005 in Prozent,K031,73
2014,Region Hannover,Polen,Veränderung gegenüber 2005 in Prozent,K03241,93
2014,"dav. Hannover, Lhst.",Polen,Veränderung gegenüber 2005 in Prozent,K03241001,87
2014,"dav. Hannover, Umland",Polen,Veränderung gegenüber 2005 in Prozent,K03241999,100
2014,Diepholz,Polen,Veränderung gegenüber 2005 in Prozent,K03251,226
2014,Hameln-Pyrmont,Polen,Veränderung gegenüber 2005 in Prozent,K03252,39
2014,Hildesheim,Polen,Veränderung gegenüber 2005 in Prozent,K03254,66
2014,Holzminden,Polen,Veränderung gegenüber 2005 in Prozent,K03255,-4
2014,Nienburg (Weser),Polen,Veränderung gegenüber 2005 in Prozent,K03256,133
2014,Schaumburg,Polen,Veränderung gegenüber 2005 in Prozent,K03257,91
2014,Statistische Region Hannover,Polen,Veränderung gegenüber 2005 in Prozent,K032,97
2014,Celle,Polen,Veränderung gegenüber 2005 in Prozent,K03351,157
2014,Cuxhaven,Polen,Veränderung gegenüber 2005 in Prozent,K03352,145
2014,Harburg,Polen,Veränderung gegenüber 2005 in Prozent,K03353,74
2014,Lüchow-Dannenberg,Polen,Veränderung gegenüber 2005 in Prozent,K03354,169
2014,Lüneburg,Polen,Veränderung gegenüber 2005 in Prozent,K03355,102
2014,Osterholz,Polen,Veränderung gegenüber 2005 in Prozent,K03356,152
2014,Rotenburg (Wümme),Polen,Veränderung gegenüber 2005 in Prozent,K03357,112
2014,Heidekreis,Polen,Veränderung gegenüber 2005 in Prozent,K03358,207
2014,Stade,Polen,Veränderung gegenüber 2005 in Prozent,K03359,271
2014,Uelzen,Polen,Veränderung gegenüber 2005 in Prozent,K03360,132
2014,Verden,Polen,Veränderung gegenüber 2005 in Prozent,K03361,137
2014,Statistische Region Lüneburg,Polen,Veränderung gegenüber 2005 in Prozent,K033,147
2014,"Delmenhorst, Stadt",Polen,Veränderung gegenüber 2005 in Prozent,K03401,158
2014,"Emden, Stadt",Polen,Veränderung gegenüber 2005 in Prozent,K03402,182
2014,"Oldenburg (Oldb), Stadt",Polen,Veränderung gegenüber 2005 in Prozent,K03403,60
2014,"Osnabrück, Stadt",Polen,Veränderung gegenüber 2005 in Prozent,K03404,108
2014,"Wilhelmshaven, Stadt",Polen,Veränderung gegenüber 2005 in Prozent,K03405,174
2014,Ammerland,Polen,Veränderung gegenüber 2005 in Prozent,K03451,329
2014,Aurich,Polen,Veränderung gegenüber 2005 in Prozent,K03452,333
2014,Cloppenburg,Polen,Veränderung gegenüber 2005 in Prozent,K03453,260
2014,Emsland,Polen,Veränderung gegenüber 2005 in Prozent,K03454,213
2014,Friesland,Polen,Veränderung gegenüber 2005 in Prozent,K03455,109
2014,Grafschaft Bentheim,Polen,Veränderung gegenüber 2005 in Prozent,K03456,423
2014,Leer,Polen,Veränderung gegenüber 2005 in Prozent,K03457,124
2014,Oldenburg,Polen,Veränderung gegenüber 2005 in Prozent,K03458,287
2014,Osnabrück,Polen,Veränderung gegenüber 2005 in Prozent,K03459,250
2014,Vechta,Polen,Veränderung gegenüber 2005 in Prozent,K03460,242
2014,Wesermarsch,Polen,Veränderung gegenüber 2005 in Prozent,K03461,120
2014,Wittmund,Polen,Veränderung gegenüber 2005 in Prozent,K03462,255
2014,Statistische Region Weser-Ems,Polen,Veränderung gegenüber 2005 in Prozent,K034,210
2014,Niedersachsen,Polen,Veränderung gegenüber 2005 in Prozent,K030,132
2015,"Braunschweig, Stadt",Polen,Veränderung gegenüber 2005 in Prozent,K03101,87
2015,"Salzgitter, Stadt",Polen,Veränderung gegenüber 2005 in Prozent,K03102,172
2015,"Wolfsburg, Stadt",Polen,Veränderung gegenüber 2005 in Prozent,K03103,102
2015,Gifhorn,Polen,Veränderung gegenüber 2005 in Prozent,K03151,99
2015,Goslar,Polen,Veränderung gegenüber 2005 in Prozent,K03153,72
2015,Helmstedt,Polen,Veränderung gegenüber 2005 in Prozent,K03154,111
2015,Northeim,Polen,Veränderung gegenüber 2005 in Prozent,K03155,102
2015,Peine,Polen,Veränderung gegenüber 2005 in Prozent,K03157,139
2015,Wolfenbüttel,Polen,Veränderung gegenüber 2005 in Prozent,K03158,123
2015,Göttingen,Polen,Veränderung gegenüber 2005 in Prozent,K03159,31
2015,Statistische Region Braunschweig,Polen,Veränderung gegenüber 2005 in Prozent,K031,95
2015,Region Hannover,Polen,Veränderung gegenüber 2005 in Prozent,K03241,115
2015,"dav. Hannover, Lhst.",Polen,Veränderung gegenüber 2005 in Prozent,K03241001,102
2015,"dav. Hannover, Umland",Polen,Veränderung gegenüber 2005 in Prozent,K03241999,135
2015,Diepholz,Polen,Veränderung gegenüber 2005 in Prozent,K03251,256
2015,Hameln-Pyrmont,Polen,Veränderung gegenüber 2005 in Prozent,K03252,53
2015,Hildesheim,Polen,Veränderung gegenüber 2005 in Prozent,K03254,90
2015,Holzminden,Polen,Veränderung gegenüber 2005 in Prozent,K03255,-9
2015,Nienburg (Weser),Polen,Veränderung gegenüber 2005 in Prozent,K03256,150
2015,Schaumburg,Polen,Veränderung gegenüber 2005 in Prozent,K03257,123
2015,Statistische Region Hannover,Polen,Veränderung gegenüber 2005 in Prozent,K032,119
2015,Celle,Polen,Veränderung gegenüber 2005 in Prozent,K03351,192
2015,Cuxhaven,Polen,Veränderung gegenüber 2005 in Prozent,K03352,193
2015,Harburg,Polen,Veränderung gegenüber 2005 in Prozent,K03353,79
2015,Lüchow-Dannenberg,Polen,Veränderung gegenüber 2005 in Prozent,K03354,211
2015,Lüneburg,Polen,Veränderung gegenüber 2005 in Prozent,K03355,114
2015,Osterholz,Polen,Veränderung gegenüber 2005 in Prozent,K03356,176
2015,Rotenburg (Wümme),Polen,Veränderung gegenüber 2005 in Prozent,K03357,136
2015,Heidekreis,Polen,Veränderung gegenüber 2005 in Prozent,K03358,273
2015,Stade,Polen,Veränderung gegenüber 2005 in Prozent,K03359,295
2015,Uelzen,Polen,Veränderung gegenüber 2005 in Prozent,K03360,156
2015,Verden,Polen,Veränderung gegenüber 2005 in Prozent,K03361,157
2015,Statistische Region Lüneburg,Polen,Veränderung gegenüber 2005 in Prozent,K033,173
2015,"Delmenhorst, Stadt",Polen,Veränderung gegenüber 2005 in Prozent,K03401,198
2015,"Emden, Stadt",Polen,Veränderung gegenüber 2005 in Prozent,K03402,221
2015,"Oldenburg (Oldb), Stadt",Polen,Veränderung gegenüber 2005 in Prozent,K03403,84
2015,"Osnabrück, Stadt",Polen,Veränderung gegenüber 2005 in Prozent,K03404,135
2015,"Wilhelmshaven, Stadt",Polen,Veränderung gegenüber 2005 in Prozent,K03405,179
2015,Ammerland,Polen,Veränderung gegenüber 2005 in Prozent,K03451,365
2015,Aurich,Polen,Veränderung gegenüber 2005 in Prozent,K03452,374
2015,Cloppenburg,Polen,Veränderung gegenüber 2005 in Prozent,K03453,278
2015,Emsland,Polen,Veränderung gegenüber 2005 in Prozent,K03454,258
2015,Friesland,Polen,Veränderung gegenüber 2005 in Prozent,K03455,124
2015,Grafschaft Bentheim,Polen,Veränderung gegenüber 2005 in Prozent,K03456,530
2015,Leer,Polen,Veränderung gegenüber 2005 in Prozent,K03457,145
2015,Oldenburg,Polen,Veränderung gegenüber 2005 in Prozent,K03458,314
2015,Osnabrück,Polen,Veränderung gegenüber 2005 in Prozent,K03459,286
2015,Vechta,Polen,Veränderung gegenüber 2005 in Prozent,K03460,292
2015,Wesermarsch,Polen,Veränderung gegenüber 2005 in Prozent,K03461,156
2015,Wittmund,Polen,Veränderung gegenüber 2005 in Prozent,K03462,326
2015,Statistische Region Weser-Ems,Polen,Veränderung gegenüber 2005 in Prozent,K034,247
2015,Niedersachsen,Polen,Veränderung gegenüber 2005 in Prozent,K030,159
2016,"Braunschweig, Stadt",Polen,Veränderung gegenüber 2005 in Prozent,K03101,89
2016,"Salzgitter, Stadt",Polen,Veränderung gegenüber 2005 in Prozent,K03102,211
2016,"Wolfsburg, Stadt",Polen,Veränderung gegenüber 2005 in Prozent,K03103,111
2016,Gifhorn,Polen,Veränderung gegenüber 2005 in Prozent,K03151,95
2016,Goslar,Polen,Veränderung gegenüber 2005 in Prozent,K03153,86
2016,Helmstedt,Polen,Veränderung gegenüber 2005 in Prozent,K03154,136
2016,Northeim,Polen,Veränderung gegenüber 2005 in Prozent,K03155,140
2016,Peine,Polen,Veränderung gegenüber 2005 in Prozent,K03157,160
2016,Wolfenbüttel,Polen,Veränderung gegenüber 2005 in Prozent,K03158,121
2016,Göttingen,Polen,Veränderung gegenüber 2005 in Prozent,K03159,39
2016,Statistische Region Braunschweig,Polen,Veränderung gegenüber 2005 in Prozent,K031,106
2016,Region Hannover,Polen,Veränderung gegenüber 2005 in Prozent,K03241,131
2016,"dav. Hannover, Lhst.",Polen,Veränderung gegenüber 2005 in Prozent,K03241001,115
2016,"dav. Hannover, Umland",Polen,Veränderung gegenüber 2005 in Prozent,K03241999,155
2016,Diepholz,Polen,Veränderung gegenüber 2005 in Prozent,K03251,279
2016,Hameln-Pyrmont,Polen,Veränderung gegenüber 2005 in Prozent,K03252,62
2016,Hildesheim,Polen,Veränderung gegenüber 2005 in Prozent,K03254,112
2016,Holzminden,Polen,Veränderung gegenüber 2005 in Prozent,K03255,-16
2016,Nienburg (Weser),Polen,Veränderung gegenüber 2005 in Prozent,K03256,189
2016,Schaumburg,Polen,Veränderung gegenüber 2005 in Prozent,K03257,148
2016,Statistische Region Hannover,Polen,Veränderung gegenüber 2005 in Prozent,K032,137
2016,Celle,Polen,Veränderung gegenüber 2005 in Prozent,K03351,222
2016,Cuxhaven,Polen,Veränderung gegenüber 2005 in Prozent,K03352,196
2016,Harburg,Polen,Veränderung gegenüber 2005 in Prozent,K03353,112
2016,Lüchow-Dannenberg,Polen,Veränderung gegenüber 2005 in Prozent,K03354,251
2016,Lüneburg,Polen,Veränderung gegenüber 2005 in Prozent,K03355,138
2016,Osterholz,Polen,Veränderung gegenüber 2005 in Prozent,K03356,157
2016,Rotenburg (Wümme),Polen,Veränderung gegenüber 2005 in Prozent,K03357,140
2016,Heidekreis,Polen,Veränderung gegenüber 2005 in Prozent,K03358,312
2016,Stade,Polen,Veränderung gegenüber 2005 in Prozent,K03359,347
2016,Uelzen,Polen,Veränderung gegenüber 2005 in Prozent,K03360,187
2016,Verden,Polen,Veränderung gegenüber 2005 in Prozent,K03361,177
2016,Statistische Region Lüneburg,Polen,Veränderung gegenüber 2005 in Prozent,K033,199
2016,"Delmenhorst, Stadt",Polen,Veränderung gegenüber 2005 in Prozent,K03401,197
2016,"Emden, Stadt",Polen,Veränderung gegenüber 2005 in Prozent,K03402,241
2016,"Oldenburg (Oldb), Stadt",Polen,Veränderung gegenüber 2005 in Prozent,K03403,83
2016,"Osnabrück, Stadt",Polen,Veränderung gegenüber 2005 in Prozent,K03404,148
2016,"Wilhelmshaven, Stadt",Polen,Veränderung gegenüber 2005 in Prozent,K03405,187
2016,Ammerland,Polen,Veränderung gegenüber 2005 in Prozent,K03451,400
2016,Aurich,Polen,Veränderung gegenüber 2005 in Prozent,K03452,384
2016,Cloppenburg,Polen,Veränderung gegenüber 2005 in Prozent,K03453,328
2016,Emsland,Polen,Veränderung gegenüber 2005 in Prozent,K03454,297
2016,Friesland,Polen,Veränderung gegenüber 2005 in Prozent,K03455,128
2016,Grafschaft Bentheim,Polen,Veränderung gegenüber 2005 in Prozent,K03456,584
2016,Leer,Polen,Veränderung gegenüber 2005 in Prozent,K03457,171
2016,Oldenburg,Polen,Veränderung gegenüber 2005 in Prozent,K03458,316
2016,Osnabrück,Polen,Veränderung gegenüber 2005 in Prozent,K03459,308
2016,Vechta,Polen,Veränderung gegenüber 2005 in Prozent,K03460,308
2016,Wesermarsch,Polen,Veränderung gegenüber 2005 in Prozent,K03461,188
2016,Wittmund,Polen,Veränderung gegenüber 2005 in Prozent,K03462,313
2016,Statistische Region Weser-Ems,Polen,Veränderung gegenüber 2005 in Prozent,K034,270
2016,Niedersachsen,Polen,Veränderung gegenüber 2005 in Prozent,K030,178
2017,"Braunschweig, Stadt",Polen,Veränderung gegenüber 2005 in Prozent,K03101,92
2017,"Salzgitter, Stadt",Polen,Veränderung gegenüber 2005 in Prozent,K03102,232
2017,"Wolfsburg, Stadt",Polen,Veränderung gegenüber 2005 in Prozent,K03103,120
2017,Gifhorn,Polen,Veränderung gegenüber 2005 in Prozent,K03151,89
2017,Goslar,Polen,Veränderung gegenüber 2005 in Prozent,K03153,98
2017,Helmstedt,Polen,Veränderung gegenüber 2005 in Prozent,K03154,159
2017,Northeim,Polen,Veränderung gegenüber 2005 in Prozent,K03155,140
2017,Peine,Polen,Veränderung gegenüber 2005 in Prozent,K03157,188
2017,Wolfenbüttel,Polen,Veränderung gegenüber 2005 in Prozent,K03158,119
2017,Göttingen,Polen,Veränderung gegenüber 2005 in Prozent,K03159,42
2017,Statistische Region Braunschweig,Polen,Veränderung gegenüber 2005 in Prozent,K031,113
2017,Region Hannover,Polen,Veränderung gegenüber 2005 in Prozent,K03241,136
2017,"dav. Hannover, Lhst.",Polen,Veränderung gegenüber 2005 in Prozent,K03241001,116
2017,"dav. Hannover, Umland",Polen,Veränderung gegenüber 2005 in Prozent,K03241999,166
2017,Diepholz,Polen,Veränderung gegenüber 2005 in Prozent,K03251,284
2017,Hameln-Pyrmont,Polen,Veränderung gegenüber 2005 in Prozent,K03252,68
2017,Hildesheim,Polen,Veränderung gegenüber 2005 in Prozent,K03254,121
2017,Holzminden,Polen,Veränderung gegenüber 2005 in Prozent,K03255,-16
2017,Nienburg (Weser),Polen,Veränderung gegenüber 2005 in Prozent,K03256,252
2017,Schaumburg,Polen,Veränderung gegenüber 2005 in Prozent,K03257,160
2017,Statistische Region Hannover,Polen,Veränderung gegenüber 2005 in Prozent,K032,145
2017,Celle,Polen,Veränderung gegenüber 2005 in Prozent,K03351,248
2017,Cuxhaven,Polen,Veränderung gegenüber 2005 in Prozent,K03352,209
2017,Harburg,Polen,Veränderung gegenüber 2005 in Prozent,K03353,169
2017,Lüchow-Dannenberg,Polen,Veränderung gegenüber 2005 in Prozent,K03354,170
2017,Lüneburg,Polen,Veränderung gegenüber 2005 in Prozent,K03355,136
2017,Osterholz,Polen,Veränderung gegenüber 2005 in Prozent,K03356,155
2017,Rotenburg (Wümme),Polen,Veränderung gegenüber 2005 in Prozent,K03357,139
2017,Heidekreis,Polen,Veränderung gegenüber 2005 in Prozent,K03358,330
2017,Stade,Polen,Veränderung gegenüber 2005 in Prozent,K03359,397
2017,Uelzen,Polen,Veränderung gegenüber 2005 in Prozent,K03360,204
2017,Verden,Polen,Veränderung gegenüber 2005 in Prozent,K03361,196
2017,Statistische Region Lüneburg,Polen,Veränderung gegenüber 2005 in Prozent,K033,218
2017,"Delmenhorst, Stadt",Polen,Veränderung gegenüber 2005 in Prozent,K03401,195
2017,"Emden, Stadt",Polen,Veränderung gegenüber 2005 in Prozent,K03402,257
2017,"Oldenburg (Oldb), Stadt",Polen,Veränderung gegenüber 2005 in Prozent,K03403,80
2017,"Osnabrück, Stadt",Polen,Veränderung gegenüber 2005 in Prozent,K03404,155
2017,"Wilhelmshaven, Stadt",Polen,Veränderung gegenüber 2005 in Prozent,K03405,197
2017,Ammerland,Polen,Veränderung gegenüber 2005 in Prozent,K03451,457
2017,Aurich,Polen,Veränderung gegenüber 2005 in Prozent,K03452,413
2017,Cloppenburg,Polen,Veränderung gegenüber 2005 in Prozent,K03453,309
2017,Emsland,Polen,Veränderung gegenüber 2005 in Prozent,K03454,334
2017,Friesland,Polen,Veränderung gegenüber 2005 in Prozent,K03455,143
2017,Grafschaft Bentheim,Polen,Veränderung gegenüber 2005 in Prozent,K03456,636
2017,Leer,Polen,Veränderung gegenüber 2005 in Prozent,K03457,179
2017,Oldenburg,Polen,Veränderung gegenüber 2005 in Prozent,K03458,350
2017,Osnabrück,Polen,Veränderung gegenüber 2005 in Prozent,K03459,333
2017,Vechta,Polen,Veränderung gegenüber 2005 in Prozent,K03460,333
2017,Wesermarsch,Polen,Veränderung gegenüber 2005 in Prozent,K03461,185
2017,Wittmund,Polen,Veränderung gegenüber 2005 in Prozent,K03462,340
2017,Statistische Region Weser-Ems,Polen,Veränderung gegenüber 2005 in Prozent,K034,288
2017,Niedersachsen,Polen,Veränderung gegenüber 2005 in Prozent,K030,191
2018,"Braunschweig, Stadt",Polen,Veränderung gegenüber 2005 in Prozent,K03101,95
2018,"Salzgitter, Stadt",Polen,Veränderung gegenüber 2005 in Prozent,K03102,227
2018,"Wolfsburg, Stadt",Polen,Veränderung gegenüber 2005 in Prozent,K03103,128
2018,Gifhorn,Polen,Veränderung gegenüber 2005 in Prozent,K03151,95
2018,Goslar,Polen,Veränderung gegenüber 2005 in Prozent,K03153,105
2018,Helmstedt,Polen,Veränderung gegenüber 2005 in Prozent,K03154,161
2018,Northeim,Polen,Veränderung gegenüber 2005 in Prozent,K03155,160
2018,Peine,Polen,Veränderung gegenüber 2005 in Prozent,K03157,198
2018,Wolfenbüttel,Polen,Veränderung gegenüber 2005 in Prozent,K03158,129
2018,Göttingen,Polen,Veränderung gegenüber 2005 in Prozent,K03159,50
2018,Statistische Region Braunschweig,Polen,Veränderung gegenüber 2005 in Prozent,K031,119
2018,Region Hannover,Polen,Veränderung gegenüber 2005 in Prozent,K03241,134
2018,"dav. Hannover, Lhst.",Polen,Veränderung gegenüber 2005 in Prozent,K03241001,108
2018,"dav. Hannover, Umland",Polen,Veränderung gegenüber 2005 in Prozent,K03241999,173
2018,Diepholz,Polen,Veränderung gegenüber 2005 in Prozent,K03251,319
2018,Hameln-Pyrmont,Polen,Veränderung gegenüber 2005 in Prozent,K03252,77
2018,Hildesheim,Polen,Veränderung gegenüber 2005 in Prozent,K03254,124
2018,Holzminden,Polen,Veränderung gegenüber 2005 in Prozent,K03255,-19
2018,Nienburg (Weser),Polen,Veränderung gegenüber 2005 in Prozent,K03256,258
2018,Schaumburg,Polen,Veränderung gegenüber 2005 in Prozent,K03257,176
2018,Statistische Region Hannover,Polen,Veränderung gegenüber 2005 in Prozent,K032,148
2018,Celle,Polen,Veränderung gegenüber 2005 in Prozent,K03351,269
2018,Cuxhaven,Polen,Veränderung gegenüber 2005 in Prozent,K03352,237
2018,Harburg,Polen,Veränderung gegenüber 2005 in Prozent,K03353,200
2018,Lüchow-Dannenberg,Polen,Veränderung gegenüber 2005 in Prozent,K03354,170
2018,Lüneburg,Polen,Veränderung gegenüber 2005 in Prozent,K03355,150
2018,Osterholz,Polen,Veränderung gegenüber 2005 in Prozent,K03356,160
2018,Rotenburg (Wümme),Polen,Veränderung gegenüber 2005 in Prozent,K03357,150
2018,Heidekreis,Polen,Veränderung gegenüber 2005 in Prozent,K03358,362
2018,Stade,Polen,Veränderung gegenüber 2005 in Prozent,K03359,424
2018,Uelzen,Polen,Veränderung gegenüber 2005 in Prozent,K03360,228
2018,Verden,Polen,Veränderung gegenüber 2005 in Prozent,K03361,221
2018,Statistische Region Lüneburg,Polen,Veränderung gegenüber 2005 in Prozent,K033,239
2018,"Delmenhorst, Stadt",Polen,Veränderung gegenüber 2005 in Prozent,K03401,198
2018,"Emden, Stadt",Polen,Veränderung gegenüber 2005 in Prozent,K03402,226
2018,"Oldenburg (Oldb), Stadt",Polen,Veränderung gegenüber 2005 in Prozent,K03403,78
2018,"Osnabrück, Stadt",Polen,Veränderung gegenüber 2005 in Prozent,K03404,156
2018,"Wilhelmshaven, Stadt",Polen,Veränderung gegenüber 2005 in Prozent,K03405,201
2018,Ammerland,Polen,Veränderung gegenüber 2005 in Prozent,K03451,479
2018,Aurich,Polen,Veränderung gegenüber 2005 in Prozent,K03452,427
2018,Cloppenburg,Polen,Veränderung gegenüber 2005 in Prozent,K03453,339
2018,Emsland,Polen,Veränderung gegenüber 2005 in Prozent,K03454,358
2018,Friesland,Polen,Veränderung gegenüber 2005 in Prozent,K03455,169
2018,Grafschaft Bentheim,Polen,Veränderung gegenüber 2005 in Prozent,K03456,667
2018,Leer,Polen,Veränderung gegenüber 2005 in Prozent,K03457,186
2018,Oldenburg,Polen,Veränderung gegenüber 2005 in Prozent,K03458,345
2018,Osnabrück,Polen,Veränderung gegenüber 2005 in Prozent,K03459,355
2018,Vechta,Polen,Veränderung gegenüber 2005 in Prozent,K03460,327
2018,Wesermarsch,Polen,Veränderung gegenüber 2005 in Prozent,K03461,198
2018,Wittmund,Polen,Veränderung gegenüber 2005 in Prozent,K03462,335
2018,Statistische Region Weser-Ems,Polen,Veränderung gegenüber 2005 in Prozent,K034,300
2018,Niedersachsen,Polen,Veränderung gegenüber 2005 in Prozent,K030,200
2019,"Braunschweig, Stadt",Polen,Veränderung gegenüber 2005 in Prozent,K03101,87
2019,"Salzgitter, Stadt",Polen,Veränderung gegenüber 2005 in Prozent,K03102,209
2019,"Wolfsburg, Stadt",Polen,Veränderung gegenüber 2005 in Prozent,K03103,123
2019,Gifhorn,Polen,Veränderung gegenüber 2005 in Prozent,K03151,101
2019,Goslar,Polen,Veränderung gegenüber 2005 in Prozent,K03153,103
2019,Helmstedt,Polen,Veränderung gegenüber 2005 in Prozent,K03154,172
2019,Northeim,Polen,Veränderung gegenüber 2005 in Prozent,K03155,166
2019,Peine,Polen,Veränderung gegenüber 2005 in Prozent,K03157,203
2019,Wolfenbüttel,Polen,Veränderung gegenüber 2005 in Prozent,K03158,130
2019,Göttingen,Polen,Veränderung gegenüber 2005 in Prozent,K03159,56
2019,Statistische Region Braunschweig,Polen,Veränderung gegenüber 2005 in Prozent,K031,117
2019,Region Hannover,Polen,Veränderung gegenüber 2005 in Prozent,K03241,129
2019,"dav. Hannover, Lhst.",Polen,Veränderung gegenüber 2005 in Prozent,K03241001,102
2019,"dav. Hannover, Umland",Polen,Veränderung gegenüber 2005 in Prozent,K03241999,169
2019,Diepholz,Polen,Veränderung gegenüber 2005 in Prozent,K03251,355
2019,Hameln-Pyrmont,Polen,Veränderung gegenüber 2005 in Prozent,K03252,85
2019,Hildesheim,Polen,Veränderung gegenüber 2005 in Prozent,K03254,137
2019,Holzminden,Polen,Veränderung gegenüber 2005 in Prozent,K03255,-13
2019,Nienburg (Weser),Polen,Veränderung gegenüber 2005 in Prozent,K03256,246
2019,Schaumburg,Polen,Veränderung gegenüber 2005 in Prozent,K03257,189
2019,Statistische Region Hannover,Polen,Veränderung gegenüber 2005 in Prozent,K032,148
2019,Celle,Polen,Veränderung gegenüber 2005 in Prozent,K03351,279
2019,Cuxhaven,Polen,Veränderung gegenüber 2005 in Prozent,K03352,240
2019,Harburg,Polen,Veränderung gegenüber 2005 in Prozent,K03353,254
2019,Lüchow-Dannenberg,Polen,Veränderung gegenüber 2005 in Prozent,K03354,174
2019,Lüneburg,Polen,Veränderung gegenüber 2005 in Prozent,K03355,150
2019,Osterholz,Polen,Veränderung gegenüber 2005 in Prozent,K03356,176
2019,Rotenburg (Wümme),Polen,Veränderung gegenüber 2005 in Prozent,K03357,160
2019,Heidekreis,Polen,Veränderung gegenüber 2005 in Prozent,K03358,406
2019,Stade,Polen,Veränderung gegenüber 2005 in Prozent,K03359,433
2019,Uelzen,Polen,Veränderung gegenüber 2005 in Prozent,K03360,220
2019,Verden,Polen,Veränderung gegenüber 2005 in Prozent,K03361,211
2019,Statistische Region Lüneburg,Polen,Veränderung gegenüber 2005 in Prozent,K033,255
2019,"Delmenhorst, Stadt",Polen,Veränderung gegenüber 2005 in Prozent,K03401,186
2019,"Emden, Stadt",Polen,Veränderung gegenüber 2005 in Prozent,K03402,209
2019,"Oldenburg (Oldb), Stadt",Polen,Veränderung gegenüber 2005 in Prozent,K03403,91
2019,"Osnabrück, Stadt",Polen,Veränderung gegenüber 2005 in Prozent,K03404,156
2019,"Wilhelmshaven, Stadt",Polen,Veränderung gegenüber 2005 in Prozent,K03405,218
2019,Ammerland,Polen,Veränderung gegenüber 2005 in Prozent,K03451,511
2019,Aurich,Polen,Veränderung gegenüber 2005 in Prozent,K03452,376
2019,Cloppenburg,Polen,Veränderung gegenüber 2005 in Prozent,K03453,337
2019,Emsland,Polen,Veränderung gegenüber 2005 in Prozent,K03454,353
2019,Friesland,Polen,Veränderung gegenüber 2005 in Prozent,K03455,184
2019,Grafschaft Bentheim,Polen,Veränderung gegenüber 2005 in Prozent,K03456,702
2019,Leer,Polen,Veränderung gegenüber 2005 in Prozent,K03457,211
2019,Oldenburg,Polen,Veränderung gegenüber 2005 in Prozent,K03458,348
2019,Osnabrück,Polen,Veränderung gegenüber 2005 in Prozent,K03459,345
2019,Vechta,Polen,Veränderung gegenüber 2005 in Prozent,K03460,330
2019,Wesermarsch,Polen,Veränderung gegenüber 2005 in Prozent,K03461,212
2019,Wittmund,Polen,Veränderung gegenüber 2005 in Prozent,K03462,329
2019,Statistische Region Weser-Ems,Polen,Veränderung gegenüber 2005 in Prozent,K034,300
2019,Niedersachsen,Polen,Veränderung gegenüber 2005 in Prozent,K030,202
2020,"Braunschweig, Stadt",Polen,Veränderung gegenüber 2005 in Prozent,K03101,81
2020,"Salzgitter, Stadt",Polen,Veränderung gegenüber 2005 in Prozent,K03102,210
2020,"Wolfsburg, Stadt",Polen,Veränderung gegenüber 2005 in Prozent,K03103,105
2020,Gifhorn,Polen,Veränderung gegenüber 2005 in Prozent,K03151,110
2020,Goslar,Polen,Veränderung gegenüber 2005 in Prozent,K03153,120
2020,Helmstedt,Polen,Veränderung gegenüber 2005 in Prozent,K03154,175
2020,Northeim,Polen,Veränderung gegenüber 2005 in Prozent,K03155,171
2020,Peine,Polen,Veränderung gegenüber 2005 in Prozent,K03157,228
2020,Wolfenbüttel,Polen,Veränderung gegenüber 2005 in Prozent,K03158,150
2020,Göttingen,Polen,Veränderung gegenüber 2005 in Prozent,K03159,58
2020,Statistische Region Braunschweig,Polen,Veränderung gegenüber 2005 in Prozent,K031,119
2020,Region Hannover,Polen,Veränderung gegenüber 2005 in Prozent,K03241,123
2020,"dav. Hannover, Lhst.",Polen,Veränderung gegenüber 2005 in Prozent,K03241001,92
2020,"dav. Hannover, Umland",Polen,Veränderung gegenüber 2005 in Prozent,K03241999,168
2020,Diepholz,Polen,Veränderung gegenüber 2005 in Prozent,K03251,378
2020,Hameln-Pyrmont,Polen,Veränderung gegenüber 2005 in Prozent,K03252,89
2020,Hildesheim,Polen,Veränderung gegenüber 2005 in Prozent,K03254,131
2020,Holzminden,Polen,Veränderung gegenüber 2005 in Prozent,K03255,1
2020,Nienburg (Weser),Polen,Veränderung gegenüber 2005 in Prozent,K03256,236
2020,Schaumburg,Polen,Veränderung gegenüber 2005 in Prozent,K03257,207
2020,Statistische Region Hannover,Polen,Veränderung gegenüber 2005 in Prozent,K032,146
2020,Celle,Polen,Veränderung gegenüber 2005 in Prozent,K03351,288
2020,Cuxhaven,Polen,Veränderung gegenüber 2005 in Prozent,K03352,254
2020,Harburg,Polen,Veränderung gegenüber 2005 in Prozent,K03353,288
2020,Lüchow-Dannenberg,Polen,Veränderung gegenüber 2005 in Prozent,K03354,187
2020,Lüneburg,Polen,Veränderung gegenüber 2005 in Prozent,K03355,142
2020,Osterholz,Polen,Veränderung gegenüber 2005 in Prozent,K03356,178
2020,Rotenburg (Wümme),Polen,Veränderung gegenüber 2005 in Prozent,K03357,167
2020,Heidekreis,Polen,Veränderung gegenüber 2005 in Prozent,K03358,412
2020,Stade,Polen,Veränderung gegenüber 2005 in Prozent,K03359,435
2020,Uelzen,Polen,Veränderung gegenüber 2005 in Prozent,K03360,232
2020,Verden,Polen,Veränderung gegenüber 2005 in Prozent,K03361,218
2020,Statistische Region Lüneburg,Polen,Veränderung gegenüber 2005 in Prozent,K033,265
2020,"Delmenhorst, Stadt",Polen,Veränderung gegenüber 2005 in Prozent,K03401,192
2020,"Emden, Stadt",Polen,Veränderung gegenüber 2005 in Prozent,K03402,209
2020,"Oldenburg (Oldb), Stadt",Polen,Veränderung gegenüber 2005 in Prozent,K03403,78
2020,"Osnabrück, Stadt",Polen,Veränderung gegenüber 2005 in Prozent,K03404,149
2020,"Wilhelmshaven, Stadt",Polen,Veränderung gegenüber 2005 in Prozent,K03405,178
2020,Ammerland,Polen,Veränderung gegenüber 2005 in Prozent,K03451,477
2020,Aurich,Polen,Veränderung gegenüber 2005 in Prozent,K03452,365
2020,Cloppenburg,Polen,Veränderung gegenüber 2005 in Prozent,K03453,350
2020,Emsland,Polen,Veränderung gegenüber 2005 in Prozent,K03454,352
2020,Friesland,Polen,Veränderung gegenüber 2005 in Prozent,K03455,181
2020,Grafschaft Bentheim,Polen,Veränderung gegenüber 2005 in Prozent,K03456,717
2020,Leer,Polen,Veränderung gegenüber 2005 in Prozent,K03457,215
2020,Oldenburg,Polen,Veränderung gegenüber 2005 in Prozent,K03458,346
2020,Osnabrück,Polen,Veränderung gegenüber 2005 in Prozent,K03459,360
2020,Vechta,Polen,Veränderung gegenüber 2005 in Prozent,K03460,328
2020,Wesermarsch,Polen,Veränderung gegenüber 2005 in Prozent,K03461,205
2020,Wittmund,Polen,Veränderung gegenüber 2005 in Prozent,K03462,335
2020,Statistische Region Weser-Ems,Polen,Veränderung gegenüber 2005 in Prozent,K034,300
2020,Niedersachsen,Polen,Veränderung gegenüber 2005 in Prozent,K030,203
2021,"Braunschweig, Stadt",Polen,Veränderung gegenüber 2005 in Prozent,K03101,82
2021,"Salzgitter, Stadt",Polen,Veränderung gegenüber 2005 in Prozent,K03102,215
2021,"Wolfsburg, Stadt",Polen,Veränderung gegenüber 2005 in Prozent,K03103,127
2021,Gifhorn,Polen,Veränderung gegenüber 2005 in Prozent,K03151,114
2021,Goslar,Polen,Veränderung gegenüber 2005 in Prozent,K03153,120
2021,Helmstedt,Polen,Veränderung gegenüber 2005 in Prozent,K03154,174
2021,Northeim,Polen,Veränderung gegenüber 2005 in Prozent,K03155,174
2021,Peine,Polen,Veränderung gegenüber 2005 in Prozent,K03157,233
2021,Wolfenbüttel,Polen,Veränderung gegenüber 2005 in Prozent,K03158,144
2021,Göttingen,Polen,Veränderung gegenüber 2005 in Prozent,K03159,56
2021,Statistische Region Braunschweig,Polen,Veränderung gegenüber 2005 in Prozent,K031,122
2021,Region Hannover,Polen,Veränderung gegenüber 2005 in Prozent,K03241,125
2021,"dav. Hannover, Lhst.",Polen,Veränderung gegenüber 2005 in Prozent,K03241001,97
2021,"dav. Hannover, Umland",Polen,Veränderung gegenüber 2005 in Prozent,K03241999,167
2021,Diepholz,Polen,Veränderung gegenüber 2005 in Prozent,K03251,406
2021,Hameln-Pyrmont,Polen,Veränderung gegenüber 2005 in Prozent,K03252,98
2021,Hildesheim,Polen,Veränderung gegenüber 2005 in Prozent,K03254,131
2021,Holzminden,Polen,Veränderung gegenüber 2005 in Prozent,K03255,9
2021,Nienburg (Weser),Polen,Veränderung gegenüber 2005 in Prozent,K03256,246
2021,Schaumburg,Polen,Veränderung gegenüber 2005 in Prozent,K03257,212
2021,Statistische Region Hannover,Polen,Veränderung gegenüber 2005 in Prozent,K032,151
2021,Celle,Polen,Veränderung gegenüber 2005 in Prozent,K03351,310
2021,Cuxhaven,Polen,Veränderung gegenüber 2005 in Prozent,K03352,247
2021,Harburg,Polen,Veränderung gegenüber 2005 in Prozent,K03353,347
2021,Lüchow-Dannenberg,Polen,Veränderung gegenüber 2005 in Prozent,K03354,162
2021,Lüneburg,Polen,Veränderung gegenüber 2005 in Prozent,K03355,141
2021,Osterholz,Polen,Veränderung gegenüber 2005 in Prozent,K03356,176
2021,Rotenburg (Wümme),Polen,Veränderung gegenüber 2005 in Prozent,K03357,172
2021,Heidekreis,Polen,Veränderung gegenüber 2005 in Prozent,K03358,416
2021,Stade,Polen,Veränderung gegenüber 2005 in Prozent,K03359,429
2021,Uelzen,Polen,Veränderung gegenüber 2005 in Prozent,K03360,254
2021,Verden,Polen,Veränderung gegenüber 2005 in Prozent,K03361,224
2021,Statistische Region Lüneburg,Polen,Veränderung gegenüber 2005 in Prozent,K033,276
2021,"Delmenhorst, Stadt",Polen,Veränderung gegenüber 2005 in Prozent,K03401,202
2021,"Emden, Stadt",Polen,Veränderung gegenüber 2005 in Prozent,K03402,209
2021,"Oldenburg (Oldb), Stadt",Polen,Veränderung gegenüber 2005 in Prozent,K03403,73
2021,"Osnabrück, Stadt",Polen,Veränderung gegenüber 2005 in Prozent,K03404,150
2021,"Wilhelmshaven, Stadt",Polen,Veränderung gegenüber 2005 in Prozent,K03405,187
2021,Ammerland,Polen,Veränderung gegenüber 2005 in Prozent,K03451,474
2021,Aurich,Polen,Veränderung gegenüber 2005 in Prozent,K03452,343
2021,Cloppenburg,Polen,Veränderung gegenüber 2005 in Prozent,K03453,374
2021,Emsland,Polen,Veränderung gegenüber 2005 in Prozent,K03454,361
2021,Friesland,Polen,Veränderung gegenüber 2005 in Prozent,K03455,190
2021,Grafschaft Bentheim,Polen,Veränderung gegenüber 2005 in Prozent,K03456,772
2021,Leer,Polen,Veränderung gegenüber 2005 in Prozent,K03457,237
2021,Oldenburg,Polen,Veränderung gegenüber 2005 in Prozent,K03458,345
2021,Osnabrück,Polen,Veränderung gegenüber 2005 in Prozent,K03459,364
2021,Vechta,Polen,Veränderung gegenüber 2005 in Prozent,K03460,325
2021,Wesermarsch,Polen,Veränderung gegenüber 2005 in Prozent,K03461,194
2021,Wittmund,Polen,Veränderung gegenüber 2005 in Prozent,K03462,329
2021,Statistische Region Weser-Ems,Polen,Veränderung gegenüber 2005 in Prozent,K034,306
2021,Niedersachsen,Polen,Veränderung gegenüber 2005 in Prozent,K030,209
2022,"Braunschweig, Stadt",Polen,Veränderung gegenüber 2005 in Prozent,K03101,79
2022,"Salzgitter, Stadt",Polen,Veränderung gegenüber 2005 in Prozent,K03102,226
2022,"Wolfsburg, Stadt",Polen,Veränderung gegenüber 2005 in Prozent,K03103,125
2022,Gifhorn,Polen,Veränderung gegenüber 2005 in Prozent,K03151,107
2022,Goslar,Polen,Veränderung gegenüber 2005 in Prozent,K03153,126
2022,Helmstedt,Polen,Veränderung gegenüber 2005 in Prozent,K03154,161
2022,Northeim,Polen,Veränderung gegenüber 2005 in Prozent,K03155,181
2022,Peine,Polen,Veränderung gegenüber 2005 in Prozent,K03157,243
2022,Wolfenbüttel,Polen,Veränderung gegenüber 2005 in Prozent,K03158,150
2022,Göttingen,Polen,Veränderung gegenüber 2005 in Prozent,K03159,59
2022,Statistische Region Braunschweig,Polen,Veränderung gegenüber 2005 in Prozent,K031,123
2022,Region Hannover,Polen,Veränderung gegenüber 2005 in Prozent,K03241,126
2022,"dav. Hannover, Lhst.",Polen,Veränderung gegenüber 2005 in Prozent,K03241001,96
2022,"dav. Hannover, Umland",Polen,Veränderung gegenüber 2005 in Prozent,K03241999,169
2022,Diepholz,Polen,Veränderung gegenüber 2005 in Prozent,K03251,408
2022,Hameln-Pyrmont,Polen,Veränderung gegenüber 2005 in Prozent,K03252,110
2022,Hildesheim,Polen,Veränderung gegenüber 2005 in Prozent,K03254,133
2022,Holzminden,Polen,Veränderung gegenüber 2005 in Prozent,K03255,3
2022,Nienburg (Weser),Polen,Veränderung gegenüber 2005 in Prozent,K03256,262
2022,Schaumburg,Polen,Veränderung gegenüber 2005 in Prozent,K03257,227
2022,Statistische Region Hannover,Polen,Veränderung gegenüber 2005 in Prozent,K032,153
2022,Celle,Polen,Veränderung gegenüber 2005 in Prozent,K03351,335
2022,Cuxhaven,Polen,Veränderung gegenüber 2005 in Prozent,K03352,245
2022,Harburg,Polen,Veränderung gegenüber 2005 in Prozent,K03353,366
2022,Lüchow-Dannenberg,Polen,Veränderung gegenüber 2005 in Prozent,K03354,157
2022,Lüneburg,Polen,Veränderung gegenüber 2005 in Prozent,K03355,160
2022,Osterholz,Polen,Veränderung gegenüber 2005 in Prozent,K03356,178
2022,Rotenburg (Wümme),Polen,Veränderung gegenüber 2005 in Prozent,K03357,172
2022,Heidekreis,Polen,Veränderung gegenüber 2005 in Prozent,K03358,422
2022,Stade,Polen,Veränderung gegenüber 2005 in Prozent,K03359,441
2022,Uelzen,Polen,Veränderung gegenüber 2005 in Prozent,K03360,257
2022,Verden,Polen,Veränderung gegenüber 2005 in Prozent,K03361,226
2022,Statistische Region Lüneburg,Polen,Veränderung gegenüber 2005 in Prozent,K033,285
2022,"Delmenhorst, Stadt",Polen,Veränderung gegenüber 2005 in Prozent,K03401,214
2022,"Emden, Stadt",Polen,Veränderung gegenüber 2005 in Prozent,K03402,233
2022,"Oldenburg (Oldb), Stadt",Polen,Veränderung gegenüber 2005 in Prozent,K03403,70
2022,"Osnabrück, Stadt",Polen,Veränderung gegenüber 2005 in Prozent,K03404,161
2022,"Wilhelmshaven, Stadt",Polen,Veränderung gegenüber 2005 in Prozent,K03405,192
2022,Ammerland,Polen,Veränderung gegenüber 2005 in Prozent,K03451,524
2022,Aurich,Polen,Veränderung gegenüber 2005 in Prozent,K03452,362
2022,Cloppenburg,Polen,Veränderung gegenüber 2005 in Prozent,K03453,349
2022,Emsland,Polen,Veränderung gegenüber 2005 in Prozent,K03454,379
2022,Friesland,Polen,Veränderung gegenüber 2005 in Prozent,K03455,166
2022,Grafschaft Bentheim,Polen,Veränderung gegenüber 2005 in Prozent,K03456,807
2022,Leer,Polen,Veränderung gegenüber 2005 in Prozent,K03457,225
2022,Oldenburg,Polen,Veränderung gegenüber 2005 in Prozent,K03458,346
2022,Osnabrück,Polen,Veränderung gegenüber 2005 in Prozent,K03459,365
2022,Vechta,Polen,Veränderung gegenüber 2005 in Prozent,K03460,323
2022,Wesermarsch,Polen,Veränderung gegenüber 2005 in Prozent,K03461,199
2022,Wittmund,Polen,Veränderung gegenüber 2005 in Prozent,K03462,373
2022,Statistische Region Weser-Ems,Polen,Veränderung gegenüber 2005 in Prozent,K034,312
2022,Niedersachsen,Polen,Veränderung gegenüber 2005 in Prozent,K030,214
2023,"Braunschweig, Stadt",Polen,Veränderung gegenüber 2005 in Prozent,K03101,70
2023,"Salzgitter, Stadt",Polen,Veränderung gegenüber 2005 in Prozent,K03102,229
2023,"Wolfsburg, Stadt",Polen,Veränderung gegenüber 2005 in Prozent,K03103,123
2023,Gifhorn,Polen,Veränderung gegenüber 2005 in Prozent,K03151,132
2023,Goslar,Polen,Veränderung gegenüber 2005 in Prozent,K03153,127
2023,Helmstedt,Polen,Veränderung gegenüber 2005 in Prozent,K03154,178
2023,Northeim,Polen,Veränderung gegenüber 2005 in Prozent,K03155,189
2023,Peine,Polen,Veränderung gegenüber 2005 in Prozent,K03157,269
2023,Wolfenbüttel,Polen,Veränderung gegenüber 2005 in Prozent,K03158,161
2023,Göttingen,Polen,Veränderung gegenüber 2005 in Prozent,K03159,64
2023,Statistische Region Braunschweig,Polen,Veränderung gegenüber 2005 in Prozent,K031,127
2023,Region Hannover,Polen,Veränderung gegenüber 2005 in Prozent,K03241,126
2023,"dav. Hannover, Lhst.",Polen,Veränderung gegenüber 2005 in Prozent,K03241001,94
2023,"dav. Hannover, Umland",Polen,Veränderung gegenüber 2005 in Prozent,K03241999,172
2023,Diepholz,Polen,Veränderung gegenüber 2005 in Prozent,K03251,416
2023,Hameln-Pyrmont,Polen,Veränderung gegenüber 2005 in Prozent,K03252,110
2023,Hildesheim,Polen,Veränderung gegenüber 2005 in Prozent,K03254,138
2023,Holzminden,Polen,Veränderung gegenüber 2005 in Prozent,K03255,9
2023,Nienburg (Weser),Polen,Veränderung gegenüber 2005 in Prozent,K03256,272
2023,Schaumburg,Polen,Veränderung gegenüber 2005 in Prozent,K03257,232
2023,Statistische Region Hannover,Polen,Veränderung gegenüber 2005 in Prozent,K032,155
2023,Celle,Polen,Veränderung gegenüber 2005 in Prozent,K03351,354
2023,Cuxhaven,Polen,Veränderung gegenüber 2005 in Prozent,K03352,259
2023,Harburg,Polen,Veränderung gegenüber 2005 in Prozent,K03353,364
2023,Lüchow-Dannenberg,Polen,Veränderung gegenüber 2005 in Prozent,K03354,155
2023,Lüneburg,Polen,Veränderung gegenüber 2005 in Prozent,K03355,145
2023,Osterholz,Polen,Veränderung gegenüber 2005 in Prozent,K03356,178
2023,Rotenburg (Wümme),Polen,Veränderung gegenüber 2005 in Prozent,K03357,182
2023,Heidekreis,Polen,Veränderung gegenüber 2005 in Prozent,K03358,441
2023,Stade,Polen,Veränderung gegenüber 2005 in Prozent,K03359,449
2023,Uelzen,Polen,Veränderung gegenüber 2005 in Prozent,K03360,257
2023,Verden,Polen,Veränderung gegenüber 2005 in Prozent,K03361,235
2023,Statistische Region Lüneburg,Polen,Veränderung gegenüber 2005 in Prozent,K033,291
2023,"Delmenhorst, Stadt",Polen,Veränderung gegenüber 2005 in Prozent,K03401,231
2023,"Emden, Stadt",Polen,Veränderung gegenüber 2005 in Prozent,K03402,250
2023,"Oldenburg (Oldb), Stadt",Polen,Veränderung gegenüber 2005 in Prozent,K03403,66
2023,"Osnabrück, Stadt",Polen,Veränderung gegenüber 2005 in Prozent,K03404,166
2023,"Wilhelmshaven, Stadt",Polen,Veränderung gegenüber 2005 in Prozent,K03405,206
2023,Ammerland,Polen,Veränderung gegenüber 2005 in Prozent,K03451,481
2023,Aurich,Polen,Veränderung gegenüber 2005 in Prozent,K03452,382
2023,Cloppenburg,Polen,Veränderung gegenüber 2005 in Prozent,K03453,374
2023,Emsland,Polen,Veränderung gegenüber 2005 in Prozent,K03454,376
2023,Friesland,Polen,Veränderung gegenüber 2005 in Prozent,K03455,175
2023,Grafschaft Bentheim,Polen,Veränderung gegenüber 2005 in Prozent,K03456,856
2023,Leer,Polen,Veränderung gegenüber 2005 in Prozent,K03457,221
2023,Oldenburg,Polen,Veränderung gegenüber 2005 in Prozent,K03458,338
2023,Osnabrück,Polen,Veränderung gegenüber 2005 in Prozent,K03459,362
2023,Vechta,Polen,Veränderung gegenüber 2005 in Prozent,K03460,321
2023,Wesermarsch,Polen,Veränderung gegenüber 2005 in Prozent,K03461,223
2023,Wittmund,Polen,Veränderung gegenüber 2005 in Prozent,K03462,335
2023,Statistische Region Weser-Ems,Polen,Veränderung gegenüber 2005 in Prozent,K034,316
2023,Niedersachsen,Polen,Veränderung gegenüber 2005 in Prozent,K030,217
2024,"Braunschweig, Stadt",Polen,Veränderung gegenüber 2005 in Prozent,K03101,67
2024,"Salzgitter, Stadt",Polen,Veränderung gegenüber 2005 in Prozent,K03102,211
2024,"Wolfsburg, Stadt",Polen,Veränderung gegenüber 2005 in Prozent,K03103,101
2024,Gifhorn,Polen,Veränderung gegenüber 2005 in Prozent,K03151,127
2024,Goslar,Polen,Veränderung gegenüber 2005 in Prozent,K03153,117
2024,Helmstedt,Polen,Veränderung gegenüber 2005 in Prozent,K03154,174
2024,Northeim,Polen,Veränderung gegenüber 2005 in Prozent,K03155,207
2024,Peine,Polen,Veränderung gegenüber 2005 in Prozent,K03157,270
2024,Wolfenbüttel,Polen,Veränderung gegenüber 2005 in Prozent,K03158,152
2024,Göttingen,Polen,Veränderung gegenüber 2005 in Prozent,K03159,63
2024,Statistische Region Braunschweig,Polen,Veränderung gegenüber 2005 in Prozent,K031,122
2024,Region Hannover,Polen,Veränderung gegenüber 2005 in Prozent,K03241,124
2024,"dav. Hannover, Lhst.",Polen,Veränderung gegenüber 2005 in Prozent,K03241001,95
2024,"dav. Hannover, Umland",Polen,Veränderung gegenüber 2005 in Prozent,K03241999,166
2024,Diepholz,Polen,Veränderung gegenüber 2005 in Prozent,K03251,415
2024,Hameln-Pyrmont,Polen,Veränderung gegenüber 2005 in Prozent,K03252,113
2024,Hildesheim,Polen,Veränderung gegenüber 2005 in Prozent,K03254,125
2024,Holzminden,Polen,Veränderung gegenüber 2005 in Prozent,K03255,28
2024,Nienburg (Weser),Polen,Veränderung gegenüber 2005 in Prozent,K03256,254
2024,Schaumburg,Polen,Veränderung gegenüber 2005 in Prozent,K03257,224
2024,Statistische Region Hannover,Polen,Veränderung gegenüber 2005 in Prozent,K032,152
2024,Celle,Polen,Veränderung gegenüber 2005 in Prozent,K03351,351
2024,Cuxhaven,Polen,Veränderung gegenüber 2005 in Prozent,K03352,250
2024,Harburg,Polen,Veränderung gegenüber 2005 in Prozent,K03353,343
2024,Lüchow-Dannenberg,Polen,Veränderung gegenüber 2005 in Prozent,K03354,166
2024,Lüneburg,Polen,Veränderung gegenüber 2005 in Prozent,K03355,130
2024,Osterholz,Polen,Veränderung gegenüber 2005 in Prozent,K03356,157
2024,Rotenburg (Wümme),Polen,Veränderung gegenüber 2005 in Prozent,K03357,183
2024,Heidekreis,Polen,Veränderung gegenüber 2005 in Prozent,K03358,437
2024,Stade,Polen,Veränderung gegenüber 2005 in Prozent,K03359,439
2024,Uelzen,Polen,Veränderung gegenüber 2005 in Prozent,K03360,233
2024,Verden,Polen,Veränderung gegenüber 2005 in Prozent,K03361,218
2024,Statistische Region Lüneburg,Polen,Veränderung gegenüber 2005 in Prozent,K033,280
2024,"Delmenhorst, Stadt",Polen,Veränderung gegenüber 2005 in Prozent,K03401,193
2024,"Emden, Stadt",Polen,Veränderung gegenüber 2005 in Prozent,K03402,222
2024,"Oldenburg (Oldb), Stadt",Polen,Veränderung gegenüber 2005 in Prozent,K03403,59
2024,"Osnabrück, Stadt",Polen,Veränderung gegenüber 2005 in Prozent,K03404,160
2024,"Wilhelmshaven, Stadt",Polen,Veränderung gegenüber 2005 in Prozent,K03405,192
2024,Ammerland,Polen,Veränderung gegenüber 2005 in Prozent,K03451,472
2024,Aurich,Polen,Veränderung gegenüber 2005 in Prozent,K03452,338
2024,Cloppenburg,Polen,Veränderung gegenüber 2005 in Prozent,K03453,357
2024,Emsland,Polen,Veränderung gegenüber 2005 in Prozent,K03454,363
2024,Friesland,Polen,Veränderung gegenüber 2005 in Prozent,K03455,190
2024,Grafschaft Bentheim,Polen,Veränderung gegenüber 2005 in Prozent,K03456,838
2024,Leer,Polen,Veränderung gegenüber 2005 in Prozent,K03457,196
2024,Oldenburg,Polen,Veränderung gegenüber 2005 in Prozent,K03458,313
2024,Osnabrück,Polen,Veränderung gegenüber 2005 in Prozent,K03459,348
2024,Vechta,Polen,Veränderung gegenüber 2005 in Prozent,K03460,313
2024,Wesermarsch,Polen,Veränderung gegenüber 2005 in Prozent,K03461,230
2024,Wittmund,Polen,Veränderung gegenüber 2005 in Prozent,K03462,340
2024,Statistische Region Weser-Ems,Polen,Veränderung gegenüber 2005 in Prozent,K034,302
2024,Niedersachsen,Polen,Veränderung gegenüber 2005 in Prozent,K030,209
2025,"Braunschweig, Stadt",Polen,Veränderung gegenüber 2005 in Prozent,K03101,67
2025,"Salzgitter, Stadt",Polen,Veränderung gegenüber 2005 in Prozent,K03102,215
2025,"Wolfsburg, Stadt",Polen,Veränderung gegenüber 2005 in Prozent,K03103,101
2025,Gifhorn,Polen,Veränderung gegenüber 2005 in Prozent,K03151,107
2025,Goslar,Polen,Veränderung gegenüber 2005 in Prozent,K03153,100
2025,Helmstedt,Polen,Veränderung gegenüber 2005 in Prozent,K03154,167
2025,Northeim,Polen,Veränderung gegenüber 2005 in Prozent,K03155,198
2025,Peine,Polen,Veränderung gegenüber 2005 in Prozent,K03157,276
2025,Wolfenbüttel,Polen,Veränderung gegenüber 2005 in Prozent,K03158,152
2025,Göttingen,Polen,Veränderung gegenüber 2005 in Prozent,K03159,65
2025,Statistische Region Braunschweig,Polen,Veränderung gegenüber 2005 in Prozent,K031,119
2025,Region Hannover,Polen,Veränderung gegenüber 2005 in Prozent,K03241,108
2025,"dav. Hannover, Lhst.",Polen,Veränderung gegenüber 2005 in Prozent,K03241001,72
2025,"dav. Hannover, Umland",Polen,Veränderung gegenüber 2005 in Prozent,K03241999,162
2025,Diepholz,Polen,Veränderung gegenüber 2005 in Prozent,K03251,402
2025,Hameln-Pyrmont,Polen,Veränderung gegenüber 2005 in Prozent,K03252,109
2025,Hildesheim,Polen,Veränderung gegenüber 2005 in Prozent,K03254,121
2025,Holzminden,Polen,Veränderung gegenüber 2005 in Prozent,K03255,26
2025,Nienburg (Weser),Polen,Veränderung gegenüber 2005 in Prozent,K03256,242
2025,Schaumburg,Polen,Veränderung gegenüber 2005 in Prozent,K03257,212
2025,Statistische Region Hannover,Polen,Veränderung gegenüber 2005 in Prozent,K032,139
2025,Celle,Polen,Veränderung gegenüber 2005 in Prozent,K03351,337
2025,Cuxhaven,Polen,Veränderung gegenüber 2005 in Prozent,K03352,237
2025,Harburg,Polen,Veränderung gegenüber 2005 in Prozent,K03353,306
2025,Lüchow-Dannenberg,Polen,Veränderung gegenüber 2005 in Prozent,K03354,151
2025,Lüneburg,Polen,Veränderung gegenüber 2005 in Prozent,K03355,127
2025,Osterholz,Polen,Veränderung gegenüber 2005 in Prozent,K03356,149
2025,Rotenburg (Wümme),Polen,Veränderung gegenüber 2005 in Prozent,K03357,183
2025,Heidekreis,Polen,Veränderung gegenüber 2005 in Prozent,K03358,404
2025,Stade,Polen,Veränderung gegenüber 2005 in Prozent,K03359,419
2025,Uelzen,Polen,Veränderung gegenüber 2005 in Prozent,K03360,228
2025,Verden,Polen,Veränderung gegenüber 2005 in Prozent,K03361,214
2025,Statistische Region Lüneburg,Polen,Veränderung gegenüber 2005 in Prozent,K033,265
2025,"Delmenhorst, Stadt",Polen,Veränderung gegenüber 2005 in Prozent,K03401,190
2025,"Emden, Stadt",Polen,Veränderung gegenüber 2005 in Prozent,K03402,207
2025,"Oldenburg (Oldb), Stadt",Polen,Veränderung gegenüber 2005 in Prozent,K03403,52
2025,"Osnabrück, Stadt",Polen,Veränderung gegenüber 2005 in Prozent,K03404,155
2025,"Wilhelmshaven, Stadt",Polen,Veränderung gegenüber 2005 in Prozent,K03405,152
2025,Ammerland,Polen,Veränderung gegenüber 2005 in Prozent,K03451,476
2025,Aurich,Polen,Veränderung gegenüber 2005 in Prozent,K03452,322
2025,Cloppenburg,Polen,Veränderung gegenüber 2005 in Prozent,K03453,330
2025,Emsland,Polen,Veränderung gegenüber 2005 in Prozent,K03454,356
2025,Friesland,Polen,Veränderung gegenüber 2005 in Prozent,K03455,169
2025,Grafschaft Bentheim,Polen,Veränderung gegenüber 2005 in Prozent,K03456,857
2025,Leer,Polen,Veränderung gegenüber 2005 in Prozent,K03457,182
2025,Oldenburg,Polen,Veränderung gegenüber 2005 in Prozent,K03458,295
2025,Osnabrück,Polen,Veränderung gegenüber 2005 in Prozent,K03459,323
2025,Vechta,Polen,Veränderung gegenüber 2005 in Prozent,K03460,300
2025,Wesermarsch,Polen,Veränderung gegenüber 2005 in Prozent,K03461,231
2025,Wittmund,Polen,Veränderung gegenüber 2005 in Prozent,K03462,280
2025,Statistische Region Weser-Ems,Polen,Veränderung gegenüber 2005 in Prozent,K034,289
2025,Niedersachsen,Polen,Veränderung gegenüber 2005 in Prozent,K030,198
2005,"Braunschweig, Stadt",Syrien,Veränderung gegenüber 2005 in Prozent,K03101,0
2005,"Salzgitter, Stadt",Syrien,Veränderung gegenüber 2005 in Prozent,K03102,0
2005,"Wolfsburg, Stadt",Syrien,Veränderung gegenüber 2005 in Prozent,K03103,0
2005,Gifhorn,Syrien,Veränderung gegenüber 2005 in Prozent,K03151,0
2005,Goslar,Syrien,Veränderung gegenüber 2005 in Prozent,K03153,0
2005,Helmstedt,Syrien,Veränderung gegenüber 2005 in Prozent,K03154,0
2005,Northeim,Syrien,Veränderung gegenüber 2005 in Prozent,K03155,0
2005,Peine,Syrien,Veränderung gegenüber 2005 in Prozent,K03157,0
2005,Wolfenbüttel,Syrien,Veränderung gegenüber 2005 in Prozent,K03158,0
2005,Göttingen,Syrien,Veränderung gegenüber 2005 in Prozent,K03159,0
2005,Statistische Region Braunschweig,Syrien,Veränderung gegenüber 2005 in Prozent,K031,0
2005,Region Hannover,Syrien,Veränderung gegenüber 2005 in Prozent,K03241,0
2005,"dav. Hannover, Lhst.",Syrien,Veränderung gegenüber 2005 in Prozent,K03241001,0
2005,"dav. Hannover, Umland",Syrien,Veränderung gegenüber 2005 in Prozent,K03241999,0
2005,Diepholz,Syrien,Veränderung gegenüber 2005 in Prozent,K03251,0
2005,Hameln-Pyrmont,Syrien,Veränderung gegenüber 2005 in Prozent,K03252,0
2005,Hildesheim,Syrien,Veränderung gegenüber 2005 in Prozent,K03254,0
2005,Holzminden,Syrien,Veränderung gegenüber 2005 in Prozent,K03255,0
2005,Nienburg (Weser),Syrien,Veränderung gegenüber 2005 in Prozent,K03256,0
2005,Schaumburg,Syrien,Veränderung gegenüber 2005 in Prozent,K03257,0
2005,Statistische Region Hannover,Syrien,Veränderung gegenüber 2005 in Prozent,K032,0
2005,Celle,Syrien,Veränderung gegenüber 2005 in Prozent,K03351,0
2005,Cuxhaven,Syrien,Veränderung gegenüber 2005 in Prozent,K03352,0
2005,Harburg,Syrien,Veränderung gegenüber 2005 in Prozent,K03353,0
2005,Lüchow-Dannenberg,Syrien,Veränderung gegenüber 2005 in Prozent,K03354,0
2005,Lüneburg,Syrien,Veränderung gegenüber 2005 in Prozent,K03355,0
2005,Osterholz,Syrien,Veränderung gegenüber 2005 in Prozent,K03356,0
2005,Rotenburg (Wümme),Syrien,Veränderung gegenüber 2005 in Prozent,K03357,0
2005,Heidekreis,Syrien,Veränderung gegenüber 2005 in Prozent,K03358,0
2005,Stade,Syrien,Veränderung gegenüber 2005 in Prozent,K03359,0
2005,Uelzen,Syrien,Veränderung gegenüber 2005 in Prozent,K03360,0
2005,Verden,Syrien,Veränderung gegenüber 2005 in Prozent,K03361,0
2005,Statistische Region Lüneburg,Syrien,Veränderung gegenüber 2005 in Prozent,K033,0
2005,"Delmenhorst, Stadt",Syrien,Veränderung gegenüber 2005 in Prozent,K03401,0
2005,"Emden, Stadt",Syrien,Veränderung gegenüber 2005 in Prozent,K03402,0
2005,"Oldenburg (Oldb), Stadt",Syrien,Veränderung gegenüber 2005 in Prozent,K03403,0
2005,"Osnabrück, Stadt",Syrien,Veränderung gegenüber 2005 in Prozent,K03404,0
2005,"Wilhelmshaven, Stadt",Syrien,Veränderung gegenüber 2005 in Prozent,K03405,0
2005,Ammerland,Syrien,Veränderung gegenüber 2005 in Prozent,K03451,0
2005,Aurich,Syrien,Veränderung gegenüber 2005 in Prozent,K03452,0
2005,Cloppenburg,Syrien,Veränderung gegenüber 2005 in Prozent,K03453,0
2005,Emsland,Syrien,Veränderung gegenüber 2005 in Prozent,K03454,0
2005,Friesland,Syrien,Veränderung gegenüber 2005 in Prozent,K03455,0
2005,Grafschaft Bentheim,Syrien,Veränderung gegenüber 2005 in Prozent,K03456,0
2005,Leer,Syrien,Veränderung gegenüber 2005 in Prozent,K03457,0
2005,Oldenburg,Syrien,Veränderung gegenüber 2005 in Prozent,K03458,0
2005,Osnabrück,Syrien,Veränderung gegenüber 2005 in Prozent,K03459,0
2005,Vechta,Syrien,Veränderung gegenüber 2005 in Prozent,K03460,0
2005,Wesermarsch,Syrien,Veränderung gegenüber 2005 in Prozent,K03461,0
2005,Wittmund,Syrien,Veränderung gegenüber 2005 in Prozent,K03462,0
2005,Statistische Region Weser-Ems,Syrien,Veränderung gegenüber 2005 in Prozent,K034,0
2005,Niedersachsen,Syrien,Veränderung gegenüber 2005 in Prozent,K030,0
2011,"Braunschweig, Stadt",Syrien,Veränderung gegenüber 2005 in Prozent,K03101,-7
2011,"Salzgitter, Stadt",Syrien,Veränderung gegenüber 2005 in Prozent,K03102,-26
2011,"Wolfsburg, Stadt",Syrien,Veränderung gegenüber 2005 in Prozent,K03103,39
2011,Gifhorn,Syrien,Veränderung gegenüber 2005 in Prozent,K03151,-30
2011,Goslar,Syrien,Veränderung gegenüber 2005 in Prozent,K03153,9
2011,Helmstedt,Syrien,Veränderung gegenüber 2005 in Prozent,K03154,92
2011,Northeim,Syrien,Veränderung gegenüber 2005 in Prozent,K03155,-5
2011,Peine,Syrien,Veränderung gegenüber 2005 in Prozent,K03157,22
2011,Wolfenbüttel,Syrien,Veränderung gegenüber 2005 in Prozent,K03158,-4
2011,Göttingen,Syrien,Veränderung gegenüber 2005 in Prozent,K03159,28
2011,Statistische Region Braunschweig,Syrien,Veränderung gegenüber 2005 in Prozent,K031,9
2011,Region Hannover,Syrien,Veränderung gegenüber 2005 in Prozent,K03241,21
2011,"dav. Hannover, Lhst.",Syrien,Veränderung gegenüber 2005 in Prozent,K03241001,5
2011,"dav. Hannover, Umland",Syrien,Veränderung gegenüber 2005 in Prozent,K03241999,39
2011,Diepholz,Syrien,Veränderung gegenüber 2005 in Prozent,K03251,54
2011,Hameln-Pyrmont,Syrien,Veränderung gegenüber 2005 in Prozent,K03252,-5
2011,Hildesheim,Syrien,Veränderung gegenüber 2005 in Prozent,K03254,-6
2011,Holzminden,Syrien,Veränderung gegenüber 2005 in Prozent,K03255,250
2011,Nienburg (Weser),Syrien,Veränderung gegenüber 2005 in Prozent,K03256,4
2011,Schaumburg,Syrien,Veränderung gegenüber 2005 in Prozent,K03257,-7
2011,Statistische Region Hannover,Syrien,Veränderung gegenüber 2005 in Prozent,K032,16
2011,Celle,Syrien,Veränderung gegenüber 2005 in Prozent,K03351,15
2011,Cuxhaven,Syrien,Veränderung gegenüber 2005 in Prozent,K03352,8
2011,Harburg,Syrien,Veränderung gegenüber 2005 in Prozent,K03353,10
2011,Lüchow-Dannenberg,Syrien,Veränderung gegenüber 2005 in Prozent,K03354,14
2011,Lüneburg,Syrien,Veränderung gegenüber 2005 in Prozent,K03355,-29
2011,Osterholz,Syrien,Veränderung gegenüber 2005 in Prozent,K03356,14
2011,Rotenburg (Wümme),Syrien,Veränderung gegenüber 2005 in Prozent,K03357,49
2011,Heidekreis,Syrien,Veränderung gegenüber 2005 in Prozent,K03358,4
2011,Stade,Syrien,Veränderung gegenüber 2005 in Prozent,K03359,36
2011,Uelzen,Syrien,Veränderung gegenüber 2005 in Prozent,K03360,41
2011,Verden,Syrien,Veränderung gegenüber 2005 in Prozent,K03361,41
2011,Statistische Region Lüneburg,Syrien,Veränderung gegenüber 2005 in Prozent,K033,14
2011,"Delmenhorst, Stadt",Syrien,Veränderung gegenüber 2005 in Prozent,K03401,-28
2011,"Emden, Stadt",Syrien,Veränderung gegenüber 2005 in Prozent,K03402,500
2011,"Oldenburg (Oldb), Stadt",Syrien,Veränderung gegenüber 2005 in Prozent,K03403,66
2011,"Osnabrück, Stadt",Syrien,Veränderung gegenüber 2005 in Prozent,K03404,29
2011,"Wilhelmshaven, Stadt",Syrien,Veränderung gegenüber 2005 in Prozent,K03405,-21
2011,Ammerland,Syrien,Veränderung gegenüber 2005 in Prozent,K03451,21
2011,Aurich,Syrien,Veränderung gegenüber 2005 in Prozent,K03452,-1
2011,Cloppenburg,Syrien,Veränderung gegenüber 2005 in Prozent,K03453,24
2011,Emsland,Syrien,Veränderung gegenüber 2005 in Prozent,K03454,25
2011,Friesland,Syrien,Veränderung gegenüber 2005 in Prozent,K03455,8
2011,Grafschaft Bentheim,Syrien,Veränderung gegenüber 2005 in Prozent,K03456,-21
2011,Leer,Syrien,Veränderung gegenüber 2005 in Prozent,K03457,5
2011,Oldenburg,Syrien,Veränderung gegenüber 2005 in Prozent,K03458,-18
2011,Osnabrück,Syrien,Veränderung gegenüber 2005 in Prozent,K03459,5
2011,Vechta,Syrien,Veränderung gegenüber 2005 in Prozent,K03460,4
2011,Wesermarsch,Syrien,Veränderung gegenüber 2005 in Prozent,K03461,30
2011,Wittmund,Syrien,Veränderung gegenüber 2005 in Prozent,K03462,86
2011,Statistische Region Weser-Ems,Syrien,Veränderung gegenüber 2005 in Prozent,K034,8
2011,Niedersachsen,Syrien,Veränderung gegenüber 2005 in Prozent,K030,12
2012,"Braunschweig, Stadt",Syrien,Veränderung gegenüber 2005 in Prozent,K03101,-8
2012,"Salzgitter, Stadt",Syrien,Veränderung gegenüber 2005 in Prozent,K03102,76
2012,"Wolfsburg, Stadt",Syrien,Veränderung gegenüber 2005 in Prozent,K03103,101
2012,Gifhorn,Syrien,Veränderung gegenüber 2005 in Prozent,K03151,16
2012,Goslar,Syrien,Veränderung gegenüber 2005 in Prozent,K03153,29
2012,Helmstedt,Syrien,Veränderung gegenüber 2005 in Prozent,K03154,119
2012,Northeim,Syrien,Veränderung gegenüber 2005 in Prozent,K03155,8
2012,Peine,Syrien,Veränderung gegenüber 2005 in Prozent,K03157,35
2012,Wolfenbüttel,Syrien,Veränderung gegenüber 2005 in Prozent,K03158,15
2012,Göttingen,Syrien,Veränderung gegenüber 2005 in Prozent,K03159,95
2012,Statistische Region Braunschweig,Syrien,Veränderung gegenüber 2005 in Prozent,K031,42
2012,Region Hannover,Syrien,Veränderung gegenüber 2005 in Prozent,K03241,42
2012,"dav. Hannover, Lhst.",Syrien,Veränderung gegenüber 2005 in Prozent,K03241001,19
2012,"dav. Hannover, Umland",Syrien,Veränderung gegenüber 2005 in Prozent,K03241999,69
2012,Diepholz,Syrien,Veränderung gegenüber 2005 in Prozent,K03251,81
2012,Hameln-Pyrmont,Syrien,Veränderung gegenüber 2005 in Prozent,K03252,43
2012,Hildesheim,Syrien,Veränderung gegenüber 2005 in Prozent,K03254,22
2012,Holzminden,Syrien,Veränderung gegenüber 2005 in Prozent,K03255,265
2012,Nienburg (Weser),Syrien,Veränderung gegenüber 2005 in Prozent,K03256,14
2012,Schaumburg,Syrien,Veränderung gegenüber 2005 in Prozent,K03257,-7
2012,Statistische Region Hannover,Syrien,Veränderung gegenüber 2005 in Prozent,K032,36
2012,Celle,Syrien,Veränderung gegenüber 2005 in Prozent,K03351,34
2012,Cuxhaven,Syrien,Veränderung gegenüber 2005 in Prozent,K03352,5
2012,Harburg,Syrien,Veränderung gegenüber 2005 in Prozent,K03353,6
2012,Lüchow-Dannenberg,Syrien,Veränderung gegenüber 2005 in Prozent,K03354,171
2012,Lüneburg,Syrien,Veränderung gegenüber 2005 in Prozent,K03355,-21
2012,Osterholz,Syrien,Veränderung gegenüber 2005 in Prozent,K03356,-29
2012,Rotenburg (Wümme),Syrien,Veränderung gegenüber 2005 in Prozent,K03357,35
2012,Heidekreis,Syrien,Veränderung gegenüber 2005 in Prozent,K03358,42
2012,Stade,Syrien,Veränderung gegenüber 2005 in Prozent,K03359,-16
2012,Uelzen,Syrien,Veränderung gegenüber 2005 in Prozent,K03360,47
2012,Verden,Syrien,Veränderung gegenüber 2005 in Prozent,K03361,92
2012,Statistische Region Lüneburg,Syrien,Veränderung gegenüber 2005 in Prozent,K033,19
2012,"Delmenhorst, Stadt",Syrien,Veränderung gegenüber 2005 in Prozent,K03401,-25
2012,"Emden, Stadt",Syrien,Veränderung gegenüber 2005 in Prozent,K03402,1100
2012,"Oldenburg (Oldb), Stadt",Syrien,Veränderung gegenüber 2005 in Prozent,K03403,127
2012,"Osnabrück, Stadt",Syrien,Veränderung gegenüber 2005 in Prozent,K03404,49
2012,"Wilhelmshaven, Stadt",Syrien,Veränderung gegenüber 2005 in Prozent,K03405,-14
2012,Ammerland,Syrien,Veränderung gegenüber 2005 in Prozent,K03451,41
2012,Aurich,Syrien,Veränderung gegenüber 2005 in Prozent,K03452,13
2012,Cloppenburg,Syrien,Veränderung gegenüber 2005 in Prozent,K03453,51
2012,Emsland,Syrien,Veränderung gegenüber 2005 in Prozent,K03454,40
2012,Friesland,Syrien,Veränderung gegenüber 2005 in Prozent,K03455,0
2012,Grafschaft Bentheim,Syrien,Veränderung gegenüber 2005 in Prozent,K03456,-12
2012,Leer,Syrien,Veränderung gegenüber 2005 in Prozent,K03457,23
2012,Oldenburg,Syrien,Veränderung gegenüber 2005 in Prozent,K03458,-10
2012,Osnabrück,Syrien,Veränderung gegenüber 2005 in Prozent,K03459,1
2012,Vechta,Syrien,Veränderung gegenüber 2005 in Prozent,K03460,43
2012,Wesermarsch,Syrien,Veränderung gegenüber 2005 in Prozent,K03461,35
2012,Wittmund,Syrien,Veränderung gegenüber 2005 in Prozent,K03462,214
2012,Statistische Region Weser-Ems,Syrien,Veränderung gegenüber 2005 in Prozent,K034,27
2012,Niedersachsen,Syrien,Veränderung gegenüber 2005 in Prozent,K030,32
2013,"Braunschweig, Stadt",Syrien,Veränderung gegenüber 2005 in Prozent,K03101,28
2013,"Salzgitter, Stadt",Syrien,Veränderung gegenüber 2005 in Prozent,K03102,341
2013,"Wolfsburg, Stadt",Syrien,Veränderung gegenüber 2005 in Prozent,K03103,153
2013,Gifhorn,Syrien,Veränderung gegenüber 2005 in Prozent,K03151,52
2013,Goslar,Syrien,Veränderung gegenüber 2005 in Prozent,K03153,169
2013,Helmstedt,Syrien,Veränderung gegenüber 2005 in Prozent,K03154,112
2013,Northeim,Syrien,Veränderung gegenüber 2005 in Prozent,K03155,36
2013,Peine,Syrien,Veränderung gegenüber 2005 in Prozent,K03157,50
2013,Wolfenbüttel,Syrien,Veränderung gegenüber 2005 in Prozent,K03158,39
2013,Göttingen,Syrien,Veränderung gegenüber 2005 in Prozent,K03159,119
2013,Statistische Region Braunschweig,Syrien,Veränderung gegenüber 2005 in Prozent,K031,88
2013,Region Hannover,Syrien,Veränderung gegenüber 2005 in Prozent,K03241,104
2013,"dav. Hannover, Lhst.",Syrien,Veränderung gegenüber 2005 in Prozent,K03241001,72
2013,"dav. Hannover, Umland",Syrien,Veränderung gegenüber 2005 in Prozent,K03241999,141
2013,Diepholz,Syrien,Veränderung gegenüber 2005 in Prozent,K03251,150
2013,Hameln-Pyrmont,Syrien,Veränderung gegenüber 2005 in Prozent,K03252,61
2013,Hildesheim,Syrien,Veränderung gegenüber 2005 in Prozent,K03254,60
2013,Holzminden,Syrien,Veränderung gegenüber 2005 in Prozent,K03255,323
2013,Nienburg (Weser),Syrien,Veränderung gegenüber 2005 in Prozent,K03256,40
2013,Schaumburg,Syrien,Veränderung gegenüber 2005 in Prozent,K03257,7
2013,Statistische Region Hannover,Syrien,Veränderung gegenüber 2005 in Prozent,K032,83
2013,Celle,Syrien,Veränderung gegenüber 2005 in Prozent,K03351,104
2013,Cuxhaven,Syrien,Veränderung gegenüber 2005 in Prozent,K03352,0
2013,Harburg,Syrien,Veränderung gegenüber 2005 in Prozent,K03353,23
2013,Lüchow-Dannenberg,Syrien,Veränderung gegenüber 2005 in Prozent,K03354,314
2013,Lüneburg,Syrien,Veränderung gegenüber 2005 in Prozent,K03355,13
2013,Osterholz,Syrien,Veränderung gegenüber 2005 in Prozent,K03356,11
2013,Rotenburg (Wümme),Syrien,Veränderung gegenüber 2005 in Prozent,K03357,102
2013,Heidekreis,Syrien,Veränderung gegenüber 2005 in Prozent,K03358,104
2013,Stade,Syrien,Veränderung gegenüber 2005 in Prozent,K03359,16
2013,Uelzen,Syrien,Veränderung gegenüber 2005 in Prozent,K03360,118
2013,Verden,Syrien,Veränderung gegenüber 2005 in Prozent,K03361,123
2013,Statistische Region Lüneburg,Syrien,Veränderung gegenüber 2005 in Prozent,K033,59
2013,"Delmenhorst, Stadt",Syrien,Veränderung gegenüber 2005 in Prozent,K03401,9
2013,"Emden, Stadt",Syrien,Veränderung gegenüber 2005 in Prozent,K03402,4500
2013,"Oldenburg (Oldb), Stadt",Syrien,Veränderung gegenüber 2005 in Prozent,K03403,184
2013,"Osnabrück, Stadt",Syrien,Veränderung gegenüber 2005 in Prozent,K03404,211
2013,"Wilhelmshaven, Stadt",Syrien,Veränderung gegenüber 2005 in Prozent,K03405,11
2013,Ammerland,Syrien,Veränderung gegenüber 2005 in Prozent,K03451,53
2013,Aurich,Syrien,Veränderung gegenüber 2005 in Prozent,K03452,68
2013,Cloppenburg,Syrien,Veränderung gegenüber 2005 in Prozent,K03453,67
2013,Emsland,Syrien,Veränderung gegenüber 2005 in Prozent,K03454,69
2013,Friesland,Syrien,Veränderung gegenüber 2005 in Prozent,K03455,23
2013,Grafschaft Bentheim,Syrien,Veränderung gegenüber 2005 in Prozent,K03456,2
2013,Leer,Syrien,Veränderung gegenüber 2005 in Prozent,K03457,46
2013,Oldenburg,Syrien,Veränderung gegenüber 2005 in Prozent,K03458,13
2013,Osnabrück,Syrien,Veränderung gegenüber 2005 in Prozent,K03459,58
2013,Vechta,Syrien,Veränderung gegenüber 2005 in Prozent,K03460,80
2013,Wesermarsch,Syrien,Veränderung gegenüber 2005 in Prozent,K03461,21
2013,Wittmund,Syrien,Veränderung gegenüber 2005 in Prozent,K03462,386
2013,Statistische Region Weser-Ems,Syrien,Veränderung gegenüber 2005 in Prozent,K034,67
2013,Niedersachsen,Syrien,Veränderung gegenüber 2005 in Prozent,K030,76
2014,"Braunschweig, Stadt",Syrien,Veränderung gegenüber 2005 in Prozent,K03101,126
2014,"Salzgitter, Stadt",Syrien,Veränderung gegenüber 2005 in Prozent,K03102,1033
2014,"Wolfsburg, Stadt",Syrien,Veränderung gegenüber 2005 in Prozent,K03103,417
2014,Gifhorn,Syrien,Veränderung gegenüber 2005 in Prozent,K03151,151
2014,Goslar,Syrien,Veränderung gegenüber 2005 in Prozent,K03153,343
2014,Helmstedt,Syrien,Veränderung gegenüber 2005 in Prozent,K03154,227
2014,Northeim,Syrien,Veränderung gegenüber 2005 in Prozent,K03155,128
2014,Peine,Syrien,Veränderung gegenüber 2005 in Prozent,K03157,154
2014,Wolfenbüttel,Syrien,Veränderung gegenüber 2005 in Prozent,K03158,96
2014,Göttingen,Syrien,Veränderung gegenüber 2005 in Prozent,K03159,169
2014,Statistische Region Braunschweig,Syrien,Veränderung gegenüber 2005 in Prozent,K031,220
2014,Region Hannover,Syrien,Veränderung gegenüber 2005 in Prozent,K03241,253
2014,"dav. Hannover, Lhst.",Syrien,Veränderung gegenüber 2005 in Prozent,K03241001,185
2014,"dav. Hannover, Umland",Syrien,Veränderung gegenüber 2005 in Prozent,K03241999,330
2014,Diepholz,Syrien,Veränderung gegenüber 2005 in Prozent,K03251,290
2014,Hameln-Pyrmont,Syrien,Veränderung gegenüber 2005 in Prozent,K03252,177
2014,Hildesheim,Syrien,Veränderung gegenüber 2005 in Prozent,K03254,172
2014,Holzminden,Syrien,Veränderung gegenüber 2005 in Prozent,K03255,465
2014,Nienburg (Weser),Syrien,Veränderung gegenüber 2005 in Prozent,K03256,69
2014,Schaumburg,Syrien,Veränderung gegenüber 2005 in Prozent,K03257,78
2014,Statistische Region Hannover,Syrien,Veränderung gegenüber 2005 in Prozent,K032,198
2014,Celle,Syrien,Veränderung gegenüber 2005 in Prozent,K03351,255
2014,Cuxhaven,Syrien,Veränderung gegenüber 2005 in Prozent,K03352,97
2014,Harburg,Syrien,Veränderung gegenüber 2005 in Prozent,K03353,151
2014,Lüchow-Dannenberg,Syrien,Veränderung gegenüber 2005 in Prozent,K03354,957
2014,Lüneburg,Syrien,Veränderung gegenüber 2005 in Prozent,K03355,166
2014,Osterholz,Syrien,Veränderung gegenüber 2005 in Prozent,K03356,65
2014,Rotenburg (Wümme),Syrien,Veränderung gegenüber 2005 in Prozent,K03357,184
2014,Heidekreis,Syrien,Veränderung gegenüber 2005 in Prozent,K03358,215
2014,Stade,Syrien,Veränderung gegenüber 2005 in Prozent,K03359,107
2014,Uelzen,Syrien,Veränderung gegenüber 2005 in Prozent,K03360,500
2014,Verden,Syrien,Veränderung gegenüber 2005 in Prozent,K03361,191
2014,Statistische Region Lüneburg,Syrien,Veränderung gegenüber 2005 in Prozent,K033,184
2014,"Delmenhorst, Stadt",Syrien,Veränderung gegenüber 2005 in Prozent,K03401,123
2014,"Emden, Stadt",Syrien,Veränderung gegenüber 2005 in Prozent,K03402,11900
2014,"Oldenburg (Oldb), Stadt",Syrien,Veränderung gegenüber 2005 in Prozent,K03403,287
2014,"Osnabrück, Stadt",Syrien,Veränderung gegenüber 2005 in Prozent,K03404,624
2014,"Wilhelmshaven, Stadt",Syrien,Veränderung gegenüber 2005 in Prozent,K03405,98
2014,Ammerland,Syrien,Veränderung gegenüber 2005 in Prozent,K03451,189
2014,Aurich,Syrien,Veränderung gegenüber 2005 in Prozent,K03452,391
2014,Cloppenburg,Syrien,Veränderung gegenüber 2005 in Prozent,K03453,163
2014,Emsland,Syrien,Veränderung gegenüber 2005 in Prozent,K03454,349
2014,Friesland,Syrien,Veränderung gegenüber 2005 in Prozent,K03455,105
2014,Grafschaft Bentheim,Syrien,Veränderung gegenüber 2005 in Prozent,K03456,141
2014,Leer,Syrien,Veränderung gegenüber 2005 in Prozent,K03457,242
2014,Oldenburg,Syrien,Veränderung gegenüber 2005 in Prozent,K03458,105
2014,Osnabrück,Syrien,Veränderung gegenüber 2005 in Prozent,K03459,240
2014,Vechta,Syrien,Veränderung gegenüber 2005 in Prozent,K03460,223
2014,Wesermarsch,Syrien,Veränderung gegenüber 2005 in Prozent,K03461,128
2014,Wittmund,Syrien,Veränderung gegenüber 2005 in Prozent,K03462,1000
2014,Statistische Region Weser-Ems,Syrien,Veränderung gegenüber 2005 in Prozent,K034,239
2014,Niedersachsen,Syrien,Veränderung gegenüber 2005 in Prozent,K030,212
2015,"Braunschweig, Stadt",Syrien,Veränderung gegenüber 2005 in Prozent,K03101,593
2015,"Salzgitter, Stadt",Syrien,Veränderung gegenüber 2005 in Prozent,K03102,2376
2015,"Wolfsburg, Stadt",Syrien,Veränderung gegenüber 2005 in Prozent,K03103,721
2015,Gifhorn,Syrien,Veränderung gegenüber 2005 in Prozent,K03151,410
2015,Goslar,Syrien,Veränderung gegenüber 2005 in Prozent,K03153,1259
2015,Helmstedt,Syrien,Veränderung gegenüber 2005 in Prozent,K03154,1100
2015,Northeim,Syrien,Veränderung gegenüber 2005 in Prozent,K03155,480
2015,Peine,Syrien,Veränderung gegenüber 2005 in Prozent,K03157,574
2015,Wolfenbüttel,Syrien,Veränderung gegenüber 2005 in Prozent,K03158,321
2015,Göttingen,Syrien,Veränderung gegenüber 2005 in Prozent,K03159,644
2015,Statistische Region Braunschweig,Syrien,Veränderung gegenüber 2005 in Prozent,K031,680
2015,Region Hannover,Syrien,Veränderung gegenüber 2005 in Prozent,K03241,620
2015,"dav. Hannover, Lhst.",Syrien,Veränderung gegenüber 2005 in Prozent,K03241001,415
2015,"dav. Hannover, Umland",Syrien,Veränderung gegenüber 2005 in Prozent,K03241999,850
2015,Diepholz,Syrien,Veränderung gegenüber 2005 in Prozent,K03251,732
2015,Hameln-Pyrmont,Syrien,Veränderung gegenüber 2005 in Prozent,K03252,540
2015,Hildesheim,Syrien,Veränderung gegenüber 2005 in Prozent,K03254,419
2015,Holzminden,Syrien,Veränderung gegenüber 2005 in Prozent,K03255,1338
2015,Nienburg (Weser),Syrien,Veränderung gegenüber 2005 in Prozent,K03256,179
2015,Schaumburg,Syrien,Veränderung gegenüber 2005 in Prozent,K03257,273
2015,Statistische Region Hannover,Syrien,Veränderung gegenüber 2005 in Prozent,K032,504
2015,Celle,Syrien,Veränderung gegenüber 2005 in Prozent,K03351,669
2015,Cuxhaven,Syrien,Veränderung gegenüber 2005 in Prozent,K03352,948
2015,Harburg,Syrien,Veränderung gegenüber 2005 in Prozent,K03353,355
2015,Lüchow-Dannenberg,Syrien,Veränderung gegenüber 2005 in Prozent,K03354,4171
2015,Lüneburg,Syrien,Veränderung gegenüber 2005 in Prozent,K03355,419
2015,Osterholz,Syrien,Veränderung gegenüber 2005 in Prozent,K03356,465
2015,Rotenburg (Wümme),Syrien,Veränderung gegenüber 2005 in Prozent,K03357,1351
2015,Heidekreis,Syrien,Veränderung gegenüber 2005 in Prozent,K03358,488
2015,Stade,Syrien,Veränderung gegenüber 2005 in Prozent,K03359,1676
2015,Uelzen,Syrien,Veränderung gegenüber 2005 in Prozent,K03360,824
2015,Verden,Syrien,Veränderung gegenüber 2005 in Prozent,K03361,795
2015,Statistische Region Lüneburg,Syrien,Veränderung gegenüber 2005 in Prozent,K033,755
2015,"Delmenhorst, Stadt",Syrien,Veränderung gegenüber 2005 in Prozent,K03401,606
2015,"Emden, Stadt",Syrien,Veränderung gegenüber 2005 in Prozent,K03402,56200
2015,"Oldenburg (Oldb), Stadt",Syrien,Veränderung gegenüber 2005 in Prozent,K03403,839
2015,"Osnabrück, Stadt",Syrien,Veränderung gegenüber 2005 in Prozent,K03404,1428
2015,"Wilhelmshaven, Stadt",Syrien,Veränderung gegenüber 2005 in Prozent,K03405,420
2015,Ammerland,Syrien,Veränderung gegenüber 2005 in Prozent,K03451,555
2015,Aurich,Syrien,Veränderung gegenüber 2005 in Prozent,K03452,1249
2015,Cloppenburg,Syrien,Veränderung gegenüber 2005 in Prozent,K03453,602
2015,Emsland,Syrien,Veränderung gegenüber 2005 in Prozent,K03454,1380
2015,Friesland,Syrien,Veränderung gegenüber 2005 in Prozent,K03455,808
2015,Grafschaft Bentheim,Syrien,Veränderung gegenüber 2005 in Prozent,K03456,593
2015,Leer,Syrien,Veränderung gegenüber 2005 in Prozent,K03457,638
2015,Oldenburg,Syrien,Veränderung gegenüber 2005 in Prozent,K03458,509
2015,Osnabrück,Syrien,Veränderung gegenüber 2005 in Prozent,K03459,538
2015,Vechta,Syrien,Veränderung gegenüber 2005 in Prozent,K03460,643
2015,Wesermarsch,Syrien,Veränderung gegenüber 2005 in Prozent,K03461,821
2015,Wittmund,Syrien,Veränderung gegenüber 2005 in Prozent,K03462,4343
2015,Statistische Region Weser-Ems,Syrien,Veränderung gegenüber 2005 in Prozent,K034,791
2015,Niedersachsen,Syrien,Veränderung gegenüber 2005 in Prozent,K030,657
2016,"Braunschweig, Stadt",Syrien,Veränderung gegenüber 2005 in Prozent,K03101,796
2016,"Salzgitter, Stadt",Syrien,Veränderung gegenüber 2005 in Prozent,K03102,6324
2016,"Wolfsburg, Stadt",Syrien,Veränderung gegenüber 2005 in Prozent,K03103,1034
2016,Gifhorn,Syrien,Veränderung gegenüber 2005 in Prozent,K03151,1089
2016,Goslar,Syrien,Veränderung gegenüber 2005 in Prozent,K03153,2219
2016,Helmstedt,Syrien,Veränderung gegenüber 2005 in Prozent,K03154,1881
2016,Northeim,Syrien,Veränderung gegenüber 2005 in Prozent,K03155,728
2016,Peine,Syrien,Veränderung gegenüber 2005 in Prozent,K03157,1063
2016,Wolfenbüttel,Syrien,Veränderung gegenüber 2005 in Prozent,K03158,552
2016,Göttingen,Syrien,Veränderung gegenüber 2005 in Prozent,K03159,1104
2016,Statistische Region Braunschweig,Syrien,Veränderung gegenüber 2005 in Prozent,K031,1230
2016,Region Hannover,Syrien,Veränderung gegenüber 2005 in Prozent,K03241,972
2016,"dav. Hannover, Lhst.",Syrien,Veränderung gegenüber 2005 in Prozent,K03241001,664
2016,"dav. Hannover, Umland",Syrien,Veränderung gegenüber 2005 in Prozent,K03241999,1317
2016,Diepholz,Syrien,Veränderung gegenüber 2005 in Prozent,K03251,1115
2016,Hameln-Pyrmont,Syrien,Veränderung gegenüber 2005 in Prozent,K03252,928
2016,Hildesheim,Syrien,Veränderung gegenüber 2005 in Prozent,K03254,619
2016,Holzminden,Syrien,Veränderung gegenüber 2005 in Prozent,K03255,2362
2016,Nienburg (Weser),Syrien,Veränderung gegenüber 2005 in Prozent,K03256,299
2016,Schaumburg,Syrien,Veränderung gegenüber 2005 in Prozent,K03257,782
2016,Statistische Region Hannover,Syrien,Veränderung gegenüber 2005 in Prozent,K032,821
2016,Celle,Syrien,Veränderung gegenüber 2005 in Prozent,K03351,1082
2016,Cuxhaven,Syrien,Veränderung gegenüber 2005 in Prozent,K03352,1762
2016,Harburg,Syrien,Veränderung gegenüber 2005 in Prozent,K03353,952
2016,Lüchow-Dannenberg,Syrien,Veränderung gegenüber 2005 in Prozent,K03354,3757
2016,Lüneburg,Syrien,Veränderung gegenüber 2005 in Prozent,K03355,1186
2016,Osterholz,Syrien,Veränderung gegenüber 2005 in Prozent,K03356,677
2016,Rotenburg (Wümme),Syrien,Veränderung gegenüber 2005 in Prozent,K03357,2586
2016,Heidekreis,Syrien,Veränderung gegenüber 2005 in Prozent,K03358,1169
2016,Stade,Syrien,Veränderung gegenüber 2005 in Prozent,K03359,2557
2016,Uelzen,Syrien,Veränderung gegenüber 2005 in Prozent,K03360,1753
2016,Verden,Syrien,Veränderung gegenüber 2005 in Prozent,K03361,1002
2016,Statistische Region Lüneburg,Syrien,Veränderung gegenüber 2005 in Prozent,K033,1362
2016,"Delmenhorst, Stadt",Syrien,Veränderung gegenüber 2005 in Prozent,K03401,1044
2016,"Emden, Stadt",Syrien,Veränderung gegenüber 2005 in Prozent,K03402,65900
2016,"Oldenburg (Oldb), Stadt",Syrien,Veränderung gegenüber 2005 in Prozent,K03403,1438
2016,"Osnabrück, Stadt",Syrien,Veränderung gegenüber 2005 in Prozent,K03404,3081
2016,"Wilhelmshaven, Stadt",Syrien,Veränderung gegenüber 2005 in Prozent,K03405,1820
2016,Ammerland,Syrien,Veränderung gegenüber 2005 in Prozent,K03451,962
2016,Aurich,Syrien,Veränderung gegenüber 2005 in Prozent,K03452,1820
2016,Cloppenburg,Syrien,Veränderung gegenüber 2005 in Prozent,K03453,1038
2016,Emsland,Syrien,Veränderung gegenüber 2005 in Prozent,K03454,2684
2016,Friesland,Syrien,Veränderung gegenüber 2005 in Prozent,K03455,2125
2016,Grafschaft Bentheim,Syrien,Veränderung gegenüber 2005 in Prozent,K03456,890
2016,Leer,Syrien,Veränderung gegenüber 2005 in Prozent,K03457,1188
2016,Oldenburg,Syrien,Veränderung gegenüber 2005 in Prozent,K03458,774
2016,Osnabrück,Syrien,Veränderung gegenüber 2005 in Prozent,K03459,1077
2016,Vechta,Syrien,Veränderung gegenüber 2005 in Prozent,K03460,912
2016,Wesermarsch,Syrien,Veränderung gegenüber 2005 in Prozent,K03461,1412
2016,Wittmund,Syrien,Veränderung gegenüber 2005 in Prozent,K03462,4971
2016,Statistische Region Weser-Ems,Syrien,Veränderung gegenüber 2005 in Prozent,K034,1401
2016,Niedersachsen,Syrien,Veränderung gegenüber 2005 in Prozent,K030,1146
2017,"Braunschweig, Stadt",Syrien,Veränderung gegenüber 2005 in Prozent,K03101,957
2017,"Salzgitter, Stadt",Syrien,Veränderung gegenüber 2005 in Prozent,K03102,8324
2017,"Wolfsburg, Stadt",Syrien,Veränderung gegenüber 2005 in Prozent,K03103,1146
2017,Gifhorn,Syrien,Veränderung gegenüber 2005 in Prozent,K03151,1113
2017,Goslar,Syrien,Veränderung gegenüber 2005 in Prozent,K03153,2503
2017,Helmstedt,Syrien,Veränderung gegenüber 2005 in Prozent,K03154,1631
2017,Northeim,Syrien,Veränderung gegenüber 2005 in Prozent,K03155,799
2017,Peine,Syrien,Veränderung gegenüber 2005 in Prozent,K03157,1237
2017,Wolfenbüttel,Syrien,Veränderung gegenüber 2005 in Prozent,K03158,540
2017,Göttingen,Syrien,Veränderung gegenüber 2005 in Prozent,K03159,1309
2017,Statistische Region Braunschweig,Syrien,Veränderung gegenüber 2005 in Prozent,K031,1430
2017,Region Hannover,Syrien,Veränderung gegenüber 2005 in Prozent,K03241,1144
2017,"dav. Hannover, Lhst.",Syrien,Veränderung gegenüber 2005 in Prozent,K03241001,873
2017,"dav. Hannover, Umland",Syrien,Veränderung gegenüber 2005 in Prozent,K03241999,1448
2017,Diepholz,Syrien,Veränderung gegenüber 2005 in Prozent,K03251,1202
2017,Hameln-Pyrmont,Syrien,Veränderung gegenüber 2005 in Prozent,K03252,1139
2017,Hildesheim,Syrien,Veränderung gegenüber 2005 in Prozent,K03254,660
2017,Holzminden,Syrien,Veränderung gegenüber 2005 in Prozent,K03255,2708
2017,Nienburg (Weser),Syrien,Veränderung gegenüber 2005 in Prozent,K03256,315
2017,Schaumburg,Syrien,Veränderung gegenüber 2005 in Prozent,K03257,867
2017,Statistische Region Hannover,Syrien,Veränderung gegenüber 2005 in Prozent,K032,943
2017,Celle,Syrien,Veränderung gegenüber 2005 in Prozent,K03351,1210
2017,Cuxhaven,Syrien,Veränderung gegenüber 2005 in Prozent,K03352,1745
2017,Harburg,Syrien,Veränderung gegenüber 2005 in Prozent,K03353,1030
2017,Lüchow-Dannenberg,Syrien,Veränderung gegenüber 2005 in Prozent,K03354,3400
2017,Lüneburg,Syrien,Veränderung gegenüber 2005 in Prozent,K03355,1353
2017,Osterholz,Syrien,Veränderung gegenüber 2005 in Prozent,K03356,707
2017,Rotenburg (Wümme),Syrien,Veränderung gegenüber 2005 in Prozent,K03357,2470
2017,Heidekreis,Syrien,Veränderung gegenüber 2005 in Prozent,K03358,1032
2017,Stade,Syrien,Veränderung gegenüber 2005 in Prozent,K03359,2879
2017,Uelzen,Syrien,Veränderung gegenüber 2005 in Prozent,K03360,1885
2017,Verden,Syrien,Veränderung gegenüber 2005 in Prozent,K03361,1061
2017,Statistische Region Lüneburg,Syrien,Veränderung gegenüber 2005 in Prozent,K033,1428
2017,"Delmenhorst, Stadt",Syrien,Veränderung gegenüber 2005 in Prozent,K03401,1395
2017,"Emden, Stadt",Syrien,Veränderung gegenüber 2005 in Prozent,K03402,78400
2017,"Oldenburg (Oldb), Stadt",Syrien,Veränderung gegenüber 2005 in Prozent,K03403,1726
2017,"Osnabrück, Stadt",Syrien,Veränderung gegenüber 2005 in Prozent,K03404,3685
2017,"Wilhelmshaven, Stadt",Syrien,Veränderung gegenüber 2005 in Prozent,K03405,2918
2017,Ammerland,Syrien,Veränderung gegenüber 2005 in Prozent,K03451,957
2017,Aurich,Syrien,Veränderung gegenüber 2005 in Prozent,K03452,1762
2017,Cloppenburg,Syrien,Veränderung gegenüber 2005 in Prozent,K03453,962
2017,Emsland,Syrien,Veränderung gegenüber 2005 in Prozent,K03454,2591
2017,Friesland,Syrien,Veränderung gegenüber 2005 in Prozent,K03455,1938
2017,Grafschaft Bentheim,Syrien,Veränderung gegenüber 2005 in Prozent,K03456,967
2017,Leer,Syrien,Veränderung gegenüber 2005 in Prozent,K03457,1143
2017,Oldenburg,Syrien,Veränderung gegenüber 2005 in Prozent,K03458,698
2017,Osnabrück,Syrien,Veränderung gegenüber 2005 in Prozent,K03459,1083
2017,Vechta,Syrien,Veränderung gegenüber 2005 in Prozent,K03460,1018
2017,Wesermarsch,Syrien,Veränderung gegenüber 2005 in Prozent,K03461,1516
2017,Wittmund,Syrien,Veränderung gegenüber 2005 in Prozent,K03462,4829
2017,Statistische Region Weser-Ems,Syrien,Veränderung gegenüber 2005 in Prozent,K034,1509
2017,Niedersachsen,Syrien,Veränderung gegenüber 2005 in Prozent,K030,1270
2018,"Braunschweig, Stadt",Syrien,Veränderung gegenüber 2005 in Prozent,K03101,1181
2018,"Salzgitter, Stadt",Syrien,Veränderung gegenüber 2005 in Prozent,K03102,8791
2018,"Wolfsburg, Stadt",Syrien,Veränderung gegenüber 2005 in Prozent,K03103,1217
2018,Gifhorn,Syrien,Veränderung gegenüber 2005 in Prozent,K03151,1269
2018,Goslar,Syrien,Veränderung gegenüber 2005 in Prozent,K03153,2512
2018,Helmstedt,Syrien,Veränderung gegenüber 2005 in Prozent,K03154,1592
2018,Northeim,Syrien,Veränderung gegenüber 2005 in Prozent,K03155,890
2018,Peine,Syrien,Veränderung gegenüber 2005 in Prozent,K03157,1346
2018,Wolfenbüttel,Syrien,Veränderung gegenüber 2005 in Prozent,K03158,521
2018,Göttingen,Syrien,Veränderung gegenüber 2005 in Prozent,K03159,1386
2018,Statistische Region Braunschweig,Syrien,Veränderung gegenüber 2005 in Prozent,K031,1537
2018,Region Hannover,Syrien,Veränderung gegenüber 2005 in Prozent,K03241,1291
2018,"dav. Hannover, Lhst.",Syrien,Veränderung gegenüber 2005 in Prozent,K03241001,1037
2018,"dav. Hannover, Umland",Syrien,Veränderung gegenüber 2005 in Prozent,K03241999,1574
2018,Diepholz,Syrien,Veränderung gegenüber 2005 in Prozent,K03251,1321
2018,Hameln-Pyrmont,Syrien,Veränderung gegenüber 2005 in Prozent,K03252,1291
2018,Hildesheim,Syrien,Veränderung gegenüber 2005 in Prozent,K03254,748
2018,Holzminden,Syrien,Veränderung gegenüber 2005 in Prozent,K03255,2496
2018,Nienburg (Weser),Syrien,Veränderung gegenüber 2005 in Prozent,K03256,311
2018,Schaumburg,Syrien,Veränderung gegenüber 2005 in Prozent,K03257,893
2018,Statistische Region Hannover,Syrien,Veränderung gegenüber 2005 in Prozent,K032,1042
2018,Celle,Syrien,Veränderung gegenüber 2005 in Prozent,K03351,1255
2018,Cuxhaven,Syrien,Veränderung gegenüber 2005 in Prozent,K03352,1722
2018,Harburg,Syrien,Veränderung gegenüber 2005 in Prozent,K03353,1088
2018,Lüchow-Dannenberg,Syrien,Veränderung gegenüber 2005 in Prozent,K03354,3686
2018,Lüneburg,Syrien,Veränderung gegenüber 2005 in Prozent,K03355,1460
2018,Osterholz,Syrien,Veränderung gegenüber 2005 in Prozent,K03356,743
2018,Rotenburg (Wümme),Syrien,Veränderung gegenüber 2005 in Prozent,K03357,2447
2018,Heidekreis,Syrien,Veränderung gegenüber 2005 in Prozent,K03358,1098
2018,Stade,Syrien,Veränderung gegenüber 2005 in Prozent,K03359,3243
2018,Uelzen,Syrien,Veränderung gegenüber 2005 in Prozent,K03360,1885
2018,Verden,Syrien,Veränderung gegenüber 2005 in Prozent,K03361,1083
2018,Statistische Region Lüneburg,Syrien,Veränderung gegenüber 2005 in Prozent,K033,1499
2018,"Delmenhorst, Stadt",Syrien,Veränderung gegenüber 2005 in Prozent,K03401,1520
2018,"Emden, Stadt",Syrien,Veränderung gegenüber 2005 in Prozent,K03402,83900
2018,"Oldenburg (Oldb), Stadt",Syrien,Veränderung gegenüber 2005 in Prozent,K03403,1933
2018,"Osnabrück, Stadt",Syrien,Veränderung gegenüber 2005 in Prozent,K03404,4101
2018,"Wilhelmshaven, Stadt",Syrien,Veränderung gegenüber 2005 in Prozent,K03405,3338
2018,Ammerland,Syrien,Veränderung gegenüber 2005 in Prozent,K03451,993
2018,Aurich,Syrien,Veränderung gegenüber 2005 in Prozent,K03452,1843
2018,Cloppenburg,Syrien,Veränderung gegenüber 2005 in Prozent,K03453,925
2018,Emsland,Syrien,Veränderung gegenüber 2005 in Prozent,K03454,2596
2018,Friesland,Syrien,Veränderung gegenüber 2005 in Prozent,K03455,1900
2018,Grafschaft Bentheim,Syrien,Veränderung gegenüber 2005 in Prozent,K03456,1065
2018,Leer,Syrien,Veränderung gegenüber 2005 in Prozent,K03457,1247
2018,Oldenburg,Syrien,Veränderung gegenüber 2005 in Prozent,K03458,682
2018,Osnabrück,Syrien,Veränderung gegenüber 2005 in Prozent,K03459,1159
2018,Vechta,Syrien,Veränderung gegenüber 2005 in Prozent,K03460,1120
2018,Wesermarsch,Syrien,Veränderung gegenüber 2005 in Prozent,K03461,1574
2018,Wittmund,Syrien,Veränderung gegenüber 2005 in Prozent,K03462,4114
2018,Statistische Region Weser-Ems,Syrien,Veränderung gegenüber 2005 in Prozent,K034,1603
2018,Niedersachsen,Syrien,Veränderung gegenüber 2005 in Prozent,K030,1364
2019,"Braunschweig, Stadt",Syrien,Veränderung gegenüber 2005 in Prozent,K03101,1345
2019,"Salzgitter, Stadt",Syrien,Veränderung gegenüber 2005 in Prozent,K03102,9302
2019,"Wolfsburg, Stadt",Syrien,Veränderung gegenüber 2005 in Prozent,K03103,1351
2019,Gifhorn,Syrien,Veränderung gegenüber 2005 in Prozent,K03151,1334
2019,Goslar,Syrien,Veränderung gegenüber 2005 in Prozent,K03153,2607
2019,Helmstedt,Syrien,Veränderung gegenüber 2005 in Prozent,K03154,1612
2019,Northeim,Syrien,Veränderung gegenüber 2005 in Prozent,K03155,976
2019,Peine,Syrien,Veränderung gegenüber 2005 in Prozent,K03157,1469
2019,Wolfenbüttel,Syrien,Veränderung gegenüber 2005 in Prozent,K03158,552
2019,Göttingen,Syrien,Veränderung gegenüber 2005 in Prozent,K03159,1480
2019,Statistische Region Braunschweig,Syrien,Veränderung gegenüber 2005 in Prozent,K031,1655
2019,Region Hannover,Syrien,Veränderung gegenüber 2005 in Prozent,K03241,1410
2019,"dav. Hannover, Lhst.",Syrien,Veränderung gegenüber 2005 in Prozent,K03241001,1201
2019,"dav. Hannover, Umland",Syrien,Veränderung gegenüber 2005 in Prozent,K03241999,1644
2019,Diepholz,Syrien,Veränderung gegenüber 2005 in Prozent,K03251,1392
2019,Hameln-Pyrmont,Syrien,Veränderung gegenüber 2005 in Prozent,K03252,1428
2019,Hildesheim,Syrien,Veränderung gegenüber 2005 in Prozent,K03254,804
2019,Holzminden,Syrien,Veränderung gegenüber 2005 in Prozent,K03255,2362
2019,Nienburg (Weser),Syrien,Veränderung gegenüber 2005 in Prozent,K03256,315
2019,Schaumburg,Syrien,Veränderung gegenüber 2005 in Prozent,K03257,913
2019,Statistische Region Hannover,Syrien,Veränderung gegenüber 2005 in Prozent,K032,1121
2019,Celle,Syrien,Veränderung gegenüber 2005 in Prozent,K03351,1272
2019,Cuxhaven,Syrien,Veränderung gegenüber 2005 in Prozent,K03352,1716
2019,Harburg,Syrien,Veränderung gegenüber 2005 in Prozent,K03353,1140
2019,Lüchow-Dannenberg,Syrien,Veränderung gegenüber 2005 in Prozent,K03354,3829
2019,Lüneburg,Syrien,Veränderung gegenüber 2005 in Prozent,K03355,1532
2019,Osterholz,Syrien,Veränderung gegenüber 2005 in Prozent,K03356,761
2019,Rotenburg (Wümme),Syrien,Veränderung gegenüber 2005 in Prozent,K03357,2574
2019,Heidekreis,Syrien,Veränderung gegenüber 2005 in Prozent,K03358,1186
2019,Stade,Syrien,Veränderung gegenüber 2005 in Prozent,K03359,3457
2019,Uelzen,Syrien,Veränderung gegenüber 2005 in Prozent,K03360,1988
2019,Verden,Syrien,Veränderung gegenüber 2005 in Prozent,K03361,1131
2019,Statistische Region Lüneburg,Syrien,Veränderung gegenüber 2005 in Prozent,K033,1562
2019,"Delmenhorst, Stadt",Syrien,Veränderung gegenüber 2005 in Prozent,K03401,1607
2019,"Emden, Stadt",Syrien,Veränderung gegenüber 2005 in Prozent,K03402,94400
2019,"Oldenburg (Oldb), Stadt",Syrien,Veränderung gegenüber 2005 in Prozent,K03403,2117
2019,"Osnabrück, Stadt",Syrien,Veränderung gegenüber 2005 in Prozent,K03404,4483
2019,"Wilhelmshaven, Stadt",Syrien,Veränderung gegenüber 2005 in Prozent,K03405,3650
2019,Ammerland,Syrien,Veränderung gegenüber 2005 in Prozent,K03451,1024
2019,Aurich,Syrien,Veränderung gegenüber 2005 in Prozent,K03452,1860
2019,Cloppenburg,Syrien,Veränderung gegenüber 2005 in Prozent,K03453,893
2019,Emsland,Syrien,Veränderung gegenüber 2005 in Prozent,K03454,2733
2019,Friesland,Syrien,Veränderung gegenüber 2005 in Prozent,K03455,1913
2019,Grafschaft Bentheim,Syrien,Veränderung gegenüber 2005 in Prozent,K03456,1137
2019,Leer,Syrien,Veränderung gegenüber 2005 in Prozent,K03457,1391
2019,Oldenburg,Syrien,Veränderung gegenüber 2005 in Prozent,K03458,694
2019,Osnabrück,Syrien,Veränderung gegenüber 2005 in Prozent,K03459,1211
2019,Vechta,Syrien,Veränderung gegenüber 2005 in Prozent,K03460,1197
2019,Wesermarsch,Syrien,Veränderung gegenüber 2005 in Prozent,K03461,1609
2019,Wittmund,Syrien,Veränderung gegenüber 2005 in Prozent,K03462,4543
2019,Statistische Region Weser-Ems,Syrien,Veränderung gegenüber 2005 in Prozent,K034,1701
2019,Niedersachsen,Syrien,Veränderung gegenüber 2005 in Prozent,K030,1454
2020,"Braunschweig, Stadt",Syrien,Veränderung gegenüber 2005 in Prozent,K03101,1419
2020,"Salzgitter, Stadt",Syrien,Veränderung gegenüber 2005 in Prozent,K03102,9596
2020,"Wolfsburg, Stadt",Syrien,Veränderung gegenüber 2005 in Prozent,K03103,1516
2020,Gifhorn,Syrien,Veränderung gegenüber 2005 in Prozent,K03151,1449
2020,Goslar,Syrien,Veränderung gegenüber 2005 in Prozent,K03153,2538
2020,Helmstedt,Syrien,Veränderung gegenüber 2005 in Prozent,K03154,1631
2020,Northeim,Syrien,Veränderung gegenüber 2005 in Prozent,K03155,971
2020,Peine,Syrien,Veränderung gegenüber 2005 in Prozent,K03157,1593
2020,Wolfenbüttel,Syrien,Veränderung gegenüber 2005 in Prozent,K03158,561
2020,Göttingen,Syrien,Veränderung gegenüber 2005 in Prozent,K03159,1273
2020,Statistische Region Braunschweig,Syrien,Veränderung gegenüber 2005 in Prozent,K031,1680
2020,Region Hannover,Syrien,Veränderung gegenüber 2005 in Prozent,K03241,1483
2020,"dav. Hannover, Lhst.",Syrien,Veränderung gegenüber 2005 in Prozent,K03241001,1282
2020,"dav. Hannover, Umland",Syrien,Veränderung gegenüber 2005 in Prozent,K03241999,1708
2020,Diepholz,Syrien,Veränderung gegenüber 2005 in Prozent,K03251,1400
2020,Hameln-Pyrmont,Syrien,Veränderung gegenüber 2005 in Prozent,K03252,1481
2020,Hildesheim,Syrien,Veränderung gegenüber 2005 in Prozent,K03254,854
2020,Holzminden,Syrien,Veränderung gegenüber 2005 in Prozent,K03255,2342
2020,Nienburg (Weser),Syrien,Veränderung gegenüber 2005 in Prozent,K03256,323
2020,Schaumburg,Syrien,Veränderung gegenüber 2005 in Prozent,K03257,969
2020,Statistische Region Hannover,Syrien,Veränderung gegenüber 2005 in Prozent,K032,1172
2020,Celle,Syrien,Veränderung gegenüber 2005 in Prozent,K03351,1210
2020,Cuxhaven,Syrien,Veränderung gegenüber 2005 in Prozent,K03352,1728
2020,Harburg,Syrien,Veränderung gegenüber 2005 in Prozent,K03353,1218
2020,Lüchow-Dannenberg,Syrien,Veränderung gegenüber 2005 in Prozent,K03354,4114
2020,Lüneburg,Syrien,Veränderung gegenüber 2005 in Prozent,K03355,1541
2020,Osterholz,Syrien,Veränderung gegenüber 2005 in Prozent,K03356,810
2020,Rotenburg (Wümme),Syrien,Veränderung gegenüber 2005 in Prozent,K03357,2842
2020,Heidekreis,Syrien,Veränderung gegenüber 2005 in Prozent,K03358,1252
2020,Stade,Syrien,Veränderung gegenüber 2005 in Prozent,K03359,3743
2020,Uelzen,Syrien,Veränderung gegenüber 2005 in Prozent,K03360,2106
2020,Verden,Syrien,Veränderung gegenüber 2005 in Prozent,K03361,1115
2020,Statistische Region Lüneburg,Syrien,Veränderung gegenüber 2005 in Prozent,K033,1619
2020,"Delmenhorst, Stadt",Syrien,Veränderung gegenüber 2005 in Prozent,K03401,1708
2020,"Emden, Stadt",Syrien,Veränderung gegenüber 2005 in Prozent,K03402,99900
2020,"Oldenburg (Oldb), Stadt",Syrien,Veränderung gegenüber 2005 in Prozent,K03403,2280
2020,"Osnabrück, Stadt",Syrien,Veränderung gegenüber 2005 in Prozent,K03404,4719
2020,"Wilhelmshaven, Stadt",Syrien,Veränderung gegenüber 2005 in Prozent,K03405,3668
2020,Ammerland,Syrien,Veränderung gegenüber 2005 in Prozent,K03451,1029
2020,Aurich,Syrien,Veränderung gegenüber 2005 in Prozent,K03452,1837
2020,Cloppenburg,Syrien,Veränderung gegenüber 2005 in Prozent,K03453,889
2020,Emsland,Syrien,Veränderung gegenüber 2005 in Prozent,K03454,2822
2020,Friesland,Syrien,Veränderung gegenüber 2005 in Prozent,K03455,1950
2020,Grafschaft Bentheim,Syrien,Veränderung gegenüber 2005 in Prozent,K03456,1209
2020,Leer,Syrien,Veränderung gegenüber 2005 in Prozent,K03457,1562
2020,Oldenburg,Syrien,Veränderung gegenüber 2005 in Prozent,K03458,690
2020,Osnabrück,Syrien,Veränderung gegenüber 2005 in Prozent,K03459,1246
2020,Vechta,Syrien,Veränderung gegenüber 2005 in Prozent,K03460,1243
2020,Wesermarsch,Syrien,Veränderung gegenüber 2005 in Prozent,K03461,1726
2020,Wittmund,Syrien,Veränderung gegenüber 2005 in Prozent,K03462,5114
2020,Statistische Region Weser-Ems,Syrien,Veränderung gegenüber 2005 in Prozent,K034,1771
2020,Niedersachsen,Syrien,Veränderung gegenüber 2005 in Prozent,K030,1506
2021,"Braunschweig, Stadt",Syrien,Veränderung gegenüber 2005 in Prozent,K03101,1386
2021,"Salzgitter, Stadt",Syrien,Veränderung gegenüber 2005 in Prozent,K03102,10183
2021,"Wolfsburg, Stadt",Syrien,Veränderung gegenüber 2005 in Prozent,K03103,1659
2021,Gifhorn,Syrien,Veränderung gegenüber 2005 in Prozent,K03151,1687
2021,Goslar,Syrien,Veränderung gegenüber 2005 in Prozent,K03153,2460
2021,Helmstedt,Syrien,Veränderung gegenüber 2005 in Prozent,K03154,1862
2021,Northeim,Syrien,Veränderung gegenüber 2005 in Prozent,K03155,1001
2021,Peine,Syrien,Veränderung gegenüber 2005 in Prozent,K03157,1712
2021,Wolfenbüttel,Syrien,Veränderung gegenüber 2005 in Prozent,K03158,611
2021,Göttingen,Syrien,Veränderung gegenüber 2005 in Prozent,K03159,1254
2021,Statistische Region Braunschweig,Syrien,Veränderung gegenüber 2005 in Prozent,K031,1750
2021,Region Hannover,Syrien,Veränderung gegenüber 2005 in Prozent,K03241,1683
2021,"dav. Hannover, Lhst.",Syrien,Veränderung gegenüber 2005 in Prozent,K03241001,1366
2021,"dav. Hannover, Umland",Syrien,Veränderung gegenüber 2005 in Prozent,K03241999,2037
2021,Diepholz,Syrien,Veränderung gegenüber 2005 in Prozent,K03251,1425
2021,Hameln-Pyrmont,Syrien,Veränderung gegenüber 2005 in Prozent,K03252,1551
2021,Hildesheim,Syrien,Veränderung gegenüber 2005 in Prozent,K03254,890
2021,Holzminden,Syrien,Veränderung gegenüber 2005 in Prozent,K03255,2592
2021,Nienburg (Weser),Syrien,Veränderung gegenüber 2005 in Prozent,K03256,349
2021,Schaumburg,Syrien,Veränderung gegenüber 2005 in Prozent,K03257,1005
2021,Statistische Region Hannover,Syrien,Veränderung gegenüber 2005 in Prozent,K032,1290
2021,Celle,Syrien,Veränderung gegenüber 2005 in Prozent,K03351,1206
2021,Cuxhaven,Syrien,Veränderung gegenüber 2005 in Prozent,K03352,1843
2021,Harburg,Syrien,Veränderung gegenüber 2005 in Prozent,K03353,1379
2021,Lüchow-Dannenberg,Syrien,Veränderung gegenüber 2005 in Prozent,K03354,4257
2021,Lüneburg,Syrien,Veränderung gegenüber 2005 in Prozent,K03355,1550
2021,Osterholz,Syrien,Veränderung gegenüber 2005 in Prozent,K03356,894
2021,Rotenburg (Wümme),Syrien,Veränderung gegenüber 2005 in Prozent,K03357,3086
2021,Heidekreis,Syrien,Veränderung gegenüber 2005 in Prozent,K03358,1389
2021,Stade,Syrien,Veränderung gegenüber 2005 in Prozent,K03359,3864
2021,Uelzen,Syrien,Veränderung gegenüber 2005 in Prozent,K03360,2076
2021,Verden,Syrien,Veränderung gegenüber 2005 in Prozent,K03361,1142
2021,Statistische Region Lüneburg,Syrien,Veränderung gegenüber 2005 in Prozent,K033,1699
2021,"Delmenhorst, Stadt",Syrien,Veränderung gegenüber 2005 in Prozent,K03401,1746
2021,"Emden, Stadt",Syrien,Veränderung gegenüber 2005 in Prozent,K03402,103900
2021,"Oldenburg (Oldb), Stadt",Syrien,Veränderung gegenüber 2005 in Prozent,K03403,2264
2021,"Osnabrück, Stadt",Syrien,Veränderung gegenüber 2005 in Prozent,K03404,4928
2021,"Wilhelmshaven, Stadt",Syrien,Veränderung gegenüber 2005 in Prozent,K03405,3864
2021,Ammerland,Syrien,Veränderung gegenüber 2005 in Prozent,K03451,1106
2021,Aurich,Syrien,Veränderung gegenüber 2005 in Prozent,K03452,1952
2021,Cloppenburg,Syrien,Veränderung gegenüber 2005 in Prozent,K03453,900
2021,Emsland,Syrien,Veränderung gegenüber 2005 in Prozent,K03454,3023
2021,Friesland,Syrien,Veränderung gegenüber 2005 in Prozent,K03455,2075
2021,Grafschaft Bentheim,Syrien,Veränderung gegenüber 2005 in Prozent,K03456,1240
2021,Leer,Syrien,Veränderung gegenüber 2005 in Prozent,K03457,1729
2021,Oldenburg,Syrien,Veränderung gegenüber 2005 in Prozent,K03458,740
2021,Osnabrück,Syrien,Veränderung gegenüber 2005 in Prozent,K03459,1106
2021,Vechta,Syrien,Veränderung gegenüber 2005 in Prozent,K03460,1262
2021,Wesermarsch,Syrien,Veränderung gegenüber 2005 in Prozent,K03461,1830
2021,Wittmund,Syrien,Veränderung gegenüber 2005 in Prozent,K03462,6186
2021,Statistische Region Weser-Ems,Syrien,Veränderung gegenüber 2005 in Prozent,K034,1833
2021,Niedersachsen,Syrien,Veränderung gegenüber 2005 in Prozent,K030,1593
2022,"Braunschweig, Stadt",Syrien,Veränderung gegenüber 2005 in Prozent,K03101,1608
2022,"Salzgitter, Stadt",Syrien,Veränderung gegenüber 2005 in Prozent,K03102,10411
2022,"Wolfsburg, Stadt",Syrien,Veränderung gegenüber 2005 in Prozent,K03103,1726
2022,Gifhorn,Syrien,Veränderung gegenüber 2005 in Prozent,K03151,1785
2022,Goslar,Syrien,Veränderung gegenüber 2005 in Prozent,K03153,2374
2022,Helmstedt,Syrien,Veränderung gegenüber 2005 in Prozent,K03154,2054
2022,Northeim,Syrien,Veränderung gegenüber 2005 in Prozent,K03155,1052
2022,Peine,Syrien,Veränderung gegenüber 2005 in Prozent,K03157,1682
2022,Wolfenbüttel,Syrien,Veränderung gegenüber 2005 in Prozent,K03158,639
2022,Göttingen,Syrien,Veränderung gegenüber 2005 in Prozent,K03159,1135
2022,Statistische Region Braunschweig,Syrien,Veränderung gegenüber 2005 in Prozent,K031,1798
2022,Region Hannover,Syrien,Veränderung gegenüber 2005 in Prozent,K03241,1902
2022,"dav. Hannover, Lhst.",Syrien,Veränderung gegenüber 2005 in Prozent,K03241001,1471
2022,"dav. Hannover, Umland",Syrien,Veränderung gegenüber 2005 in Prozent,K03241999,2384
2022,Diepholz,Syrien,Veränderung gegenüber 2005 in Prozent,K03251,1392
2022,Hameln-Pyrmont,Syrien,Veränderung gegenüber 2005 in Prozent,K03252,1632
2022,Hildesheim,Syrien,Veränderung gegenüber 2005 in Prozent,K03254,936
2022,Holzminden,Syrien,Veränderung gegenüber 2005 in Prozent,K03255,2592
2022,Nienburg (Weser),Syrien,Veränderung gegenüber 2005 in Prozent,K03256,359
2022,Schaumburg,Syrien,Veränderung gegenüber 2005 in Prozent,K03257,1067
2022,Statistische Region Hannover,Syrien,Veränderung gegenüber 2005 in Prozent,K032,1412
2022,Celle,Syrien,Veränderung gegenüber 2005 in Prozent,K03351,1185
2022,Cuxhaven,Syrien,Veränderung gegenüber 2005 in Prozent,K03352,1843
2022,Harburg,Syrien,Veränderung gegenüber 2005 in Prozent,K03353,1530
2022,Lüchow-Dannenberg,Syrien,Veränderung gegenüber 2005 in Prozent,K03354,3614
2022,Lüneburg,Syrien,Veränderung gegenüber 2005 in Prozent,K03355,1362
2022,Osterholz,Syrien,Veränderung gegenüber 2005 in Prozent,K03356,954
2022,Rotenburg (Wümme),Syrien,Veränderung gegenüber 2005 in Prozent,K03357,3249
2022,Heidekreis,Syrien,Veränderung gegenüber 2005 in Prozent,K03358,1356
2022,Stade,Syrien,Veränderung gegenüber 2005 in Prozent,K03359,3929
2022,Uelzen,Syrien,Veränderung gegenüber 2005 in Prozent,K03360,2106
2022,Verden,Syrien,Veränderung gegenüber 2005 in Prozent,K03361,1271
2022,Statistische Region Lüneburg,Syrien,Veränderung gegenüber 2005 in Prozent,K033,1713
2022,"Delmenhorst, Stadt",Syrien,Veränderung gegenüber 2005 in Prozent,K03401,1789
2022,"Emden, Stadt",Syrien,Veränderung gegenüber 2005 in Prozent,K03402,106400
2022,"Oldenburg (Oldb), Stadt",Syrien,Veränderung gegenüber 2005 in Prozent,K03403,2384
2022,"Osnabrück, Stadt",Syrien,Veränderung gegenüber 2005 in Prozent,K03404,5171
2022,"Wilhelmshaven, Stadt",Syrien,Veränderung gegenüber 2005 in Prozent,K03405,3945
2022,Ammerland,Syrien,Veränderung gegenüber 2005 in Prozent,K03451,1158
2022,Aurich,Syrien,Veränderung gegenüber 2005 in Prozent,K03452,1957
2022,Cloppenburg,Syrien,Veränderung gegenüber 2005 in Prozent,K03453,871
2022,Emsland,Syrien,Veränderung gegenüber 2005 in Prozent,K03454,3307
2022,Friesland,Syrien,Veränderung gegenüber 2005 in Prozent,K03455,2138
2022,Grafschaft Bentheim,Syrien,Veränderung gegenüber 2005 in Prozent,K03456,1214
2022,Leer,Syrien,Veränderung gegenüber 2005 in Prozent,K03457,1828
2022,Oldenburg,Syrien,Veränderung gegenüber 2005 in Prozent,K03458,782
2022,Osnabrück,Syrien,Veränderung gegenüber 2005 in Prozent,K03459,1092
2022,Vechta,Syrien,Veränderung gegenüber 2005 in Prozent,K03460,1212
2022,Wesermarsch,Syrien,Veränderung gegenüber 2005 in Prozent,K03461,1900
2022,Wittmund,Syrien,Veränderung gegenüber 2005 in Prozent,K03462,6829
2022,Statistische Region Weser-Ems,Syrien,Veränderung gegenüber 2005 in Prozent,K034,1898
2022,Niedersachsen,Syrien,Veränderung gegenüber 2005 in Prozent,K030,1665
2023,"Braunschweig, Stadt",Syrien,Veränderung gegenüber 2005 in Prozent,K03101,1493
2023,"Salzgitter, Stadt",Syrien,Veränderung gegenüber 2005 in Prozent,K03102,11107
2023,"Wolfsburg, Stadt",Syrien,Veränderung gegenüber 2005 in Prozent,K03103,1860
2023,Gifhorn,Syrien,Veränderung gegenüber 2005 in Prozent,K03151,2121
2023,Goslar,Syrien,Veränderung gegenüber 2005 in Prozent,K03153,2409
2023,Helmstedt,Syrien,Veränderung gegenüber 2005 in Prozent,K03154,2650
2023,Northeim,Syrien,Veränderung gegenüber 2005 in Prozent,K03155,1092
2023,Peine,Syrien,Veränderung gegenüber 2005 in Prozent,K03157,1865
2023,Wolfenbüttel,Syrien,Veränderung gegenüber 2005 in Prozent,K03158,835
2023,Göttingen,Syrien,Veränderung gegenüber 2005 in Prozent,K03159,1198
2023,Statistische Region Braunschweig,Syrien,Veränderung gegenüber 2005 in Prozent,K031,1924
2023,Region Hannover,Syrien,Veränderung gegenüber 2005 in Prozent,K03241,1812
2023,"dav. Hannover, Lhst.",Syrien,Veränderung gegenüber 2005 in Prozent,K03241001,1599
2023,"dav. Hannover, Umland",Syrien,Veränderung gegenüber 2005 in Prozent,K03241999,2050
2023,Diepholz,Syrien,Veränderung gegenüber 2005 in Prozent,K03251,1594
2023,Hameln-Pyrmont,Syrien,Veränderung gegenüber 2005 in Prozent,K03252,1770
2023,Hildesheim,Syrien,Veränderung gegenüber 2005 in Prozent,K03254,1061
2023,Holzminden,Syrien,Veränderung gegenüber 2005 in Prozent,K03255,2785
2023,Nienburg (Weser),Syrien,Veränderung gegenüber 2005 in Prozent,K03256,358
2023,Schaumburg,Syrien,Veränderung gegenüber 2005 in Prozent,K03257,1184
2023,Statistische Region Hannover,Syrien,Veränderung gegenüber 2005 in Prozent,K032,1419
2023,Celle,Syrien,Veränderung gegenüber 2005 in Prozent,K03351,1313
2023,Cuxhaven,Syrien,Veränderung gegenüber 2005 in Prozent,K03352,1791
2023,Harburg,Syrien,Veränderung gegenüber 2005 in Prozent,K03353,1681
2023,Lüchow-Dannenberg,Syrien,Veränderung gegenüber 2005 in Prozent,K03354,3971
2023,Lüneburg,Syrien,Veränderung gegenüber 2005 in Prozent,K03355,1396
2023,Osterholz,Syrien,Veränderung gegenüber 2005 in Prozent,K03356,1002
2023,Rotenburg (Wümme),Syrien,Veränderung gegenüber 2005 in Prozent,K03357,3760
2023,Heidekreis,Syrien,Veränderung gegenüber 2005 in Prozent,K03358,1164
2023,Stade,Syrien,Veränderung gegenüber 2005 in Prozent,K03359,4200
2023,Uelzen,Syrien,Veränderung gegenüber 2005 in Prozent,K03360,2194
2023,Verden,Syrien,Veränderung gegenüber 2005 in Prozent,K03361,1325
2023,Statistische Region Lüneburg,Syrien,Veränderung gegenüber 2005 in Prozent,K033,1793
2023,"Delmenhorst, Stadt",Syrien,Veränderung gegenüber 2005 in Prozent,K03401,1895
2023,"Emden, Stadt",Syrien,Veränderung gegenüber 2005 in Prozent,K03402,106900
2023,"Oldenburg (Oldb), Stadt",Syrien,Veränderung gegenüber 2005 in Prozent,K03403,2378
2023,"Osnabrück, Stadt",Syrien,Veränderung gegenüber 2005 in Prozent,K03404,5178
2023,"Wilhelmshaven, Stadt",Syrien,Veränderung gegenüber 2005 in Prozent,K03405,4382
2023,Ammerland,Syrien,Veränderung gegenüber 2005 in Prozent,K03451,1343
2023,Aurich,Syrien,Veränderung gegenüber 2005 in Prozent,K03452,2015
2023,Cloppenburg,Syrien,Veränderung gegenüber 2005 in Prozent,K03453,1009
2023,Emsland,Syrien,Veränderung gegenüber 2005 in Prozent,K03454,3557
2023,Friesland,Syrien,Veränderung gegenüber 2005 in Prozent,K03455,2225
2023,Grafschaft Bentheim,Syrien,Veränderung gegenüber 2005 in Prozent,K03456,1189
2023,Leer,Syrien,Veränderung gegenüber 2005 in Prozent,K03457,2170
2023,Oldenburg,Syrien,Veränderung gegenüber 2005 in Prozent,K03458,938
2023,Osnabrück,Syrien,Veränderung gegenüber 2005 in Prozent,K03459,1147
2023,Vechta,Syrien,Veränderung gegenüber 2005 in Prozent,K03460,1197
2023,Wesermarsch,Syrien,Veränderung gegenüber 2005 in Prozent,K03461,2133
2023,Wittmund,Syrien,Veränderung gegenüber 2005 in Prozent,K03462,8186
2023,Statistische Region Weser-Ems,Syrien,Veränderung gegenüber 2005 in Prozent,K034,2006
2023,Niedersachsen,Syrien,Veränderung gegenüber 2005 in Prozent,K030,1738
2024,"Braunschweig, Stadt",Syrien,Veränderung gegenüber 2005 in Prozent,K03101,1455
2024,"Salzgitter, Stadt",Syrien,Veränderung gegenüber 2005 in Prozent,K03102,11161
2024,"Wolfsburg, Stadt",Syrien,Veränderung gegenüber 2005 in Prozent,K03103,1989
2024,Gifhorn,Syrien,Veränderung gegenüber 2005 in Prozent,K03151,2211
2024,Goslar,Syrien,Veränderung gegenüber 2005 in Prozent,K03153,2236
2024,Helmstedt,Syrien,Veränderung gegenüber 2005 in Prozent,K03154,3188
2024,Northeim,Syrien,Veränderung gegenüber 2005 in Prozent,K03155,1092
2024,Peine,Syrien,Veränderung gegenüber 2005 in Prozent,K03157,1984
2024,Wolfenbüttel,Syrien,Veränderung gegenüber 2005 in Prozent,K03158,863
2024,Göttingen,Syrien,Veränderung gegenüber 2005 in Prozent,K03159,1204
2024,Statistische Region Braunschweig,Syrien,Veränderung gegenüber 2005 in Prozent,K031,1961
2024,Region Hannover,Syrien,Veränderung gegenüber 2005 in Prozent,K03241,1858
2024,"dav. Hannover, Lhst.",Syrien,Veränderung gegenüber 2005 in Prozent,K03241001,1676
2024,"dav. Hannover, Umland",Syrien,Veränderung gegenüber 2005 in Prozent,K03241999,2060
2024,Diepholz,Syrien,Veränderung gegenüber 2005 in Prozent,K03251,1718
2024,Hameln-Pyrmont,Syrien,Veränderung gegenüber 2005 in Prozent,K03252,1837
2024,Hildesheim,Syrien,Veränderung gegenüber 2005 in Prozent,K03254,1093
2024,Holzminden,Syrien,Veränderung gegenüber 2005 in Prozent,K03255,2727
2024,Nienburg (Weser),Syrien,Veränderung gegenüber 2005 in Prozent,K03256,338
2024,Schaumburg,Syrien,Veränderung gegenüber 2005 in Prozent,K03257,1099
2024,Statistische Region Hannover,Syrien,Veränderung gegenüber 2005 in Prozent,K032,1447
2024,Celle,Syrien,Veränderung gegenüber 2005 in Prozent,K03351,1276
2024,Cuxhaven,Syrien,Veränderung gegenüber 2005 in Prozent,K03352,1733
2024,Harburg,Syrien,Veränderung gegenüber 2005 in Prozent,K03353,1660
2024,Lüchow-Dannenberg,Syrien,Veränderung gegenüber 2005 in Prozent,K03354,3900
2024,Lüneburg,Syrien,Veränderung gegenüber 2005 in Prozent,K03355,1528
2024,Osterholz,Syrien,Veränderung gegenüber 2005 in Prozent,K03356,912
2024,Rotenburg (Wümme),Syrien,Veränderung gegenüber 2005 in Prozent,K03357,3551
2024,Heidekreis,Syrien,Veränderung gegenüber 2005 in Prozent,K03358,1015
2024,Stade,Syrien,Veränderung gegenüber 2005 in Prozent,K03359,3979
2024,Uelzen,Syrien,Veränderung gegenüber 2005 in Prozent,K03360,2150
2024,Verden,Syrien,Veränderung gegenüber 2005 in Prozent,K03361,1362
2024,Statistische Region Lüneburg,Syrien,Veränderung gegenüber 2005 in Prozent,K033,1745
2024,"Delmenhorst, Stadt",Syrien,Veränderung gegenüber 2005 in Prozent,K03401,1890
2024,"Emden, Stadt",Syrien,Veränderung gegenüber 2005 in Prozent,K03402,107900
2024,"Oldenburg (Oldb), Stadt",Syrien,Veränderung gegenüber 2005 in Prozent,K03403,2373
2024,"Osnabrück, Stadt",Syrien,Veränderung gegenüber 2005 in Prozent,K03404,5032
2024,"Wilhelmshaven, Stadt",Syrien,Veränderung gegenüber 2005 in Prozent,K03405,4418
2024,Ammerland,Syrien,Veränderung gegenüber 2005 in Prozent,K03451,1343
2024,Aurich,Syrien,Veränderung gegenüber 2005 in Prozent,K03452,1911
2024,Cloppenburg,Syrien,Veränderung gegenüber 2005 in Prozent,K03453,1023
2024,Emsland,Syrien,Veränderung gegenüber 2005 in Prozent,K03454,3797
2024,Friesland,Syrien,Veränderung gegenüber 2005 in Prozent,K03455,2350
2024,Grafschaft Bentheim,Syrien,Veränderung gegenüber 2005 in Prozent,K03456,1245
2024,Leer,Syrien,Veränderung gegenüber 2005 in Prozent,K03457,2373
2024,Oldenburg,Syrien,Veränderung gegenüber 2005 in Prozent,K03458,959
2024,Osnabrück,Syrien,Veränderung gegenüber 2005 in Prozent,K03459,1150
2024,Vechta,Syrien,Veränderung gegenüber 2005 in Prozent,K03460,1091
2024,Wesermarsch,Syrien,Veränderung gegenüber 2005 in Prozent,K03461,2353
2024,Wittmund,Syrien,Veränderung gegenüber 2005 in Prozent,K03462,8329
2024,Statistische Region Weser-Ems,Syrien,Veränderung gegenüber 2005 in Prozent,K034,2028
2024,Niedersachsen,Syrien,Veränderung gegenüber 2005 in Prozent,K030,1754
2025,"Braunschweig, Stadt",Syrien,Veränderung gegenüber 2005 in Prozent,K03101,1477
2025,"Salzgitter, Stadt",Syrien,Veränderung gegenüber 2005 in Prozent,K03102,10498
2025,"Wolfsburg, Stadt",Syrien,Veränderung gegenüber 2005 in Prozent,K03103,2052
2025,Gifhorn,Syrien,Veränderung gegenüber 2005 in Prozent,K03151,2211
2025,Goslar,Syrien,Veränderung gegenüber 2005 in Prozent,K03153,2029
2025,Helmstedt,Syrien,Veränderung gegenüber 2005 in Prozent,K03154,3169
2025,Northeim,Syrien,Veränderung gegenüber 2005 in Prozent,K03155,966
2025,Peine,Syrien,Veränderung gegenüber 2005 in Prozent,K03157,1964
2025,Wolfenbüttel,Syrien,Veränderung gegenüber 2005 in Prozent,K03158,810
2025,Göttingen,Syrien,Veränderung gegenüber 2005 in Prozent,K03159,1110
2025,Statistische Region Braunschweig,Syrien,Veränderung gegenüber 2005 in Prozent,K031,1890
2025,Region Hannover,Syrien,Veränderung gegenüber 2005 in Prozent,K03241,1910
2025,"dav. Hannover, Lhst.",Syrien,Veränderung gegenüber 2005 in Prozent,K03241001,1695
2025,"dav. Hannover, Umland",Syrien,Veränderung gegenüber 2005 in Prozent,K03241999,2150
2025,Diepholz,Syrien,Veränderung gegenüber 2005 in Prozent,K03251,1619
2025,Hameln-Pyrmont,Syrien,Veränderung gegenüber 2005 in Prozent,K03252,1787
2025,Hildesheim,Syrien,Veränderung gegenüber 2005 in Prozent,K03254,1051
2025,Holzminden,Syrien,Veränderung gegenüber 2005 in Prozent,K03255,2592
2025,Nienburg (Weser),Syrien,Veränderung gegenüber 2005 in Prozent,K03256,305
2025,Schaumburg,Syrien,Veränderung gegenüber 2005 in Prozent,K03257,1018
2025,Statistische Region Hannover,Syrien,Veränderung gegenüber 2005 in Prozent,K032,1443
2025,Celle,Syrien,Veränderung gegenüber 2005 in Prozent,K03351,1243
2025,Cuxhaven,Syrien,Veränderung gegenüber 2005 in Prozent,K03352,1630
2025,Harburg,Syrien,Veränderung gegenüber 2005 in Prozent,K03353,1447
2025,Lüchow-Dannenberg,Syrien,Veränderung gegenüber 2005 in Prozent,K03354,3686
2025,Lüneburg,Syrien,Veränderung gegenüber 2005 in Prozent,K03355,1353
2025,Osterholz,Syrien,Veränderung gegenüber 2005 in Prozent,K03356,749
2025,Rotenburg (Wümme),Syrien,Veränderung gegenüber 2005 in Prozent,K03357,3086
2025,Heidekreis,Syrien,Veränderung gegenüber 2005 in Prozent,K03358,1010
2025,Stade,Syrien,Veränderung gegenüber 2005 in Prozent,K03359,3621
2025,Uelzen,Syrien,Veränderung gegenüber 2005 in Prozent,K03360,2253
2025,Verden,Syrien,Veränderung gegenüber 2005 in Prozent,K03361,1239
2025,Statistische Region Lüneburg,Syrien,Veränderung gegenüber 2005 in Prozent,K033,1600
2025,"Delmenhorst, Stadt",Syrien,Veränderung gegenüber 2005 in Prozent,K03401,1761
2025,"Emden, Stadt",Syrien,Veränderung gegenüber 2005 in Prozent,K03402,105900
2025,"Oldenburg (Oldb), Stadt",Syrien,Veränderung gegenüber 2005 in Prozent,K03403,2362
2025,"Osnabrück, Stadt",Syrien,Veränderung gegenüber 2005 in Prozent,K03404,5157
2025,"Wilhelmshaven, Stadt",Syrien,Veränderung gegenüber 2005 in Prozent,K03405,4454
2025,Ammerland,Syrien,Veränderung gegenüber 2005 in Prozent,K03451,1132
2025,Aurich,Syrien,Veränderung gegenüber 2005 in Prozent,K03452,1820
2025,Cloppenburg,Syrien,Veränderung gegenüber 2005 in Prozent,K03453,914
2025,Emsland,Syrien,Veränderung gegenüber 2005 in Prozent,K03454,3425
2025,Friesland,Syrien,Veränderung gegenüber 2005 in Prozent,K03455,2163
2025,Grafschaft Bentheim,Syrien,Veränderung gegenüber 2005 in Prozent,K03456,1266
2025,Leer,Syrien,Veränderung gegenüber 2005 in Prozent,K03457,2368
2025,Oldenburg,Syrien,Veränderung gegenüber 2005 in Prozent,K03458,929
2025,Osnabrück,Syrien,Veränderung gegenüber 2005 in Prozent,K03459,1005
2025,Vechta,Syrien,Veränderung gegenüber 2005 in Prozent,K03460,972
2025,Wesermarsch,Syrien,Veränderung gegenüber 2005 in Prozent,K03461,2353
2025,Wittmund,Syrien,Veränderung gegenüber 2005 in Prozent,K03462,7686
2025,Statistische Region Weser-Ems,Syrien,Veränderung gegenüber 2005 in Prozent,K034,1931
2025,Niedersachsen,Syrien,Veränderung gegenüber 2005 in Prozent,K030,1690
2005,"Braunschweig, Stadt",Türkei,Veränderung gegenüber 2005 in Prozent,K03101,0
2005,"Salzgitter, Stadt",Türkei,Veränderung gegenüber 2005 in Prozent,K03102,0
2005,"Wolfsburg, Stadt",Türkei,Veränderung gegenüber 2005 in Prozent,K03103,0
2005,Gifhorn,Türkei,Veränderung gegenüber 2005 in Prozent,K03151,0
2005,Goslar,Türkei,Veränderung gegenüber 2005 in Prozent,K03153,0
2005,Helmstedt,Türkei,Veränderung gegenüber 2005 in Prozent,K03154,0
2005,Northeim,Türkei,Veränderung gegenüber 2005 in Prozent,K03155,0
2005,Peine,Türkei,Veränderung gegenüber 2005 in Prozent,K03157,0
2005,Wolfenbüttel,Türkei,Veränderung gegenüber 2005 in Prozent,K03158,0
2005,Göttingen,Türkei,Veränderung gegenüber 2005 in Prozent,K03159,0
2005,Statistische Region Braunschweig,Türkei,Veränderung gegenüber 2005 in Prozent,K031,0
2005,Region Hannover,Türkei,Veränderung gegenüber 2005 in Prozent,K03241,0
2005,"dav. Hannover, Lhst.",Türkei,Veränderung gegenüber 2005 in Prozent,K03241001,0
2005,"dav. Hannover, Umland",Türkei,Veränderung gegenüber 2005 in Prozent,K03241999,0
2005,Diepholz,Türkei,Veränderung gegenüber 2005 in Prozent,K03251,0
2005,Hameln-Pyrmont,Türkei,Veränderung gegenüber 2005 in Prozent,K03252,0
2005,Hildesheim,Türkei,Veränderung gegenüber 2005 in Prozent,K03254,0
2005,Holzminden,Türkei,Veränderung gegenüber 2005 in Prozent,K03255,0
2005,Nienburg (Weser),Türkei,Veränderung gegenüber 2005 in Prozent,K03256,0
2005,Schaumburg,Türkei,Veränderung gegenüber 2005 in Prozent,K03257,0
2005,Statistische Region Hannover,Türkei,Veränderung gegenüber 2005 in Prozent,K032,0
2005,Celle,Türkei,Veränderung gegenüber 2005 in Prozent,K03351,0
2005,Cuxhaven,Türkei,Veränderung gegenüber 2005 in Prozent,K03352,0
2005,Harburg,Türkei,Veränderung gegenüber 2005 in Prozent,K03353,0
2005,Lüchow-Dannenberg,Türkei,Veränderung gegenüber 2005 in Prozent,K03354,0
2005,Lüneburg,Türkei,Veränderung gegenüber 2005 in Prozent,K03355,0
2005,Osterholz,Türkei,Veränderung gegenüber 2005 in Prozent,K03356,0
2005,Rotenburg (Wümme),Türkei,Veränderung gegenüber 2005 in Prozent,K03357,0
2005,Heidekreis,Türkei,Veränderung gegenüber 2005 in Prozent,K03358,0
2005,Stade,Türkei,Veränderung gegenüber 2005 in Prozent,K03359,0
2005,Uelzen,Türkei,Veränderung gegenüber 2005 in Prozent,K03360,0
2005,Verden,Türkei,Veränderung gegenüber 2005 in Prozent,K03361,0
2005,Statistische Region Lüneburg,Türkei,Veränderung gegenüber 2005 in Prozent,K033,0
2005,"Delmenhorst, Stadt",Türkei,Veränderung gegenüber 2005 in Prozent,K03401,0
2005,"Emden, Stadt",Türkei,Veränderung gegenüber 2005 in Prozent,K03402,0
2005,"Oldenburg (Oldb), Stadt",Türkei,Veränderung gegenüber 2005 in Prozent,K03403,0
2005,"Osnabrück, Stadt",Türkei,Veränderung gegenüber 2005 in Prozent,K03404,0
2005,"Wilhelmshaven, Stadt",Türkei,Veränderung gegenüber 2005 in Prozent,K03405,0
2005,Ammerland,Türkei,Veränderung gegenüber 2005 in Prozent,K03451,0
2005,Aurich,Türkei,Veränderung gegenüber 2005 in Prozent,K03452,0
2005,Cloppenburg,Türkei,Veränderung gegenüber 2005 in Prozent,K03453,0
2005,Emsland,Türkei,Veränderung gegenüber 2005 in Prozent,K03454,0
2005,Friesland,Türkei,Veränderung gegenüber 2005 in Prozent,K03455,0
2005,Grafschaft Bentheim,Türkei,Veränderung gegenüber 2005 in Prozent,K03456,0
2005,Leer,Türkei,Veränderung gegenüber 2005 in Prozent,K03457,0
2005,Oldenburg,Türkei,Veränderung gegenüber 2005 in Prozent,K03458,0
2005,Osnabrück,Türkei,Veränderung gegenüber 2005 in Prozent,K03459,0
2005,Vechta,Türkei,Veränderung gegenüber 2005 in Prozent,K03460,0
2005,Wesermarsch,Türkei,Veränderung gegenüber 2005 in Prozent,K03461,0
2005,Wittmund,Türkei,Veränderung gegenüber 2005 in Prozent,K03462,0
2005,Statistische Region Weser-Ems,Türkei,Veränderung gegenüber 2005 in Prozent,K034,0
2005,Niedersachsen,Türkei,Veränderung gegenüber 2005 in Prozent,K030,0
2011,"Braunschweig, Stadt",Türkei,Veränderung gegenüber 2005 in Prozent,K03101,-8
2011,"Salzgitter, Stadt",Türkei,Veränderung gegenüber 2005 in Prozent,K03102,-10
2011,"Wolfsburg, Stadt",Türkei,Veränderung gegenüber 2005 in Prozent,K03103,7
2011,Gifhorn,Türkei,Veränderung gegenüber 2005 in Prozent,K03151,-12
2011,Goslar,Türkei,Veränderung gegenüber 2005 in Prozent,K03153,-16
2011,Helmstedt,Türkei,Veränderung gegenüber 2005 in Prozent,K03154,-16
2011,Northeim,Türkei,Veränderung gegenüber 2005 in Prozent,K03155,-21
2011,Peine,Türkei,Veränderung gegenüber 2005 in Prozent,K03157,-11
2011,Wolfenbüttel,Türkei,Veränderung gegenüber 2005 in Prozent,K03158,-23
2011,Göttingen,Türkei,Veränderung gegenüber 2005 in Prozent,K03159,-14
2011,Statistische Region Braunschweig,Türkei,Veränderung gegenüber 2005 in Prozent,K031,-12
2011,Region Hannover,Türkei,Veränderung gegenüber 2005 in Prozent,K03241,-7
2011,"dav. Hannover, Lhst.",Türkei,Veränderung gegenüber 2005 in Prozent,K03241001,-7
2011,"dav. Hannover, Umland",Türkei,Veränderung gegenüber 2005 in Prozent,K03241999,-7
2011,Diepholz,Türkei,Veränderung gegenüber 2005 in Prozent,K03251,-13
2011,Hameln-Pyrmont,Türkei,Veränderung gegenüber 2005 in Prozent,K03252,-10
2011,Hildesheim,Türkei,Veränderung gegenüber 2005 in Prozent,K03254,-16
2011,Holzminden,Türkei,Veränderung gegenüber 2005 in Prozent,K03255,-15
2011,Nienburg (Weser),Türkei,Veränderung gegenüber 2005 in Prozent,K03256,-21
2011,Schaumburg,Türkei,Veränderung gegenüber 2005 in Prozent,K03257,-19
2011,Statistische Region Hannover,Türkei,Veränderung gegenüber 2005 in Prozent,K032,-10
2011,Celle,Türkei,Veränderung gegenüber 2005 in Prozent,K03351,-26
2011,Cuxhaven,Türkei,Veränderung gegenüber 2005 in Prozent,K03352,-17
2011,Harburg,Türkei,Veränderung gegenüber 2005 in Prozent,K03353,-15
2011,Lüchow-Dannenberg,Türkei,Veränderung gegenüber 2005 in Prozent,K03354,2
2011,Lüneburg,Türkei,Veränderung gegenüber 2005 in Prozent,K03355,-13
2011,Osterholz,Türkei,Veränderung gegenüber 2005 in Prozent,K03356,-14
2011,Rotenburg (Wümme),Türkei,Veränderung gegenüber 2005 in Prozent,K03357,-21
2011,Heidekreis,Türkei,Veränderung gegenüber 2005 in Prozent,K03358,-21
2011,Stade,Türkei,Veränderung gegenüber 2005 in Prozent,K03359,-4
2011,Uelzen,Türkei,Veränderung gegenüber 2005 in Prozent,K03360,-29
2011,Verden,Türkei,Veränderung gegenüber 2005 in Prozent,K03361,-17
2011,Statistische Region Lüneburg,Türkei,Veränderung gegenüber 2005 in Prozent,K033,-17
2011,"Delmenhorst, Stadt",Türkei,Veränderung gegenüber 2005 in Prozent,K03401,-18
2011,"Emden, Stadt",Türkei,Veränderung gegenüber 2005 in Prozent,K03402,-11
2011,"Oldenburg (Oldb), Stadt",Türkei,Veränderung gegenüber 2005 in Prozent,K03403,-17
2011,"Osnabrück, Stadt",Türkei,Veränderung gegenüber 2005 in Prozent,K03404,-9
2011,"Wilhelmshaven, Stadt",Türkei,Veränderung gegenüber 2005 in Prozent,K03405,-18
2011,Ammerland,Türkei,Veränderung gegenüber 2005 in Prozent,K03451,-20
2011,Aurich,Türkei,Veränderung gegenüber 2005 in Prozent,K03452,-19
2011,Cloppenburg,Türkei,Veränderung gegenüber 2005 in Prozent,K03453,-11
2011,Emsland,Türkei,Veränderung gegenüber 2005 in Prozent,K03454,-15
2011,Friesland,Türkei,Veränderung gegenüber 2005 in Prozent,K03455,-21
2011,Grafschaft Bentheim,Türkei,Veränderung gegenüber 2005 in Prozent,K03456,-15
2011,Leer,Türkei,Veränderung gegenüber 2005 in Prozent,K03457,-35
2011,Oldenburg,Türkei,Veränderung gegenüber 2005 in Prozent,K03458,-20
2011,Osnabrück,Türkei,Veränderung gegenüber 2005 in Prozent,K03459,-11
2011,Vechta,Türkei,Veränderung gegenüber 2005 in Prozent,K03460,-8
2011,Wesermarsch,Türkei,Veränderung gegenüber 2005 in Prozent,K03461,-20
2011,Wittmund,Türkei,Veränderung gegenüber 2005 in Prozent,K03462,-32
2011,Statistische Region Weser-Ems,Türkei,Veränderung gegenüber 2005 in Prozent,K034,-15
2011,Niedersachsen,Türkei,Veränderung gegenüber 2005 in Prozent,K030,-12
2012,"Braunschweig, Stadt",Türkei,Veränderung gegenüber 2005 in Prozent,K03101,-10
2012,"Salzgitter, Stadt",Türkei,Veränderung gegenüber 2005 in Prozent,K03102,-12
2012,"Wolfsburg, Stadt",Türkei,Veränderung gegenüber 2005 in Prozent,K03103,7
2012,Gifhorn,Türkei,Veränderung gegenüber 2005 in Prozent,K03151,-13
2012,Goslar,Türkei,Veränderung gegenüber 2005 in Prozent,K03153,-17
2012,Helmstedt,Türkei,Veränderung gegenüber 2005 in Prozent,K03154,-19
2012,Northeim,Türkei,Veränderung gegenüber 2005 in Prozent,K03155,-23
2012,Peine,Türkei,Veränderung gegenüber 2005 in Prozent,K03157,-14
2012,Wolfenbüttel,Türkei,Veränderung gegenüber 2005 in Prozent,K03158,-25
2012,Göttingen,Türkei,Veränderung gegenüber 2005 in Prozent,K03159,-17
2012,Statistische Region Braunschweig,Türkei,Veränderung gegenüber 2005 in Prozent,K031,-14
2012,Region Hannover,Türkei,Veränderung gegenüber 2005 in Prozent,K03241,-8
2012,"dav. Hannover, Lhst.",Türkei,Veränderung gegenüber 2005 in Prozent,K03241001,-9
2012,"dav. Hannover, Umland",Türkei,Veränderung gegenüber 2005 in Prozent,K03241999,-8
2012,Diepholz,Türkei,Veränderung gegenüber 2005 in Prozent,K03251,-12
2012,Hameln-Pyrmont,Türkei,Veränderung gegenüber 2005 in Prozent,K03252,-12
2012,Hildesheim,Türkei,Veränderung gegenüber 2005 in Prozent,K03254,-18
2012,Holzminden,Türkei,Veränderung gegenüber 2005 in Prozent,K03255,-19
2012,Nienburg (Weser),Türkei,Veränderung gegenüber 2005 in Prozent,K03256,-24
2012,Schaumburg,Türkei,Veränderung gegenüber 2005 in Prozent,K03257,-22
2012,Statistische Region Hannover,Türkei,Veränderung gegenüber 2005 in Prozent,K032,-12
2012,Celle,Türkei,Veränderung gegenüber 2005 in Prozent,K03351,-28
2012,Cuxhaven,Türkei,Veränderung gegenüber 2005 in Prozent,K03352,-20
2012,Harburg,Türkei,Veränderung gegenüber 2005 in Prozent,K03353,-16
2012,Lüchow-Dannenberg,Türkei,Veränderung gegenüber 2005 in Prozent,K03354,-9
2012,Lüneburg,Türkei,Veränderung gegenüber 2005 in Prozent,K03355,-18
2012,Osterholz,Türkei,Veränderung gegenüber 2005 in Prozent,K03356,-19
2012,Rotenburg (Wümme),Türkei,Veränderung gegenüber 2005 in Prozent,K03357,-23
2012,Heidekreis,Türkei,Veränderung gegenüber 2005 in Prozent,K03358,-24
2012,Stade,Türkei,Veränderung gegenüber 2005 in Prozent,K03359,-7
2012,Uelzen,Türkei,Veränderung gegenüber 2005 in Prozent,K03360,-31
2012,Verden,Türkei,Veränderung gegenüber 2005 in Prozent,K03361,-21
2012,Statistische Region Lüneburg,Türkei,Veränderung gegenüber 2005 in Prozent,K033,-20
2012,"Delmenhorst, Stadt",Türkei,Veränderung gegenüber 2005 in Prozent,K03401,-19
2012,"Emden, Stadt",Türkei,Veränderung gegenüber 2005 in Prozent,K03402,-9
2012,"Oldenburg (Oldb), Stadt",Türkei,Veränderung gegenüber 2005 in Prozent,K03403,-19
2012,"Osnabrück, Stadt",Türkei,Veränderung gegenüber 2005 in Prozent,K03404,-11
2012,"Wilhelmshaven, Stadt",Türkei,Veränderung gegenüber 2005 in Prozent,K03405,-22
2012,Ammerland,Türkei,Veränderung gegenüber 2005 in Prozent,K03451,-23
2012,Aurich,Türkei,Veränderung gegenüber 2005 in Prozent,K03452,-21
2012,Cloppenburg,Türkei,Veränderung gegenüber 2005 in Prozent,K03453,-16
2012,Emsland,Türkei,Veränderung gegenüber 2005 in Prozent,K03454,-19
2012,Friesland,Türkei,Veränderung gegenüber 2005 in Prozent,K03455,-24
2012,Grafschaft Bentheim,Türkei,Veränderung gegenüber 2005 in Prozent,K03456,-19
2012,Leer,Türkei,Veränderung gegenüber 2005 in Prozent,K03457,-37
2012,Oldenburg,Türkei,Veränderung gegenüber 2005 in Prozent,K03458,-22
2012,Osnabrück,Türkei,Veränderung gegenüber 2005 in Prozent,K03459,-14
2012,Vechta,Türkei,Veränderung gegenüber 2005 in Prozent,K03460,-13
2012,Wesermarsch,Türkei,Veränderung gegenüber 2005 in Prozent,K03461,-23
2012,Wittmund,Türkei,Veränderung gegenüber 2005 in Prozent,K03462,-37
2012,Statistische Region Weser-Ems,Türkei,Veränderung gegenüber 2005 in Prozent,K034,-17
2012,Niedersachsen,Türkei,Veränderung gegenüber 2005 in Prozent,K030,-14
2013,"Braunschweig, Stadt",Türkei,Veränderung gegenüber 2005 in Prozent,K03101,-11
2013,"Salzgitter, Stadt",Türkei,Veränderung gegenüber 2005 in Prozent,K03102,-14
2013,"Wolfsburg, Stadt",Türkei,Veränderung gegenüber 2005 in Prozent,K03103,7
2013,Gifhorn,Türkei,Veränderung gegenüber 2005 in Prozent,K03151,-13
2013,Goslar,Türkei,Veränderung gegenüber 2005 in Prozent,K03153,-18
2013,Helmstedt,Türkei,Veränderung gegenüber 2005 in Prozent,K03154,-20
2013,Northeim,Türkei,Veränderung gegenüber 2005 in Prozent,K03155,-27
2013,Peine,Türkei,Veränderung gegenüber 2005 in Prozent,K03157,-16
2013,Wolfenbüttel,Türkei,Veränderung gegenüber 2005 in Prozent,K03158,-27
2013,Göttingen,Türkei,Veränderung gegenüber 2005 in Prozent,K03159,-18
2013,Statistische Region Braunschweig,Türkei,Veränderung gegenüber 2005 in Prozent,K031,-15
2013,Region Hannover,Türkei,Veränderung gegenüber 2005 in Prozent,K03241,-10
2013,"dav. Hannover, Lhst.",Türkei,Veränderung gegenüber 2005 in Prozent,K03241001,-10
2013,"dav. Hannover, Umland",Türkei,Veränderung gegenüber 2005 in Prozent,K03241999,-9
2013,Diepholz,Türkei,Veränderung gegenüber 2005 in Prozent,K03251,-13
2013,Hameln-Pyrmont,Türkei,Veränderung gegenüber 2005 in Prozent,K03252,-14
2013,Hildesheim,Türkei,Veränderung gegenüber 2005 in Prozent,K03254,-18
2013,Holzminden,Türkei,Veränderung gegenüber 2005 in Prozent,K03255,-21
2013,Nienburg (Weser),Türkei,Veränderung gegenüber 2005 in Prozent,K03256,-27
2013,Schaumburg,Türkei,Veränderung gegenüber 2005 in Prozent,K03257,-24
2013,Statistische Region Hannover,Türkei,Veränderung gegenüber 2005 in Prozent,K032,-13
2013,Celle,Türkei,Veränderung gegenüber 2005 in Prozent,K03351,-31
2013,Cuxhaven,Türkei,Veränderung gegenüber 2005 in Prozent,K03352,-24
2013,Harburg,Türkei,Veränderung gegenüber 2005 in Prozent,K03353,-16
2013,Lüchow-Dannenberg,Türkei,Veränderung gegenüber 2005 in Prozent,K03354,0
2013,Lüneburg,Türkei,Veränderung gegenüber 2005 in Prozent,K03355,-19
2013,Osterholz,Türkei,Veränderung gegenüber 2005 in Prozent,K03356,-20
2013,Rotenburg (Wümme),Türkei,Veränderung gegenüber 2005 in Prozent,K03357,-24
2013,Heidekreis,Türkei,Veränderung gegenüber 2005 in Prozent,K03358,-26
2013,Stade,Türkei,Veränderung gegenüber 2005 in Prozent,K03359,-7
2013,Uelzen,Türkei,Veränderung gegenüber 2005 in Prozent,K03360,-29
2013,Verden,Türkei,Veränderung gegenüber 2005 in Prozent,K03361,-25
2013,Statistische Region Lüneburg,Türkei,Veränderung gegenüber 2005 in Prozent,K033,-22
2013,"Delmenhorst, Stadt",Türkei,Veränderung gegenüber 2005 in Prozent,K03401,-21
2013,"Emden, Stadt",Türkei,Veränderung gegenüber 2005 in Prozent,K03402,-10
2013,"Oldenburg (Oldb), Stadt",Türkei,Veränderung gegenüber 2005 in Prozent,K03403,-21
2013,"Osnabrück, Stadt",Türkei,Veränderung gegenüber 2005 in Prozent,K03404,-11
2013,"Wilhelmshaven, Stadt",Türkei,Veränderung gegenüber 2005 in Prozent,K03405,-23
2013,Ammerland,Türkei,Veränderung gegenüber 2005 in Prozent,K03451,-24
2013,Aurich,Türkei,Veränderung gegenüber 2005 in Prozent,K03452,-19
2013,Cloppenburg,Türkei,Veränderung gegenüber 2005 in Prozent,K03453,-19
2013,Emsland,Türkei,Veränderung gegenüber 2005 in Prozent,K03454,-22
2013,Friesland,Türkei,Veränderung gegenüber 2005 in Prozent,K03455,-28
2013,Grafschaft Bentheim,Türkei,Veränderung gegenüber 2005 in Prozent,K03456,-21
2013,Leer,Türkei,Veränderung gegenüber 2005 in Prozent,K03457,-39
2013,Oldenburg,Türkei,Veränderung gegenüber 2005 in Prozent,K03458,-26
2013,Osnabrück,Türkei,Veränderung gegenüber 2005 in Prozent,K03459,-15
2013,Vechta,Türkei,Veränderung gegenüber 2005 in Prozent,K03460,-16
2013,Wesermarsch,Türkei,Veränderung gegenüber 2005 in Prozent,K03461,-27
2013,Wittmund,Türkei,Veränderung gegenüber 2005 in Prozent,K03462,-40
2013,Statistische Region Weser-Ems,Türkei,Veränderung gegenüber 2005 in Prozent,K034,-19
2013,Niedersachsen,Türkei,Veränderung gegenüber 2005 in Prozent,K030,-16
2014,"Braunschweig, Stadt",Türkei,Veränderung gegenüber 2005 in Prozent,K03101,-11
2014,"Salzgitter, Stadt",Türkei,Veränderung gegenüber 2005 in Prozent,K03102,-15
2014,"Wolfsburg, Stadt",Türkei,Veränderung gegenüber 2005 in Prozent,K03103,8
2014,Gifhorn,Türkei,Veränderung gegenüber 2005 in Prozent,K03151,-14
2014,Goslar,Türkei,Veränderung gegenüber 2005 in Prozent,K03153,-20
2014,Helmstedt,Türkei,Veränderung gegenüber 2005 in Prozent,K03154,-21
2014,Northeim,Türkei,Veränderung gegenüber 2005 in Prozent,K03155,-30
2014,Peine,Türkei,Veränderung gegenüber 2005 in Prozent,K03157,-19
2014,Wolfenbüttel,Türkei,Veränderung gegenüber 2005 in Prozent,K03158,-29
2014,Göttingen,Türkei,Veränderung gegenüber 2005 in Prozent,K03159,-19
2014,Statistische Region Braunschweig,Türkei,Veränderung gegenüber 2005 in Prozent,K031,-16
2014,Region Hannover,Türkei,Veränderung gegenüber 2005 in Prozent,K03241,-10
2014,"dav. Hannover, Lhst.",Türkei,Veränderung gegenüber 2005 in Prozent,K03241001,-11
2014,"dav. Hannover, Umland",Türkei,Veränderung gegenüber 2005 in Prozent,K03241999,-9
2014,Diepholz,Türkei,Veränderung gegenüber 2005 in Prozent,K03251,-18
2014,Hameln-Pyrmont,Türkei,Veränderung gegenüber 2005 in Prozent,K03252,-14
2014,Hildesheim,Türkei,Veränderung gegenüber 2005 in Prozent,K03254,-19
2014,Holzminden,Türkei,Veränderung gegenüber 2005 in Prozent,K03255,-23
2014,Nienburg (Weser),Türkei,Veränderung gegenüber 2005 in Prozent,K03256,-29
2014,Schaumburg,Türkei,Veränderung gegenüber 2005 in Prozent,K03257,-26
2014,Statistische Region Hannover,Türkei,Veränderung gegenüber 2005 in Prozent,K032,-14
2014,Celle,Türkei,Veränderung gegenüber 2005 in Prozent,K03351,-33
2014,Cuxhaven,Türkei,Veränderung gegenüber 2005 in Prozent,K03352,-26
2014,Harburg,Türkei,Veränderung gegenüber 2005 in Prozent,K03353,-16
2014,Lüchow-Dannenberg,Türkei,Veränderung gegenüber 2005 in Prozent,K03354,-1
2014,Lüneburg,Türkei,Veränderung gegenüber 2005 in Prozent,K03355,-22
2014,Osterholz,Türkei,Veränderung gegenüber 2005 in Prozent,K03356,-23
2014,Rotenburg (Wümme),Türkei,Veränderung gegenüber 2005 in Prozent,K03357,-27
2014,Heidekreis,Türkei,Veränderung gegenüber 2005 in Prozent,K03358,-28
2014,Stade,Türkei,Veränderung gegenüber 2005 in Prozent,K03359,-8
2014,Uelzen,Türkei,Veränderung gegenüber 2005 in Prozent,K03360,-28
2014,Verden,Türkei,Veränderung gegenüber 2005 in Prozent,K03361,-27
2014,Statistische Region Lüneburg,Türkei,Veränderung gegenüber 2005 in Prozent,K033,-23
2014,"Delmenhorst, Stadt",Türkei,Veränderung gegenüber 2005 in Prozent,K03401,-22
2014,"Emden, Stadt",Türkei,Veränderung gegenüber 2005 in Prozent,K03402,-12
2014,"Oldenburg (Oldb), Stadt",Türkei,Veränderung gegenüber 2005 in Prozent,K03403,-23
2014,"Osnabrück, Stadt",Türkei,Veränderung gegenüber 2005 in Prozent,K03404,-13
2014,"Wilhelmshaven, Stadt",Türkei,Veränderung gegenüber 2005 in Prozent,K03405,-24
2014,Ammerland,Türkei,Veränderung gegenüber 2005 in Prozent,K03451,-29
2014,Aurich,Türkei,Veränderung gegenüber 2005 in Prozent,K03452,-18
2014,Cloppenburg,Türkei,Veränderung gegenüber 2005 in Prozent,K03453,-20
2014,Emsland,Türkei,Veränderung gegenüber 2005 in Prozent,K03454,-23
2014,Friesland,Türkei,Veränderung gegenüber 2005 in Prozent,K03455,-34
2014,Grafschaft Bentheim,Türkei,Veränderung gegenüber 2005 in Prozent,K03456,-23
2014,Leer,Türkei,Veränderung gegenüber 2005 in Prozent,K03457,-41
2014,Oldenburg,Türkei,Veränderung gegenüber 2005 in Prozent,K03458,-31
2014,Osnabrück,Türkei,Veränderung gegenüber 2005 in Prozent,K03459,-17
2014,Vechta,Türkei,Veränderung gegenüber 2005 in Prozent,K03460,-16
2014,Wesermarsch,Türkei,Veränderung gegenüber 2005 in Prozent,K03461,-27
2014,Wittmund,Türkei,Veränderung gegenüber 2005 in Prozent,K03462,-39
2014,Statistische Region Weser-Ems,Türkei,Veränderung gegenüber 2005 in Prozent,K034,-21
2014,Niedersachsen,Türkei,Veränderung gegenüber 2005 in Prozent,K030,-17
2015,"Braunschweig, Stadt",Türkei,Veränderung gegenüber 2005 in Prozent,K03101,-14
2015,"Salzgitter, Stadt",Türkei,Veränderung gegenüber 2005 in Prozent,K03102,-16
2015,"Wolfsburg, Stadt",Türkei,Veränderung gegenüber 2005 in Prozent,K03103,9
2015,Gifhorn,Türkei,Veränderung gegenüber 2005 in Prozent,K03151,-14
2015,Goslar,Türkei,Veränderung gegenüber 2005 in Prozent,K03153,-21
2015,Helmstedt,Türkei,Veränderung gegenüber 2005 in Prozent,K03154,-24
2015,Northeim,Türkei,Veränderung gegenüber 2005 in Prozent,K03155,-30
2015,Peine,Türkei,Veränderung gegenüber 2005 in Prozent,K03157,-19
2015,Wolfenbüttel,Türkei,Veränderung gegenüber 2005 in Prozent,K03158,-30
2015,Göttingen,Türkei,Veränderung gegenüber 2005 in Prozent,K03159,-19
2015,Statistische Region Braunschweig,Türkei,Veränderung gegenüber 2005 in Prozent,K031,-17
2015,Region Hannover,Türkei,Veränderung gegenüber 2005 in Prozent,K03241,-11
2015,"dav. Hannover, Lhst.",Türkei,Veränderung gegenüber 2005 in Prozent,K03241001,-12
2015,"dav. Hannover, Umland",Türkei,Veränderung gegenüber 2005 in Prozent,K03241999,-10
2015,Diepholz,Türkei,Veränderung gegenüber 2005 in Prozent,K03251,-17
2015,Hameln-Pyrmont,Türkei,Veränderung gegenüber 2005 in Prozent,K03252,-14
2015,Hildesheim,Türkei,Veränderung gegenüber 2005 in Prozent,K03254,-20
2015,Holzminden,Türkei,Veränderung gegenüber 2005 in Prozent,K03255,-25
2015,Nienburg (Weser),Türkei,Veränderung gegenüber 2005 in Prozent,K03256,-30
2015,Schaumburg,Türkei,Veränderung gegenüber 2005 in Prozent,K03257,-28
2015,Statistische Region Hannover,Türkei,Veränderung gegenüber 2005 in Prozent,K032,-15
2015,Celle,Türkei,Veränderung gegenüber 2005 in Prozent,K03351,-36
2015,Cuxhaven,Türkei,Veränderung gegenüber 2005 in Prozent,K03352,-26
2015,Harburg,Türkei,Veränderung gegenüber 2005 in Prozent,K03353,-16
2015,Lüchow-Dannenberg,Türkei,Veränderung gegenüber 2005 in Prozent,K03354,0
2015,Lüneburg,Türkei,Veränderung gegenüber 2005 in Prozent,K03355,-23
2015,Osterholz,Türkei,Veränderung gegenüber 2005 in Prozent,K03356,-27
2015,Rotenburg (Wümme),Türkei,Veränderung gegenüber 2005 in Prozent,K03357,-29
2015,Heidekreis,Türkei,Veränderung gegenüber 2005 in Prozent,K03358,-29
2015,Stade,Türkei,Veränderung gegenüber 2005 in Prozent,K03359,-9
2015,Uelzen,Türkei,Veränderung gegenüber 2005 in Prozent,K03360,-27
2015,Verden,Türkei,Veränderung gegenüber 2005 in Prozent,K03361,-29
2015,Statistische Region Lüneburg,Türkei,Veränderung gegenüber 2005 in Prozent,K033,-25
2015,"Delmenhorst, Stadt",Türkei,Veränderung gegenüber 2005 in Prozent,K03401,-23
2015,"Emden, Stadt",Türkei,Veränderung gegenüber 2005 in Prozent,K03402,-19
2015,"Oldenburg (Oldb), Stadt",Türkei,Veränderung gegenüber 2005 in Prozent,K03403,-26
2015,"Osnabrück, Stadt",Türkei,Veränderung gegenüber 2005 in Prozent,K03404,-15
2015,"Wilhelmshaven, Stadt",Türkei,Veränderung gegenüber 2005 in Prozent,K03405,-27
2015,Ammerland,Türkei,Veränderung gegenüber 2005 in Prozent,K03451,-30
2015,Aurich,Türkei,Veränderung gegenüber 2005 in Prozent,K03452,-15
2015,Cloppenburg,Türkei,Veränderung gegenüber 2005 in Prozent,K03453,-22
2015,Emsland,Türkei,Veränderung gegenüber 2005 in Prozent,K03454,-24
2015,Friesland,Türkei,Veränderung gegenüber 2005 in Prozent,K03455,-39
2015,Grafschaft Bentheim,Türkei,Veränderung gegenüber 2005 in Prozent,K03456,-25
2015,Leer,Türkei,Veränderung gegenüber 2005 in Prozent,K03457,-40
2015,Oldenburg,Türkei,Veränderung gegenüber 2005 in Prozent,K03458,-34
2015,Osnabrück,Türkei,Veränderung gegenüber 2005 in Prozent,K03459,-19
2015,Vechta,Türkei,Veränderung gegenüber 2005 in Prozent,K03460,-18
2015,Wesermarsch,Türkei,Veränderung gegenüber 2005 in Prozent,K03461,-27
2015,Wittmund,Türkei,Veränderung gegenüber 2005 in Prozent,K03462,-43
2015,Statistische Region Weser-Ems,Türkei,Veränderung gegenüber 2005 in Prozent,K034,-22
2015,Niedersachsen,Türkei,Veränderung gegenüber 2005 in Prozent,K030,-19
2016,"Braunschweig, Stadt",Türkei,Veränderung gegenüber 2005 in Prozent,K03101,-12
2016,"Salzgitter, Stadt",Türkei,Veränderung gegenüber 2005 in Prozent,K03102,-16
2016,"Wolfsburg, Stadt",Türkei,Veränderung gegenüber 2005 in Prozent,K03103,8
2016,Gifhorn,Türkei,Veränderung gegenüber 2005 in Prozent,K03151,-14
2016,Goslar,Türkei,Veränderung gegenüber 2005 in Prozent,K03153,-23
2016,Helmstedt,Türkei,Veränderung gegenüber 2005 in Prozent,K03154,-22
2016,Northeim,Türkei,Veränderung gegenüber 2005 in Prozent,K03155,-29
2016,Peine,Türkei,Veränderung gegenüber 2005 in Prozent,K03157,-20
2016,Wolfenbüttel,Türkei,Veränderung gegenüber 2005 in Prozent,K03158,-31
2016,Göttingen,Türkei,Veränderung gegenüber 2005 in Prozent,K03159,-21
2016,Statistische Region Braunschweig,Türkei,Veränderung gegenüber 2005 in Prozent,K031,-18
2016,Region Hannover,Türkei,Veränderung gegenüber 2005 in Prozent,K03241,-12
2016,"dav. Hannover, Lhst.",Türkei,Veränderung gegenüber 2005 in Prozent,K03241001,-14
2016,"dav. Hannover, Umland",Türkei,Veränderung gegenüber 2005 in Prozent,K03241999,-9
2016,Diepholz,Türkei,Veränderung gegenüber 2005 in Prozent,K03251,-16
2016,Hameln-Pyrmont,Türkei,Veränderung gegenüber 2005 in Prozent,K03252,-15
2016,Hildesheim,Türkei,Veränderung gegenüber 2005 in Prozent,K03254,-22
2016,Holzminden,Türkei,Veränderung gegenüber 2005 in Prozent,K03255,-25
2016,Nienburg (Weser),Türkei,Veränderung gegenüber 2005 in Prozent,K03256,-31
2016,Schaumburg,Türkei,Veränderung gegenüber 2005 in Prozent,K03257,-29
2016,Statistische Region Hannover,Türkei,Veränderung gegenüber 2005 in Prozent,K032,-16
2016,Celle,Türkei,Veränderung gegenüber 2005 in Prozent,K03351,-38
2016,Cuxhaven,Türkei,Veränderung gegenüber 2005 in Prozent,K03352,-27
2016,Harburg,Türkei,Veränderung gegenüber 2005 in Prozent,K03353,-14
2016,Lüchow-Dannenberg,Türkei,Veränderung gegenüber 2005 in Prozent,K03354,1
2016,Lüneburg,Türkei,Veränderung gegenüber 2005 in Prozent,K03355,-23
2016,Osterholz,Türkei,Veränderung gegenüber 2005 in Prozent,K03356,-28
2016,Rotenburg (Wümme),Türkei,Veränderung gegenüber 2005 in Prozent,K03357,-28
2016,Heidekreis,Türkei,Veränderung gegenüber 2005 in Prozent,K03358,-29
2016,Stade,Türkei,Veränderung gegenüber 2005 in Prozent,K03359,-9
2016,Uelzen,Türkei,Veränderung gegenüber 2005 in Prozent,K03360,-26
2016,Verden,Türkei,Veränderung gegenüber 2005 in Prozent,K03361,-31
2016,Statistische Region Lüneburg,Türkei,Veränderung gegenüber 2005 in Prozent,K033,-26
2016,"Delmenhorst, Stadt",Türkei,Veränderung gegenüber 2005 in Prozent,K03401,-24
2016,"Emden, Stadt",Türkei,Veränderung gegenüber 2005 in Prozent,K03402,-24
2016,"Oldenburg (Oldb), Stadt",Türkei,Veränderung gegenüber 2005 in Prozent,K03403,-27
2016,"Osnabrück, Stadt",Türkei,Veränderung gegenüber 2005 in Prozent,K03404,-15
2016,"Wilhelmshaven, Stadt",Türkei,Veränderung gegenüber 2005 in Prozent,K03405,-28
2016,Ammerland,Türkei,Veränderung gegenüber 2005 in Prozent,K03451,-30
2016,Aurich,Türkei,Veränderung gegenüber 2005 in Prozent,K03452,-13
2016,Cloppenburg,Türkei,Veränderung gegenüber 2005 in Prozent,K03453,-24
2016,Emsland,Türkei,Veränderung gegenüber 2005 in Prozent,K03454,-26
2016,Friesland,Türkei,Veränderung gegenüber 2005 in Prozent,K03455,-42
2016,Grafschaft Bentheim,Türkei,Veränderung gegenüber 2005 in Prozent,K03456,-27
2016,Leer,Türkei,Veränderung gegenüber 2005 in Prozent,K03457,-36
2016,Oldenburg,Türkei,Veränderung gegenüber 2005 in Prozent,K03458,-34
2016,Osnabrück,Türkei,Veränderung gegenüber 2005 in Prozent,K03459,-19
2016,Vechta,Türkei,Veränderung gegenüber 2005 in Prozent,K03460,-20
2016,Wesermarsch,Türkei,Veränderung gegenüber 2005 in Prozent,K03461,-28
2016,Wittmund,Türkei,Veränderung gegenüber 2005 in Prozent,K03462,-48
2016,Statistische Region Weser-Ems,Türkei,Veränderung gegenüber 2005 in Prozent,K034,-23
2016,Niedersachsen,Türkei,Veränderung gegenüber 2005 in Prozent,K030,-19
2017,"Braunschweig, Stadt",Türkei,Veränderung gegenüber 2005 in Prozent,K03101,-14
2017,"Salzgitter, Stadt",Türkei,Veränderung gegenüber 2005 in Prozent,K03102,-17
2017,"Wolfsburg, Stadt",Türkei,Veränderung gegenüber 2005 in Prozent,K03103,14
2017,Gifhorn,Türkei,Veränderung gegenüber 2005 in Prozent,K03151,-14
2017,Goslar,Türkei,Veränderung gegenüber 2005 in Prozent,K03153,-23
2017,Helmstedt,Türkei,Veränderung gegenüber 2005 in Prozent,K03154,-23
2017,Northeim,Türkei,Veränderung gegenüber 2005 in Prozent,K03155,-30
2017,Peine,Türkei,Veränderung gegenüber 2005 in Prozent,K03157,-21
2017,Wolfenbüttel,Türkei,Veränderung gegenüber 2005 in Prozent,K03158,-32
2017,Göttingen,Türkei,Veränderung gegenüber 2005 in Prozent,K03159,-20
2017,Statistische Region Braunschweig,Türkei,Veränderung gegenüber 2005 in Prozent,K031,-18
2017,Region Hannover,Türkei,Veränderung gegenüber 2005 in Prozent,K03241,-13
2017,"dav. Hannover, Lhst.",Türkei,Veränderung gegenüber 2005 in Prozent,K03241001,-15
2017,"dav. Hannover, Umland",Türkei,Veränderung gegenüber 2005 in Prozent,K03241999,-9
2017,Diepholz,Türkei,Veränderung gegenüber 2005 in Prozent,K03251,-16
2017,Hameln-Pyrmont,Türkei,Veränderung gegenüber 2005 in Prozent,K03252,-15
2017,Hildesheim,Türkei,Veränderung gegenüber 2005 in Prozent,K03254,-22
2017,Holzminden,Türkei,Veränderung gegenüber 2005 in Prozent,K03255,-26
2017,Nienburg (Weser),Türkei,Veränderung gegenüber 2005 in Prozent,K03256,-32
2017,Schaumburg,Türkei,Veränderung gegenüber 2005 in Prozent,K03257,-30
2017,Statistische Region Hannover,Türkei,Veränderung gegenüber 2005 in Prozent,K032,-16
2017,Celle,Türkei,Veränderung gegenüber 2005 in Prozent,K03351,-39
2017,Cuxhaven,Türkei,Veränderung gegenüber 2005 in Prozent,K03352,-29
2017,Harburg,Türkei,Veränderung gegenüber 2005 in Prozent,K03353,-10
2017,Lüchow-Dannenberg,Türkei,Veränderung gegenüber 2005 in Prozent,K03354,-4
2017,Lüneburg,Türkei,Veränderung gegenüber 2005 in Prozent,K03355,-22
2017,Osterholz,Türkei,Veränderung gegenüber 2005 in Prozent,K03356,-27
2017,Rotenburg (Wümme),Türkei,Veränderung gegenüber 2005 in Prozent,K03357,-26
2017,Heidekreis,Türkei,Veränderung gegenüber 2005 in Prozent,K03358,-31
2017,Stade,Türkei,Veränderung gegenüber 2005 in Prozent,K03359,-9
2017,Uelzen,Türkei,Veränderung gegenüber 2005 in Prozent,K03360,-21
2017,Verden,Türkei,Veränderung gegenüber 2005 in Prozent,K03361,-32
2017,Statistische Region Lüneburg,Türkei,Veränderung gegenüber 2005 in Prozent,K033,-25
2017,"Delmenhorst, Stadt",Türkei,Veränderung gegenüber 2005 in Prozent,K03401,-25
2017,"Emden, Stadt",Türkei,Veränderung gegenüber 2005 in Prozent,K03402,-25
2017,"Oldenburg (Oldb), Stadt",Türkei,Veränderung gegenüber 2005 in Prozent,K03403,-28
2017,"Osnabrück, Stadt",Türkei,Veränderung gegenüber 2005 in Prozent,K03404,-16
2017,"Wilhelmshaven, Stadt",Türkei,Veränderung gegenüber 2005 in Prozent,K03405,-30
2017,Ammerland,Türkei,Veränderung gegenüber 2005 in Prozent,K03451,-34
2017,Aurich,Türkei,Veränderung gegenüber 2005 in Prozent,K03452,-8
2017,Cloppenburg,Türkei,Veränderung gegenüber 2005 in Prozent,K03453,-26
2017,Emsland,Türkei,Veränderung gegenüber 2005 in Prozent,K03454,-28
2017,Friesland,Türkei,Veränderung gegenüber 2005 in Prozent,K03455,-41
2017,Grafschaft Bentheim,Türkei,Veränderung gegenüber 2005 in Prozent,K03456,-29
2017,Leer,Türkei,Veränderung gegenüber 2005 in Prozent,K03457,-30
2017,Oldenburg,Türkei,Veränderung gegenüber 2005 in Prozent,K03458,-36
2017,Osnabrück,Türkei,Veränderung gegenüber 2005 in Prozent,K03459,-17
2017,Vechta,Türkei,Veränderung gegenüber 2005 in Prozent,K03460,-21
2017,Wesermarsch,Türkei,Veränderung gegenüber 2005 in Prozent,K03461,-29
2017,Wittmund,Türkei,Veränderung gegenüber 2005 in Prozent,K03462,-54
2017,Statistische Region Weser-Ems,Türkei,Veränderung gegenüber 2005 in Prozent,K034,-24
2017,Niedersachsen,Türkei,Veränderung gegenüber 2005 in Prozent,K030,-20
2018,"Braunschweig, Stadt",Türkei,Veränderung gegenüber 2005 in Prozent,K03101,-15
2018,"Salzgitter, Stadt",Türkei,Veränderung gegenüber 2005 in Prozent,K03102,-18
2018,"Wolfsburg, Stadt",Türkei,Veränderung gegenüber 2005 in Prozent,K03103,20
2018,Gifhorn,Türkei,Veränderung gegenüber 2005 in Prozent,K03151,-12
2018,Goslar,Türkei,Veränderung gegenüber 2005 in Prozent,K03153,-24
2018,Helmstedt,Türkei,Veränderung gegenüber 2005 in Prozent,K03154,-23
2018,Northeim,Türkei,Veränderung gegenüber 2005 in Prozent,K03155,-32
2018,Peine,Türkei,Veränderung gegenüber 2005 in Prozent,K03157,-22
2018,Wolfenbüttel,Türkei,Veränderung gegenüber 2005 in Prozent,K03158,-32
2018,Göttingen,Türkei,Veränderung gegenüber 2005 in Prozent,K03159,-21
2018,Statistische Region Braunschweig,Türkei,Veränderung gegenüber 2005 in Prozent,K031,-19
2018,Region Hannover,Türkei,Veränderung gegenüber 2005 in Prozent,K03241,-13
2018,"dav. Hannover, Lhst.",Türkei,Veränderung gegenüber 2005 in Prozent,K03241001,-15
2018,"dav. Hannover, Umland",Türkei,Veränderung gegenüber 2005 in Prozent,K03241999,-8
2018,Diepholz,Türkei,Veränderung gegenüber 2005 in Prozent,K03251,-14
2018,Hameln-Pyrmont,Türkei,Veränderung gegenüber 2005 in Prozent,K03252,-16
2018,Hildesheim,Türkei,Veränderung gegenüber 2005 in Prozent,K03254,-21
2018,Holzminden,Türkei,Veränderung gegenüber 2005 in Prozent,K03255,-29
2018,Nienburg (Weser),Türkei,Veränderung gegenüber 2005 in Prozent,K03256,-32
2018,Schaumburg,Türkei,Veränderung gegenüber 2005 in Prozent,K03257,-31
2018,Statistische Region Hannover,Türkei,Veränderung gegenüber 2005 in Prozent,K032,-16
2018,Celle,Türkei,Veränderung gegenüber 2005 in Prozent,K03351,-41
2018,Cuxhaven,Türkei,Veränderung gegenüber 2005 in Prozent,K03352,-30
2018,Harburg,Türkei,Veränderung gegenüber 2005 in Prozent,K03353,-7
2018,Lüchow-Dannenberg,Türkei,Veränderung gegenüber 2005 in Prozent,K03354,1
2018,Lüneburg,Türkei,Veränderung gegenüber 2005 in Prozent,K03355,-22
2018,Osterholz,Türkei,Veränderung gegenüber 2005 in Prozent,K03356,-26
2018,Rotenburg (Wümme),Türkei,Veränderung gegenüber 2005 in Prozent,K03357,-26
2018,Heidekreis,Türkei,Veränderung gegenüber 2005 in Prozent,K03358,-33
2018,Stade,Türkei,Veränderung gegenüber 2005 in Prozent,K03359,-10
2018,Uelzen,Türkei,Veränderung gegenüber 2005 in Prozent,K03360,-21
2018,Verden,Türkei,Veränderung gegenüber 2005 in Prozent,K03361,-34
2018,Statistische Region Lüneburg,Türkei,Veränderung gegenüber 2005 in Prozent,K033,-26
2018,"Delmenhorst, Stadt",Türkei,Veränderung gegenüber 2005 in Prozent,K03401,-26
2018,"Emden, Stadt",Türkei,Veränderung gegenüber 2005 in Prozent,K03402,-26
2018,"Oldenburg (Oldb), Stadt",Türkei,Veränderung gegenüber 2005 in Prozent,K03403,-31
2018,"Osnabrück, Stadt",Türkei,Veränderung gegenüber 2005 in Prozent,K03404,-18
2018,"Wilhelmshaven, Stadt",Türkei,Veränderung gegenüber 2005 in Prozent,K03405,-31
2018,Ammerland,Türkei,Veränderung gegenüber 2005 in Prozent,K03451,-31
2018,Aurich,Türkei,Veränderung gegenüber 2005 in Prozent,K03452,-7
2018,Cloppenburg,Türkei,Veränderung gegenüber 2005 in Prozent,K03453,-27
2018,Emsland,Türkei,Veränderung gegenüber 2005 in Prozent,K03454,-28
2018,Friesland,Türkei,Veränderung gegenüber 2005 in Prozent,K03455,-38
2018,Grafschaft Bentheim,Türkei,Veränderung gegenüber 2005 in Prozent,K03456,-30
2018,Leer,Türkei,Veränderung gegenüber 2005 in Prozent,K03457,-26
2018,Oldenburg,Türkei,Veränderung gegenüber 2005 in Prozent,K03458,-38
2018,Osnabrück,Türkei,Veränderung gegenüber 2005 in Prozent,K03459,-17
2018,Vechta,Türkei,Veränderung gegenüber 2005 in Prozent,K03460,-23
2018,Wesermarsch,Türkei,Veränderung gegenüber 2005 in Prozent,K03461,-29
2018,Wittmund,Türkei,Veränderung gegenüber 2005 in Prozent,K03462,-54
2018,Statistische Region Weser-Ems,Türkei,Veränderung gegenüber 2005 in Prozent,K034,-25
2018,Niedersachsen,Türkei,Veränderung gegenüber 2005 in Prozent,K030,-20
2019,"Braunschweig, Stadt",Türkei,Veränderung gegenüber 2005 in Prozent,K03101,-14
2019,"Salzgitter, Stadt",Türkei,Veränderung gegenüber 2005 in Prozent,K03102,-19
2019,"Wolfsburg, Stadt",Türkei,Veränderung gegenüber 2005 in Prozent,K03103,20
2019,Gifhorn,Türkei,Veränderung gegenüber 2005 in Prozent,K03151,-13
2019,Goslar,Türkei,Veränderung gegenüber 2005 in Prozent,K03153,-25
2019,Helmstedt,Türkei,Veränderung gegenüber 2005 in Prozent,K03154,-25
2019,Northeim,Türkei,Veränderung gegenüber 2005 in Prozent,K03155,-33
2019,Peine,Türkei,Veränderung gegenüber 2005 in Prozent,K03157,-24
2019,Wolfenbüttel,Türkei,Veränderung gegenüber 2005 in Prozent,K03158,-31
2019,Göttingen,Türkei,Veränderung gegenüber 2005 in Prozent,K03159,-22
2019,Statistische Region Braunschweig,Türkei,Veränderung gegenüber 2005 in Prozent,K031,-19
2019,Region Hannover,Türkei,Veränderung gegenüber 2005 in Prozent,K03241,-13
2019,"dav. Hannover, Lhst.",Türkei,Veränderung gegenüber 2005 in Prozent,K03241001,-16
2019,"dav. Hannover, Umland",Türkei,Veränderung gegenüber 2005 in Prozent,K03241999,-8
2019,Diepholz,Türkei,Veränderung gegenüber 2005 in Prozent,K03251,-14
2019,Hameln-Pyrmont,Türkei,Veränderung gegenüber 2005 in Prozent,K03252,-17
2019,Hildesheim,Türkei,Veränderung gegenüber 2005 in Prozent,K03254,-22
2019,Holzminden,Türkei,Veränderung gegenüber 2005 in Prozent,K03255,-29
2019,Nienburg (Weser),Türkei,Veränderung gegenüber 2005 in Prozent,K03256,-34
2019,Schaumburg,Türkei,Veränderung gegenüber 2005 in Prozent,K03257,-32
2019,Statistische Region Hannover,Türkei,Veränderung gegenüber 2005 in Prozent,K032,-17
2019,Celle,Türkei,Veränderung gegenüber 2005 in Prozent,K03351,-43
2019,Cuxhaven,Türkei,Veränderung gegenüber 2005 in Prozent,K03352,-31
2019,Harburg,Türkei,Veränderung gegenüber 2005 in Prozent,K03353,-3
2019,Lüchow-Dannenberg,Türkei,Veränderung gegenüber 2005 in Prozent,K03354,6
2019,Lüneburg,Türkei,Veränderung gegenüber 2005 in Prozent,K03355,-22
2019,Osterholz,Türkei,Veränderung gegenüber 2005 in Prozent,K03356,-26
2019,Rotenburg (Wümme),Türkei,Veränderung gegenüber 2005 in Prozent,K03357,-28
2019,Heidekreis,Türkei,Veränderung gegenüber 2005 in Prozent,K03358,-30
2019,Stade,Türkei,Veränderung gegenüber 2005 in Prozent,K03359,-9
2019,Uelzen,Türkei,Veränderung gegenüber 2005 in Prozent,K03360,-21
2019,Verden,Türkei,Veränderung gegenüber 2005 in Prozent,K03361,-35
2019,Statistische Region Lüneburg,Türkei,Veränderung gegenüber 2005 in Prozent,K033,-26
2019,"Delmenhorst, Stadt",Türkei,Veränderung gegenüber 2005 in Prozent,K03401,-27
2019,"Emden, Stadt",Türkei,Veränderung gegenüber 2005 in Prozent,K03402,-28
2019,"Oldenburg (Oldb), Stadt",Türkei,Veränderung gegenüber 2005 in Prozent,K03403,-33
2019,"Osnabrück, Stadt",Türkei,Veränderung gegenüber 2005 in Prozent,K03404,-18
2019,"Wilhelmshaven, Stadt",Türkei,Veränderung gegenüber 2005 in Prozent,K03405,-31
2019,Ammerland,Türkei,Veränderung gegenüber 2005 in Prozent,K03451,-31
2019,Aurich,Türkei,Veränderung gegenüber 2005 in Prozent,K03452,-3
2019,Cloppenburg,Türkei,Veränderung gegenüber 2005 in Prozent,K03453,-28
2019,Emsland,Türkei,Veränderung gegenüber 2005 in Prozent,K03454,-25
2019,Friesland,Türkei,Veränderung gegenüber 2005 in Prozent,K03455,-35
2019,Grafschaft Bentheim,Türkei,Veränderung gegenüber 2005 in Prozent,K03456,-31
2019,Leer,Türkei,Veränderung gegenüber 2005 in Prozent,K03457,-23
2019,Oldenburg,Türkei,Veränderung gegenüber 2005 in Prozent,K03458,-38
2019,Osnabrück,Türkei,Veränderung gegenüber 2005 in Prozent,K03459,-17
2019,Vechta,Türkei,Veränderung gegenüber 2005 in Prozent,K03460,-24
2019,Wesermarsch,Türkei,Veränderung gegenüber 2005 in Prozent,K03461,-29
2019,Wittmund,Türkei,Veränderung gegenüber 2005 in Prozent,K03462,-54
2019,Statistische Region Weser-Ems,Türkei,Veränderung gegenüber 2005 in Prozent,K034,-25
2019,Niedersachsen,Türkei,Veränderung gegenüber 2005 in Prozent,K030,-20
2020,"Braunschweig, Stadt",Türkei,Veränderung gegenüber 2005 in Prozent,K03101,-15
2020,"Salzgitter, Stadt",Türkei,Veränderung gegenüber 2005 in Prozent,K03102,-20
2020,"Wolfsburg, Stadt",Türkei,Veränderung gegenüber 2005 in Prozent,K03103,23
2020,Gifhorn,Türkei,Veränderung gegenüber 2005 in Prozent,K03151,-11
2020,Goslar,Türkei,Veränderung gegenüber 2005 in Prozent,K03153,-28
2020,Helmstedt,Türkei,Veränderung gegenüber 2005 in Prozent,K03154,-24
2020,Northeim,Türkei,Veränderung gegenüber 2005 in Prozent,K03155,-34
2020,Peine,Türkei,Veränderung gegenüber 2005 in Prozent,K03157,-23
2020,Wolfenbüttel,Türkei,Veränderung gegenüber 2005 in Prozent,K03158,-32
2020,Göttingen,Türkei,Veränderung gegenüber 2005 in Prozent,K03159,-21
2020,Statistische Region Braunschweig,Türkei,Veränderung gegenüber 2005 in Prozent,K031,-20
2020,Region Hannover,Türkei,Veränderung gegenüber 2005 in Prozent,K03241,-14
2020,"dav. Hannover, Lhst.",Türkei,Veränderung gegenüber 2005 in Prozent,K03241001,-18
2020,"dav. Hannover, Umland",Türkei,Veränderung gegenüber 2005 in Prozent,K03241999,-7
2020,Diepholz,Türkei,Veränderung gegenüber 2005 in Prozent,K03251,-16
2020,Hameln-Pyrmont,Türkei,Veränderung gegenüber 2005 in Prozent,K03252,-18
2020,Hildesheim,Türkei,Veränderung gegenüber 2005 in Prozent,K03254,-23
2020,Holzminden,Türkei,Veränderung gegenüber 2005 in Prozent,K03255,-29
2020,Nienburg (Weser),Türkei,Veränderung gegenüber 2005 in Prozent,K03256,-34
2020,Schaumburg,Türkei,Veränderung gegenüber 2005 in Prozent,K03257,-33
2020,Statistische Region Hannover,Türkei,Veränderung gegenüber 2005 in Prozent,K032,-18
2020,Celle,Türkei,Veränderung gegenüber 2005 in Prozent,K03351,-44
2020,Cuxhaven,Türkei,Veränderung gegenüber 2005 in Prozent,K03352,-32
2020,Harburg,Türkei,Veränderung gegenüber 2005 in Prozent,K03353,-1
2020,Lüchow-Dannenberg,Türkei,Veränderung gegenüber 2005 in Prozent,K03354,15
2020,Lüneburg,Türkei,Veränderung gegenüber 2005 in Prozent,K03355,-21
2020,Osterholz,Türkei,Veränderung gegenüber 2005 in Prozent,K03356,-22
2020,Rotenburg (Wümme),Türkei,Veränderung gegenüber 2005 in Prozent,K03357,-28
2020,Heidekreis,Türkei,Veränderung gegenüber 2005 in Prozent,K03358,-29
2020,Stade,Türkei,Veränderung gegenüber 2005 in Prozent,K03359,-9
2020,Uelzen,Türkei,Veränderung gegenüber 2005 in Prozent,K03360,-21
2020,Verden,Türkei,Veränderung gegenüber 2005 in Prozent,K03361,-36
2020,Statistische Region Lüneburg,Türkei,Veränderung gegenüber 2005 in Prozent,K033,-26
2020,"Delmenhorst, Stadt",Türkei,Veränderung gegenüber 2005 in Prozent,K03401,-28
2020,"Emden, Stadt",Türkei,Veränderung gegenüber 2005 in Prozent,K03402,-28
2020,"Oldenburg (Oldb), Stadt",Türkei,Veränderung gegenüber 2005 in Prozent,K03403,-33
2020,"Osnabrück, Stadt",Türkei,Veränderung gegenüber 2005 in Prozent,K03404,-19
2020,"Wilhelmshaven, Stadt",Türkei,Veränderung gegenüber 2005 in Prozent,K03405,-33
2020,Ammerland,Türkei,Veränderung gegenüber 2005 in Prozent,K03451,-29
2020,Aurich,Türkei,Veränderung gegenüber 2005 in Prozent,K03452,0
2020,Cloppenburg,Türkei,Veränderung gegenüber 2005 in Prozent,K03453,-27
2020,Emsland,Türkei,Veränderung gegenüber 2005 in Prozent,K03454,-25
2020,Friesland,Türkei,Veränderung gegenüber 2005 in Prozent,K03455,-30
2020,Grafschaft Bentheim,Türkei,Veränderung gegenüber 2005 in Prozent,K03456,-30
2020,Leer,Türkei,Veränderung gegenüber 2005 in Prozent,K03457,-22
2020,Oldenburg,Türkei,Veränderung gegenüber 2005 in Prozent,K03458,-38
2020,Osnabrück,Türkei,Veränderung gegenüber 2005 in Prozent,K03459,-17
2020,Vechta,Türkei,Veränderung gegenüber 2005 in Prozent,K03460,-25
2020,Wesermarsch,Türkei,Veränderung gegenüber 2005 in Prozent,K03461,-35
2020,Wittmund,Türkei,Veränderung gegenüber 2005 in Prozent,K03462,-48
2020,Statistische Region Weser-Ems,Türkei,Veränderung gegenüber 2005 in Prozent,K034,-26
2020,Niedersachsen,Türkei,Veränderung gegenüber 2005 in Prozent,K030,-21
2021,"Braunschweig, Stadt",Türkei,Veränderung gegenüber 2005 in Prozent,K03101,-16
2021,"Salzgitter, Stadt",Türkei,Veränderung gegenüber 2005 in Prozent,K03102,-20
2021,"Wolfsburg, Stadt",Türkei,Veränderung gegenüber 2005 in Prozent,K03103,22
2021,Gifhorn,Türkei,Veränderung gegenüber 2005 in Prozent,K03151,-11
2021,Goslar,Türkei,Veränderung gegenüber 2005 in Prozent,K03153,-27
2021,Helmstedt,Türkei,Veränderung gegenüber 2005 in Prozent,K03154,-20
2021,Northeim,Türkei,Veränderung gegenüber 2005 in Prozent,K03155,-33
2021,Peine,Türkei,Veränderung gegenüber 2005 in Prozent,K03157,-23
2021,Wolfenbüttel,Türkei,Veränderung gegenüber 2005 in Prozent,K03158,-32
2021,Göttingen,Türkei,Veränderung gegenüber 2005 in Prozent,K03159,-22
2021,Statistische Region Braunschweig,Türkei,Veränderung gegenüber 2005 in Prozent,K031,-20
2021,Region Hannover,Türkei,Veränderung gegenüber 2005 in Prozent,K03241,-13
2021,"dav. Hannover, Lhst.",Türkei,Veränderung gegenüber 2005 in Prozent,K03241001,-19
2021,"dav. Hannover, Umland",Türkei,Veränderung gegenüber 2005 in Prozent,K03241999,-4
2021,Diepholz,Türkei,Veränderung gegenüber 2005 in Prozent,K03251,-14
2021,Hameln-Pyrmont,Türkei,Veränderung gegenüber 2005 in Prozent,K03252,-18
2021,Hildesheim,Türkei,Veränderung gegenüber 2005 in Prozent,K03254,-23
2021,Holzminden,Türkei,Veränderung gegenüber 2005 in Prozent,K03255,-30
2021,Nienburg (Weser),Türkei,Veränderung gegenüber 2005 in Prozent,K03256,-35
2021,Schaumburg,Türkei,Veränderung gegenüber 2005 in Prozent,K03257,-33
2021,Statistische Region Hannover,Türkei,Veränderung gegenüber 2005 in Prozent,K032,-17
2021,Celle,Türkei,Veränderung gegenüber 2005 in Prozent,K03351,-46
2021,Cuxhaven,Türkei,Veränderung gegenüber 2005 in Prozent,K03352,-31
2021,Harburg,Türkei,Veränderung gegenüber 2005 in Prozent,K03353,6
2021,Lüchow-Dannenberg,Türkei,Veränderung gegenüber 2005 in Prozent,K03354,15
2021,Lüneburg,Türkei,Veränderung gegenüber 2005 in Prozent,K03355,-19
2021,Osterholz,Türkei,Veränderung gegenüber 2005 in Prozent,K03356,-21
2021,Rotenburg (Wümme),Türkei,Veränderung gegenüber 2005 in Prozent,K03357,-27
2021,Heidekreis,Türkei,Veränderung gegenüber 2005 in Prozent,K03358,-28
2021,Stade,Türkei,Veränderung gegenüber 2005 in Prozent,K03359,-9
2021,Uelzen,Türkei,Veränderung gegenüber 2005 in Prozent,K03360,-16
2021,Verden,Türkei,Veränderung gegenüber 2005 in Prozent,K03361,-35
2021,Statistische Region Lüneburg,Türkei,Veränderung gegenüber 2005 in Prozent,K033,-24
2021,"Delmenhorst, Stadt",Türkei,Veränderung gegenüber 2005 in Prozent,K03401,-29
2021,"Emden, Stadt",Türkei,Veränderung gegenüber 2005 in Prozent,K03402,-25
2021,"Oldenburg (Oldb), Stadt",Türkei,Veränderung gegenüber 2005 in Prozent,K03403,-33
2021,"Osnabrück, Stadt",Türkei,Veränderung gegenüber 2005 in Prozent,K03404,-20
2021,"Wilhelmshaven, Stadt",Türkei,Veränderung gegenüber 2005 in Prozent,K03405,-35
2021,Ammerland,Türkei,Veränderung gegenüber 2005 in Prozent,K03451,-29
2021,Aurich,Türkei,Veränderung gegenüber 2005 in Prozent,K03452,3
2021,Cloppenburg,Türkei,Veränderung gegenüber 2005 in Prozent,K03453,-26
2021,Emsland,Türkei,Veränderung gegenüber 2005 in Prozent,K03454,-23
2021,Friesland,Türkei,Veränderung gegenüber 2005 in Prozent,K03455,-35
2021,Grafschaft Bentheim,Türkei,Veränderung gegenüber 2005 in Prozent,K03456,-29
2021,Leer,Türkei,Veränderung gegenüber 2005 in Prozent,K03457,-19
2021,Oldenburg,Türkei,Veränderung gegenüber 2005 in Prozent,K03458,-39
2021,Osnabrück,Türkei,Veränderung gegenüber 2005 in Prozent,K03459,-18
2021,Vechta,Türkei,Veränderung gegenüber 2005 in Prozent,K03460,-27
2021,Wesermarsch,Türkei,Veränderung gegenüber 2005 in Prozent,K03461,-36
2021,Wittmund,Türkei,Veränderung gegenüber 2005 in Prozent,K03462,-42
2021,Statistische Region Weser-Ems,Türkei,Veränderung gegenüber 2005 in Prozent,K034,-26
2021,Niedersachsen,Türkei,Veränderung gegenüber 2005 in Prozent,K030,-21
2022,"Braunschweig, Stadt",Türkei,Veränderung gegenüber 2005 in Prozent,K03101,-14
2022,"Salzgitter, Stadt",Türkei,Veränderung gegenüber 2005 in Prozent,K03102,-22
2022,"Wolfsburg, Stadt",Türkei,Veränderung gegenüber 2005 in Prozent,K03103,33
2022,Gifhorn,Türkei,Veränderung gegenüber 2005 in Prozent,K03151,-9
2022,Goslar,Türkei,Veränderung gegenüber 2005 in Prozent,K03153,-26
2022,Helmstedt,Türkei,Veränderung gegenüber 2005 in Prozent,K03154,-20
2022,Northeim,Türkei,Veränderung gegenüber 2005 in Prozent,K03155,-34
2022,Peine,Türkei,Veränderung gegenüber 2005 in Prozent,K03157,-23
2022,Wolfenbüttel,Türkei,Veränderung gegenüber 2005 in Prozent,K03158,-31
2022,Göttingen,Türkei,Veränderung gegenüber 2005 in Prozent,K03159,-21
2022,Statistische Region Braunschweig,Türkei,Veränderung gegenüber 2005 in Prozent,K031,-19
2022,Region Hannover,Türkei,Veränderung gegenüber 2005 in Prozent,K03241,-10
2022,"dav. Hannover, Lhst.",Türkei,Veränderung gegenüber 2005 in Prozent,K03241001,-18
2022,"dav. Hannover, Umland",Türkei,Veränderung gegenüber 2005 in Prozent,K03241999,5
2022,Diepholz,Türkei,Veränderung gegenüber 2005 in Prozent,K03251,-11
2022,Hameln-Pyrmont,Türkei,Veränderung gegenüber 2005 in Prozent,K03252,-17
2022,Hildesheim,Türkei,Veränderung gegenüber 2005 in Prozent,K03254,-22
2022,Holzminden,Türkei,Veränderung gegenüber 2005 in Prozent,K03255,-31
2022,Nienburg (Weser),Türkei,Veränderung gegenüber 2005 in Prozent,K03256,-35
2022,Schaumburg,Türkei,Veränderung gegenüber 2005 in Prozent,K03257,-32
2022,Statistische Region Hannover,Türkei,Veränderung gegenüber 2005 in Prozent,K032,-15
2022,Celle,Türkei,Veränderung gegenüber 2005 in Prozent,K03351,-46
2022,Cuxhaven,Türkei,Veränderung gegenüber 2005 in Prozent,K03352,-29
2022,Harburg,Türkei,Veränderung gegenüber 2005 in Prozent,K03353,18
2022,Lüchow-Dannenberg,Türkei,Veränderung gegenüber 2005 in Prozent,K03354,35
2022,Lüneburg,Türkei,Veränderung gegenüber 2005 in Prozent,K03355,-12
2022,Osterholz,Türkei,Veränderung gegenüber 2005 in Prozent,K03356,-20
2022,Rotenburg (Wümme),Türkei,Veränderung gegenüber 2005 in Prozent,K03357,-28
2022,Heidekreis,Türkei,Veränderung gegenüber 2005 in Prozent,K03358,-23
2022,Stade,Türkei,Veränderung gegenüber 2005 in Prozent,K03359,-5
2022,Uelzen,Türkei,Veränderung gegenüber 2005 in Prozent,K03360,-17
2022,Verden,Türkei,Veränderung gegenüber 2005 in Prozent,K03361,-33
2022,Statistische Region Lüneburg,Türkei,Veränderung gegenüber 2005 in Prozent,K033,-21
2022,"Delmenhorst, Stadt",Türkei,Veränderung gegenüber 2005 in Prozent,K03401,-29
2022,"Emden, Stadt",Türkei,Veränderung gegenüber 2005 in Prozent,K03402,-22
2022,"Oldenburg (Oldb), Stadt",Türkei,Veränderung gegenüber 2005 in Prozent,K03403,-28
2022,"Osnabrück, Stadt",Türkei,Veränderung gegenüber 2005 in Prozent,K03404,-20
2022,"Wilhelmshaven, Stadt",Türkei,Veränderung gegenüber 2005 in Prozent,K03405,-36
2022,Ammerland,Türkei,Veränderung gegenüber 2005 in Prozent,K03451,-28
2022,Aurich,Türkei,Veränderung gegenüber 2005 in Prozent,K03452,25
2022,Cloppenburg,Türkei,Veränderung gegenüber 2005 in Prozent,K03453,-23
2022,Emsland,Türkei,Veränderung gegenüber 2005 in Prozent,K03454,-22
2022,Friesland,Türkei,Veränderung gegenüber 2005 in Prozent,K03455,-25
2022,Grafschaft Bentheim,Türkei,Veränderung gegenüber 2005 in Prozent,K03456,-30
2022,Leer,Türkei,Veränderung gegenüber 2005 in Prozent,K03457,-12
2022,Oldenburg,Türkei,Veränderung gegenüber 2005 in Prozent,K03458,-31
2022,Osnabrück,Türkei,Veränderung gegenüber 2005 in Prozent,K03459,-17
2022,Vechta,Türkei,Veränderung gegenüber 2005 in Prozent,K03460,-28
2022,Wesermarsch,Türkei,Veränderung gegenüber 2005 in Prozent,K03461,-36
2022,Wittmund,Türkei,Veränderung gegenüber 2005 in Prozent,K03462,-39
2022,Statistische Region Weser-Ems,Türkei,Veränderung gegenüber 2005 in Prozent,K034,-24
2022,Niedersachsen,Türkei,Veränderung gegenüber 2005 in Prozent,K030,-19
2023,"Braunschweig, Stadt",Türkei,Veränderung gegenüber 2005 in Prozent,K03101,-12
2023,"Salzgitter, Stadt",Türkei,Veränderung gegenüber 2005 in Prozent,K03102,-21
2023,"Wolfsburg, Stadt",Türkei,Veränderung gegenüber 2005 in Prozent,K03103,69
2023,Gifhorn,Türkei,Veränderung gegenüber 2005 in Prozent,K03151,6
2023,Goslar,Türkei,Veränderung gegenüber 2005 in Prozent,K03153,-18
2023,Helmstedt,Türkei,Veränderung gegenüber 2005 in Prozent,K03154,-14
2023,Northeim,Türkei,Veränderung gegenüber 2005 in Prozent,K03155,-23
2023,Peine,Türkei,Veränderung gegenüber 2005 in Prozent,K03157,-19
2023,Wolfenbüttel,Türkei,Veränderung gegenüber 2005 in Prozent,K03158,-20
2023,Göttingen,Türkei,Veränderung gegenüber 2005 in Prozent,K03159,-16
2023,Statistische Region Braunschweig,Türkei,Veränderung gegenüber 2005 in Prozent,K031,-14
2023,Region Hannover,Türkei,Veränderung gegenüber 2005 in Prozent,K03241,-11
2023,"dav. Hannover, Lhst.",Türkei,Veränderung gegenüber 2005 in Prozent,K03241001,-18
2023,"dav. Hannover, Umland",Türkei,Veränderung gegenüber 2005 in Prozent,K03241999,3
2023,Diepholz,Türkei,Veränderung gegenüber 2005 in Prozent,K03251,-3
2023,Hameln-Pyrmont,Türkei,Veränderung gegenüber 2005 in Prozent,K03252,-12
2023,Hildesheim,Türkei,Veränderung gegenüber 2005 in Prozent,K03254,-13
2023,Holzminden,Türkei,Veränderung gegenüber 2005 in Prozent,K03255,-26
2023,Nienburg (Weser),Türkei,Veränderung gegenüber 2005 in Prozent,K03256,-22
2023,Schaumburg,Türkei,Veränderung gegenüber 2005 in Prozent,K03257,-23
2023,Statistische Region Hannover,Türkei,Veränderung gegenüber 2005 in Prozent,K032,-12
2023,Celle,Türkei,Veränderung gegenüber 2005 in Prozent,K03351,-44
2023,Cuxhaven,Türkei,Veränderung gegenüber 2005 in Prozent,K03352,-17
2023,Harburg,Türkei,Veränderung gegenüber 2005 in Prozent,K03353,38
2023,Lüchow-Dannenberg,Türkei,Veränderung gegenüber 2005 in Prozent,K03354,39
2023,Lüneburg,Türkei,Veränderung gegenüber 2005 in Prozent,K03355,4
2023,Osterholz,Türkei,Veränderung gegenüber 2005 in Prozent,K03356,-10
2023,Rotenburg (Wümme),Türkei,Veränderung gegenüber 2005 in Prozent,K03357,-15
2023,Heidekreis,Türkei,Veränderung gegenüber 2005 in Prozent,K03358,-28
2023,Stade,Türkei,Veränderung gegenüber 2005 in Prozent,K03359,5
2023,Uelzen,Türkei,Veränderung gegenüber 2005 in Prozent,K03360,-9
2023,Verden,Türkei,Veränderung gegenüber 2005 in Prozent,K03361,-31
2023,Statistische Region Lüneburg,Türkei,Veränderung gegenüber 2005 in Prozent,K033,-13
2023,"Delmenhorst, Stadt",Türkei,Veränderung gegenüber 2005 in Prozent,K03401,-26
2023,"Emden, Stadt",Türkei,Veränderung gegenüber 2005 in Prozent,K03402,-9
2023,"Oldenburg (Oldb), Stadt",Türkei,Veränderung gegenüber 2005 in Prozent,K03403,-27
2023,"Osnabrück, Stadt",Türkei,Veränderung gegenüber 2005 in Prozent,K03404,-14
2023,"Wilhelmshaven, Stadt",Türkei,Veränderung gegenüber 2005 in Prozent,K03405,-29
2023,Ammerland,Türkei,Veränderung gegenüber 2005 in Prozent,K03451,-11
2023,Aurich,Türkei,Veränderung gegenüber 2005 in Prozent,K03452,81
2023,Cloppenburg,Türkei,Veränderung gegenüber 2005 in Prozent,K03453,-8
2023,Emsland,Türkei,Veränderung gegenüber 2005 in Prozent,K03454,-7
2023,Friesland,Türkei,Veränderung gegenüber 2005 in Prozent,K03455,-4
2023,Grafschaft Bentheim,Türkei,Veränderung gegenüber 2005 in Prozent,K03456,-26
2023,Leer,Türkei,Veränderung gegenüber 2005 in Prozent,K03457,28
2023,Oldenburg,Türkei,Veränderung gegenüber 2005 in Prozent,K03458,3
2023,Osnabrück,Türkei,Veränderung gegenüber 2005 in Prozent,K03459,-14
2023,Vechta,Türkei,Veränderung gegenüber 2005 in Prozent,K03460,-25
2023,Wesermarsch,Türkei,Veränderung gegenüber 2005 in Prozent,K03461,-26
2023,Wittmund,Türkei,Veränderung gegenüber 2005 in Prozent,K03462,1
2023,Statistische Region Weser-Ems,Türkei,Veränderung gegenüber 2005 in Prozent,K034,-16
2023,Niedersachsen,Türkei,Veränderung gegenüber 2005 in Prozent,K030,-14
2024,"Braunschweig, Stadt",Türkei,Veränderung gegenüber 2005 in Prozent,K03101,-14
2024,"Salzgitter, Stadt",Türkei,Veränderung gegenüber 2005 in Prozent,K03102,-22
2024,"Wolfsburg, Stadt",Türkei,Veränderung gegenüber 2005 in Prozent,K03103,74
2024,Gifhorn,Türkei,Veränderung gegenüber 2005 in Prozent,K03151,10
2024,Goslar,Türkei,Veränderung gegenüber 2005 in Prozent,K03153,-17
2024,Helmstedt,Türkei,Veränderung gegenüber 2005 in Prozent,K03154,-16
2024,Northeim,Türkei,Veränderung gegenüber 2005 in Prozent,K03155,-18
2024,Peine,Türkei,Veränderung gegenüber 2005 in Prozent,K03157,-19
2024,Wolfenbüttel,Türkei,Veränderung gegenüber 2005 in Prozent,K03158,-17
2024,Göttingen,Türkei,Veränderung gegenüber 2005 in Prozent,K03159,-15
2024,Statistische Region Braunschweig,Türkei,Veränderung gegenüber 2005 in Prozent,K031,-14
2024,Region Hannover,Türkei,Veränderung gegenüber 2005 in Prozent,K03241,-10
2024,"dav. Hannover, Lhst.",Türkei,Veränderung gegenüber 2005 in Prozent,K03241001,-19
2024,"dav. Hannover, Umland",Türkei,Veränderung gegenüber 2005 in Prozent,K03241999,6
2024,Diepholz,Türkei,Veränderung gegenüber 2005 in Prozent,K03251,2
2024,Hameln-Pyrmont,Türkei,Veränderung gegenüber 2005 in Prozent,K03252,-11
2024,Hildesheim,Türkei,Veränderung gegenüber 2005 in Prozent,K03254,-14
2024,Holzminden,Türkei,Veränderung gegenüber 2005 in Prozent,K03255,-26
2024,Nienburg (Weser),Türkei,Veränderung gegenüber 2005 in Prozent,K03256,-23
2024,Schaumburg,Türkei,Veränderung gegenüber 2005 in Prozent,K03257,-22
2024,Statistische Region Hannover,Türkei,Veränderung gegenüber 2005 in Prozent,K032,-12
2024,Celle,Türkei,Veränderung gegenüber 2005 in Prozent,K03351,-43
2024,Cuxhaven,Türkei,Veränderung gegenüber 2005 in Prozent,K03352,-13
2024,Harburg,Türkei,Veränderung gegenüber 2005 in Prozent,K03353,41
2024,Lüchow-Dannenberg,Türkei,Veränderung gegenüber 2005 in Prozent,K03354,49
2024,Lüneburg,Türkei,Veränderung gegenüber 2005 in Prozent,K03355,10
2024,Osterholz,Türkei,Veränderung gegenüber 2005 in Prozent,K03356,-10
2024,Rotenburg (Wümme),Türkei,Veränderung gegenüber 2005 in Prozent,K03357,-12
2024,Heidekreis,Türkei,Veränderung gegenüber 2005 in Prozent,K03358,-34
2024,Stade,Türkei,Veränderung gegenüber 2005 in Prozent,K03359,7
2024,Uelzen,Türkei,Veränderung gegenüber 2005 in Prozent,K03360,-7
2024,Verden,Türkei,Veränderung gegenüber 2005 in Prozent,K03361,-32
2024,Statistische Region Lüneburg,Türkei,Veränderung gegenüber 2005 in Prozent,K033,-12
2024,"Delmenhorst, Stadt",Türkei,Veränderung gegenüber 2005 in Prozent,K03401,-25
2024,"Emden, Stadt",Türkei,Veränderung gegenüber 2005 in Prozent,K03402,-20
2024,"Oldenburg (Oldb), Stadt",Türkei,Veränderung gegenüber 2005 in Prozent,K03403,-30
2024,"Osnabrück, Stadt",Türkei,Veränderung gegenüber 2005 in Prozent,K03404,-15
2024,"Wilhelmshaven, Stadt",Türkei,Veränderung gegenüber 2005 in Prozent,K03405,-31
2024,Ammerland,Türkei,Veränderung gegenüber 2005 in Prozent,K03451,-13
2024,Aurich,Türkei,Veränderung gegenüber 2005 in Prozent,K03452,118
2024,Cloppenburg,Türkei,Veränderung gegenüber 2005 in Prozent,K03453,-9
2024,Emsland,Türkei,Veränderung gegenüber 2005 in Prozent,K03454,-3
2024,Friesland,Türkei,Veränderung gegenüber 2005 in Prozent,K03455,-7
2024,Grafschaft Bentheim,Türkei,Veränderung gegenüber 2005 in Prozent,K03456,-25
2024,Leer,Türkei,Veränderung gegenüber 2005 in Prozent,K03457,30
2024,Oldenburg,Türkei,Veränderung gegenüber 2005 in Prozent,K03458,0
2024,Osnabrück,Türkei,Veränderung gegenüber 2005 in Prozent,K03459,-16
2024,Vechta,Türkei,Veränderung gegenüber 2005 in Prozent,K03460,-27
2024,Wesermarsch,Türkei,Veränderung gegenüber 2005 in Prozent,K03461,-25
2024,Wittmund,Türkei,Veränderung gegenüber 2005 in Prozent,K03462,-2
2024,Statistische Region Weser-Ems,Türkei,Veränderung gegenüber 2005 in Prozent,K034,-16
2024,Niedersachsen,Türkei,Veränderung gegenüber 2005 in Prozent,K030,-13
2025,"Braunschweig, Stadt",Türkei,Veränderung gegenüber 2005 in Prozent,K03101,-16
2025,"Salzgitter, Stadt",Türkei,Veränderung gegenüber 2005 in Prozent,K03102,-23
2025,"Wolfsburg, Stadt",Türkei,Veränderung gegenüber 2005 in Prozent,K03103,71
2025,Gifhorn,Türkei,Veränderung gegenüber 2005 in Prozent,K03151,9
2025,Goslar,Türkei,Veränderung gegenüber 2005 in Prozent,K03153,-24
2025,Helmstedt,Türkei,Veränderung gegenüber 2005 in Prozent,K03154,-18
2025,Northeim,Türkei,Veränderung gegenüber 2005 in Prozent,K03155,-22
2025,Peine,Türkei,Veränderung gegenüber 2005 in Prozent,K03157,-21
2025,Wolfenbüttel,Türkei,Veränderung gegenüber 2005 in Prozent,K03158,-18
2025,Göttingen,Türkei,Veränderung gegenüber 2005 in Prozent,K03159,-18
2025,Statistische Region Braunschweig,Türkei,Veränderung gegenüber 2005 in Prozent,K031,-16
2025,Region Hannover,Türkei,Veränderung gegenüber 2005 in Prozent,K03241,-12
2025,"dav. Hannover, Lhst.",Türkei,Veränderung gegenüber 2005 in Prozent,K03241001,-22
2025,"dav. Hannover, Umland",Türkei,Veränderung gegenüber 2005 in Prozent,K03241999,7
2025,Diepholz,Türkei,Veränderung gegenüber 2005 in Prozent,K03251,-3
2025,Hameln-Pyrmont,Türkei,Veränderung gegenüber 2005 in Prozent,K03252,-14
2025,Hildesheim,Türkei,Veränderung gegenüber 2005 in Prozent,K03254,-16
2025,Holzminden,Türkei,Veränderung gegenüber 2005 in Prozent,K03255,-29
2025,Nienburg (Weser),Türkei,Veränderung gegenüber 2005 in Prozent,K03256,-25
2025,Schaumburg,Türkei,Veränderung gegenüber 2005 in Prozent,K03257,-24
2025,Statistische Region Hannover,Türkei,Veränderung gegenüber 2005 in Prozent,K032,-14
2025,Celle,Türkei,Veränderung gegenüber 2005 in Prozent,K03351,-44
2025,Cuxhaven,Türkei,Veränderung gegenüber 2005 in Prozent,K03352,-12
2025,Harburg,Türkei,Veränderung gegenüber 2005 in Prozent,K03353,34
2025,Lüchow-Dannenberg,Türkei,Veränderung gegenüber 2005 in Prozent,K03354,44
2025,Lüneburg,Türkei,Veränderung gegenüber 2005 in Prozent,K03355,8
2025,Osterholz,Türkei,Veränderung gegenüber 2005 in Prozent,K03356,-12
2025,Rotenburg (Wümme),Türkei,Veränderung gegenüber 2005 in Prozent,K03357,-17
2025,Heidekreis,Türkei,Veränderung gegenüber 2005 in Prozent,K03358,-37
2025,Stade,Türkei,Veränderung gegenüber 2005 in Prozent,K03359,7
2025,Uelzen,Türkei,Veränderung gegenüber 2005 in Prozent,K03360,0
2025,Verden,Türkei,Veränderung gegenüber 2005 in Prozent,K03361,-34
2025,Statistische Region Lüneburg,Türkei,Veränderung gegenüber 2005 in Prozent,K033,-14
2025,"Delmenhorst, Stadt",Türkei,Veränderung gegenüber 2005 in Prozent,K03401,-26
2025,"Emden, Stadt",Türkei,Veränderung gegenüber 2005 in Prozent,K03402,-26
2025,"Oldenburg (Oldb), Stadt",Türkei,Veränderung gegenüber 2005 in Prozent,K03403,-30
2025,"Osnabrück, Stadt",Türkei,Veränderung gegenüber 2005 in Prozent,K03404,-13
2025,"Wilhelmshaven, Stadt",Türkei,Veränderung gegenüber 2005 in Prozent,K03405,-33
2025,Ammerland,Türkei,Veränderung gegenüber 2005 in Prozent,K03451,-14
2025,Aurich,Türkei,Veränderung gegenüber 2005 in Prozent,K03452,107
2025,Cloppenburg,Türkei,Veränderung gegenüber 2005 in Prozent,K03453,-9
2025,Emsland,Türkei,Veränderung gegenüber 2005 in Prozent,K03454,-8
2025,Friesland,Türkei,Veränderung gegenüber 2005 in Prozent,K03455,-9
2025,Grafschaft Bentheim,Türkei,Veränderung gegenüber 2005 in Prozent,K03456,-30
2025,Leer,Türkei,Veränderung gegenüber 2005 in Prozent,K03457,38
2025,Oldenburg,Türkei,Veränderung gegenüber 2005 in Prozent,K03458,-1
2025,Osnabrück,Türkei,Veränderung gegenüber 2005 in Prozent,K03459,-18
2025,Vechta,Türkei,Veränderung gegenüber 2005 in Prozent,K03460,-32
2025,Wesermarsch,Türkei,Veränderung gegenüber 2005 in Prozent,K03461,-28
2025,Wittmund,Türkei,Veränderung gegenüber 2005 in Prozent,K03462,-9
2025,Statistische Region Weser-Ems,Türkei,Veränderung gegenüber 2005 in Prozent,K034,-18
2025,Niedersachsen,Türkei,Veränderung gegenüber 2005 in Prozent,K030,-15
2005,"Braunschweig, Stadt",Rumänien,Veränderung gegenüber 2005 in Prozent,K03101,0
2005,"Salzgitter, Stadt",Rumänien,Veränderung gegenüber 2005 in Prozent,K03102,0
2005,"Wolfsburg, Stadt",Rumänien,Veränderung gegenüber 2005 in Prozent,K03103,0
2005,Gifhorn,Rumänien,Veränderung gegenüber 2005 in Prozent,K03151,0
2005,Goslar,Rumänien,Veränderung gegenüber 2005 in Prozent,K03153,0
2005,Helmstedt,Rumänien,Veränderung gegenüber 2005 in Prozent,K03154,0
2005,Northeim,Rumänien,Veränderung gegenüber 2005 in Prozent,K03155,0
2005,Peine,Rumänien,Veränderung gegenüber 2005 in Prozent,K03157,0
2005,Wolfenbüttel,Rumänien,Veränderung gegenüber 2005 in Prozent,K03158,0
2005,Göttingen,Rumänien,Veränderung gegenüber 2005 in Prozent,K03159,0
2005,Statistische Region Braunschweig,Rumänien,Veränderung gegenüber 2005 in Prozent,K031,0
2005,Region Hannover,Rumänien,Veränderung gegenüber 2005 in Prozent,K03241,0
2005,"dav. Hannover, Lhst.",Rumänien,Veränderung gegenüber 2005 in Prozent,K03241001,0
2005,"dav. Hannover, Umland",Rumänien,Veränderung gegenüber 2005 in Prozent,K03241999,0
2005,Diepholz,Rumänien,Veränderung gegenüber 2005 in Prozent,K03251,0
2005,Hameln-Pyrmont,Rumänien,Veränderung gegenüber 2005 in Prozent,K03252,0
2005,Hildesheim,Rumänien,Veränderung gegenüber 2005 in Prozent,K03254,0
2005,Holzminden,Rumänien,Veränderung gegenüber 2005 in Prozent,K03255,0
2005,Nienburg (Weser),Rumänien,Veränderung gegenüber 2005 in Prozent,K03256,0
2005,Schaumburg,Rumänien,Veränderung gegenüber 2005 in Prozent,K03257,0
2005,Statistische Region Hannover,Rumänien,Veränderung gegenüber 2005 in Prozent,K032,0
2005,Celle,Rumänien,Veränderung gegenüber 2005 in Prozent,K03351,0
2005,Cuxhaven,Rumänien,Veränderung gegenüber 2005 in Prozent,K03352,0
2005,Harburg,Rumänien,Veränderung gegenüber 2005 in Prozent,K03353,0
2005,Lüchow-Dannenberg,Rumänien,Veränderung gegenüber 2005 in Prozent,K03354,0
2005,Lüneburg,Rumänien,Veränderung gegenüber 2005 in Prozent,K03355,0
2005,Osterholz,Rumänien,Veränderung gegenüber 2005 in Prozent,K03356,0
2005,Rotenburg (Wümme),Rumänien,Veränderung gegenüber 2005 in Prozent,K03357,0
2005,Heidekreis,Rumänien,Veränderung gegenüber 2005 in Prozent,K03358,0
2005,Stade,Rumänien,Veränderung gegenüber 2005 in Prozent,K03359,0
2005,Uelzen,Rumänien,Veränderung gegenüber 2005 in Prozent,K03360,0
2005,Verden,Rumänien,Veränderung gegenüber 2005 in Prozent,K03361,0
2005,Statistische Region Lüneburg,Rumänien,Veränderung gegenüber 2005 in Prozent,K033,0
2005,"Delmenhorst, Stadt",Rumänien,Veränderung gegenüber 2005 in Prozent,K03401,0
2005,"Emden, Stadt",Rumänien,Veränderung gegenüber 2005 in Prozent,K03402,0
2005,"Oldenburg (Oldb), Stadt",Rumänien,Veränderung gegenüber 2005 in Prozent,K03403,0
2005,"Osnabrück, Stadt",Rumänien,Veränderung gegenüber 2005 in Prozent,K03404,0
2005,"Wilhelmshaven, Stadt",Rumänien,Veränderung gegenüber 2005 in Prozent,K03405,0
2005,Ammerland,Rumänien,Veränderung gegenüber 2005 in Prozent,K03451,0
2005,Aurich,Rumänien,Veränderung gegenüber 2005 in Prozent,K03452,0
2005,Cloppenburg,Rumänien,Veränderung gegenüber 2005 in Prozent,K03453,0
2005,Emsland,Rumänien,Veränderung gegenüber 2005 in Prozent,K03454,0
2005,Friesland,Rumänien,Veränderung gegenüber 2005 in Prozent,K03455,0
2005,Grafschaft Bentheim,Rumänien,Veränderung gegenüber 2005 in Prozent,K03456,0
2005,Leer,Rumänien,Veränderung gegenüber 2005 in Prozent,K03457,0
2005,Oldenburg,Rumänien,Veränderung gegenüber 2005 in Prozent,K03458,0
2005,Osnabrück,Rumänien,Veränderung gegenüber 2005 in Prozent,K03459,0
2005,Vechta,Rumänien,Veränderung gegenüber 2005 in Prozent,K03460,0
2005,Wesermarsch,Rumänien,Veränderung gegenüber 2005 in Prozent,K03461,0
2005,Wittmund,Rumänien,Veränderung gegenüber 2005 in Prozent,K03462,0
2005,Statistische Region Weser-Ems,Rumänien,Veränderung gegenüber 2005 in Prozent,K034,0
2005,Niedersachsen,Rumänien,Veränderung gegenüber 2005 in Prozent,K030,0
2011,"Braunschweig, Stadt",Rumänien,Veränderung gegenüber 2005 in Prozent,K03101,-17
2011,"Salzgitter, Stadt",Rumänien,Veränderung gegenüber 2005 in Prozent,K03102,17
2011,"Wolfsburg, Stadt",Rumänien,Veränderung gegenüber 2005 in Prozent,K03103,10
2011,Gifhorn,Rumänien,Veränderung gegenüber 2005 in Prozent,K03151,50
2011,Goslar,Rumänien,Veränderung gegenüber 2005 in Prozent,K03153,124
2011,Helmstedt,Rumänien,Veränderung gegenüber 2005 in Prozent,K03154,67
2011,Northeim,Rumänien,Veränderung gegenüber 2005 in Prozent,K03155,121
2011,Peine,Rumänien,Veränderung gegenüber 2005 in Prozent,K03157,56
2011,Wolfenbüttel,Rumänien,Veränderung gegenüber 2005 in Prozent,K03158,108
2011,Göttingen,Rumänien,Veränderung gegenüber 2005 in Prozent,K03159,24
2011,Statistische Region Braunschweig,Rumänien,Veränderung gegenüber 2005 in Prozent,K031,26
2011,Region Hannover,Rumänien,Veränderung gegenüber 2005 in Prozent,K03241,82
2011,"dav. Hannover, Lhst.",Rumänien,Veränderung gegenüber 2005 in Prozent,K03241001,173
2011,"dav. Hannover, Umland",Rumänien,Veränderung gegenüber 2005 in Prozent,K03241999,5
2011,Diepholz,Rumänien,Veränderung gegenüber 2005 in Prozent,K03251,114
2011,Hameln-Pyrmont,Rumänien,Veränderung gegenüber 2005 in Prozent,K03252,191
2011,Hildesheim,Rumänien,Veränderung gegenüber 2005 in Prozent,K03254,23
2011,Holzminden,Rumänien,Veränderung gegenüber 2005 in Prozent,K03255,71
2011,Nienburg (Weser),Rumänien,Veränderung gegenüber 2005 in Prozent,K03256,315
2011,Schaumburg,Rumänien,Veränderung gegenüber 2005 in Prozent,K03257,8
2011,Statistische Region Hannover,Rumänien,Veränderung gegenüber 2005 in Prozent,K032,85
2011,Celle,Rumänien,Veränderung gegenüber 2005 in Prozent,K03351,47
2011,Cuxhaven,Rumänien,Veränderung gegenüber 2005 in Prozent,K03352,46
2011,Harburg,Rumänien,Veränderung gegenüber 2005 in Prozent,K03353,52
2011,Lüchow-Dannenberg,Rumänien,Veränderung gegenüber 2005 in Prozent,K03354,613
2011,Lüneburg,Rumänien,Veränderung gegenüber 2005 in Prozent,K03355,108
2011,Osterholz,Rumänien,Veränderung gegenüber 2005 in Prozent,K03356,100
2011,Rotenburg (Wümme),Rumänien,Veränderung gegenüber 2005 in Prozent,K03357,152
2011,Heidekreis,Rumänien,Veränderung gegenüber 2005 in Prozent,K03358,41
2011,Stade,Rumänien,Veränderung gegenüber 2005 in Prozent,K03359,79
2011,Uelzen,Rumänien,Veränderung gegenüber 2005 in Prozent,K03360,132
2011,Verden,Rumänien,Veränderung gegenüber 2005 in Prozent,K03361,93
2011,Statistische Region Lüneburg,Rumänien,Veränderung gegenüber 2005 in Prozent,K033,84
2011,"Delmenhorst, Stadt",Rumänien,Veränderung gegenüber 2005 in Prozent,K03401,81
2011,"Emden, Stadt",Rumänien,Veränderung gegenüber 2005 in Prozent,K03402,105
2011,"Oldenburg (Oldb), Stadt",Rumänien,Veränderung gegenüber 2005 in Prozent,K03403,41
2011,"Osnabrück, Stadt",Rumänien,Veränderung gegenüber 2005 in Prozent,K03404,346
2011,"Wilhelmshaven, Stadt",Rumänien,Veränderung gegenüber 2005 in Prozent,K03405,393
2011,Ammerland,Rumänien,Veränderung gegenüber 2005 in Prozent,K03451,272
2011,Aurich,Rumänien,Veränderung gegenüber 2005 in Prozent,K03452,139
2011,Cloppenburg,Rumänien,Veränderung gegenüber 2005 in Prozent,K03453,3162
2011,Emsland,Rumänien,Veränderung gegenüber 2005 in Prozent,K03454,1196
2011,Friesland,Rumänien,Veränderung gegenüber 2005 in Prozent,K03455,96
2011,Grafschaft Bentheim,Rumänien,Veränderung gegenüber 2005 in Prozent,K03456,381
2011,Leer,Rumänien,Veränderung gegenüber 2005 in Prozent,K03457,67
2011,Oldenburg,Rumänien,Veränderung gegenüber 2005 in Prozent,K03458,583
2011,Osnabrück,Rumänien,Veränderung gegenüber 2005 in Prozent,K03459,452
2011,Vechta,Rumänien,Veränderung gegenüber 2005 in Prozent,K03460,645
2011,Wesermarsch,Rumänien,Veränderung gegenüber 2005 in Prozent,K03461,50
2011,Wittmund,Rumänien,Veränderung gegenüber 2005 in Prozent,K03462,175
2011,Statistische Region Weser-Ems,Rumänien,Veränderung gegenüber 2005 in Prozent,K034,437
2011,Niedersachsen,Rumänien,Veränderung gegenüber 2005 in Prozent,K030,169
2012,"Braunschweig, Stadt",Rumänien,Veränderung gegenüber 2005 in Prozent,K03101,0
2012,"Salzgitter, Stadt",Rumänien,Veränderung gegenüber 2005 in Prozent,K03102,41
2012,"Wolfsburg, Stadt",Rumänien,Veränderung gegenüber 2005 in Prozent,K03103,63
2012,Gifhorn,Rumänien,Veränderung gegenüber 2005 in Prozent,K03151,91
2012,Goslar,Rumänien,Veränderung gegenüber 2005 in Prozent,K03153,159
2012,Helmstedt,Rumänien,Veränderung gegenüber 2005 in Prozent,K03154,222
2012,Northeim,Rumänien,Veränderung gegenüber 2005 in Prozent,K03155,123
2012,Peine,Rumänien,Veränderung gegenüber 2005 in Prozent,K03157,81
2012,Wolfenbüttel,Rumänien,Veränderung gegenüber 2005 in Prozent,K03158,138
2012,Göttingen,Rumänien,Veränderung gegenüber 2005 in Prozent,K03159,55
2012,Statistische Region Braunschweig,Rumänien,Veränderung gegenüber 2005 in Prozent,K031,56
2012,Region Hannover,Rumänien,Veränderung gegenüber 2005 in Prozent,K03241,140
2012,"dav. Hannover, Lhst.",Rumänien,Veränderung gegenüber 2005 in Prozent,K03241001,263
2012,"dav. Hannover, Umland",Rumänien,Veränderung gegenüber 2005 in Prozent,K03241999,36
2012,Diepholz,Rumänien,Veränderung gegenüber 2005 in Prozent,K03251,442
2012,Hameln-Pyrmont,Rumänien,Veränderung gegenüber 2005 in Prozent,K03252,242
2012,Hildesheim,Rumänien,Veränderung gegenüber 2005 in Prozent,K03254,71
2012,Holzminden,Rumänien,Veränderung gegenüber 2005 in Prozent,K03255,93
2012,Nienburg (Weser),Rumänien,Veränderung gegenüber 2005 in Prozent,K03256,385
2012,Schaumburg,Rumänien,Veränderung gegenüber 2005 in Prozent,K03257,41
2012,Statistische Region Hannover,Rumänien,Veränderung gegenüber 2005 in Prozent,K032,155
2012,Celle,Rumänien,Veränderung gegenüber 2005 in Prozent,K03351,91
2012,Cuxhaven,Rumänien,Veränderung gegenüber 2005 in Prozent,K03352,56
2012,Harburg,Rumänien,Veränderung gegenüber 2005 in Prozent,K03353,71
2012,Lüchow-Dannenberg,Rumänien,Veränderung gegenüber 2005 in Prozent,K03354,1225
2012,Lüneburg,Rumänien,Veränderung gegenüber 2005 in Prozent,K03355,249
2012,Osterholz,Rumänien,Veränderung gegenüber 2005 in Prozent,K03356,119
2012,Rotenburg (Wümme),Rumänien,Veränderung gegenüber 2005 in Prozent,K03357,232
2012,Heidekreis,Rumänien,Veränderung gegenüber 2005 in Prozent,K03358,110
2012,Stade,Rumänien,Veränderung gegenüber 2005 in Prozent,K03359,131
2012,Uelzen,Rumänien,Veränderung gegenüber 2005 in Prozent,K03360,191
2012,Verden,Rumänien,Veränderung gegenüber 2005 in Prozent,K03361,171
2012,Statistische Region Lüneburg,Rumänien,Veränderung gegenüber 2005 in Prozent,K033,143
2012,"Delmenhorst, Stadt",Rumänien,Veränderung gegenüber 2005 in Prozent,K03401,231
2012,"Emden, Stadt",Rumänien,Veränderung gegenüber 2005 in Prozent,K03402,162
2012,"Oldenburg (Oldb), Stadt",Rumänien,Veränderung gegenüber 2005 in Prozent,K03403,73
2012,"Osnabrück, Stadt",Rumänien,Veränderung gegenüber 2005 in Prozent,K03404,603
2012,"Wilhelmshaven, Stadt",Rumänien,Veränderung gegenüber 2005 in Prozent,K03405,553
2012,Ammerland,Rumänien,Veränderung gegenüber 2005 in Prozent,K03451,444
2012,Aurich,Rumänien,Veränderung gegenüber 2005 in Prozent,K03452,226
2012,Cloppenburg,Rumänien,Veränderung gegenüber 2005 in Prozent,K03453,3997
2012,Emsland,Rumänien,Veränderung gegenüber 2005 in Prozent,K03454,1757
2012,Friesland,Rumänien,Veränderung gegenüber 2005 in Prozent,K03455,104
2012,Grafschaft Bentheim,Rumänien,Veränderung gegenüber 2005 in Prozent,K03456,435
2012,Leer,Rumänien,Veränderung gegenüber 2005 in Prozent,K03457,124
2012,Oldenburg,Rumänien,Veränderung gegenüber 2005 in Prozent,K03458,1039
2012,Osnabrück,Rumänien,Veränderung gegenüber 2005 in Prozent,K03459,727
2012,Vechta,Rumänien,Veränderung gegenüber 2005 in Prozent,K03460,794
2012,Wesermarsch,Rumänien,Veränderung gegenüber 2005 in Prozent,K03461,58
2012,Wittmund,Rumänien,Veränderung gegenüber 2005 in Prozent,K03462,363
2012,Statistische Region Weser-Ems,Rumänien,Veränderung gegenüber 2005 in Prozent,K034,630
2012,Niedersachsen,Rumänien,Veränderung gegenüber 2005 in Prozent,K030,262
2013,"Braunschweig, Stadt",Rumänien,Veränderung gegenüber 2005 in Prozent,K03101,13
2013,"Salzgitter, Stadt",Rumänien,Veränderung gegenüber 2005 in Prozent,K03102,103
2013,"Wolfsburg, Stadt",Rumänien,Veränderung gegenüber 2005 in Prozent,K03103,108
2013,Gifhorn,Rumänien,Veränderung gegenüber 2005 in Prozent,K03151,141
2013,Goslar,Rumänien,Veränderung gegenüber 2005 in Prozent,K03153,172
2013,Helmstedt,Rumänien,Veränderung gegenüber 2005 in Prozent,K03154,256
2013,Northeim,Rumänien,Veränderung gegenüber 2005 in Prozent,K03155,285
2013,Peine,Rumänien,Veränderung gegenüber 2005 in Prozent,K03157,141
2013,Wolfenbüttel,Rumänien,Veränderung gegenüber 2005 in Prozent,K03158,246
2013,Göttingen,Rumänien,Veränderung gegenüber 2005 in Prozent,K03159,75
2013,Statistische Region Braunschweig,Rumänien,Veränderung gegenüber 2005 in Prozent,K031,96
2013,Region Hannover,Rumänien,Veränderung gegenüber 2005 in Prozent,K03241,219
2013,"dav. Hannover, Lhst.",Rumänien,Veränderung gegenüber 2005 in Prozent,K03241001,368
2013,"dav. Hannover, Umland",Rumänien,Veränderung gegenüber 2005 in Prozent,K03241999,94
2013,Diepholz,Rumänien,Veränderung gegenüber 2005 in Prozent,K03251,1137
2013,Hameln-Pyrmont,Rumänien,Veränderung gegenüber 2005 in Prozent,K03252,522
2013,Hildesheim,Rumänien,Veränderung gegenüber 2005 in Prozent,K03254,135
2013,Holzminden,Rumänien,Veränderung gegenüber 2005 in Prozent,K03255,43
2013,Nienburg (Weser),Rumänien,Veränderung gegenüber 2005 in Prozent,K03256,627
2013,Schaumburg,Rumänien,Veränderung gegenüber 2005 in Prozent,K03257,88
2013,Statistische Region Hannover,Rumänien,Veränderung gegenüber 2005 in Prozent,K032,278
2013,Celle,Rumänien,Veränderung gegenüber 2005 in Prozent,K03351,148
2013,Cuxhaven,Rumänien,Veränderung gegenüber 2005 in Prozent,K03352,118
2013,Harburg,Rumänien,Veränderung gegenüber 2005 in Prozent,K03353,63
2013,Lüchow-Dannenberg,Rumänien,Veränderung gegenüber 2005 in Prozent,K03354,1788
2013,Lüneburg,Rumänien,Veränderung gegenüber 2005 in Prozent,K03355,295
2013,Osterholz,Rumänien,Veränderung gegenüber 2005 in Prozent,K03356,153
2013,Rotenburg (Wümme),Rumänien,Veränderung gegenüber 2005 in Prozent,K03357,305
2013,Heidekreis,Rumänien,Veränderung gegenüber 2005 in Prozent,K03358,254
2013,Stade,Rumänien,Veränderung gegenüber 2005 in Prozent,K03359,255
2013,Uelzen,Rumänien,Veränderung gegenüber 2005 in Prozent,K03360,441
2013,Verden,Rumänien,Veränderung gegenüber 2005 in Prozent,K03361,339
2013,Statistische Region Lüneburg,Rumänien,Veränderung gegenüber 2005 in Prozent,K033,223
2013,"Delmenhorst, Stadt",Rumänien,Veränderung gegenüber 2005 in Prozent,K03401,250
2013,"Emden, Stadt",Rumänien,Veränderung gegenüber 2005 in Prozent,K03402,369
2013,"Oldenburg (Oldb), Stadt",Rumänien,Veränderung gegenüber 2005 in Prozent,K03403,116
2013,"Osnabrück, Stadt",Rumänien,Veränderung gegenüber 2005 in Prozent,K03404,673
2013,"Wilhelmshaven, Stadt",Rumänien,Veränderung gegenüber 2005 in Prozent,K03405,767
2013,Ammerland,Rumänien,Veränderung gegenüber 2005 in Prozent,K03451,544
2013,Aurich,Rumänien,Veränderung gegenüber 2005 in Prozent,K03452,461
2013,Cloppenburg,Rumänien,Veränderung gegenüber 2005 in Prozent,K03453,4318
2013,Emsland,Rumänien,Veränderung gegenüber 2005 in Prozent,K03454,2146
2013,Friesland,Rumänien,Veränderung gegenüber 2005 in Prozent,K03455,178
2013,Grafschaft Bentheim,Rumänien,Veränderung gegenüber 2005 in Prozent,K03456,419
2013,Leer,Rumänien,Veränderung gegenüber 2005 in Prozent,K03457,227
2013,Oldenburg,Rumänien,Veränderung gegenüber 2005 in Prozent,K03458,1386
2013,Osnabrück,Rumänien,Veränderung gegenüber 2005 in Prozent,K03459,890
2013,Vechta,Rumänien,Veränderung gegenüber 2005 in Prozent,K03460,867
2013,Wesermarsch,Rumänien,Veränderung gegenüber 2005 in Prozent,K03461,93
2013,Wittmund,Rumänien,Veränderung gegenüber 2005 in Prozent,K03462,525
2013,Statistische Region Weser-Ems,Rumänien,Veränderung gegenüber 2005 in Prozent,K034,767
2013,Niedersachsen,Rumänien,Veränderung gegenüber 2005 in Prozent,K030,362
2014,"Braunschweig, Stadt",Rumänien,Veränderung gegenüber 2005 in Prozent,K03101,25
2014,"Salzgitter, Stadt",Rumänien,Veränderung gegenüber 2005 in Prozent,K03102,243
2014,"Wolfsburg, Stadt",Rumänien,Veränderung gegenüber 2005 in Prozent,K03103,224
2014,Gifhorn,Rumänien,Veränderung gegenüber 2005 in Prozent,K03151,285
2014,Goslar,Rumänien,Veränderung gegenüber 2005 in Prozent,K03153,261
2014,Helmstedt,Rumänien,Veränderung gegenüber 2005 in Prozent,K03154,361
2014,Northeim,Rumänien,Veränderung gegenüber 2005 in Prozent,K03155,364
2014,Peine,Rumänien,Veränderung gegenüber 2005 in Prozent,K03157,284
2014,Wolfenbüttel,Rumänien,Veränderung gegenüber 2005 in Prozent,K03158,229
2014,Göttingen,Rumänien,Veränderung gegenüber 2005 in Prozent,K03159,155
2014,Statistische Region Braunschweig,Rumänien,Veränderung gegenüber 2005 in Prozent,K031,173
2014,Region Hannover,Rumänien,Veränderung gegenüber 2005 in Prozent,K03241,335
2014,"dav. Hannover, Lhst.",Rumänien,Veränderung gegenüber 2005 in Prozent,K03241001,521
2014,"dav. Hannover, Umland",Rumänien,Veränderung gegenüber 2005 in Prozent,K03241999,178
2014,Diepholz,Rumänien,Veränderung gegenüber 2005 in Prozent,K03251,1237
2014,Hameln-Pyrmont,Rumänien,Veränderung gegenüber 2005 in Prozent,K03252,967
2014,Hildesheim,Rumänien,Veränderung gegenüber 2005 in Prozent,K03254,248
2014,Holzminden,Rumänien,Veränderung gegenüber 2005 in Prozent,K03255,43
2014,Nienburg (Weser),Rumänien,Veränderung gegenüber 2005 in Prozent,K03256,988
2014,Schaumburg,Rumänien,Veränderung gegenüber 2005 in Prozent,K03257,293
2014,Statistische Region Hannover,Rumänien,Veränderung gegenüber 2005 in Prozent,K032,420
2014,Celle,Rumänien,Veränderung gegenüber 2005 in Prozent,K03351,405
2014,Cuxhaven,Rumänien,Veränderung gegenüber 2005 in Prozent,K03352,526
2014,Harburg,Rumänien,Veränderung gegenüber 2005 in Prozent,K03353,90
2014,Lüchow-Dannenberg,Rumänien,Veränderung gegenüber 2005 in Prozent,K03354,1700
2014,Lüneburg,Rumänien,Veränderung gegenüber 2005 in Prozent,K03355,457
2014,Osterholz,Rumänien,Veränderung gegenüber 2005 in Prozent,K03356,266
2014,Rotenburg (Wümme),Rumänien,Veränderung gegenüber 2005 in Prozent,K03357,420
2014,Heidekreis,Rumänien,Veränderung gegenüber 2005 in Prozent,K03358,351
2014,Stade,Rumänien,Veränderung gegenüber 2005 in Prozent,K03359,416
2014,Uelzen,Rumänien,Veränderung gegenüber 2005 in Prozent,K03360,564
2014,Verden,Rumänien,Veränderung gegenüber 2005 in Prozent,K03361,557
2014,Statistische Region Lüneburg,Rumänien,Veränderung gegenüber 2005 in Prozent,K033,369
2014,"Delmenhorst, Stadt",Rumänien,Veränderung gegenüber 2005 in Prozent,K03401,900
2014,"Emden, Stadt",Rumänien,Veränderung gegenüber 2005 in Prozent,K03402,569
2014,"Oldenburg (Oldb), Stadt",Rumänien,Veränderung gegenüber 2005 in Prozent,K03403,199
2014,"Osnabrück, Stadt",Rumänien,Veränderung gegenüber 2005 in Prozent,K03404,849
2014,"Wilhelmshaven, Stadt",Rumänien,Veränderung gegenüber 2005 in Prozent,K03405,1273
2014,Ammerland,Rumänien,Veränderung gegenüber 2005 in Prozent,K03451,960
2014,Aurich,Rumänien,Veränderung gegenüber 2005 in Prozent,K03452,968
2014,Cloppenburg,Rumänien,Veränderung gegenüber 2005 in Prozent,K03453,6471
2014,Emsland,Rumänien,Veränderung gegenüber 2005 in Prozent,K03454,2674
2014,Friesland,Rumänien,Veränderung gegenüber 2005 in Prozent,K03455,291
2014,Grafschaft Bentheim,Rumänien,Veränderung gegenüber 2005 in Prozent,K03456,616
2014,Leer,Rumänien,Veränderung gegenüber 2005 in Prozent,K03457,376
2014,Oldenburg,Rumänien,Veränderung gegenüber 2005 in Prozent,K03458,2000
2014,Osnabrück,Rumänien,Veränderung gegenüber 2005 in Prozent,K03459,1234
2014,Vechta,Rumänien,Veränderung gegenüber 2005 in Prozent,K03460,1300
2014,Wesermarsch,Rumänien,Veränderung gegenüber 2005 in Prozent,K03461,130
2014,Wittmund,Rumänien,Veränderung gegenüber 2005 in Prozent,K03462,1000
2014,Statistische Region Weser-Ems,Rumänien,Veränderung gegenüber 2005 in Prozent,K034,1118
2014,Niedersachsen,Rumänien,Veränderung gegenüber 2005 in Prozent,K030,547
2015,"Braunschweig, Stadt",Rumänien,Veränderung gegenüber 2005 in Prozent,K03101,78
2015,"Salzgitter, Stadt",Rumänien,Veränderung gegenüber 2005 in Prozent,K03102,383
2015,"Wolfsburg, Stadt",Rumänien,Veränderung gegenüber 2005 in Prozent,K03103,305
2015,Gifhorn,Rumänien,Veränderung gegenüber 2005 in Prozent,K03151,420
2015,Goslar,Rumänien,Veränderung gegenüber 2005 in Prozent,K03153,389
2015,Helmstedt,Rumänien,Veränderung gegenüber 2005 in Prozent,K03154,856
2015,Northeim,Rumänien,Veränderung gegenüber 2005 in Prozent,K03155,538
2015,Peine,Rumänien,Veränderung gegenüber 2005 in Prozent,K03157,591
2015,Wolfenbüttel,Rumänien,Veränderung gegenüber 2005 in Prozent,K03158,358
2015,Göttingen,Rumänien,Veränderung gegenüber 2005 in Prozent,K03159,252
2015,Statistische Region Braunschweig,Rumänien,Veränderung gegenüber 2005 in Prozent,K031,288
2015,Region Hannover,Rumänien,Veränderung gegenüber 2005 in Prozent,K03241,495
2015,"dav. Hannover, Lhst.",Rumänien,Veränderung gegenüber 2005 in Prozent,K03241001,693
2015,"dav. Hannover, Umland",Rumänien,Veränderung gegenüber 2005 in Prozent,K03241999,329
2015,Diepholz,Rumänien,Veränderung gegenüber 2005 in Prozent,K03251,1581
2015,Hameln-Pyrmont,Rumänien,Veränderung gegenüber 2005 in Prozent,K03252,1235
2015,Hildesheim,Rumänien,Veränderung gegenüber 2005 in Prozent,K03254,373
2015,Holzminden,Rumänien,Veränderung gegenüber 2005 in Prozent,K03255,50
2015,Nienburg (Weser),Rumänien,Veränderung gegenüber 2005 in Prozent,K03256,1300
2015,Schaumburg,Rumänien,Veränderung gegenüber 2005 in Prozent,K03257,475
2015,Statistische Region Hannover,Rumänien,Veränderung gegenüber 2005 in Prozent,K032,595
2015,Celle,Rumänien,Veränderung gegenüber 2005 in Prozent,K03351,492
2015,Cuxhaven,Rumänien,Veränderung gegenüber 2005 in Prozent,K03352,572
2015,Harburg,Rumänien,Veränderung gegenüber 2005 in Prozent,K03353,104
2015,Lüchow-Dannenberg,Rumänien,Veränderung gegenüber 2005 in Prozent,K03354,750
2015,Lüneburg,Rumänien,Veränderung gegenüber 2005 in Prozent,K03355,543
2015,Osterholz,Rumänien,Veränderung gegenüber 2005 in Prozent,K03356,325
2015,Rotenburg (Wümme),Rumänien,Veränderung gegenüber 2005 in Prozent,K03357,505
2015,Heidekreis,Rumänien,Veränderung gegenüber 2005 in Prozent,K03358,595
2015,Stade,Rumänien,Veränderung gegenüber 2005 in Prozent,K03359,556
2015,Uelzen,Rumänien,Veränderung gegenüber 2005 in Prozent,K03360,709
2015,Verden,Rumänien,Veränderung gegenüber 2005 in Prozent,K03361,775
2015,Statistische Region Lüneburg,Rumänien,Veränderung gegenüber 2005 in Prozent,K033,448
2015,"Delmenhorst, Stadt",Rumänien,Veränderung gegenüber 2005 in Prozent,K03401,1854
2015,"Emden, Stadt",Rumänien,Veränderung gegenüber 2005 in Prozent,K03402,779
2015,"Oldenburg (Oldb), Stadt",Rumänien,Veränderung gegenüber 2005 in Prozent,K03403,347
2015,"Osnabrück, Stadt",Rumänien,Veränderung gegenüber 2005 in Prozent,K03404,1061
2015,"Wilhelmshaven, Stadt",Rumänien,Veränderung gegenüber 2005 in Prozent,K03405,1767
2015,Ammerland,Rumänien,Veränderung gegenüber 2005 in Prozent,K03451,1348
2015,Aurich,Rumänien,Veränderung gegenüber 2005 in Prozent,K03452,1500
2015,Cloppenburg,Rumänien,Veränderung gegenüber 2005 in Prozent,K03453,7474
2015,Emsland,Rumänien,Veränderung gegenüber 2005 in Prozent,K03454,3738
2015,Friesland,Rumänien,Veränderung gegenüber 2005 in Prozent,K03455,404
2015,Grafschaft Bentheim,Rumänien,Veränderung gegenüber 2005 in Prozent,K03456,900
2015,Leer,Rumänien,Veränderung gegenüber 2005 in Prozent,K03457,557
2015,Oldenburg,Rumänien,Veränderung gegenüber 2005 in Prozent,K03458,2525
2015,Osnabrück,Rumänien,Veränderung gegenüber 2005 in Prozent,K03459,1848
2015,Vechta,Rumänien,Veränderung gegenüber 2005 in Prozent,K03460,1722
2015,Wesermarsch,Rumänien,Veränderung gegenüber 2005 in Prozent,K03461,190
2015,Wittmund,Rumänien,Veränderung gegenüber 2005 in Prozent,K03462,1575
2015,Statistische Region Weser-Ems,Rumänien,Veränderung gegenüber 2005 in Prozent,K034,1533
2015,Niedersachsen,Rumänien,Veränderung gegenüber 2005 in Prozent,K030,759
2016,"Braunschweig, Stadt",Rumänien,Veränderung gegenüber 2005 in Prozent,K03101,102
2016,"Salzgitter, Stadt",Rumänien,Veränderung gegenüber 2005 in Prozent,K03102,588
2016,"Wolfsburg, Stadt",Rumänien,Veränderung gegenüber 2005 in Prozent,K03103,374
2016,Gifhorn,Rumänien,Veränderung gegenüber 2005 in Prozent,K03151,474
2016,Goslar,Rumänien,Veränderung gegenüber 2005 in Prozent,K03153,541
2016,Helmstedt,Rumänien,Veränderung gegenüber 2005 in Prozent,K03154,1233
2016,Northeim,Rumänien,Veränderung gegenüber 2005 in Prozent,K03155,759
2016,Peine,Rumänien,Veränderung gegenüber 2005 in Prozent,K03157,838
2016,Wolfenbüttel,Rumänien,Veränderung gegenüber 2005 in Prozent,K03158,338
2016,Göttingen,Rumänien,Veränderung gegenüber 2005 in Prozent,K03159,284
2016,Statistische Region Braunschweig,Rumänien,Veränderung gegenüber 2005 in Prozent,K031,380
2016,Region Hannover,Rumänien,Veränderung gegenüber 2005 in Prozent,K03241,665
2016,"dav. Hannover, Lhst.",Rumänien,Veränderung gegenüber 2005 in Prozent,K03241001,925
2016,"dav. Hannover, Umland",Rumänien,Veränderung gegenüber 2005 in Prozent,K03241999,445
2016,Diepholz,Rumänien,Veränderung gegenüber 2005 in Prozent,K03251,1586
2016,Hameln-Pyrmont,Rumänien,Veränderung gegenüber 2005 in Prozent,K03252,1709
2016,Hildesheim,Rumänien,Veränderung gegenüber 2005 in Prozent,K03254,465
2016,Holzminden,Rumänien,Veränderung gegenüber 2005 in Prozent,K03255,79
2016,Nienburg (Weser),Rumänien,Veränderung gegenüber 2005 in Prozent,K03256,2461
2016,Schaumburg,Rumänien,Veränderung gegenüber 2005 in Prozent,K03257,561
2016,Statistische Region Hannover,Rumänien,Veränderung gegenüber 2005 in Prozent,K032,786
2016,Celle,Rumänien,Veränderung gegenüber 2005 in Prozent,K03351,560
2016,Cuxhaven,Rumänien,Veränderung gegenüber 2005 in Prozent,K03352,1156
2016,Harburg,Rumänien,Veränderung gegenüber 2005 in Prozent,K03353,257
2016,Lüchow-Dannenberg,Rumänien,Veränderung gegenüber 2005 in Prozent,K03354,1463
2016,Lüneburg,Rumänien,Veränderung gegenüber 2005 in Prozent,K03355,859
2016,Osterholz,Rumänien,Veränderung gegenüber 2005 in Prozent,K03356,338
2016,Rotenburg (Wümme),Rumänien,Veränderung gegenüber 2005 in Prozent,K03357,686
2016,Heidekreis,Rumänien,Veränderung gegenüber 2005 in Prozent,K03358,827
2016,Stade,Rumänien,Veränderung gegenüber 2005 in Prozent,K03359,894
2016,Uelzen,Rumänien,Veränderung gegenüber 2005 in Prozent,K03360,900
2016,Verden,Rumänien,Veränderung gegenüber 2005 in Prozent,K03361,1114
2016,Statistische Region Lüneburg,Rumänien,Veränderung gegenüber 2005 in Prozent,K033,679
2016,"Delmenhorst, Stadt",Rumänien,Veränderung gegenüber 2005 in Prozent,K03401,2400
2016,"Emden, Stadt",Rumänien,Veränderung gegenüber 2005 in Prozent,K03402,951
2016,"Oldenburg (Oldb), Stadt",Rumänien,Veränderung gegenüber 2005 in Prozent,K03403,387
2016,"Osnabrück, Stadt",Rumänien,Veränderung gegenüber 2005 in Prozent,K03404,1120
2016,"Wilhelmshaven, Stadt",Rumänien,Veränderung gegenüber 2005 in Prozent,K03405,1933
2016,Ammerland,Rumänien,Veränderung gegenüber 2005 in Prozent,K03451,1800
2016,Aurich,Rumänien,Veränderung gegenüber 2005 in Prozent,K03452,1852
2016,Cloppenburg,Rumänien,Veränderung gegenüber 2005 in Prozent,K03453,10076
2016,Emsland,Rumänien,Veränderung gegenüber 2005 in Prozent,K03454,4637
2016,Friesland,Rumänien,Veränderung gegenüber 2005 in Prozent,K03455,422
2016,Grafschaft Bentheim,Rumänien,Veränderung gegenüber 2005 in Prozent,K03456,1332
2016,Leer,Rumänien,Veränderung gegenüber 2005 in Prozent,K03457,666
2016,Oldenburg,Rumänien,Veränderung gegenüber 2005 in Prozent,K03458,3831
2016,Osnabrück,Rumänien,Veränderung gegenüber 2005 in Prozent,K03459,2507
2016,Vechta,Rumänien,Veränderung gegenüber 2005 in Prozent,K03460,2086
2016,Wesermarsch,Rumänien,Veränderung gegenüber 2005 in Prozent,K03461,256
2016,Wittmund,Rumänien,Veränderung gegenüber 2005 in Prozent,K03462,1713
2016,Statistische Region Weser-Ems,Rumänien,Veränderung gegenüber 2005 in Prozent,K034,1969
2016,Niedersachsen,Rumänien,Veränderung gegenüber 2005 in Prozent,K030,1001
2017,"Braunschweig, Stadt",Rumänien,Veränderung gegenüber 2005 in Prozent,K03101,112
2017,"Salzgitter, Stadt",Rumänien,Veränderung gegenüber 2005 in Prozent,K03102,871
2017,"Wolfsburg, Stadt",Rumänien,Veränderung gegenüber 2005 in Prozent,K03103,445
2017,Gifhorn,Rumänien,Veränderung gegenüber 2005 in Prozent,K03151,585
2017,Goslar,Rumänien,Veränderung gegenüber 2005 in Prozent,K03153,726
2017,Helmstedt,Rumänien,Veränderung gegenüber 2005 in Prozent,K03154,1789
2017,Northeim,Rumänien,Veränderung gegenüber 2005 in Prozent,K03155,772
2017,Peine,Rumänien,Veränderung gegenüber 2005 in Prozent,K03157,1041
2017,Wolfenbüttel,Rumänien,Veränderung gegenüber 2005 in Prozent,K03158,442
2017,Göttingen,Rumänien,Veränderung gegenüber 2005 in Prozent,K03159,296
2017,Statistische Region Braunschweig,Rumänien,Veränderung gegenüber 2005 in Prozent,K031,475
2017,Region Hannover,Rumänien,Veränderung gegenüber 2005 in Prozent,K03241,739
2017,"dav. Hannover, Lhst.",Rumänien,Veränderung gegenüber 2005 in Prozent,K03241001,975
2017,"dav. Hannover, Umland",Rumänien,Veränderung gegenüber 2005 in Prozent,K03241999,541
2017,Diepholz,Rumänien,Veränderung gegenüber 2005 in Prozent,K03251,1722
2017,Hameln-Pyrmont,Rumänien,Veränderung gegenüber 2005 in Prozent,K03252,1936
2017,Hildesheim,Rumänien,Veränderung gegenüber 2005 in Prozent,K03254,577
2017,Holzminden,Rumänien,Veränderung gegenüber 2005 in Prozent,K03255,114
2017,Nienburg (Weser),Rumänien,Veränderung gegenüber 2005 in Prozent,K03256,3082
2017,Schaumburg,Rumänien,Veränderung gegenüber 2005 in Prozent,K03257,705
2017,Statistische Region Hannover,Rumänien,Veränderung gegenüber 2005 in Prozent,K032,896
2017,Celle,Rumänien,Veränderung gegenüber 2005 in Prozent,K03351,660
2017,Cuxhaven,Rumänien,Veränderung gegenüber 2005 in Prozent,K03352,1323
2017,Harburg,Rumänien,Veränderung gegenüber 2005 in Prozent,K03353,432
2017,Lüchow-Dannenberg,Rumänien,Veränderung gegenüber 2005 in Prozent,K03354,1400
2017,Lüneburg,Rumänien,Veränderung gegenüber 2005 in Prozent,K03355,886
2017,Osterholz,Rumänien,Veränderung gegenüber 2005 in Prozent,K03356,509
2017,Rotenburg (Wümme),Rumänien,Veränderung gegenüber 2005 in Prozent,K03357,846
2017,Heidekreis,Rumänien,Veränderung gegenüber 2005 in Prozent,K03358,961
2017,Stade,Rumänien,Veränderung gegenüber 2005 in Prozent,K03359,1135
2017,Uelzen,Rumänien,Veränderung gegenüber 2005 in Prozent,K03360,1195
2017,Verden,Rumänien,Veränderung gegenüber 2005 in Prozent,K03361,1400
2017,Statistische Region Lüneburg,Rumänien,Veränderung gegenüber 2005 in Prozent,K033,848
2017,"Delmenhorst, Stadt",Rumänien,Veränderung gegenüber 2005 in Prozent,K03401,3438
2017,"Emden, Stadt",Rumänien,Veränderung gegenüber 2005 in Prozent,K03402,1169
2017,"Oldenburg (Oldb), Stadt",Rumänien,Veränderung gegenüber 2005 in Prozent,K03403,465
2017,"Osnabrück, Stadt",Rumänien,Veränderung gegenüber 2005 in Prozent,K03404,1315
2017,"Wilhelmshaven, Stadt",Rumänien,Veränderung gegenüber 2005 in Prozent,K03405,2267
2017,Ammerland,Rumänien,Veränderung gegenüber 2005 in Prozent,K03451,2340
2017,Aurich,Rumänien,Veränderung gegenüber 2005 in Prozent,K03452,2545
2017,Cloppenburg,Rumänien,Veränderung gegenüber 2005 in Prozent,K03453,9591
2017,Emsland,Rumänien,Veränderung gegenüber 2005 in Prozent,K03454,6005
2017,Friesland,Rumänien,Veränderung gegenüber 2005 in Prozent,K03455,661
2017,Grafschaft Bentheim,Rumänien,Veränderung gegenüber 2005 in Prozent,K03456,1481
2017,Leer,Rumänien,Veränderung gegenüber 2005 in Prozent,K03457,855
2017,Oldenburg,Rumänien,Veränderung gegenüber 2005 in Prozent,K03458,4608
2017,Osnabrück,Rumänien,Veränderung gegenüber 2005 in Prozent,K03459,3160
2017,Vechta,Rumänien,Veränderung gegenüber 2005 in Prozent,K03460,2458
2017,Wesermarsch,Rumänien,Veränderung gegenüber 2005 in Prozent,K03461,338
2017,Wittmund,Rumänien,Veränderung gegenüber 2005 in Prozent,K03462,2150
2017,Statistische Region Weser-Ems,Rumänien,Veränderung gegenüber 2005 in Prozent,K034,2364
2017,Niedersachsen,Rumänien,Veränderung gegenüber 2005 in Prozent,K030,1197
2018,"Braunschweig, Stadt",Rumänien,Veränderung gegenüber 2005 in Prozent,K03101,135
2018,"Salzgitter, Stadt",Rumänien,Veränderung gegenüber 2005 in Prozent,K03102,1254
2018,"Wolfsburg, Stadt",Rumänien,Veränderung gegenüber 2005 in Prozent,K03103,477
2018,Gifhorn,Rumänien,Veränderung gegenüber 2005 in Prozent,K03151,780
2018,Goslar,Rumänien,Veränderung gegenüber 2005 in Prozent,K03153,780
2018,Helmstedt,Rumänien,Veränderung gegenüber 2005 in Prozent,K03154,1761
2018,Northeim,Rumänien,Veränderung gegenüber 2005 in Prozent,K03155,913
2018,Peine,Rumänien,Veränderung gegenüber 2005 in Prozent,K03157,1353
2018,Wolfenbüttel,Rumänien,Veränderung gegenüber 2005 in Prozent,K03158,442
2018,Göttingen,Rumänien,Veränderung gegenüber 2005 in Prozent,K03159,409
2018,Statistische Region Braunschweig,Rumänien,Veränderung gegenüber 2005 in Prozent,K031,599
2018,Region Hannover,Rumänien,Veränderung gegenüber 2005 in Prozent,K03241,783
2018,"dav. Hannover, Lhst.",Rumänien,Veränderung gegenüber 2005 in Prozent,K03241001,991
2018,"dav. Hannover, Umland",Rumänien,Veränderung gegenüber 2005 in Prozent,K03241999,608
2018,Diepholz,Rumänien,Veränderung gegenüber 2005 in Prozent,K03251,2188
2018,Hameln-Pyrmont,Rumänien,Veränderung gegenüber 2005 in Prozent,K03252,2264
2018,Hildesheim,Rumänien,Veränderung gegenüber 2005 in Prozent,K03254,685
2018,Holzminden,Rumänien,Veränderung gegenüber 2005 in Prozent,K03255,257
2018,Nienburg (Weser),Rumänien,Veränderung gegenüber 2005 in Prozent,K03256,3794
2018,Schaumburg,Rumänien,Veränderung gegenüber 2005 in Prozent,K03257,824
2018,Statistische Region Hannover,Rumänien,Veränderung gegenüber 2005 in Prozent,K032,1010
2018,Celle,Rumänien,Veränderung gegenüber 2005 in Prozent,K03351,940
2018,Cuxhaven,Rumänien,Veränderung gegenüber 2005 in Prozent,K03352,1387
2018,Harburg,Rumänien,Veränderung gegenüber 2005 in Prozent,K03353,710
2018,Lüchow-Dannenberg,Rumänien,Veränderung gegenüber 2005 in Prozent,K03354,1525
2018,Lüneburg,Rumänien,Veränderung gegenüber 2005 in Prozent,K03355,1224
2018,Osterholz,Rumänien,Veränderung gegenüber 2005 in Prozent,K03356,509
2018,Rotenburg (Wümme),Rumänien,Veränderung gegenüber 2005 in Prozent,K03357,989
2018,Heidekreis,Rumänien,Veränderung gegenüber 2005 in Prozent,K03358,1400
2018,Stade,Rumänien,Veränderung gegenüber 2005 in Prozent,K03359,1400
2018,Uelzen,Rumänien,Veränderung gegenüber 2005 in Prozent,K03360,1377
2018,Verden,Rumänien,Veränderung gegenüber 2005 in Prozent,K03361,1614
2018,Statistische Region Lüneburg,Rumänien,Veränderung gegenüber 2005 in Prozent,K033,1085
2018,"Delmenhorst, Stadt",Rumänien,Veränderung gegenüber 2005 in Prozent,K03401,4035
2018,"Emden, Stadt",Rumänien,Veränderung gegenüber 2005 in Prozent,K03402,1297
2018,"Oldenburg (Oldb), Stadt",Rumänien,Veränderung gegenüber 2005 in Prozent,K03403,587
2018,"Osnabrück, Stadt",Rumänien,Veränderung gegenüber 2005 in Prozent,K03404,1358
2018,"Wilhelmshaven, Stadt",Rumänien,Veränderung gegenüber 2005 in Prozent,K03405,2667
2018,Ammerland,Rumänien,Veränderung gegenüber 2005 in Prozent,K03451,2660
2018,Aurich,Rumänien,Veränderung gegenüber 2005 in Prozent,K03452,2981
2018,Cloppenburg,Rumänien,Veränderung gegenüber 2005 in Prozent,K03453,13635
2018,Emsland,Rumänien,Veränderung gegenüber 2005 in Prozent,K03454,7880
2018,Friesland,Rumänien,Veränderung gegenüber 2005 in Prozent,K03455,835
2018,Grafschaft Bentheim,Rumänien,Veränderung gegenüber 2005 in Prozent,K03456,1589
2018,Leer,Rumänien,Veränderung gegenüber 2005 in Prozent,K03457,1043
2018,Oldenburg,Rumänien,Veränderung gegenüber 2005 in Prozent,K03458,4719
2018,Osnabrück,Rumänien,Veränderung gegenüber 2005 in Prozent,K03459,3858
2018,Vechta,Rumänien,Veränderung gegenüber 2005 in Prozent,K03460,3057
2018,Wesermarsch,Rumänien,Veränderung gegenüber 2005 in Prozent,K03461,313
2018,Wittmund,Rumänien,Veränderung gegenüber 2005 in Prozent,K03462,2338
2018,Statistische Region Weser-Ems,Rumänien,Veränderung gegenüber 2005 in Prozent,K034,2919
2018,Niedersachsen,Rumänien,Veränderung gegenüber 2005 in Prozent,K030,1456
2019,"Braunschweig, Stadt",Rumänien,Veränderung gegenüber 2005 in Prozent,K03101,156
2019,"Salzgitter, Stadt",Rumänien,Veränderung gegenüber 2005 in Prozent,K03102,1263
2019,"Wolfsburg, Stadt",Rumänien,Veränderung gegenüber 2005 in Prozent,K03103,522
2019,Gifhorn,Rumänien,Veränderung gegenüber 2005 in Prozent,K03151,1057
2019,Goslar,Rumänien,Veränderung gegenüber 2005 in Prozent,K03153,943
2019,Helmstedt,Rumänien,Veränderung gegenüber 2005 in Prozent,K03154,1650
2019,Northeim,Rumänien,Veränderung gegenüber 2005 in Prozent,K03155,1169
2019,Peine,Rumänien,Veränderung gegenüber 2005 in Prozent,K03157,1525
2019,Wolfenbüttel,Rumänien,Veränderung gegenüber 2005 in Prozent,K03158,421
2019,Göttingen,Rumänien,Veränderung gegenüber 2005 in Prozent,K03159,614
2019,Statistische Region Braunschweig,Rumänien,Veränderung gegenüber 2005 in Prozent,K031,696
2019,Region Hannover,Rumänien,Veränderung gegenüber 2005 in Prozent,K03241,839
2019,"dav. Hannover, Lhst.",Rumänien,Veränderung gegenüber 2005 in Prozent,K03241001,1009
2019,"dav. Hannover, Umland",Rumänien,Veränderung gegenüber 2005 in Prozent,K03241999,695
2019,Diepholz,Rumänien,Veränderung gegenüber 2005 in Prozent,K03251,2917
2019,Hameln-Pyrmont,Rumänien,Veränderung gegenüber 2005 in Prozent,K03252,2255
2019,Hildesheim,Rumänien,Veränderung gegenüber 2005 in Prozent,K03254,838
2019,Holzminden,Rumänien,Veränderung gegenüber 2005 in Prozent,K03255,364
2019,Nienburg (Weser),Rumänien,Veränderung gegenüber 2005 in Prozent,K03256,3476
2019,Schaumburg,Rumänien,Veränderung gegenüber 2005 in Prozent,K03257,959
2019,Statistische Region Hannover,Rumänien,Veränderung gegenüber 2005 in Prozent,K032,1105
2019,Celle,Rumänien,Veränderung gegenüber 2005 in Prozent,K03351,1120
2019,Cuxhaven,Rumänien,Veränderung gegenüber 2005 in Prozent,K03352,1387
2019,Harburg,Rumänien,Veränderung gegenüber 2005 in Prozent,K03353,1202
2019,Lüchow-Dannenberg,Rumänien,Veränderung gegenüber 2005 in Prozent,K03354,1588
2019,Lüneburg,Rumänien,Veränderung gegenüber 2005 in Prozent,K03355,1400
2019,Osterholz,Rumänien,Veränderung gegenüber 2005 in Prozent,K03356,494
2019,Rotenburg (Wümme),Rumänien,Veränderung gegenüber 2005 in Prozent,K03357,1195
2019,Heidekreis,Rumänien,Veränderung gegenüber 2005 in Prozent,K03358,1717
2019,Stade,Rumänien,Veränderung gegenüber 2005 in Prozent,K03359,1688
2019,Uelzen,Rumänien,Veränderung gegenüber 2005 in Prozent,K03360,1468
2019,Verden,Rumänien,Veränderung gegenüber 2005 in Prozent,K03361,1989
2019,Statistische Region Lüneburg,Rumänien,Veränderung gegenüber 2005 in Prozent,K033,1344
2019,"Delmenhorst, Stadt",Rumänien,Veränderung gegenüber 2005 in Prozent,K03401,4208
2019,"Emden, Stadt",Rumänien,Veränderung gegenüber 2005 in Prozent,K03402,1362
2019,"Oldenburg (Oldb), Stadt",Rumänien,Veränderung gegenüber 2005 in Prozent,K03403,739
2019,"Osnabrück, Stadt",Rumänien,Veränderung gegenüber 2005 in Prozent,K03404,1553
2019,"Wilhelmshaven, Stadt",Rumänien,Veränderung gegenüber 2005 in Prozent,K03405,3400
2019,Ammerland,Rumänien,Veränderung gegenüber 2005 in Prozent,K03451,3040
2019,Aurich,Rumänien,Veränderung gegenüber 2005 in Prozent,K03452,3368
2019,Cloppenburg,Rumänien,Veränderung gegenüber 2005 in Prozent,K03453,13179
2019,Emsland,Rumänien,Veränderung gegenüber 2005 in Prozent,K03454,8946
2019,Friesland,Rumänien,Veränderung gegenüber 2005 in Prozent,K03455,704
2019,Grafschaft Bentheim,Rumänien,Veränderung gegenüber 2005 in Prozent,K03456,1859
2019,Leer,Rumänien,Veränderung gegenüber 2005 in Prozent,K03457,1240
2019,Oldenburg,Rumänien,Veränderung gegenüber 2005 in Prozent,K03458,6581
2019,Osnabrück,Rumänien,Veränderung gegenüber 2005 in Prozent,K03459,4144
2019,Vechta,Rumänien,Veränderung gegenüber 2005 in Prozent,K03460,3412
2019,Wesermarsch,Rumänien,Veränderung gegenüber 2005 in Prozent,K03461,419
2019,Wittmund,Rumänien,Veränderung gegenüber 2005 in Prozent,K03462,2713
2019,Statistische Region Weser-Ems,Rumänien,Veränderung gegenüber 2005 in Prozent,K034,3249
2019,Niedersachsen,Rumänien,Veränderung gegenüber 2005 in Prozent,K030,1644
2020,"Braunschweig, Stadt",Rumänien,Veränderung gegenüber 2005 in Prozent,K03101,139
2020,"Salzgitter, Stadt",Rumänien,Veränderung gegenüber 2005 in Prozent,K03102,1333
2020,"Wolfsburg, Stadt",Rumänien,Veränderung gegenüber 2005 in Prozent,K03103,509
2020,Gifhorn,Rumänien,Veränderung gegenüber 2005 in Prozent,K03151,1363
2020,Goslar,Rumänien,Veränderung gegenüber 2005 in Prozent,K03153,1280
2020,Helmstedt,Rumänien,Veränderung gegenüber 2005 in Prozent,K03154,2094
2020,Northeim,Rumänien,Veränderung gegenüber 2005 in Prozent,K03155,1169
2020,Peine,Rumänien,Veränderung gegenüber 2005 in Prozent,K03157,1806
2020,Wolfenbüttel,Rumänien,Veränderung gegenüber 2005 in Prozent,K03158,546
2020,Göttingen,Rumänien,Veränderung gegenüber 2005 in Prozent,K03159,762
2020,Statistische Region Braunschweig,Rumänien,Veränderung gegenüber 2005 in Prozent,K031,793
2020,Region Hannover,Rumänien,Veränderung gegenüber 2005 in Prozent,K03241,854
2020,"dav. Hannover, Lhst.",Rumänien,Veränderung gegenüber 2005 in Prozent,K03241001,969
2020,"dav. Hannover, Umland",Rumänien,Veränderung gegenüber 2005 in Prozent,K03241999,756
2020,Diepholz,Rumänien,Veränderung gegenüber 2005 in Prozent,K03251,3366
2020,Hameln-Pyrmont,Rumänien,Veränderung gegenüber 2005 in Prozent,K03252,2555
2020,Hildesheim,Rumänien,Veränderung gegenüber 2005 in Prozent,K03254,954
2020,Holzminden,Rumänien,Veränderung gegenüber 2005 in Prozent,K03255,971
2020,Nienburg (Weser),Rumänien,Veränderung gegenüber 2005 in Prozent,K03256,3461
2020,Schaumburg,Rumänien,Veränderung gegenüber 2005 in Prozent,K03257,1112
2020,Statistische Region Hannover,Rumänien,Veränderung gegenüber 2005 in Prozent,K032,1184
2020,Celle,Rumänien,Veränderung gegenüber 2005 in Prozent,K03351,1107
2020,Cuxhaven,Rumänien,Veränderung gegenüber 2005 in Prozent,K03352,1400
2020,Harburg,Rumänien,Veränderung gegenüber 2005 in Prozent,K03353,1376
2020,Lüchow-Dannenberg,Rumänien,Veränderung gegenüber 2005 in Prozent,K03354,1775
2020,Lüneburg,Rumänien,Veränderung gegenüber 2005 in Prozent,K03355,1386
2020,Osterholz,Rumänien,Veränderung gegenüber 2005 in Prozent,K03356,509
2020,Rotenburg (Wümme),Rumänien,Veränderung gegenüber 2005 in Prozent,K03357,1329
2020,Heidekreis,Rumänien,Veränderung gegenüber 2005 in Prozent,K03358,2254
2020,Stade,Rumänien,Veränderung gegenüber 2005 in Prozent,K03359,1712
2020,Uelzen,Rumänien,Veränderung gegenüber 2005 in Prozent,K03360,1491
2020,Verden,Rumänien,Veränderung gegenüber 2005 in Prozent,K03361,2346
2020,Statistische Region Lüneburg,Rumänien,Veränderung gegenüber 2005 in Prozent,K033,1464
2020,"Delmenhorst, Stadt",Rumänien,Veränderung gegenüber 2005 in Prozent,K03401,4573
2020,"Emden, Stadt",Rumänien,Veränderung gegenüber 2005 in Prozent,K03402,1477
2020,"Oldenburg (Oldb), Stadt",Rumänien,Veränderung gegenüber 2005 in Prozent,K03403,887
2020,"Osnabrück, Stadt",Rumänien,Veränderung gegenüber 2005 in Prozent,K03404,1646
2020,"Wilhelmshaven, Stadt",Rumänien,Veränderung gegenüber 2005 in Prozent,K03405,3567
2020,Ammerland,Rumänien,Veränderung gegenüber 2005 in Prozent,K03451,3580
2020,Aurich,Rumänien,Veränderung gegenüber 2005 in Prozent,K03452,3481
2020,Cloppenburg,Rumänien,Veränderung gegenüber 2005 in Prozent,K03453,16532
2020,Emsland,Rumänien,Veränderung gegenüber 2005 in Prozent,K03454,9216
2020,Friesland,Rumänien,Veränderung gegenüber 2005 in Prozent,K03455,791
2020,Grafschaft Bentheim,Rumänien,Veränderung gegenüber 2005 in Prozent,K03456,2184
2020,Leer,Rumänien,Veränderung gegenüber 2005 in Prozent,K03457,1232
2020,Oldenburg,Rumänien,Veränderung gegenüber 2005 in Prozent,K03458,6844
2020,Osnabrück,Rumänien,Veränderung gegenüber 2005 in Prozent,K03459,4843
2020,Vechta,Rumänien,Veränderung gegenüber 2005 in Prozent,K03460,3731
2020,Wesermarsch,Rumänien,Veränderung gegenüber 2005 in Prozent,K03461,469
2020,Wittmund,Rumänien,Veränderung gegenüber 2005 in Prozent,K03462,3275
2020,Statistische Region Weser-Ems,Rumänien,Veränderung gegenüber 2005 in Prozent,K034,3609
2020,Niedersachsen,Rumänien,Veränderung gegenüber 2005 in Prozent,K030,1812
2021,"Braunschweig, Stadt",Rumänien,Veränderung gegenüber 2005 in Prozent,K03101,173
2021,"Salzgitter, Stadt",Rumänien,Veränderung gegenüber 2005 in Prozent,K03102,1375
2021,"Wolfsburg, Stadt",Rumänien,Veränderung gegenüber 2005 in Prozent,K03103,496
2021,Gifhorn,Rumänien,Veränderung gegenüber 2005 in Prozent,K03151,1557
2021,Goslar,Rumänien,Veränderung gegenüber 2005 in Prozent,K03153,1280
2021,Helmstedt,Rumänien,Veränderung gegenüber 2005 in Prozent,K03154,2289
2021,Northeim,Rumänien,Veränderung gegenüber 2005 in Prozent,K03155,1144
2021,Peine,Rumänien,Veränderung gegenüber 2005 in Prozent,K03157,1947
2021,Wolfenbüttel,Rumänien,Veränderung gegenüber 2005 in Prozent,K03158,546
2021,Göttingen,Rumänien,Veränderung gegenüber 2005 in Prozent,K03159,847
2021,Statistische Region Braunschweig,Rumänien,Veränderung gegenüber 2005 in Prozent,K031,846
2021,Region Hannover,Rumänien,Veränderung gegenüber 2005 in Prozent,K03241,943
2021,"dav. Hannover, Lhst.",Rumänien,Veränderung gegenüber 2005 in Prozent,K03241001,1103
2021,"dav. Hannover, Umland",Rumänien,Veränderung gegenüber 2005 in Prozent,K03241999,808
2021,Diepholz,Rumänien,Veränderung gegenüber 2005 in Prozent,K03251,3773
2021,Hameln-Pyrmont,Rumänien,Veränderung gegenüber 2005 in Prozent,K03252,2727
2021,Hildesheim,Rumänien,Veränderung gegenüber 2005 in Prozent,K03254,1046
2021,Holzminden,Rumänien,Veränderung gegenüber 2005 in Prozent,K03255,1507
2021,Nienburg (Weser),Rumänien,Veränderung gegenüber 2005 in Prozent,K03256,3945
2021,Schaumburg,Rumänien,Veränderung gegenüber 2005 in Prozent,K03257,1137
2021,Statistische Region Hannover,Rumänien,Veränderung gegenüber 2005 in Prozent,K032,1310
2021,Celle,Rumänien,Veränderung gegenüber 2005 in Prozent,K03351,1287
2021,Cuxhaven,Rumänien,Veränderung gegenüber 2005 in Prozent,K03352,1605
2021,Harburg,Rumänien,Veränderung gegenüber 2005 in Prozent,K03353,1618
2021,Lüchow-Dannenberg,Rumänien,Veränderung gegenüber 2005 in Prozent,K03354,2150
2021,Lüneburg,Rumänien,Veränderung gegenüber 2005 in Prozent,K03355,1454
2021,Osterholz,Rumänien,Veränderung gegenüber 2005 in Prozent,K03356,666
2021,Rotenburg (Wümme),Rumänien,Veränderung gegenüber 2005 in Prozent,K03357,1552
2021,Heidekreis,Rumänien,Veränderung gegenüber 2005 in Prozent,K03358,2607
2021,Stade,Rumänien,Veränderung gegenüber 2005 in Prozent,K03359,1765
2021,Uelzen,Rumänien,Veränderung gegenüber 2005 in Prozent,K03360,1673
2021,Verden,Rumänien,Veränderung gegenüber 2005 in Prozent,K03361,2829
2021,Statistische Region Lüneburg,Rumänien,Veränderung gegenüber 2005 in Prozent,K033,1668
2021,"Delmenhorst, Stadt",Rumänien,Veränderung gegenüber 2005 in Prozent,K03401,5112
2021,"Emden, Stadt",Rumänien,Veränderung gegenüber 2005 in Prozent,K03402,1349
2021,"Oldenburg (Oldb), Stadt",Rumänien,Veränderung gegenüber 2005 in Prozent,K03403,1017
2021,"Osnabrück, Stadt",Rumänien,Veränderung gegenüber 2005 in Prozent,K03404,1764
2021,"Wilhelmshaven, Stadt",Rumänien,Veränderung gegenüber 2005 in Prozent,K03405,4000
2021,Ammerland,Rumänien,Veränderung gegenüber 2005 in Prozent,K03451,3040
2021,Aurich,Rumänien,Veränderung gegenüber 2005 in Prozent,K03452,3642
2021,Cloppenburg,Rumänien,Veränderung gegenüber 2005 in Prozent,K03453,21341
2021,Emsland,Rumänien,Veränderung gegenüber 2005 in Prozent,K03454,9972
2021,Friesland,Rumänien,Veränderung gegenüber 2005 in Prozent,K03455,943
2021,Grafschaft Bentheim,Rumänien,Veränderung gegenüber 2005 in Prozent,K03456,2535
2021,Leer,Rumänien,Veränderung gegenüber 2005 in Prozent,K03457,1285
2021,Oldenburg,Rumänien,Veränderung gegenüber 2005 in Prozent,K03458,7358
2021,Osnabrück,Rumänien,Veränderung gegenüber 2005 in Prozent,K03459,5423
2021,Vechta,Rumänien,Veränderung gegenüber 2005 in Prozent,K03460,4051
2021,Wesermarsch,Rumänien,Veränderung gegenüber 2005 in Prozent,K03461,488
2021,Wittmund,Rumänien,Veränderung gegenüber 2005 in Prozent,K03462,3213
2021,Statistische Region Weser-Ems,Rumänien,Veränderung gegenüber 2005 in Prozent,K034,4029
2021,Niedersachsen,Rumänien,Veränderung gegenüber 2005 in Prozent,K030,2015
2022,"Braunschweig, Stadt",Rumänien,Veränderung gegenüber 2005 in Prozent,K03101,167
2022,"Salzgitter, Stadt",Rumänien,Veränderung gegenüber 2005 in Prozent,K03102,1417
2022,"Wolfsburg, Stadt",Rumänien,Veränderung gegenüber 2005 in Prozent,K03103,567
2022,Gifhorn,Rumänien,Veränderung gegenüber 2005 in Prozent,K03151,1548
2022,Goslar,Rumänien,Veränderung gegenüber 2005 in Prozent,K03153,1346
2022,Helmstedt,Rumänien,Veränderung gegenüber 2005 in Prozent,K03154,2178
2022,Northeim,Rumänien,Veränderung gegenüber 2005 in Prozent,K03155,1233
2022,Peine,Rumänien,Veränderung gegenüber 2005 in Prozent,K03157,2103
2022,Wolfenbüttel,Rumänien,Veränderung gegenüber 2005 in Prozent,K03158,713
2022,Göttingen,Rumänien,Veränderung gegenüber 2005 in Prozent,K03159,909
2022,Statistische Region Braunschweig,Rumänien,Veränderung gegenüber 2005 in Prozent,K031,886
2022,Region Hannover,Rumänien,Veränderung gegenüber 2005 in Prozent,K03241,1000
2022,"dav. Hannover, Lhst.",Rumänien,Veränderung gegenüber 2005 in Prozent,K03241001,1130
2022,"dav. Hannover, Umland",Rumänien,Veränderung gegenüber 2005 in Prozent,K03241999,891
2022,Diepholz,Rumänien,Veränderung gegenüber 2005 in Prozent,K03251,3892
2022,Hameln-Pyrmont,Rumänien,Veränderung gegenüber 2005 in Prozent,K03252,2691
2022,Hildesheim,Rumänien,Veränderung gegenüber 2005 in Prozent,K03254,1127
2022,Holzminden,Rumänien,Veränderung gegenüber 2005 in Prozent,K03255,1471
2022,Nienburg (Weser),Rumänien,Veränderung gegenüber 2005 in Prozent,K03256,4021
2022,Schaumburg,Rumänien,Veränderung gegenüber 2005 in Prozent,K03257,1264
2022,Statistische Region Hannover,Rumänien,Veränderung gegenüber 2005 in Prozent,K032,1372
2022,Celle,Rumänien,Veränderung gegenüber 2005 in Prozent,K03351,1447
2022,Cuxhaven,Rumänien,Veränderung gegenüber 2005 in Prozent,K03352,1759
2022,Harburg,Rumänien,Veränderung gegenüber 2005 in Prozent,K03353,1626
2022,Lüchow-Dannenberg,Rumänien,Veränderung gegenüber 2005 in Prozent,K03354,2088
2022,Lüneburg,Rumänien,Veränderung gegenüber 2005 in Prozent,K03355,1819
2022,Osterholz,Rumänien,Veränderung gegenüber 2005 in Prozent,K03356,728
2022,Rotenburg (Wümme),Rumänien,Veränderung gegenüber 2005 in Prozent,K03357,1668
2022,Heidekreis,Rumänien,Veränderung gegenüber 2005 in Prozent,K03358,2766
2022,Stade,Rumänien,Veränderung gegenüber 2005 in Prozent,K03359,1859
2022,Uelzen,Rumänien,Veränderung gegenüber 2005 in Prozent,K03360,1741
2022,Verden,Rumänien,Veränderung gegenüber 2005 in Prozent,K03361,3150
2022,Statistische Region Lüneburg,Rumänien,Veränderung gegenüber 2005 in Prozent,K033,1784
2022,"Delmenhorst, Stadt",Rumänien,Veränderung gegenüber 2005 in Prozent,K03401,5842
2022,"Emden, Stadt",Rumänien,Veränderung gegenüber 2005 in Prozent,K03402,1528
2022,"Oldenburg (Oldb), Stadt",Rumänien,Veränderung gegenüber 2005 in Prozent,K03403,1083
2022,"Osnabrück, Stadt",Rumänien,Veränderung gegenüber 2005 in Prozent,K03404,1908
2022,"Wilhelmshaven, Stadt",Rumänien,Veränderung gegenüber 2005 in Prozent,K03405,4600
2022,Ammerland,Rumänien,Veränderung gegenüber 2005 in Prozent,K03451,3140
2022,Aurich,Rumänien,Veränderung gegenüber 2005 in Prozent,K03452,4061
2022,Cloppenburg,Rumänien,Veränderung gegenüber 2005 in Prozent,K03453,20429
2022,Emsland,Rumänien,Veränderung gegenüber 2005 in Prozent,K03454,10571
2022,Friesland,Rumänien,Veränderung gegenüber 2005 in Prozent,K03455,813
2022,Grafschaft Bentheim,Rumänien,Veränderung gegenüber 2005 in Prozent,K03456,3076
2022,Leer,Rumänien,Veränderung gegenüber 2005 in Prozent,K03457,1326
2022,Oldenburg,Rumänien,Veränderung gegenüber 2005 in Prozent,K03458,7067
2022,Osnabrück,Rumänien,Veränderung gegenüber 2005 in Prozent,K03459,5808
2022,Vechta,Rumänien,Veränderung gegenüber 2005 in Prozent,K03460,4231
2022,Wesermarsch,Rumänien,Veränderung gegenüber 2005 in Prozent,K03461,513
2022,Wittmund,Rumänien,Veränderung gegenüber 2005 in Prozent,K03462,3650
2022,Statistische Region Weser-Ems,Rumänien,Veränderung gegenüber 2005 in Prozent,K034,4202
2022,Niedersachsen,Rumänien,Veränderung gegenüber 2005 in Prozent,K030,2112
2023,"Braunschweig, Stadt",Rumänien,Veränderung gegenüber 2005 in Prozent,K03101,179
2023,"Salzgitter, Stadt",Rumänien,Veränderung gegenüber 2005 in Prozent,K03102,1546
2023,"Wolfsburg, Stadt",Rumänien,Veränderung gegenüber 2005 in Prozent,K03103,656
2023,Gifhorn,Rumänien,Veränderung gegenüber 2005 in Prozent,K03151,1937
2023,Goslar,Rumänien,Veränderung gegenüber 2005 in Prozent,K03153,1324
2023,Helmstedt,Rumänien,Veränderung gegenüber 2005 in Prozent,K03154,2372
2023,Northeim,Rumänien,Veränderung gegenüber 2005 in Prozent,K03155,1477
2023,Peine,Rumänien,Veränderung gegenüber 2005 in Prozent,K03157,2088
2023,Wolfenbüttel,Rumänien,Veränderung gegenüber 2005 in Prozent,K03158,650
2023,Göttingen,Rumänien,Veränderung gegenüber 2005 in Prozent,K03159,1045
2023,Statistische Region Braunschweig,Rumänien,Veränderung gegenüber 2005 in Prozent,K031,982
2023,Region Hannover,Rumänien,Veränderung gegenüber 2005 in Prozent,K03241,1028
2023,"dav. Hannover, Lhst.",Rumänien,Veränderung gegenüber 2005 in Prozent,K03241001,1148
2023,"dav. Hannover, Umland",Rumänien,Veränderung gegenüber 2005 in Prozent,K03241999,928
2023,Diepholz,Rumänien,Veränderung gegenüber 2005 in Prozent,K03251,4205
2023,Hameln-Pyrmont,Rumänien,Veränderung gegenüber 2005 in Prozent,K03252,2709
2023,Hildesheim,Rumänien,Veränderung gegenüber 2005 in Prozent,K03254,1177
2023,Holzminden,Rumänien,Veränderung gegenüber 2005 in Prozent,K03255,1757
2023,Nienburg (Weser),Rumänien,Veränderung gegenüber 2005 in Prozent,K03256,4400
2023,Schaumburg,Rumänien,Veränderung gegenüber 2005 in Prozent,K03257,1307
2023,Statistische Region Hannover,Rumänien,Veränderung gegenüber 2005 in Prozent,K032,1432
2023,Celle,Rumänien,Veränderung gegenüber 2005 in Prozent,K03351,1553
2023,Cuxhaven,Rumänien,Veränderung gegenüber 2005 in Prozent,K03352,2028
2023,Harburg,Rumänien,Veränderung gegenüber 2005 in Prozent,K03353,1710
2023,Lüchow-Dannenberg,Rumänien,Veränderung gegenüber 2005 in Prozent,K03354,1713
2023,Lüneburg,Rumänien,Veränderung gegenüber 2005 in Prozent,K03355,1562
2023,Osterholz,Rumänien,Veränderung gegenüber 2005 in Prozent,K03356,775
2023,Rotenburg (Wümme),Rumänien,Veränderung gegenüber 2005 in Prozent,K03357,1864
2023,Heidekreis,Rumänien,Veränderung gegenüber 2005 in Prozent,K03358,2973
2023,Stade,Rumänien,Veränderung gegenüber 2005 in Prozent,K03359,2000
2023,Uelzen,Rumänien,Veränderung gegenüber 2005 in Prozent,K03360,1673
2023,Verden,Rumänien,Veränderung gegenüber 2005 in Prozent,K03361,3257
2023,Statistische Region Lüneburg,Rumänien,Veränderung gegenüber 2005 in Prozent,K033,1879
2023,"Delmenhorst, Stadt",Rumänien,Veränderung gegenüber 2005 in Prozent,K03401,6669
2023,"Emden, Stadt",Rumänien,Veränderung gegenüber 2005 in Prozent,K03402,1810
2023,"Oldenburg (Oldb), Stadt",Rumänien,Veränderung gegenüber 2005 in Prozent,K03403,1148
2023,"Osnabrück, Stadt",Rumänien,Veränderung gegenüber 2005 in Prozent,K03404,2044
2023,"Wilhelmshaven, Stadt",Rumänien,Veränderung gegenüber 2005 in Prozent,K03405,5333
2023,Ammerland,Rumänien,Veränderung gegenüber 2005 in Prozent,K03451,3220
2023,Aurich,Rumänien,Veränderung gegenüber 2005 in Prozent,K03452,4400
2023,Cloppenburg,Rumänien,Veränderung gegenüber 2005 in Prozent,K03453,23606
2023,Emsland,Rumänien,Veränderung gegenüber 2005 in Prozent,K03454,11347
2023,Friesland,Rumänien,Veränderung gegenüber 2005 in Prozent,K03455,922
2023,Grafschaft Bentheim,Rumänien,Veränderung gegenüber 2005 in Prozent,K03456,3522
2023,Leer,Rumänien,Veränderung gegenüber 2005 in Prozent,K03457,1355
2023,Oldenburg,Rumänien,Veränderung gegenüber 2005 in Prozent,K03458,7039
2023,Osnabrück,Rumänien,Veränderung gegenüber 2005 in Prozent,K03459,6049
2023,Vechta,Rumänien,Veränderung gegenüber 2005 in Prozent,K03460,4423
2023,Wesermarsch,Rumänien,Veränderung gegenüber 2005 in Prozent,K03461,588
2023,Wittmund,Rumänien,Veränderung gegenüber 2005 in Prozent,K03462,3400
2023,Statistische Region Weser-Ems,Rumänien,Veränderung gegenüber 2005 in Prozent,K034,4534
2023,Niedersachsen,Rumänien,Veränderung gegenüber 2005 in Prozent,K030,2262
2024,"Braunschweig, Stadt",Rumänien,Veränderung gegenüber 2005 in Prozent,K03101,158
2024,"Salzgitter, Stadt",Rumänien,Veränderung gegenüber 2005 in Prozent,K03102,1704
2024,"Wolfsburg, Stadt",Rumänien,Veränderung gegenüber 2005 in Prozent,K03103,727
2024,Gifhorn,Rumänien,Veränderung gegenüber 2005 in Prozent,K03151,1909
2024,Goslar,Rumänien,Veränderung gegenüber 2005 in Prozent,K03153,1335
2024,Helmstedt,Rumänien,Veränderung gegenüber 2005 in Prozent,K03154,2372
2024,Northeim,Rumänien,Veränderung gegenüber 2005 in Prozent,K03155,1964
2024,Peine,Rumänien,Veränderung gegenüber 2005 in Prozent,K03157,2228
2024,Wolfenbüttel,Rumänien,Veränderung gegenüber 2005 in Prozent,K03158,608
2024,Göttingen,Rumänien,Veränderung gegenüber 2005 in Prozent,K03159,1164
2024,Statistische Region Braunschweig,Rumänien,Veränderung gegenüber 2005 in Prozent,K031,1057
2024,Region Hannover,Rumänien,Veränderung gegenüber 2005 in Prozent,K03241,1080
2024,"dav. Hannover, Lhst.",Rumänien,Veränderung gegenüber 2005 in Prozent,K03241001,1228
2024,"dav. Hannover, Umland",Rumänien,Veränderung gegenüber 2005 in Prozent,K03241999,954
2024,Diepholz,Rumänien,Veränderung gegenüber 2005 in Prozent,K03251,4095
2024,Hameln-Pyrmont,Rumänien,Veränderung gegenüber 2005 in Prozent,K03252,2600
2024,Hildesheim,Rumänien,Veränderung gegenüber 2005 in Prozent,K03254,1138
2024,Holzminden,Rumänien,Veränderung gegenüber 2005 in Prozent,K03255,2257
2024,Nienburg (Weser),Rumänien,Veränderung gegenüber 2005 in Prozent,K03256,4082
2024,Schaumburg,Rumänien,Veränderung gegenüber 2005 in Prozent,K03257,1392
2024,Statistische Region Hannover,Rumänien,Veränderung gegenüber 2005 in Prozent,K032,1452
2024,Celle,Rumänien,Veränderung gegenüber 2005 in Prozent,K03351,1613
2024,Cuxhaven,Rumänien,Veränderung gegenüber 2005 in Prozent,K03352,1964
2024,Harburg,Rumänien,Veränderung gegenüber 2005 in Prozent,K03353,1737
2024,Lüchow-Dannenberg,Rumänien,Veränderung gegenüber 2005 in Prozent,K03354,1900
2024,Lüneburg,Rumänien,Veränderung gegenüber 2005 in Prozent,K03355,1427
2024,Osterholz,Rumänien,Veränderung gegenüber 2005 in Prozent,K03356,759
2024,Rotenburg (Wümme),Rumänien,Veränderung gegenüber 2005 in Prozent,K03357,1793
2024,Heidekreis,Rumänien,Veränderung gegenüber 2005 in Prozent,K03358,2827
2024,Stade,Rumänien,Veränderung gegenüber 2005 in Prozent,K03359,2147
2024,Uelzen,Rumänien,Veränderung gegenüber 2005 in Prozent,K03360,1673
2024,Verden,Rumänien,Veränderung gegenüber 2005 in Prozent,K03361,3221
2024,Statistische Region Lüneburg,Rumänien,Veränderung gegenüber 2005 in Prozent,K033,1885
2024,"Delmenhorst, Stadt",Rumänien,Veränderung gegenüber 2005 in Prozent,K03401,6708
2024,"Emden, Stadt",Rumänien,Veränderung gegenüber 2005 in Prozent,K03402,1785
2024,"Oldenburg (Oldb), Stadt",Rumänien,Veränderung gegenüber 2005 in Prozent,K03403,1122
2024,"Osnabrück, Stadt",Rumänien,Veränderung gegenüber 2005 in Prozent,K03404,1942
2024,"Wilhelmshaven, Stadt",Rumänien,Veränderung gegenüber 2005 in Prozent,K03405,5233
2024,Ammerland,Rumänien,Veränderung gegenüber 2005 in Prozent,K03451,3100
2024,Aurich,Rumänien,Veränderung gegenüber 2005 in Prozent,K03452,4094
2024,Cloppenburg,Rumänien,Veränderung gegenüber 2005 in Prozent,K03453,24194
2024,Emsland,Rumänien,Veränderung gegenüber 2005 in Prozent,K03454,11670
2024,Friesland,Rumänien,Veränderung gegenüber 2005 in Prozent,K03455,965
2024,Grafschaft Bentheim,Rumänien,Veränderung gegenüber 2005 in Prozent,K03456,3562
2024,Leer,Rumänien,Veränderung gegenüber 2005 in Prozent,K03457,1347
2024,Oldenburg,Rumänien,Veränderung gegenüber 2005 in Prozent,K03458,6844
2024,Osnabrück,Rumänien,Veränderung gegenüber 2005 in Prozent,K03459,6091
2024,Vechta,Rumänien,Veränderung gegenüber 2005 in Prozent,K03460,4342
2024,Wesermarsch,Rumänien,Veränderung gegenüber 2005 in Prozent,K03461,619
2024,Wittmund,Rumänien,Veränderung gegenüber 2005 in Prozent,K03462,3588
2024,Statistische Region Weser-Ems,Rumänien,Veränderung gegenüber 2005 in Prozent,K034,4554
2024,Niedersachsen,Rumänien,Veränderung gegenüber 2005 in Prozent,K030,2293
2025,"Braunschweig, Stadt",Rumänien,Veränderung gegenüber 2005 in Prozent,K03101,175
2025,"Salzgitter, Stadt",Rumänien,Veränderung gegenüber 2005 in Prozent,K03102,1854
2025,"Wolfsburg, Stadt",Rumänien,Veränderung gegenüber 2005 in Prozent,K03103,688
2025,Gifhorn,Rumänien,Veränderung gegenüber 2005 in Prozent,K03151,1789
2025,Goslar,Rumänien,Veränderung gegenüber 2005 in Prozent,K03153,1259
2025,Helmstedt,Rumänien,Veränderung gegenüber 2005 in Prozent,K03154,2511
2025,Northeim,Rumänien,Veränderung gegenüber 2005 in Prozent,K03155,1733
2025,Peine,Rumänien,Veränderung gegenüber 2005 in Prozent,K03157,2213
2025,Wolfenbüttel,Rumänien,Veränderung gegenüber 2005 in Prozent,K03158,629
2025,Göttingen,Rumänien,Veränderung gegenüber 2005 in Prozent,K03159,1208
2025,Statistische Region Braunschweig,Rumänien,Veränderung gegenüber 2005 in Prozent,K031,1068
2025,Region Hannover,Rumänien,Veränderung gegenüber 2005 in Prozent,K03241,999
2025,"dav. Hannover, Lhst.",Rumänien,Veränderung gegenüber 2005 in Prozent,K03241001,1097
2025,"dav. Hannover, Umland",Rumänien,Veränderung gegenüber 2005 in Prozent,K03241999,916
2025,Diepholz,Rumänien,Veränderung gegenüber 2005 in Prozent,K03251,4154
2025,Hameln-Pyrmont,Rumänien,Veränderung gegenüber 2005 in Prozent,K03252,2645
2025,Hildesheim,Rumänien,Veränderung gegenüber 2005 in Prozent,K03254,1150
2025,Holzminden,Rumänien,Veränderung gegenüber 2005 in Prozent,K03255,2507
2025,Nienburg (Weser),Rumänien,Veränderung gegenüber 2005 in Prozent,K03256,3930
2025,Schaumburg,Rumänien,Veränderung gegenüber 2005 in Prozent,K03257,1332
2025,Statistische Region Hannover,Rumänien,Veränderung gegenüber 2005 in Prozent,K032,1400
2025,Celle,Rumänien,Veränderung gegenüber 2005 in Prozent,K03351,1607
2025,Cuxhaven,Rumänien,Veränderung gegenüber 2005 in Prozent,K03352,1938
2025,Harburg,Rumänien,Veränderung gegenüber 2005 in Prozent,K03353,1590
2025,Lüchow-Dannenberg,Rumänien,Veränderung gegenüber 2005 in Prozent,K03354,2025
2025,Lüneburg,Rumänien,Veränderung gegenüber 2005 in Prozent,K03355,1414
2025,Osterholz,Rumänien,Veränderung gegenüber 2005 in Prozent,K03356,666
2025,Rotenburg (Wümme),Rumänien,Veränderung gegenüber 2005 in Prozent,K03357,1855
2025,Heidekreis,Rumänien,Veränderung gegenüber 2005 in Prozent,K03358,2876
2025,Stade,Rumänien,Veränderung gegenüber 2005 in Prozent,K03359,2094
2025,Uelzen,Rumänien,Veränderung gegenüber 2005 in Prozent,K03360,1764
2025,Verden,Rumänien,Veränderung gegenüber 2005 in Prozent,K03361,3454
2025,Statistische Region Lüneburg,Rumänien,Veränderung gegenüber 2005 in Prozent,K033,1862
2025,"Delmenhorst, Stadt",Rumänien,Veränderung gegenüber 2005 in Prozent,K03401,6977
2025,"Emden, Stadt",Rumänien,Veränderung gegenüber 2005 in Prozent,K03402,1656
2025,"Oldenburg (Oldb), Stadt",Rumänien,Veränderung gegenüber 2005 in Prozent,K03403,1061
2025,"Osnabrück, Stadt",Rumänien,Veränderung gegenüber 2005 in Prozent,K03404,1875
2025,"Wilhelmshaven, Stadt",Rumänien,Veränderung gegenüber 2005 in Prozent,K03405,5467
2025,Ammerland,Rumänien,Veränderung gegenüber 2005 in Prozent,K03451,3640
2025,Aurich,Rumänien,Veränderung gegenüber 2005 in Prozent,K03452,4239
2025,Cloppenburg,Rumänien,Veränderung gegenüber 2005 in Prozent,K03453,22209
2025,Emsland,Rumänien,Veränderung gegenüber 2005 in Prozent,K03454,11946
2025,Friesland,Rumänien,Veränderung gegenüber 2005 in Prozent,K03455,1117
2025,Grafschaft Bentheim,Rumänien,Veränderung gegenüber 2005 in Prozent,K03456,3846
2025,Leer,Rumänien,Veränderung gegenüber 2005 in Prozent,K03457,1363
2025,Oldenburg,Rumänien,Veränderung gegenüber 2005 in Prozent,K03458,6303
2025,Osnabrück,Rumänien,Veränderung gegenüber 2005 in Prozent,K03459,6095
2025,Vechta,Rumänien,Veränderung gegenüber 2005 in Prozent,K03460,4412
2025,Wesermarsch,Rumänien,Veränderung gegenüber 2005 in Prozent,K03461,669
2025,Wittmund,Rumänien,Veränderung gegenüber 2005 in Prozent,K03462,3088
2025,Statistische Region Weser-Ems,Rumänien,Veränderung gegenüber 2005 in Prozent,K034,4520
2025,Niedersachsen,Rumänien,Veränderung gegenüber 2005 in Prozent,K030,2266
