AGS,Year,Gebietseinheit,Land der Staatsangehörigkeit,Units,GeoCode,Value,Value_2
101,2005,"Braunschweig, Stadt",Ukraine,Anzahl,K03101,352,352
102,2005,"Salzgitter, Stadt",Ukraine,Anzahl,K03102,68,68
103,2005,"Wolfsburg, Stadt",Ukraine,Anzahl,K03103,91,91
151,2005,"Gifhorn",Ukraine,Anzahl,K03151,96,96
153,2005,"Goslar",Ukraine,Anzahl,K03153,92,92
154,2005,"Helmstedt",Ukraine,Anzahl,K03154,45,45
155,2005,"Northeim",Ukraine,Anzahl,K03155,59,59
157,2005,"Peine",Ukraine,Anzahl,K03157,37,37
158,2005,"Wolfenbüttel",Ukraine,Anzahl,K03158,53,53
159,2005,"Göttingen",Ukraine,Anzahl,K03159,528,528
1,2005,"Statistische Region Braunschweig",Ukraine,Anzahl,K031,1421,1421
241,2005,"Region Hannover",Ukraine,Anzahl,K03241,5859,5859
241001,2005,"dav. Hannover, Lhst.",Ukraine,Anzahl,K03241001,4768,4768
241999,2005,"dav. Hannover, Umland",Ukraine,Anzahl,K03241999,1091,1091
251,2005,"Diepholz",Ukraine,Anzahl,K03251,118,118
252,2005,"Hameln-Pyrmont",Ukraine,Anzahl,K03252,508,508
254,2005,"Hildesheim",Ukraine,Anzahl,K03254,188,188
255,2005,"Holzminden",Ukraine,Anzahl,K03255,23,23
256,2005,"Nienburg (Weser)",Ukraine,Anzahl,K03256,58,58
257,2005,"Schaumburg",Ukraine,Anzahl,K03257,109,109
2,2005,"Statistische Region Hannover",Ukraine,Anzahl,K032,6863,6863
351,2005,"Celle",Ukraine,Anzahl,K03351,113,113
352,2005,"Cuxhaven",Ukraine,Anzahl,K03352,67,67
353,2005,"Harburg",Ukraine,Anzahl,K03353,123,123
354,2005,"Lüchow-Dannenberg",Ukraine,Anzahl,K03354,20,20
355,2005,"Lüneburg",Ukraine,Anzahl,K03355,88,88
356,2005,"Osterholz",Ukraine,Anzahl,K03356,52,52
357,2005,"Rotenburg (Wümme)",Ukraine,Anzahl,K03357,77,77
358,2005,"Heidekreis",Ukraine,Anzahl,K03358,91,91
359,2005,"Stade",Ukraine,Anzahl,K03359,109,109
360,2005,"Uelzen",Ukraine,Anzahl,K03360,33,33
361,2005,"Verden",Ukraine,Anzahl,K03361,64,64
3,2005,"Statistische Region Lüneburg",Ukraine,Anzahl,K033,837,837
401,2005,"Delmenhorst, Stadt",Ukraine,Anzahl,K03401,270,270
402,2005,"Emden, Stadt",Ukraine,Anzahl,K03402,32,32
403,2005,"Oldenburg (Oldb), Stadt",Ukraine,Anzahl,K03403,247,247
404,2005,"Osnabrück, Stadt",Ukraine,Anzahl,K03404,952,952
405,2005,"Wilhelmshaven, Stadt",Ukraine,Anzahl,K03405,54,54
451,2005,"Ammerland",Ukraine,Anzahl,K03451,32,32
452,2005,"Aurich",Ukraine,Anzahl,K03452,39,39
453,2005,"Cloppenburg",Ukraine,Anzahl,K03453,105,105
454,2005,"Emsland",Ukraine,Anzahl,K03454,122,122
455,2005,"Friesland",Ukraine,Anzahl,K03455,27,27
456,2005,"Grafschaft Bentheim",Ukraine,Anzahl,K03456,47,47
457,2005,"Leer",Ukraine,Anzahl,K03457,62,62
458,2005,"Oldenburg",Ukraine,Anzahl,K03458,38,38
459,2005,"Osnabrück",Ukraine,Anzahl,K03459,260,260
460,2005,"Vechta",Ukraine,Anzahl,K03460,123,123
461,2005,"Wesermarsch",Ukraine,Anzahl,K03461,70,70
462,2005,"Wittmund",Ukraine,Anzahl,K03462,11,11
4,2005,"Statistische Region Weser-Ems",Ukraine,Anzahl,K034,2491,2491
0,2005,"Niedersachsen",Ukraine,Anzahl,K030,11612,11612
101,2011,"Braunschweig, Stadt",Ukraine,Anzahl,K03101,373,373
102,2011,"Salzgitter, Stadt",Ukraine,Anzahl,K03102,71,71
103,2011,"Wolfsburg, Stadt",Ukraine,Anzahl,K03103,102,102
151,2011,"Gifhorn",Ukraine,Anzahl,K03151,83,83
153,2011,"Goslar",Ukraine,Anzahl,K03153,97,97
154,2011,"Helmstedt",Ukraine,Anzahl,K03154,39,39
155,2011,"Northeim",Ukraine,Anzahl,K03155,71,71
157,2011,"Peine",Ukraine,Anzahl,K03157,54,54
158,2011,"Wolfenbüttel",Ukraine,Anzahl,K03158,44,44
159,2011,"Göttingen",Ukraine,Anzahl,K03159,436,436
1,2011,"Statistische Region Braunschweig",Ukraine,Anzahl,K031,1370,1370
241,2011,"Region Hannover",Ukraine,Anzahl,K03241,4842,4842
241001,2011,"dav. Hannover, Lhst.",Ukraine,Anzahl,K03241001,3859,3859
241999,2011,"dav. Hannover, Umland",Ukraine,Anzahl,K03241999,983,983
251,2011,"Diepholz",Ukraine,Anzahl,K03251,134,134
252,2011,"Hameln-Pyrmont",Ukraine,Anzahl,K03252,375,375
254,2011,"Hildesheim",Ukraine,Anzahl,K03254,190,190
255,2011,"Holzminden",Ukraine,Anzahl,K03255,29,29
256,2011,"Nienburg (Weser)",Ukraine,Anzahl,K03256,61,61
257,2011,"Schaumburg",Ukraine,Anzahl,K03257,111,111
2,2011,"Statistische Region Hannover",Ukraine,Anzahl,K032,5742,5742
351,2011,"Celle",Ukraine,Anzahl,K03351,107,107
352,2011,"Cuxhaven",Ukraine,Anzahl,K03352,73,73
353,2011,"Harburg",Ukraine,Anzahl,K03353,144,144
354,2011,"Lüchow-Dannenberg",Ukraine,Anzahl,K03354,20,20
355,2011,"Lüneburg",Ukraine,Anzahl,K03355,97,97
356,2011,"Osterholz",Ukraine,Anzahl,K03356,48,48
357,2011,"Rotenburg (Wümme)",Ukraine,Anzahl,K03357,71,71
358,2011,"Heidekreis",Ukraine,Anzahl,K03358,81,81
359,2011,"Stade",Ukraine,Anzahl,K03359,105,105
360,2011,"Uelzen",Ukraine,Anzahl,K03360,36,36
361,2011,"Verden",Ukraine,Anzahl,K03361,62,62
3,2011,"Statistische Region Lüneburg",Ukraine,Anzahl,K033,844,844
401,2011,"Delmenhorst, Stadt",Ukraine,Anzahl,K03401,220,220
402,2011,"Emden, Stadt",Ukraine,Anzahl,K03402,28,28
403,2011,"Oldenburg (Oldb), Stadt",Ukraine,Anzahl,K03403,221,221
404,2011,"Osnabrück, Stadt",Ukraine,Anzahl,K03404,665,665
405,2011,"Wilhelmshaven, Stadt",Ukraine,Anzahl,K03405,36,36
451,2011,"Ammerland",Ukraine,Anzahl,K03451,41,41
452,2011,"Aurich",Ukraine,Anzahl,K03452,35,35
453,2011,"Cloppenburg",Ukraine,Anzahl,K03453,118,118
454,2011,"Emsland",Ukraine,Anzahl,K03454,154,154
455,2011,"Friesland",Ukraine,Anzahl,K03455,37,37
456,2011,"Grafschaft Bentheim",Ukraine,Anzahl,K03456,59,59
457,2011,"Leer",Ukraine,Anzahl,K03457,81,81
458,2011,"Oldenburg",Ukraine,Anzahl,K03458,40,40
459,2011,"Osnabrück",Ukraine,Anzahl,K03459,264,264
460,2011,"Vechta",Ukraine,Anzahl,K03460,115,115
461,2011,"Wesermarsch",Ukraine,Anzahl,K03461,53,53
462,2011,"Wittmund",Ukraine,Anzahl,K03462,13,13
4,2011,"Statistische Region Weser-Ems",Ukraine,Anzahl,K034,2180,2180
0,2011,"Niedersachsen",Ukraine,Anzahl,K030,10136,10136
101,2012,"Braunschweig, Stadt",Ukraine,Anzahl,K03101,360,360
102,2012,"Salzgitter, Stadt",Ukraine,Anzahl,K03102,82,82
103,2012,"Wolfsburg, Stadt",Ukraine,Anzahl,K03103,119,119
151,2012,"Gifhorn",Ukraine,Anzahl,K03151,81,81
153,2012,"Goslar",Ukraine,Anzahl,K03153,94,94
154,2012,"Helmstedt",Ukraine,Anzahl,K03154,41,41
155,2012,"Northeim",Ukraine,Anzahl,K03155,68,68
157,2012,"Peine",Ukraine,Anzahl,K03157,57,57
158,2012,"Wolfenbüttel",Ukraine,Anzahl,K03158,41,41
159,2012,"Göttingen",Ukraine,Anzahl,K03159,412,412
1,2012,"Statistische Region Braunschweig",Ukraine,Anzahl,K031,1355,1355
241,2012,"Region Hannover",Ukraine,Anzahl,K03241,4700,4700
241001,2012,"dav. Hannover, Lhst.",Ukraine,Anzahl,K03241001,3724,3724
241999,2012,"dav. Hannover, Umland",Ukraine,Anzahl,K03241999,976,976
251,2012,"Diepholz",Ukraine,Anzahl,K03251,148,148
252,2012,"Hameln-Pyrmont",Ukraine,Anzahl,K03252,360,360
254,2012,"Hildesheim",Ukraine,Anzahl,K03254,187,187
255,2012,"Holzminden",Ukraine,Anzahl,K03255,35,35
256,2012,"Nienburg (Weser)",Ukraine,Anzahl,K03256,63,63
257,2012,"Schaumburg",Ukraine,Anzahl,K03257,105,105
2,2012,"Statistische Region Hannover",Ukraine,Anzahl,K032,5598,5598
351,2012,"Celle",Ukraine,Anzahl,K03351,111,111
352,2012,"Cuxhaven",Ukraine,Anzahl,K03352,68,68
353,2012,"Harburg",Ukraine,Anzahl,K03353,145,145
354,2012,"Lüchow-Dannenberg",Ukraine,Anzahl,K03354,18,18
355,2012,"Lüneburg",Ukraine,Anzahl,K03355,100,100
356,2012,"Osterholz",Ukraine,Anzahl,K03356,49,49
357,2012,"Rotenburg (Wümme)",Ukraine,Anzahl,K03357,73,73
358,2012,"Heidekreis",Ukraine,Anzahl,K03358,82,82
359,2012,"Stade",Ukraine,Anzahl,K03359,114,114
360,2012,"Uelzen",Ukraine,Anzahl,K03360,36,36
361,2012,"Verden",Ukraine,Anzahl,K03361,62,62
3,2012,"Statistische Region Lüneburg",Ukraine,Anzahl,K033,858,858
401,2012,"Delmenhorst, Stadt",Ukraine,Anzahl,K03401,214,214
402,2012,"Emden, Stadt",Ukraine,Anzahl,K03402,31,31
403,2012,"Oldenburg (Oldb), Stadt",Ukraine,Anzahl,K03403,237,237
404,2012,"Osnabrück, Stadt",Ukraine,Anzahl,K03404,656,656
405,2012,"Wilhelmshaven, Stadt",Ukraine,Anzahl,K03405,36,36
451,2012,"Ammerland",Ukraine,Anzahl,K03451,42,42
452,2012,"Aurich",Ukraine,Anzahl,K03452,36,36
453,2012,"Cloppenburg",Ukraine,Anzahl,K03453,123,123
454,2012,"Emsland",Ukraine,Anzahl,K03454,134,134
455,2012,"Friesland",Ukraine,Anzahl,K03455,31,31
456,2012,"Grafschaft Bentheim",Ukraine,Anzahl,K03456,64,64
457,2012,"Leer",Ukraine,Anzahl,K03457,78,78
458,2012,"Oldenburg",Ukraine,Anzahl,K03458,37,37
459,2012,"Osnabrück",Ukraine,Anzahl,K03459,260,260
460,2012,"Vechta",Ukraine,Anzahl,K03460,118,118
461,2012,"Wesermarsch",Ukraine,Anzahl,K03461,55,55
462,2012,"Wittmund",Ukraine,Anzahl,K03462,11,11
4,2012,"Statistische Region Weser-Ems",Ukraine,Anzahl,K034,2163,2163
0,2012,"Niedersachsen",Ukraine,Anzahl,K030,9974,9974
101,2013,"Braunschweig, Stadt",Ukraine,Anzahl,K03101,378,378
102,2013,"Salzgitter, Stadt",Ukraine,Anzahl,K03102,77,77
103,2013,"Wolfsburg, Stadt",Ukraine,Anzahl,K03103,123,123
151,2013,"Gifhorn",Ukraine,Anzahl,K03151,89,89
153,2013,"Goslar",Ukraine,Anzahl,K03153,98,98
154,2013,"Helmstedt",Ukraine,Anzahl,K03154,39,39
155,2013,"Northeim",Ukraine,Anzahl,K03155,84,84
157,2013,"Peine",Ukraine,Anzahl,K03157,56,56
158,2013,"Wolfenbüttel",Ukraine,Anzahl,K03158,42,42
159,2013,"Göttingen",Ukraine,Anzahl,K03159,424,424
1,2013,"Statistische Region Braunschweig",Ukraine,Anzahl,K031,1410,1410
241,2013,"Region Hannover",Ukraine,Anzahl,K03241,4601,4601
241001,2013,"dav. Hannover, Lhst.",Ukraine,Anzahl,K03241001,3619,3619
241999,2013,"dav. Hannover, Umland",Ukraine,Anzahl,K03241999,982,982
251,2013,"Diepholz",Ukraine,Anzahl,K03251,154,154
252,2013,"Hameln-Pyrmont",Ukraine,Anzahl,K03252,338,338
254,2013,"Hildesheim",Ukraine,Anzahl,K03254,191,191
255,2013,"Holzminden",Ukraine,Anzahl,K03255,39,39
256,2013,"Nienburg (Weser)",Ukraine,Anzahl,K03256,68,68
257,2013,"Schaumburg",Ukraine,Anzahl,K03257,87,87
2,2013,"Statistische Region Hannover",Ukraine,Anzahl,K032,5478,5478
351,2013,"Celle",Ukraine,Anzahl,K03351,112,112
352,2013,"Cuxhaven",Ukraine,Anzahl,K03352,68,68
353,2013,"Harburg",Ukraine,Anzahl,K03353,164,164
354,2013,"Lüchow-Dannenberg",Ukraine,Anzahl,K03354,23,23
355,2013,"Lüneburg",Ukraine,Anzahl,K03355,91,91
356,2013,"Osterholz",Ukraine,Anzahl,K03356,44,44
357,2013,"Rotenburg (Wümme)",Ukraine,Anzahl,K03357,84,84
358,2013,"Heidekreis",Ukraine,Anzahl,K03358,87,87
359,2013,"Stade",Ukraine,Anzahl,K03359,115,115
360,2013,"Uelzen",Ukraine,Anzahl,K03360,41,41
361,2013,"Verden",Ukraine,Anzahl,K03361,57,57
3,2013,"Statistische Region Lüneburg",Ukraine,Anzahl,K033,886,886
401,2013,"Delmenhorst, Stadt",Ukraine,Anzahl,K03401,201,201
402,2013,"Emden, Stadt",Ukraine,Anzahl,K03402,32,32
403,2013,"Oldenburg (Oldb), Stadt",Ukraine,Anzahl,K03403,235,235
404,2013,"Osnabrück, Stadt",Ukraine,Anzahl,K03404,619,619
405,2013,"Wilhelmshaven, Stadt",Ukraine,Anzahl,K03405,41,41
451,2013,"Ammerland",Ukraine,Anzahl,K03451,37,37
452,2013,"Aurich",Ukraine,Anzahl,K03452,33,33
453,2013,"Cloppenburg",Ukraine,Anzahl,K03453,123,123
454,2013,"Emsland",Ukraine,Anzahl,K03454,107,107
455,2013,"Friesland",Ukraine,Anzahl,K03455,29,29
456,2013,"Grafschaft Bentheim",Ukraine,Anzahl,K03456,90,90
457,2013,"Leer",Ukraine,Anzahl,K03457,76,76
458,2013,"Oldenburg",Ukraine,Anzahl,K03458,44,44
459,2013,"Osnabrück",Ukraine,Anzahl,K03459,268,268
460,2013,"Vechta",Ukraine,Anzahl,K03460,114,114
461,2013,"Wesermarsch",Ukraine,Anzahl,K03461,54,54
462,2013,"Wittmund",Ukraine,Anzahl,K03462,7,7
4,2013,"Statistische Region Weser-Ems",Ukraine,Anzahl,K034,2110,2110
0,2013,"Niedersachsen",Ukraine,Anzahl,K030,9884,9884
101,2014,"Braunschweig, Stadt",Ukraine,Anzahl,K03101,406,406
102,2014,"Salzgitter, Stadt",Ukraine,Anzahl,K03102,82,82
103,2014,"Wolfsburg, Stadt",Ukraine,Anzahl,K03103,135,135
151,2014,"Gifhorn",Ukraine,Anzahl,K03151,92,92
153,2014,"Goslar",Ukraine,Anzahl,K03153,100,100
154,2014,"Helmstedt",Ukraine,Anzahl,K03154,44,44
155,2014,"Northeim",Ukraine,Anzahl,K03155,76,76
157,2014,"Peine",Ukraine,Anzahl,K03157,63,63
158,2014,"Wolfenbüttel",Ukraine,Anzahl,K03158,45,45
159,2014,"Göttingen",Ukraine,Anzahl,K03159,423,423
1,2014,"Statistische Region Braunschweig",Ukraine,Anzahl,K031,1466,1466
241,2014,"Region Hannover",Ukraine,Anzahl,K03241,4617,4617
241001,2014,"dav. Hannover, Lhst.",Ukraine,Anzahl,K03241001,3616,3616
241999,2014,"dav. Hannover, Umland",Ukraine,Anzahl,K03241999,1001,1001
251,2014,"Diepholz",Ukraine,Anzahl,K03251,163,163
252,2014,"Hameln-Pyrmont",Ukraine,Anzahl,K03252,354,354
254,2014,"Hildesheim",Ukraine,Anzahl,K03254,197,197
255,2014,"Holzminden",Ukraine,Anzahl,K03255,42,42
256,2014,"Nienburg (Weser)",Ukraine,Anzahl,K03256,74,74
257,2014,"Schaumburg",Ukraine,Anzahl,K03257,98,98
2,2014,"Statistische Region Hannover",Ukraine,Anzahl,K032,5545,5545
351,2014,"Celle",Ukraine,Anzahl,K03351,115,115
352,2014,"Cuxhaven",Ukraine,Anzahl,K03352,72,72
353,2014,"Harburg",Ukraine,Anzahl,K03353,168,168
354,2014,"Lüchow-Dannenberg",Ukraine,Anzahl,K03354,26,26
355,2014,"Lüneburg",Ukraine,Anzahl,K03355,104,104
356,2014,"Osterholz",Ukraine,Anzahl,K03356,64,64
357,2014,"Rotenburg (Wümme)",Ukraine,Anzahl,K03357,83,83
358,2014,"Heidekreis",Ukraine,Anzahl,K03358,106,106
359,2014,"Stade",Ukraine,Anzahl,K03359,122,122
360,2014,"Uelzen",Ukraine,Anzahl,K03360,49,49
361,2014,"Verden",Ukraine,Anzahl,K03361,66,66
3,2014,"Statistische Region Lüneburg",Ukraine,Anzahl,K033,975,975
401,2014,"Delmenhorst, Stadt",Ukraine,Anzahl,K03401,206,206
402,2014,"Emden, Stadt",Ukraine,Anzahl,K03402,37,37
403,2014,"Oldenburg (Oldb), Stadt",Ukraine,Anzahl,K03403,248,248
404,2014,"Osnabrück, Stadt",Ukraine,Anzahl,K03404,596,596
405,2014,"Wilhelmshaven, Stadt",Ukraine,Anzahl,K03405,47,47
451,2014,"Ammerland",Ukraine,Anzahl,K03451,47,47
452,2014,"Aurich",Ukraine,Anzahl,K03452,39,39
453,2014,"Cloppenburg",Ukraine,Anzahl,K03453,138,138
454,2014,"Emsland",Ukraine,Anzahl,K03454,125,125
455,2014,"Friesland",Ukraine,Anzahl,K03455,25,25
456,2014,"Grafschaft Bentheim",Ukraine,Anzahl,K03456,95,95
457,2014,"Leer",Ukraine,Anzahl,K03457,78,78
458,2014,"Oldenburg",Ukraine,Anzahl,K03458,59,59
459,2014,"Osnabrück",Ukraine,Anzahl,K03459,283,283
460,2014,"Vechta",Ukraine,Anzahl,K03460,128,128
461,2014,"Wesermarsch",Ukraine,Anzahl,K03461,53,53
462,2014,"Wittmund",Ukraine,Anzahl,K03462,10,10
4,2014,"Statistische Region Weser-Ems",Ukraine,Anzahl,K034,2214,2214
0,2014,"Niedersachsen",Ukraine,Anzahl,K030,10200,10200
101,2015,"Braunschweig, Stadt",Ukraine,Anzahl,K03101,398,398
102,2015,"Salzgitter, Stadt",Ukraine,Anzahl,K03102,81,81
103,2015,"Wolfsburg, Stadt",Ukraine,Anzahl,K03103,153,153
151,2015,"Gifhorn",Ukraine,Anzahl,K03151,103,103
153,2015,"Goslar",Ukraine,Anzahl,K03153,101,101
154,2015,"Helmstedt",Ukraine,Anzahl,K03154,44,44
155,2015,"Northeim",Ukraine,Anzahl,K03155,75,75
157,2015,"Peine",Ukraine,Anzahl,K03157,68,68
158,2015,"Wolfenbüttel",Ukraine,Anzahl,K03158,45,45
159,2015,"Göttingen",Ukraine,Anzahl,K03159,446,446
1,2015,"Statistische Region Braunschweig",Ukraine,Anzahl,K031,1514,1514
241,2015,"Region Hannover",Ukraine,Anzahl,K03241,4489,4489
241001,2015,"dav. Hannover, Lhst.",Ukraine,Anzahl,K03241001,3514,3514
241999,2015,"dav. Hannover, Umland",Ukraine,Anzahl,K03241999,975,975
251,2015,"Diepholz",Ukraine,Anzahl,K03251,167,167
252,2015,"Hameln-Pyrmont",Ukraine,Anzahl,K03252,377,377
254,2015,"Hildesheim",Ukraine,Anzahl,K03254,214,214
255,2015,"Holzminden",Ukraine,Anzahl,K03255,45,45
256,2015,"Nienburg (Weser)",Ukraine,Anzahl,K03256,66,66
257,2015,"Schaumburg",Ukraine,Anzahl,K03257,98,98
2,2015,"Statistische Region Hannover",Ukraine,Anzahl,K032,5456,5456
351,2015,"Celle",Ukraine,Anzahl,K03351,125,125
352,2015,"Cuxhaven",Ukraine,Anzahl,K03352,87,87
353,2015,"Harburg",Ukraine,Anzahl,K03353,173,173
354,2015,"Lüchow-Dannenberg",Ukraine,Anzahl,K03354,24,24
355,2015,"Lüneburg",Ukraine,Anzahl,K03355,103,103
356,2015,"Osterholz",Ukraine,Anzahl,K03356,62,62
357,2015,"Rotenburg (Wümme)",Ukraine,Anzahl,K03357,89,89
358,2015,"Heidekreis",Ukraine,Anzahl,K03358,121,121
359,2015,"Stade",Ukraine,Anzahl,K03359,127,127
360,2015,"Uelzen",Ukraine,Anzahl,K03360,52,52
361,2015,"Verden",Ukraine,Anzahl,K03361,70,70
3,2015,"Statistische Region Lüneburg",Ukraine,Anzahl,K033,1033,1033
401,2015,"Delmenhorst, Stadt",Ukraine,Anzahl,K03401,214,214
402,2015,"Emden, Stadt",Ukraine,Anzahl,K03402,38,38
403,2015,"Oldenburg (Oldb), Stadt",Ukraine,Anzahl,K03403,233,233
404,2015,"Osnabrück, Stadt",Ukraine,Anzahl,K03404,584,584
405,2015,"Wilhelmshaven, Stadt",Ukraine,Anzahl,K03405,48,48
451,2015,"Ammerland",Ukraine,Anzahl,K03451,49,49
452,2015,"Aurich",Ukraine,Anzahl,K03452,50,50
453,2015,"Cloppenburg",Ukraine,Anzahl,K03453,148,148
454,2015,"Emsland",Ukraine,Anzahl,K03454,152,152
455,2015,"Friesland",Ukraine,Anzahl,K03455,36,36
456,2015,"Grafschaft Bentheim",Ukraine,Anzahl,K03456,85,85
457,2015,"Leer",Ukraine,Anzahl,K03457,84,84
458,2015,"Oldenburg",Ukraine,Anzahl,K03458,76,76
459,2015,"Osnabrück",Ukraine,Anzahl,K03459,295,295
460,2015,"Vechta",Ukraine,Anzahl,K03460,127,127
461,2015,"Wesermarsch",Ukraine,Anzahl,K03461,60,60
462,2015,"Wittmund",Ukraine,Anzahl,K03462,13,13
4,2015,"Statistische Region Weser-Ems",Ukraine,Anzahl,K034,2292,2292
0,2015,"Niedersachsen",Ukraine,Anzahl,K030,10295,10295
101,2016,"Braunschweig, Stadt",Ukraine,Anzahl,K03101,395,395
102,2016,"Salzgitter, Stadt",Ukraine,Anzahl,K03102,95,95
103,2016,"Wolfsburg, Stadt",Ukraine,Anzahl,K03103,145,145
151,2016,"Gifhorn",Ukraine,Anzahl,K03151,110,110
153,2016,"Goslar",Ukraine,Anzahl,K03153,105,105
154,2016,"Helmstedt",Ukraine,Anzahl,K03154,55,55
155,2016,"Northeim",Ukraine,Anzahl,K03155,95,95
157,2016,"Peine",Ukraine,Anzahl,K03157,70,70
158,2016,"Wolfenbüttel",Ukraine,Anzahl,K03158,50,50
159,2016,"Göttingen",Ukraine,Anzahl,K03159,460,460
1,2016,"Statistische Region Braunschweig",Ukraine,Anzahl,K031,1585,1585
241,2016,"Region Hannover",Ukraine,Anzahl,K03241,4385,4385
241001,2016,"dav. Hannover, Lhst.",Ukraine,Anzahl,K03241001,3400,3400
241999,2016,"dav. Hannover, Umland",Ukraine,Anzahl,K03241999,985,985
251,2016,"Diepholz",Ukraine,Anzahl,K03251,160,160
252,2016,"Hameln-Pyrmont",Ukraine,Anzahl,K03252,375,375
254,2016,"Hildesheim",Ukraine,Anzahl,K03254,235,235
255,2016,"Holzminden",Ukraine,Anzahl,K03255,45,45
256,2016,"Nienburg (Weser)",Ukraine,Anzahl,K03256,65,65
257,2016,"Schaumburg",Ukraine,Anzahl,K03257,90,90
2,2016,"Statistische Region Hannover",Ukraine,Anzahl,K032,5360,5360
351,2016,"Celle",Ukraine,Anzahl,K03351,120,120
352,2016,"Cuxhaven",Ukraine,Anzahl,K03352,95,95
353,2016,"Harburg",Ukraine,Anzahl,K03353,180,180
354,2016,"Lüchow-Dannenberg",Ukraine,Anzahl,K03354,25,25
355,2016,"Lüneburg",Ukraine,Anzahl,K03355,100,100
356,2016,"Osterholz",Ukraine,Anzahl,K03356,60,60
357,2016,"Rotenburg (Wümme)",Ukraine,Anzahl,K03357,90,90
358,2016,"Heidekreis",Ukraine,Anzahl,K03358,120,120
359,2016,"Stade",Ukraine,Anzahl,K03359,145,145
360,2016,"Uelzen",Ukraine,Anzahl,K03360,55,55
361,2016,"Verden",Ukraine,Anzahl,K03361,75,75
3,2016,"Statistische Region Lüneburg",Ukraine,Anzahl,K033,1060,1060
401,2016,"Delmenhorst, Stadt",Ukraine,Anzahl,K03401,205,205
402,2016,"Emden, Stadt",Ukraine,Anzahl,K03402,40,40
403,2016,"Oldenburg (Oldb), Stadt",Ukraine,Anzahl,K03403,210,210
404,2016,"Osnabrück, Stadt",Ukraine,Anzahl,K03404,570,570
405,2016,"Wilhelmshaven, Stadt",Ukraine,Anzahl,K03405,55,55
451,2016,"Ammerland",Ukraine,Anzahl,K03451,60,60
452,2016,"Aurich",Ukraine,Anzahl,K03452,60,60
453,2016,"Cloppenburg",Ukraine,Anzahl,K03453,190,190
454,2016,"Emsland",Ukraine,Anzahl,K03454,160,160
455,2016,"Friesland",Ukraine,Anzahl,K03455,25,25
456,2016,"Grafschaft Bentheim",Ukraine,Anzahl,K03456,100,100
457,2016,"Leer",Ukraine,Anzahl,K03457,80,80
458,2016,"Oldenburg",Ukraine,Anzahl,K03458,100,100
459,2016,"Osnabrück",Ukraine,Anzahl,K03459,305,305
460,2016,"Vechta",Ukraine,Anzahl,K03460,145,145
461,2016,"Wesermarsch",Ukraine,Anzahl,K03461,65,65
462,2016,"Wittmund",Ukraine,Anzahl,K03462,10,10
4,2016,"Statistische Region Weser-Ems",Ukraine,Anzahl,K034,2385,2385
0,2016,"Niedersachsen",Ukraine,Anzahl,K030,10390,10390
101,2017,"Braunschweig, Stadt",Ukraine,Anzahl,K03101,385,385
102,2017,"Salzgitter, Stadt",Ukraine,Anzahl,K03102,95,95
103,2017,"Wolfsburg, Stadt",Ukraine,Anzahl,K03103,150,150
151,2017,"Gifhorn",Ukraine,Anzahl,K03151,115,115
153,2017,"Goslar",Ukraine,Anzahl,K03153,110,110
154,2017,"Helmstedt",Ukraine,Anzahl,K03154,50,50
155,2017,"Northeim",Ukraine,Anzahl,K03155,90,90
157,2017,"Peine",Ukraine,Anzahl,K03157,70,70
158,2017,"Wolfenbüttel",Ukraine,Anzahl,K03158,55,55
159,2017,"Göttingen",Ukraine,Anzahl,K03159,485,485
1,2017,"Statistische Region Braunschweig",Ukraine,Anzahl,K031,1605,1605
241,2017,"Region Hannover",Ukraine,Anzahl,K03241,4395,4395
241001,2017,"dav. Hannover, Lhst.",Ukraine,Anzahl,K03241001,3400,3400
241999,2017,"dav. Hannover, Umland",Ukraine,Anzahl,K03241999,995,995
251,2017,"Diepholz",Ukraine,Anzahl,K03251,165,165
252,2017,"Hameln-Pyrmont",Ukraine,Anzahl,K03252,380,380
254,2017,"Hildesheim",Ukraine,Anzahl,K03254,265,265
255,2017,"Holzminden",Ukraine,Anzahl,K03255,40,40
256,2017,"Nienburg (Weser)",Ukraine,Anzahl,K03256,70,70
257,2017,"Schaumburg",Ukraine,Anzahl,K03257,90,90
2,2017,"Statistische Region Hannover",Ukraine,Anzahl,K032,5405,5405
351,2017,"Celle",Ukraine,Anzahl,K03351,125,125
352,2017,"Cuxhaven",Ukraine,Anzahl,K03352,95,95
353,2017,"Harburg",Ukraine,Anzahl,K03353,180,180
354,2017,"Lüchow-Dannenberg",Ukraine,Anzahl,K03354,30,30
355,2017,"Lüneburg",Ukraine,Anzahl,K03355,100,100
356,2017,"Osterholz",Ukraine,Anzahl,K03356,60,60
357,2017,"Rotenburg (Wümme)",Ukraine,Anzahl,K03357,90,90
358,2017,"Heidekreis",Ukraine,Anzahl,K03358,125,125
359,2017,"Stade",Ukraine,Anzahl,K03359,145,145
360,2017,"Uelzen",Ukraine,Anzahl,K03360,55,55
361,2017,"Verden",Ukraine,Anzahl,K03361,75,75
3,2017,"Statistische Region Lüneburg",Ukraine,Anzahl,K033,1090,1090
401,2017,"Delmenhorst, Stadt",Ukraine,Anzahl,K03401,210,210
402,2017,"Emden, Stadt",Ukraine,Anzahl,K03402,50,50
403,2017,"Oldenburg (Oldb), Stadt",Ukraine,Anzahl,K03403,215,215
404,2017,"Osnabrück, Stadt",Ukraine,Anzahl,K03404,565,565
405,2017,"Wilhelmshaven, Stadt",Ukraine,Anzahl,K03405,50,50
451,2017,"Ammerland",Ukraine,Anzahl,K03451,60,60
452,2017,"Aurich",Ukraine,Anzahl,K03452,70,70
453,2017,"Cloppenburg",Ukraine,Anzahl,K03453,225,225
454,2017,"Emsland",Ukraine,Anzahl,K03454,180,180
455,2017,"Friesland",Ukraine,Anzahl,K03455,30,30
456,2017,"Grafschaft Bentheim",Ukraine,Anzahl,K03456,90,90
457,2017,"Leer",Ukraine,Anzahl,K03457,85,85
458,2017,"Oldenburg",Ukraine,Anzahl,K03458,110,110
459,2017,"Osnabrück",Ukraine,Anzahl,K03459,325,325
460,2017,"Vechta",Ukraine,Anzahl,K03460,150,150
461,2017,"Wesermarsch",Ukraine,Anzahl,K03461,60,60
462,2017,"Wittmund",Ukraine,Anzahl,K03462,10,10
4,2017,"Statistische Region Weser-Ems",Ukraine,Anzahl,K034,2495,2495
0,2017,"Niedersachsen",Ukraine,Anzahl,K030,10595,10595
101,2018,"Braunschweig, Stadt",Ukraine,Anzahl,K03101,395,395
102,2018,"Salzgitter, Stadt",Ukraine,Anzahl,K03102,100,100
103,2018,"Wolfsburg, Stadt",Ukraine,Anzahl,K03103,165,165
151,2018,"Gifhorn",Ukraine,Anzahl,K03151,130,130
153,2018,"Goslar",Ukraine,Anzahl,K03153,120,120
154,2018,"Helmstedt",Ukraine,Anzahl,K03154,55,55
155,2018,"Northeim",Ukraine,Anzahl,K03155,105,105
157,2018,"Peine",Ukraine,Anzahl,K03157,80,80
158,2018,"Wolfenbüttel",Ukraine,Anzahl,K03158,55,55
159,2018,"Göttingen",Ukraine,Anzahl,K03159,495,495
1,2018,"Statistische Region Braunschweig",Ukraine,Anzahl,K031,1705,1705
241,2018,"Region Hannover",Ukraine,Anzahl,K03241,4440,4440
241001,2018,"dav. Hannover, Lhst.",Ukraine,Anzahl,K03241001,3410,3410
241999,2018,"dav. Hannover, Umland",Ukraine,Anzahl,K03241999,1030,1030
251,2018,"Diepholz",Ukraine,Anzahl,K03251,165,165
252,2018,"Hameln-Pyrmont",Ukraine,Anzahl,K03252,360,360
254,2018,"Hildesheim",Ukraine,Anzahl,K03254,285,285
255,2018,"Holzminden",Ukraine,Anzahl,K03255,50,50
256,2018,"Nienburg (Weser)",Ukraine,Anzahl,K03256,75,75
257,2018,"Schaumburg",Ukraine,Anzahl,K03257,95,95
2,2018,"Statistische Region Hannover",Ukraine,Anzahl,K032,5475,5475
351,2018,"Celle",Ukraine,Anzahl,K03351,135,135
352,2018,"Cuxhaven",Ukraine,Anzahl,K03352,125,125
353,2018,"Harburg",Ukraine,Anzahl,K03353,205,205
354,2018,"Lüchow-Dannenberg",Ukraine,Anzahl,K03354,35,35
355,2018,"Lüneburg",Ukraine,Anzahl,K03355,110,110
356,2018,"Osterholz",Ukraine,Anzahl,K03356,60,60
357,2018,"Rotenburg (Wümme)",Ukraine,Anzahl,K03357,100,100
358,2018,"Heidekreis",Ukraine,Anzahl,K03358,135,135
359,2018,"Stade",Ukraine,Anzahl,K03359,145,145
360,2018,"Uelzen",Ukraine,Anzahl,K03360,55,55
361,2018,"Verden",Ukraine,Anzahl,K03361,85,85
3,2018,"Statistische Region Lüneburg",Ukraine,Anzahl,K033,1190,1190
401,2018,"Delmenhorst, Stadt",Ukraine,Anzahl,K03401,205,205
402,2018,"Emden, Stadt",Ukraine,Anzahl,K03402,50,50
403,2018,"Oldenburg (Oldb), Stadt",Ukraine,Anzahl,K03403,215,215
404,2018,"Osnabrück, Stadt",Ukraine,Anzahl,K03404,560,560
405,2018,"Wilhelmshaven, Stadt",Ukraine,Anzahl,K03405,55,55
451,2018,"Ammerland",Ukraine,Anzahl,K03451,65,65
452,2018,"Aurich",Ukraine,Anzahl,K03452,70,70
453,2018,"Cloppenburg",Ukraine,Anzahl,K03453,275,275
454,2018,"Emsland",Ukraine,Anzahl,K03454,220,220
455,2018,"Friesland",Ukraine,Anzahl,K03455,30,30
456,2018,"Grafschaft Bentheim",Ukraine,Anzahl,K03456,100,100
457,2018,"Leer",Ukraine,Anzahl,K03457,85,85
458,2018,"Oldenburg",Ukraine,Anzahl,K03458,120,120
459,2018,"Osnabrück",Ukraine,Anzahl,K03459,365,365
460,2018,"Vechta",Ukraine,Anzahl,K03460,170,170
461,2018,"Wesermarsch",Ukraine,Anzahl,K03461,55,55
462,2018,"Wittmund",Ukraine,Anzahl,K03462,15,15
4,2018,"Statistische Region Weser-Ems",Ukraine,Anzahl,K034,2660,2660
0,2018,"Niedersachsen",Ukraine,Anzahl,K030,11030,11030
101,2019,"Braunschweig, Stadt",Ukraine,Anzahl,K03101,425,425
102,2019,"Salzgitter, Stadt",Ukraine,Anzahl,K03102,115,115
103,2019,"Wolfsburg, Stadt",Ukraine,Anzahl,K03103,175,175
151,2019,"Gifhorn",Ukraine,Anzahl,K03151,135,135
153,2019,"Goslar",Ukraine,Anzahl,K03153,135,135
154,2019,"Helmstedt",Ukraine,Anzahl,K03154,60,60
155,2019,"Northeim",Ukraine,Anzahl,K03155,115,115
157,2019,"Peine",Ukraine,Anzahl,K03157,85,85
158,2019,"Wolfenbüttel",Ukraine,Anzahl,K03158,55,55
159,2019,"Göttingen",Ukraine,Anzahl,K03159,485,485
1,2019,"Statistische Region Braunschweig",Ukraine,Anzahl,K031,1785,1785
241,2019,"Region Hannover",Ukraine,Anzahl,K03241,4460,4460
241001,2019,"dav. Hannover, Lhst.",Ukraine,Anzahl,K03241001,3455,3455
241999,2019,"dav. Hannover, Umland",Ukraine,Anzahl,K03241999,1005,1005
251,2019,"Diepholz",Ukraine,Anzahl,K03251,180,180
252,2019,"Hameln-Pyrmont",Ukraine,Anzahl,K03252,375,375
254,2019,"Hildesheim",Ukraine,Anzahl,K03254,285,285
255,2019,"Holzminden",Ukraine,Anzahl,K03255,55,55
256,2019,"Nienburg (Weser)",Ukraine,Anzahl,K03256,70,70
257,2019,"Schaumburg",Ukraine,Anzahl,K03257,100,100
2,2019,"Statistische Region Hannover",Ukraine,Anzahl,K032,5520,5520
351,2019,"Celle",Ukraine,Anzahl,K03351,140,140
352,2019,"Cuxhaven",Ukraine,Anzahl,K03352,120,120
353,2019,"Harburg",Ukraine,Anzahl,K03353,240,240
354,2019,"Lüchow-Dannenberg",Ukraine,Anzahl,K03354,30,30
355,2019,"Lüneburg",Ukraine,Anzahl,K03355,110,110
356,2019,"Osterholz",Ukraine,Anzahl,K03356,60,60
357,2019,"Rotenburg (Wümme)",Ukraine,Anzahl,K03357,115,115
358,2019,"Heidekreis",Ukraine,Anzahl,K03358,155,155
359,2019,"Stade",Ukraine,Anzahl,K03359,140,140
360,2019,"Uelzen",Ukraine,Anzahl,K03360,70,70
361,2019,"Verden",Ukraine,Anzahl,K03361,90,90
3,2019,"Statistische Region Lüneburg",Ukraine,Anzahl,K033,1275,1275
401,2019,"Delmenhorst, Stadt",Ukraine,Anzahl,K03401,220,220
402,2019,"Emden, Stadt",Ukraine,Anzahl,K03402,55,55
403,2019,"Oldenburg (Oldb), Stadt",Ukraine,Anzahl,K03403,215,215
404,2019,"Osnabrück, Stadt",Ukraine,Anzahl,K03404,545,545
405,2019,"Wilhelmshaven, Stadt",Ukraine,Anzahl,K03405,65,65
451,2019,"Ammerland",Ukraine,Anzahl,K03451,70,70
452,2019,"Aurich",Ukraine,Anzahl,K03452,80,80
453,2019,"Cloppenburg",Ukraine,Anzahl,K03453,265,265
454,2019,"Emsland",Ukraine,Anzahl,K03454,255,255
455,2019,"Friesland",Ukraine,Anzahl,K03455,35,35
456,2019,"Grafschaft Bentheim",Ukraine,Anzahl,K03456,105,105
457,2019,"Leer",Ukraine,Anzahl,K03457,130,130
458,2019,"Oldenburg",Ukraine,Anzahl,K03458,70,70
459,2019,"Osnabrück",Ukraine,Anzahl,K03459,410,410
460,2019,"Vechta",Ukraine,Anzahl,K03460,160,160
461,2019,"Wesermarsch",Ukraine,Anzahl,K03461,65,65
462,2019,"Wittmund",Ukraine,Anzahl,K03462,10,10
4,2019,"Statistische Region Weser-Ems",Ukraine,Anzahl,K034,2765,2765
0,2019,"Niedersachsen",Ukraine,Anzahl,K030,11345,11345
101,2020,"Braunschweig, Stadt",Ukraine,Anzahl,K03101,415,415
102,2020,"Salzgitter, Stadt",Ukraine,Anzahl,K03102,140,140
103,2020,"Wolfsburg, Stadt",Ukraine,Anzahl,K03103,175,175
151,2020,"Gifhorn",Ukraine,Anzahl,K03151,155,155
153,2020,"Goslar",Ukraine,Anzahl,K03153,145,145
154,2020,"Helmstedt",Ukraine,Anzahl,K03154,70,70
155,2020,"Northeim",Ukraine,Anzahl,K03155,105,105
157,2020,"Peine",Ukraine,Anzahl,K03157,85,85
158,2020,"Wolfenbüttel",Ukraine,Anzahl,K03158,60,60
159,2020,"Göttingen",Ukraine,Anzahl,K03159,485,485
1,2020,"Statistische Region Braunschweig",Ukraine,Anzahl,K031,1835,1835
241,2020,"Region Hannover",Ukraine,Anzahl,K03241,4325,4325
241001,2020,"dav. Hannover, Lhst.",Ukraine,Anzahl,K03241001,3300,3300
241999,2020,"dav. Hannover, Umland",Ukraine,Anzahl,K03241999,1020,1020
251,2020,"Diepholz",Ukraine,Anzahl,K03251,185,185
252,2020,"Hameln-Pyrmont",Ukraine,Anzahl,K03252,380,380
254,2020,"Hildesheim",Ukraine,Anzahl,K03254,285,285
255,2020,"Holzminden",Ukraine,Anzahl,K03255,45,45
256,2020,"Nienburg (Weser)",Ukraine,Anzahl,K03256,90,90
257,2020,"Schaumburg",Ukraine,Anzahl,K03257,110,110
2,2020,"Statistische Region Hannover",Ukraine,Anzahl,K032,5410,5410
351,2020,"Celle",Ukraine,Anzahl,K03351,140,140
352,2020,"Cuxhaven",Ukraine,Anzahl,K03352,130,130
353,2020,"Harburg",Ukraine,Anzahl,K03353,250,250
354,2020,"Lüchow-Dannenberg",Ukraine,Anzahl,K03354,55,55
355,2020,"Lüneburg",Ukraine,Anzahl,K03355,115,115
356,2020,"Osterholz",Ukraine,Anzahl,K03356,70,70
357,2020,"Rotenburg (Wümme)",Ukraine,Anzahl,K03357,115,115
358,2020,"Heidekreis",Ukraine,Anzahl,K03358,145,145
359,2020,"Stade",Ukraine,Anzahl,K03359,140,140
360,2020,"Uelzen",Ukraine,Anzahl,K03360,80,80
361,2020,"Verden",Ukraine,Anzahl,K03361,95,95
3,2020,"Statistische Region Lüneburg",Ukraine,Anzahl,K033,1335,1335
401,2020,"Delmenhorst, Stadt",Ukraine,Anzahl,K03401,225,225
402,2020,"Emden, Stadt",Ukraine,Anzahl,K03402,65,65
403,2020,"Oldenburg (Oldb), Stadt",Ukraine,Anzahl,K03403,225,225
404,2020,"Osnabrück, Stadt",Ukraine,Anzahl,K03404,540,540
405,2020,"Wilhelmshaven, Stadt",Ukraine,Anzahl,K03405,65,65
451,2020,"Ammerland",Ukraine,Anzahl,K03451,85,85
452,2020,"Aurich",Ukraine,Anzahl,K03452,90,90
453,2020,"Cloppenburg",Ukraine,Anzahl,K03453,255,255
454,2020,"Emsland",Ukraine,Anzahl,K03454,265,265
455,2020,"Friesland",Ukraine,Anzahl,K03455,45,45
456,2020,"Grafschaft Bentheim",Ukraine,Anzahl,K03456,110,110
457,2020,"Leer",Ukraine,Anzahl,K03457,120,120
458,2020,"Oldenburg",Ukraine,Anzahl,K03458,75,75
459,2020,"Osnabrück",Ukraine,Anzahl,K03459,425,425
460,2020,"Vechta",Ukraine,Anzahl,K03460,165,165
461,2020,"Wesermarsch",Ukraine,Anzahl,K03461,55,55
462,2020,"Wittmund",Ukraine,Anzahl,K03462,15,15
4,2020,"Statistische Region Weser-Ems",Ukraine,Anzahl,K034,2830,2830
0,2020,"Niedersachsen",Ukraine,Anzahl,K030,11410,11410
101,2021,"Braunschweig, Stadt",Ukraine,Anzahl,K03101,430,430
102,2021,"Salzgitter, Stadt",Ukraine,Anzahl,K03102,150,150
103,2021,"Wolfsburg, Stadt",Ukraine,Anzahl,K03103,180,180
151,2021,"Gifhorn",Ukraine,Anzahl,K03151,160,160
153,2021,"Goslar",Ukraine,Anzahl,K03153,140,140
154,2021,"Helmstedt",Ukraine,Anzahl,K03154,75,75
155,2021,"Northeim",Ukraine,Anzahl,K03155,115,115
157,2021,"Peine",Ukraine,Anzahl,K03157,95,95
158,2021,"Wolfenbüttel",Ukraine,Anzahl,K03158,70,70
159,2021,"Göttingen",Ukraine,Anzahl,K03159,495,495
1,2021,"Statistische Region Braunschweig",Ukraine,Anzahl,K031,1905,1905
241,2021,"Region Hannover",Ukraine,Anzahl,K03241,4380,4380
241001,2021,"dav. Hannover, Lhst.",Ukraine,Anzahl,K03241001,3295,3295
241999,2021,"dav. Hannover, Umland",Ukraine,Anzahl,K03241999,1085,1085
251,2021,"Diepholz",Ukraine,Anzahl,K03251,220,220
252,2021,"Hameln-Pyrmont",Ukraine,Anzahl,K03252,390,390
254,2021,"Hildesheim",Ukraine,Anzahl,K03254,310,310
255,2021,"Holzminden",Ukraine,Anzahl,K03255,55,55
256,2021,"Nienburg (Weser)",Ukraine,Anzahl,K03256,85,85
257,2021,"Schaumburg",Ukraine,Anzahl,K03257,125,125
2,2021,"Statistische Region Hannover",Ukraine,Anzahl,K032,5560,5560
351,2021,"Celle",Ukraine,Anzahl,K03351,145,145
352,2021,"Cuxhaven",Ukraine,Anzahl,K03352,155,155
353,2021,"Harburg",Ukraine,Anzahl,K03353,275,275
354,2021,"Lüchow-Dannenberg",Ukraine,Anzahl,K03354,30,30
355,2021,"Lüneburg",Ukraine,Anzahl,K03355,120,120
356,2021,"Osterholz",Ukraine,Anzahl,K03356,85,85
357,2021,"Rotenburg (Wümme)",Ukraine,Anzahl,K03357,140,140
358,2021,"Heidekreis",Ukraine,Anzahl,K03358,165,165
359,2021,"Stade",Ukraine,Anzahl,K03359,155,155
360,2021,"Uelzen",Ukraine,Anzahl,K03360,80,80
361,2021,"Verden",Ukraine,Anzahl,K03361,95,95
3,2021,"Statistische Region Lüneburg",Ukraine,Anzahl,K033,1440,1440
401,2021,"Delmenhorst, Stadt",Ukraine,Anzahl,K03401,235,235
402,2021,"Emden, Stadt",Ukraine,Anzahl,K03402,70,70
403,2021,"Oldenburg (Oldb), Stadt",Ukraine,Anzahl,K03403,240,240
404,2021,"Osnabrück, Stadt",Ukraine,Anzahl,K03404,545,545
405,2021,"Wilhelmshaven, Stadt",Ukraine,Anzahl,K03405,70,70
451,2021,"Ammerland",Ukraine,Anzahl,K03451,85,85
452,2021,"Aurich",Ukraine,Anzahl,K03452,95,95
453,2021,"Cloppenburg",Ukraine,Anzahl,K03453,240,240
454,2021,"Emsland",Ukraine,Anzahl,K03454,285,285
455,2021,"Friesland",Ukraine,Anzahl,K03455,45,45
456,2021,"Grafschaft Bentheim",Ukraine,Anzahl,K03456,150,150
457,2021,"Leer",Ukraine,Anzahl,K03457,130,130
458,2021,"Oldenburg",Ukraine,Anzahl,K03458,85,85
459,2021,"Osnabrück",Ukraine,Anzahl,K03459,445,445
460,2021,"Vechta",Ukraine,Anzahl,K03460,180,180
461,2021,"Wesermarsch",Ukraine,Anzahl,K03461,55,55
462,2021,"Wittmund",Ukraine,Anzahl,K03462,25,25
4,2021,"Statistische Region Weser-Ems",Ukraine,Anzahl,K034,2980,2980
0,2021,"Niedersachsen",Ukraine,Anzahl,K030,11890,11890
101,2022,"Braunschweig, Stadt",Ukraine,Anzahl,K03101,3565,3565
102,2022,"Salzgitter, Stadt",Ukraine,Anzahl,K03102,1385,1385
103,2022,"Wolfsburg, Stadt",Ukraine,Anzahl,K03103,2210,2210
151,2022,"Gifhorn",Ukraine,Anzahl,K03151,2165,2165
153,2022,"Goslar",Ukraine,Anzahl,K03153,1845,1845
154,2022,"Helmstedt",Ukraine,Anzahl,K03154,1475,1475
155,2022,"Northeim",Ukraine,Anzahl,K03155,2680,2680
157,2022,"Peine",Ukraine,Anzahl,K03157,1830,1830
158,2022,"Wolfenbüttel",Ukraine,Anzahl,K03158,1690,1690
159,2022,"Göttingen",Ukraine,Anzahl,K03159,4390,4390
1,2022,"Statistische Region Braunschweig",Ukraine,Anzahl,K031,23235,23235
241,2022,"Region Hannover",Ukraine,Anzahl,K03241,22700,22700
241001,2022,"dav. Hannover, Lhst.",Ukraine,Anzahl,K03241001,10175,10175
241999,2022,"dav. Hannover, Umland",Ukraine,Anzahl,K03241999,12525,12525
251,2022,"Diepholz",Ukraine,Anzahl,K03251,2850,2850
252,2022,"Hameln-Pyrmont",Ukraine,Anzahl,K03252,2755,2755
254,2022,"Hildesheim",Ukraine,Anzahl,K03254,4310,4310
255,2022,"Holzminden",Ukraine,Anzahl,K03255,1305,1305
256,2022,"Nienburg (Weser)",Ukraine,Anzahl,K03256,1780,1780
257,2022,"Schaumburg",Ukraine,Anzahl,K03257,1995,1995
2,2022,"Statistische Region Hannover",Ukraine,Anzahl,K032,37695,37695
351,2022,"Celle",Ukraine,Anzahl,K03351,2270,2270
352,2022,"Cuxhaven",Ukraine,Anzahl,K03352,2390,2390
353,2022,"Harburg",Ukraine,Anzahl,K03353,3150,3150
354,2022,"Lüchow-Dannenberg",Ukraine,Anzahl,K03354,775,775
355,2022,"Lüneburg",Ukraine,Anzahl,K03355,1945,1945
356,2022,"Osterholz",Ukraine,Anzahl,K03356,1485,1485
357,2022,"Rotenburg (Wümme)",Ukraine,Anzahl,K03357,2110,2110
358,2022,"Heidekreis",Ukraine,Anzahl,K03358,3445,3445
359,2022,"Stade",Ukraine,Anzahl,K03359,2945,2945
360,2022,"Uelzen",Ukraine,Anzahl,K03360,1515,1515
361,2022,"Verden",Ukraine,Anzahl,K03361,1730,1730
3,2022,"Statistische Region Lüneburg",Ukraine,Anzahl,K033,23760,23760
401,2022,"Delmenhorst, Stadt",Ukraine,Anzahl,K03401,1175,1175
402,2022,"Emden, Stadt",Ukraine,Anzahl,K03402,975,975
403,2022,"Oldenburg (Oldb), Stadt",Ukraine,Anzahl,K03403,2015,2015
404,2022,"Osnabrück, Stadt",Ukraine,Anzahl,K03404,2900,2900
405,2022,"Wilhelmshaven, Stadt",Ukraine,Anzahl,K03405,1100,1100
451,2022,"Ammerland",Ukraine,Anzahl,K03451,1520,1520
452,2022,"Aurich",Ukraine,Anzahl,K03452,1780,1780
453,2022,"Cloppenburg",Ukraine,Anzahl,K03453,2910,2910
454,2022,"Emsland",Ukraine,Anzahl,K03454,3980,3980
455,2022,"Friesland",Ukraine,Anzahl,K03455,1245,1245
456,2022,"Grafschaft Bentheim",Ukraine,Anzahl,K03456,2115,2115
457,2022,"Leer",Ukraine,Anzahl,K03457,2040,2040
458,2022,"Oldenburg",Ukraine,Anzahl,K03458,1340,1340
459,2022,"Osnabrück",Ukraine,Anzahl,K03459,5010,5010
460,2022,"Vechta",Ukraine,Anzahl,K03460,2225,2225
461,2022,"Wesermarsch",Ukraine,Anzahl,K03461,1300,1300
462,2022,"Wittmund",Ukraine,Anzahl,K03462,905,905
4,2022,"Statistische Region Weser-Ems",Ukraine,Anzahl,K034,34540,34540
0,2022,"Niedersachsen",Ukraine,Anzahl,K030,119230,119230
101,2023,"Braunschweig, Stadt",Ukraine,Anzahl,K03101,3765,3765
102,2023,"Salzgitter, Stadt",Ukraine,Anzahl,K03102,1385,1385
103,2023,"Wolfsburg, Stadt",Ukraine,Anzahl,K03103,2170,2170
151,2023,"Gifhorn",Ukraine,Anzahl,K03151,1845,1845
153,2023,"Goslar",Ukraine,Anzahl,K03153,2265,2265
154,2023,"Helmstedt",Ukraine,Anzahl,K03154,1555,1555
155,2023,"Northeim",Ukraine,Anzahl,K03155,2615,2615
157,2023,"Peine",Ukraine,Anzahl,K03157,1980,1980
158,2023,"Wolfenbüttel",Ukraine,Anzahl,K03158,1630,1630
159,2023,"Göttingen",Ukraine,Anzahl,K03159,4720,4720
1,2023,"Statistische Region Braunschweig",Ukraine,Anzahl,K031,23925,23925
241,2023,"Region Hannover",Ukraine,Anzahl,K03241,19975,19975
241001,2023,"dav. Hannover, Lhst.",Ukraine,Anzahl,K03241001,11260,11260
241999,2023,"dav. Hannover, Umland",Ukraine,Anzahl,K03241999,8715,8715
251,2023,"Diepholz",Ukraine,Anzahl,K03251,2940,2940
252,2023,"Hameln-Pyrmont",Ukraine,Anzahl,K03252,2975,2975
254,2023,"Hildesheim",Ukraine,Anzahl,K03254,4030,4030
255,2023,"Holzminden",Ukraine,Anzahl,K03255,1480,1480
256,2023,"Nienburg (Weser)",Ukraine,Anzahl,K03256,1915,1915
257,2023,"Schaumburg",Ukraine,Anzahl,K03257,2070,2070
2,2023,"Statistische Region Hannover",Ukraine,Anzahl,K032,35385,35385
351,2023,"Celle",Ukraine,Anzahl,K03351,2440,2440
352,2023,"Cuxhaven",Ukraine,Anzahl,K03352,2460,2460
353,2023,"Harburg",Ukraine,Anzahl,K03353,2975,2975
354,2023,"Lüchow-Dannenberg",Ukraine,Anzahl,K03354,765,765
355,2023,"Lüneburg",Ukraine,Anzahl,K03355,1910,1910
356,2023,"Osterholz",Ukraine,Anzahl,K03356,1550,1550
357,2023,"Rotenburg (Wümme)",Ukraine,Anzahl,K03357,2090,2090
358,2023,"Heidekreis",Ukraine,Anzahl,K03358,3120,3120
359,2023,"Stade",Ukraine,Anzahl,K03359,3445,3445
360,2023,"Uelzen",Ukraine,Anzahl,K03360,1535,1535
361,2023,"Verden",Ukraine,Anzahl,K03361,1850,1850
3,2023,"Statistische Region Lüneburg",Ukraine,Anzahl,K033,24140,24140
401,2023,"Delmenhorst, Stadt",Ukraine,Anzahl,K03401,1275,1275
402,2023,"Emden, Stadt",Ukraine,Anzahl,K03402,1025,1025
403,2023,"Oldenburg (Oldb), Stadt",Ukraine,Anzahl,K03403,2590,2590
404,2023,"Osnabrück, Stadt",Ukraine,Anzahl,K03404,3235,3235
405,2023,"Wilhelmshaven, Stadt",Ukraine,Anzahl,K03405,1440,1440
451,2023,"Ammerland",Ukraine,Anzahl,K03451,1450,1450
452,2023,"Aurich",Ukraine,Anzahl,K03452,1855,1855
453,2023,"Cloppenburg",Ukraine,Anzahl,K03453,3020,3020
454,2023,"Emsland",Ukraine,Anzahl,K03454,4535,4535
455,2023,"Friesland",Ukraine,Anzahl,K03455,1245,1245
456,2023,"Grafschaft Bentheim",Ukraine,Anzahl,K03456,2195,2195
457,2023,"Leer",Ukraine,Anzahl,K03457,1940,1940
458,2023,"Oldenburg",Ukraine,Anzahl,K03458,1310,1310
459,2023,"Osnabrück",Ukraine,Anzahl,K03459,5320,5320
460,2023,"Vechta",Ukraine,Anzahl,K03460,2375,2375
461,2023,"Wesermarsch",Ukraine,Anzahl,K03461,1245,1245
462,2023,"Wittmund",Ukraine,Anzahl,K03462,830,830
4,2023,"Statistische Region Weser-Ems",Ukraine,Anzahl,K034,36880,36880
0,2023,"Niedersachsen",Ukraine,Anzahl,K030,120325,120325
101,2024,"Braunschweig, Stadt",Ukraine,Anzahl,K03101,3650,3650
102,2024,"Salzgitter, Stadt",Ukraine,Anzahl,K03102,1485,1485
103,2024,"Wolfsburg, Stadt",Ukraine,Anzahl,K03103,2225,2225
151,2024,"Gifhorn",Ukraine,Anzahl,K03151,1860,1860
153,2024,"Goslar",Ukraine,Anzahl,K03153,2215,2215
154,2024,"Helmstedt",Ukraine,Anzahl,K03154,1480,1480
155,2024,"Northeim",Ukraine,Anzahl,K03155,2670,2670
157,2024,"Peine",Ukraine,Anzahl,K03157,1980,1980
158,2024,"Wolfenbüttel",Ukraine,Anzahl,K03158,1540,1540
159,2024,"Göttingen",Ukraine,Anzahl,K03159,4635,4635
1,2024,"Statistische Region Braunschweig",Ukraine,Anzahl,K031,23740,23740
241,2024,"Region Hannover",Ukraine,Anzahl,K03241,20720,20720
241001,2024,"dav. Hannover, Lhst.",Ukraine,Anzahl,K03241001,12065,12065
241999,2024,"dav. Hannover, Umland",Ukraine,Anzahl,K03241999,8655,8655
251,2024,"Diepholz",Ukraine,Anzahl,K03251,3145,3145
252,2024,"Hameln-Pyrmont",Ukraine,Anzahl,K03252,2910,2910
254,2024,"Hildesheim",Ukraine,Anzahl,K03254,3835,3835
255,2024,"Holzminden",Ukraine,Anzahl,K03255,1575,1575
256,2024,"Nienburg (Weser)",Ukraine,Anzahl,K03256,2165,2165
257,2024,"Schaumburg",Ukraine,Anzahl,K03257,2135,2135
2,2024,"Statistische Region Hannover",Ukraine,Anzahl,K032,36485,36485
351,2024,"Celle",Ukraine,Anzahl,K03351,2460,2460
352,2024,"Cuxhaven",Ukraine,Anzahl,K03352,2310,2310
353,2024,"Harburg",Ukraine,Anzahl,K03353,2915,2915
354,2024,"Lüchow-Dannenberg",Ukraine,Anzahl,K03354,695,695
355,2024,"Lüneburg",Ukraine,Anzahl,K03355,1880,1880
356,2024,"Osterholz",Ukraine,Anzahl,K03356,1475,1475
357,2024,"Rotenburg (Wümme)",Ukraine,Anzahl,K03357,2010,2010
358,2024,"Heidekreis",Ukraine,Anzahl,K03358,2400,2400
359,2024,"Stade",Ukraine,Anzahl,K03359,3430,3430
360,2024,"Uelzen",Ukraine,Anzahl,K03360,1415,1415
361,2024,"Verden",Ukraine,Anzahl,K03361,1985,1985
3,2024,"Statistische Region Lüneburg",Ukraine,Anzahl,K033,22970,22970
401,2024,"Delmenhorst, Stadt",Ukraine,Anzahl,K03401,1265,1265
402,2024,"Emden, Stadt",Ukraine,Anzahl,K03402,1030,1030
403,2024,"Oldenburg (Oldb), Stadt",Ukraine,Anzahl,K03403,2790,2790
404,2024,"Osnabrück, Stadt",Ukraine,Anzahl,K03404,3350,3350
405,2024,"Wilhelmshaven, Stadt",Ukraine,Anzahl,K03405,1465,1465
451,2024,"Ammerland",Ukraine,Anzahl,K03451,1455,1455
452,2024,"Aurich",Ukraine,Anzahl,K03452,1815,1815
453,2024,"Cloppenburg",Ukraine,Anzahl,K03453,3030,3030
454,2024,"Emsland",Ukraine,Anzahl,K03454,5090,5090
455,2024,"Friesland",Ukraine,Anzahl,K03455,1205,1205
456,2024,"Grafschaft Bentheim",Ukraine,Anzahl,K03456,2120,2120
457,2024,"Leer",Ukraine,Anzahl,K03457,1895,1895
458,2024,"Oldenburg",Ukraine,Anzahl,K03458,1250,1250
459,2024,"Osnabrück",Ukraine,Anzahl,K03459,5235,5235
460,2024,"Vechta",Ukraine,Anzahl,K03460,2560,2560
461,2024,"Wesermarsch",Ukraine,Anzahl,K03461,1150,1150
462,2024,"Wittmund",Ukraine,Anzahl,K03462,745,745
4,2024,"Statistische Region Weser-Ems",Ukraine,Anzahl,K034,37440,37440
0,2024,"Niedersachsen",Ukraine,Anzahl,K030,120635,120635
101,2025,"Braunschweig, Stadt",Ukraine,Anzahl,K03101,3705,3705
102,2025,"Salzgitter, Stadt",Ukraine,Anzahl,K03102,1490,1490
103,2025,"Wolfsburg, Stadt",Ukraine,Anzahl,K03103,2415,2415
151,2025,"Gifhorn",Ukraine,Anzahl,K03151,1985,1985
153,2025,"Goslar",Ukraine,Anzahl,K03153,2265,2265
154,2025,"Helmstedt",Ukraine,Anzahl,K03154,1700,1700
155,2025,"Northeim",Ukraine,Anzahl,K03155,2585,2585
157,2025,"Peine",Ukraine,Anzahl,K03157,2150,2150
158,2025,"Wolfenbüttel",Ukraine,Anzahl,K03158,1590,1590
159,2025,"Göttingen",Ukraine,Anzahl,K03159,5005,5005
1,2025,"Statistische Region Braunschweig",Ukraine,Anzahl,K031,24895,24895
241,2025,"Region Hannover",Ukraine,Anzahl,K03241,21475,21475
241001,2025,"dav. Hannover, Lhst.",Ukraine,Anzahl,K03241001,13175,13175
241999,2025,"dav. Hannover, Umland",Ukraine,Anzahl,K03241999,8300,8300
251,2025,"Diepholz",Ukraine,Anzahl,K03251,3355,3355
252,2025,"Hameln-Pyrmont",Ukraine,Anzahl,K03252,2985,2985
254,2025,"Hildesheim",Ukraine,Anzahl,K03254,4115,4115
255,2025,"Holzminden",Ukraine,Anzahl,K03255,1710,1710
256,2025,"Nienburg (Weser)",Ukraine,Anzahl,K03256,2235,2235
257,2025,"Schaumburg",Ukraine,Anzahl,K03257,2195,2195
2,2025,"Statistische Region Hannover",Ukraine,Anzahl,K032,38080,38080
351,2025,"Celle",Ukraine,Anzahl,K03351,2625,2625
352,2025,"Cuxhaven",Ukraine,Anzahl,K03352,2495,2495
353,2025,"Harburg",Ukraine,Anzahl,K03353,3035,3035
354,2025,"Lüchow-Dannenberg",Ukraine,Anzahl,K03354,820,820
355,2025,"Lüneburg",Ukraine,Anzahl,K03355,2115,2115
356,2025,"Osterholz",Ukraine,Anzahl,K03356,1485,1485
357,2025,"Rotenburg (Wümme)",Ukraine,Anzahl,K03357,2230,2230
358,2025,"Heidekreis",Ukraine,Anzahl,K03358,2480,2480
359,2025,"Stade",Ukraine,Anzahl,K03359,3380,3380
360,2025,"Uelzen",Ukraine,Anzahl,K03360,1385,1385
361,2025,"Verden",Ukraine,Anzahl,K03361,2295,2295
3,2025,"Statistische Region Lüneburg",Ukraine,Anzahl,K033,24355,24355
401,2025,"Delmenhorst, Stadt",Ukraine,Anzahl,K03401,1385,1385
402,2025,"Emden, Stadt",Ukraine,Anzahl,K03402,1085,1085
403,2025,"Oldenburg (Oldb), Stadt",Ukraine,Anzahl,K03403,3070,3070
404,2025,"Osnabrück, Stadt",Ukraine,Anzahl,K03404,3425,3425
405,2025,"Wilhelmshaven, Stadt",Ukraine,Anzahl,K03405,1590,1590
451,2025,"Ammerland",Ukraine,Anzahl,K03451,1590,1590
452,2025,"Aurich",Ukraine,Anzahl,K03452,1940,1940
453,2025,"Cloppenburg",Ukraine,Anzahl,K03453,3355,3355
454,2025,"Emsland",Ukraine,Anzahl,K03454,5210,5210
455,2025,"Friesland",Ukraine,Anzahl,K03455,1290,1290
456,2025,"Grafschaft Bentheim",Ukraine,Anzahl,K03456,2200,2200
457,2025,"Leer",Ukraine,Anzahl,K03457,2075,2075
458,2025,"Oldenburg",Ukraine,Anzahl,K03458,1420,1420
459,2025,"Osnabrück",Ukraine,Anzahl,K03459,5275,5275
460,2025,"Vechta",Ukraine,Anzahl,K03460,2670,2670
461,2025,"Wesermarsch",Ukraine,Anzahl,K03461,1305,1305
462,2025,"Wittmund",Ukraine,Anzahl,K03462,770,770
4,2025,"Statistische Region Weser-Ems",Ukraine,Anzahl,K034,39650,39650
0,2025,"Niedersachsen",Ukraine,Anzahl,K030,126980,126980
101,2005,"Braunschweig, Stadt",Polen,Anzahl,K03101,1942,1942
102,2005,"Salzgitter, Stadt",Polen,Anzahl,K03102,543,543
103,2005,"Wolfsburg, Stadt",Polen,Anzahl,K03103,596,596
151,2005,"Gifhorn",Polen,Anzahl,K03151,523,523
153,2005,"Goslar",Polen,Anzahl,K03153,430,430
154,2005,"Helmstedt",Polen,Anzahl,K03154,316,316
155,2005,"Northeim",Polen,Anzahl,K03155,336,336
157,2005,"Peine",Polen,Anzahl,K03157,478,478
158,2005,"Wolfenbüttel",Polen,Anzahl,K03158,326,326
159,2005,"Göttingen",Polen,Anzahl,K03159,989,989
1,2005,"Statistische Region Braunschweig",Polen,Anzahl,K031,6479,6479
241,2005,"Region Hannover",Polen,Anzahl,K03241,7889,7889
241001,2005,"dav. Hannover, Lhst.",Polen,Anzahl,K03241001,4696,4696
241999,2005,"dav. Hannover, Umland",Polen,Anzahl,K03241999,3193,3193
251,2005,"Diepholz",Polen,Anzahl,K03251,754,754
252,2005,"Hameln-Pyrmont",Polen,Anzahl,K03252,568,568
254,2005,"Hildesheim",Polen,Anzahl,K03254,979,979
255,2005,"Holzminden",Polen,Anzahl,K03255,179,179
256,2005,"Nienburg (Weser)",Polen,Anzahl,K03256,482,482
257,2005,"Schaumburg",Polen,Anzahl,K03257,599,599
2,2005,"Statistische Region Hannover",Polen,Anzahl,K032,11450,11450
351,2005,"Celle",Polen,Anzahl,K03351,421,421
352,2005,"Cuxhaven",Polen,Anzahl,K03352,426,426
353,2005,"Harburg",Polen,Anzahl,K03353,878,878
354,2005,"Lüchow-Dannenberg",Polen,Anzahl,K03354,235,235
355,2005,"Lüneburg",Polen,Anzahl,K03355,585,585
356,2005,"Osterholz",Polen,Anzahl,K03356,263,263
357,2005,"Rotenburg (Wümme)",Polen,Anzahl,K03357,709,709
358,2005,"Heidekreis",Polen,Anzahl,K03358,464,464
359,2005,"Stade",Polen,Anzahl,K03359,701,701
360,2005,"Uelzen",Polen,Anzahl,K03360,294,294
361,2005,"Verden",Polen,Anzahl,K03361,446,446
3,2005,"Statistische Region Lüneburg",Polen,Anzahl,K033,5422,5422
401,2005,"Delmenhorst, Stadt",Polen,Anzahl,K03401,499,499
402,2005,"Emden, Stadt",Polen,Anzahl,K03402,270,270
403,2005,"Oldenburg (Oldb), Stadt",Polen,Anzahl,K03403,715,715
404,2005,"Osnabrück, Stadt",Polen,Anzahl,K03404,619,619
405,2005,"Wilhelmshaven, Stadt",Polen,Anzahl,K03405,214,214
451,2005,"Ammerland",Polen,Anzahl,K03451,271,271
452,2005,"Aurich",Polen,Anzahl,K03452,314,314
453,2005,"Cloppenburg",Polen,Anzahl,K03453,782,782
454,2005,"Emsland",Polen,Anzahl,K03454,1625,1625
455,2005,"Friesland",Polen,Anzahl,K03455,167,167
456,2005,"Grafschaft Bentheim",Polen,Anzahl,K03456,328,328
457,2005,"Leer",Polen,Anzahl,K03457,399,399
458,2005,"Oldenburg",Polen,Anzahl,K03458,406,406
459,2005,"Osnabrück",Polen,Anzahl,K03459,1099,1099
460,2005,"Vechta",Polen,Anzahl,K03460,906,906
461,2005,"Wesermarsch",Polen,Anzahl,K03461,356,356
462,2005,"Wittmund",Polen,Anzahl,K03462,92,92
4,2005,"Statistische Region Weser-Ems",Polen,Anzahl,K034,9062,9062
0,2005,"Niedersachsen",Polen,Anzahl,K030,32413,32413
101,2011,"Braunschweig, Stadt",Polen,Anzahl,K03101,2406,2406
102,2011,"Salzgitter, Stadt",Polen,Anzahl,K03102,655,655
103,2011,"Wolfsburg, Stadt",Polen,Anzahl,K03103,761,761
151,2011,"Gifhorn",Polen,Anzahl,K03151,650,650
153,2011,"Goslar",Polen,Anzahl,K03153,440,440
154,2011,"Helmstedt",Polen,Anzahl,K03154,449,449
155,2011,"Northeim",Polen,Anzahl,K03155,333,333
157,2011,"Peine",Polen,Anzahl,K03157,652,652
158,2011,"Wolfenbüttel",Polen,Anzahl,K03158,483,483
159,2011,"Göttingen",Polen,Anzahl,K03159,916,916
1,2011,"Statistische Region Braunschweig",Polen,Anzahl,K031,7745,7745
241,2011,"Region Hannover",Polen,Anzahl,K03241,10275,10275
241001,2011,"dav. Hannover, Lhst.",Polen,Anzahl,K03241001,6422,6422
241999,2011,"dav. Hannover, Umland",Polen,Anzahl,K03241999,3853,3853
251,2011,"Diepholz",Polen,Anzahl,K03251,1202,1202
252,2011,"Hameln-Pyrmont",Polen,Anzahl,K03252,686,686
254,2011,"Hildesheim",Polen,Anzahl,K03254,1101,1101
255,2011,"Holzminden",Polen,Anzahl,K03255,182,182
256,2011,"Nienburg (Weser)",Polen,Anzahl,K03256,625,625
257,2011,"Schaumburg",Polen,Anzahl,K03257,817,817
2,2011,"Statistische Region Hannover",Polen,Anzahl,K032,14888,14888
351,2011,"Celle",Polen,Anzahl,K03351,566,566
352,2011,"Cuxhaven",Polen,Anzahl,K03352,562,562
353,2011,"Harburg",Polen,Anzahl,K03353,1511,1511
354,2011,"Lüchow-Dannenberg",Polen,Anzahl,K03354,331,331
355,2011,"Lüneburg",Polen,Anzahl,K03355,881,881
356,2011,"Osterholz",Polen,Anzahl,K03356,404,404
357,2011,"Rotenburg (Wümme)",Polen,Anzahl,K03357,875,875
358,2011,"Heidekreis",Polen,Anzahl,K03358,648,648
359,2011,"Stade",Polen,Anzahl,K03359,1467,1467
360,2011,"Uelzen",Polen,Anzahl,K03360,395,395
361,2011,"Verden",Polen,Anzahl,K03361,598,598
3,2011,"Statistische Region Lüneburg",Polen,Anzahl,K033,8238,8238
401,2011,"Delmenhorst, Stadt",Polen,Anzahl,K03401,632,632
402,2011,"Emden, Stadt",Polen,Anzahl,K03402,233,233
403,2011,"Oldenburg (Oldb), Stadt",Polen,Anzahl,K03403,740,740
404,2011,"Osnabrück, Stadt",Polen,Anzahl,K03404,888,888
405,2011,"Wilhelmshaven, Stadt",Polen,Anzahl,K03405,556,556
451,2011,"Ammerland",Polen,Anzahl,K03451,621,621
452,2011,"Aurich",Polen,Anzahl,K03452,631,631
453,2011,"Cloppenburg",Polen,Anzahl,K03453,1451,1451
454,2011,"Emsland",Polen,Anzahl,K03454,3498,3498
455,2011,"Friesland",Polen,Anzahl,K03455,230,230
456,2011,"Grafschaft Bentheim",Polen,Anzahl,K03456,708,708
457,2011,"Leer",Polen,Anzahl,K03457,562,562
458,2011,"Oldenburg",Polen,Anzahl,K03458,999,999
459,2011,"Osnabrück",Polen,Anzahl,K03459,2468,2468
460,2011,"Vechta",Polen,Anzahl,K03460,1940,1940
461,2011,"Wesermarsch",Polen,Anzahl,K03461,457,457
462,2011,"Wittmund",Polen,Anzahl,K03462,155,155
4,2011,"Statistische Region Weser-Ems",Polen,Anzahl,K034,16769,16769
0,2011,"Niedersachsen",Polen,Anzahl,K030,47640,47640
101,2012,"Braunschweig, Stadt",Polen,Anzahl,K03101,2770,2770
102,2012,"Salzgitter, Stadt",Polen,Anzahl,K03102,722,722
103,2012,"Wolfsburg, Stadt",Polen,Anzahl,K03103,844,844
151,2012,"Gifhorn",Polen,Anzahl,K03151,761,761
153,2012,"Goslar",Polen,Anzahl,K03153,519,519
154,2012,"Helmstedt",Polen,Anzahl,K03154,454,454
155,2012,"Northeim",Polen,Anzahl,K03155,357,357
157,2012,"Peine",Polen,Anzahl,K03157,753,753
158,2012,"Wolfenbüttel",Polen,Anzahl,K03158,538,538
159,2012,"Göttingen",Polen,Anzahl,K03159,992,992
1,2012,"Statistische Region Braunschweig",Polen,Anzahl,K031,8710,8710
241,2012,"Region Hannover",Polen,Anzahl,K03241,11600,11600
241001,2012,"dav. Hannover, Lhst.",Polen,Anzahl,K03241001,7098,7098
241999,2012,"dav. Hannover, Umland",Polen,Anzahl,K03241999,4502,4502
251,2012,"Diepholz",Polen,Anzahl,K03251,1521,1521
252,2012,"Hameln-Pyrmont",Polen,Anzahl,K03252,638,638
254,2012,"Hildesheim",Polen,Anzahl,K03254,1254,1254
255,2012,"Holzminden",Polen,Anzahl,K03255,183,183
256,2012,"Nienburg (Weser)",Polen,Anzahl,K03256,728,728
257,2012,"Schaumburg",Polen,Anzahl,K03257,916,916
2,2012,"Statistische Region Hannover",Polen,Anzahl,K032,16840,16840
351,2012,"Celle",Polen,Anzahl,K03351,649,649
352,2012,"Cuxhaven",Polen,Anzahl,K03352,611,611
353,2012,"Harburg",Polen,Anzahl,K03353,1561,1561
354,2012,"Lüchow-Dannenberg",Polen,Anzahl,K03354,373,373
355,2012,"Lüneburg",Polen,Anzahl,K03355,980,980
356,2012,"Osterholz",Polen,Anzahl,K03356,551,551
357,2012,"Rotenburg (Wümme)",Polen,Anzahl,K03357,1044,1044
358,2012,"Heidekreis",Polen,Anzahl,K03358,818,818
359,2012,"Stade",Polen,Anzahl,K03359,1809,1809
360,2012,"Uelzen",Polen,Anzahl,K03360,448,448
361,2012,"Verden",Polen,Anzahl,K03361,727,727
3,2012,"Statistische Region Lüneburg",Polen,Anzahl,K033,9571,9571
401,2012,"Delmenhorst, Stadt",Polen,Anzahl,K03401,831,831
402,2012,"Emden, Stadt",Polen,Anzahl,K03402,404,404
403,2012,"Oldenburg (Oldb), Stadt",Polen,Anzahl,K03403,822,822
404,2012,"Osnabrück, Stadt",Polen,Anzahl,K03404,1077,1077
405,2012,"Wilhelmshaven, Stadt",Polen,Anzahl,K03405,584,584
451,2012,"Ammerland",Polen,Anzahl,K03451,1031,1031
452,2012,"Aurich",Polen,Anzahl,K03452,795,795
453,2012,"Cloppenburg",Polen,Anzahl,K03453,2163,2163
454,2012,"Emsland",Polen,Anzahl,K03454,4052,4052
455,2012,"Friesland",Polen,Anzahl,K03455,263,263
456,2012,"Grafschaft Bentheim",Polen,Anzahl,K03456,1107,1107
457,2012,"Leer",Polen,Anzahl,K03457,674,674
458,2012,"Oldenburg",Polen,Anzahl,K03458,1254,1254
459,2012,"Osnabrück",Polen,Anzahl,K03459,2976,2976
460,2012,"Vechta",Polen,Anzahl,K03460,2210,2210
461,2012,"Wesermarsch",Polen,Anzahl,K03461,506,506
462,2012,"Wittmund",Polen,Anzahl,K03462,184,184
4,2012,"Statistische Region Weser-Ems",Polen,Anzahl,K034,20933,20933
0,2012,"Niedersachsen",Polen,Anzahl,K030,56054,56054
101,2013,"Braunschweig, Stadt",Polen,Anzahl,K03101,3115,3115
102,2013,"Salzgitter, Stadt",Polen,Anzahl,K03102,939,939
103,2013,"Wolfsburg, Stadt",Polen,Anzahl,K03103,989,989
151,2013,"Gifhorn",Polen,Anzahl,K03151,815,815
153,2013,"Goslar",Polen,Anzahl,K03153,610,610
154,2013,"Helmstedt",Polen,Anzahl,K03154,488,488
155,2013,"Northeim",Polen,Anzahl,K03155,414,414
157,2013,"Peine",Polen,Anzahl,K03157,888,888
158,2013,"Wolfenbüttel",Polen,Anzahl,K03158,623,623
159,2013,"Göttingen",Polen,Anzahl,K03159,1075,1075
1,2013,"Statistische Region Braunschweig",Polen,Anzahl,K031,9956,9956
241,2013,"Region Hannover",Polen,Anzahl,K03241,13457,13457
241001,2013,"dav. Hannover, Lhst.",Polen,Anzahl,K03241001,7855,7855
241999,2013,"dav. Hannover, Umland",Polen,Anzahl,K03241999,5602,5602
251,2013,"Diepholz",Polen,Anzahl,K03251,2371,2371
252,2013,"Hameln-Pyrmont",Polen,Anzahl,K03252,702,702
254,2013,"Hildesheim",Polen,Anzahl,K03254,1440,1440
255,2013,"Holzminden",Polen,Anzahl,K03255,185,185
256,2013,"Nienburg (Weser)",Polen,Anzahl,K03256,962,962
257,2013,"Schaumburg",Polen,Anzahl,K03257,1023,1023
2,2013,"Statistische Region Hannover",Polen,Anzahl,K032,20140,20140
351,2013,"Celle",Polen,Anzahl,K03351,829,829
352,2013,"Cuxhaven",Polen,Anzahl,K03352,769,769
353,2013,"Harburg",Polen,Anzahl,K03353,1540,1540
354,2013,"Lüchow-Dannenberg",Polen,Anzahl,K03354,535,535
355,2013,"Lüneburg",Polen,Anzahl,K03355,1086,1086
356,2013,"Osterholz",Polen,Anzahl,K03356,586,586
357,2013,"Rotenburg (Wümme)",Polen,Anzahl,K03357,1265,1265
358,2013,"Heidekreis",Polen,Anzahl,K03358,1203,1203
359,2013,"Stade",Polen,Anzahl,K03359,2189,2189
360,2013,"Uelzen",Polen,Anzahl,K03360,545,545
361,2013,"Verden",Polen,Anzahl,K03361,929,929
3,2013,"Statistische Region Lüneburg",Polen,Anzahl,K033,11476,11476
401,2013,"Delmenhorst, Stadt",Polen,Anzahl,K03401,1052,1052
402,2013,"Emden, Stadt",Polen,Anzahl,K03402,618,618
403,2013,"Oldenburg (Oldb), Stadt",Polen,Anzahl,K03403,989,989
404,2013,"Osnabrück, Stadt",Polen,Anzahl,K03404,1184,1184
405,2013,"Wilhelmshaven, Stadt",Polen,Anzahl,K03405,512,512
451,2013,"Ammerland",Polen,Anzahl,K03451,1043,1043
452,2013,"Aurich",Polen,Anzahl,K03452,1060,1060
453,2013,"Cloppenburg",Polen,Anzahl,K03453,2430,2430
454,2013,"Emsland",Polen,Anzahl,K03454,4378,4378
455,2013,"Friesland",Polen,Anzahl,K03455,300,300
456,2013,"Grafschaft Bentheim",Polen,Anzahl,K03456,1403,1403
457,2013,"Leer",Polen,Anzahl,K03457,776,776
458,2013,"Oldenburg",Polen,Anzahl,K03458,1529,1529
459,2013,"Osnabrück",Polen,Anzahl,K03459,3555,3555
460,2013,"Vechta",Polen,Anzahl,K03460,2592,2592
461,2013,"Wesermarsch",Polen,Anzahl,K03461,615,615
462,2013,"Wittmund",Polen,Anzahl,K03462,242,242
4,2013,"Statistische Region Weser-Ems",Polen,Anzahl,K034,24278,24278
0,2013,"Niedersachsen",Polen,Anzahl,K030,65850,65850
101,2014,"Braunschweig, Stadt",Polen,Anzahl,K03101,3370,3370
102,2014,"Salzgitter, Stadt",Polen,Anzahl,K03102,1162,1162
103,2014,"Wolfsburg, Stadt",Polen,Anzahl,K03103,1122,1122
151,2014,"Gifhorn",Polen,Anzahl,K03151,945,945
153,2014,"Goslar",Polen,Anzahl,K03153,664,664
154,2014,"Helmstedt",Polen,Anzahl,K03154,509,509
155,2014,"Northeim",Polen,Anzahl,K03155,558,558
157,2014,"Peine",Polen,Anzahl,K03157,1022,1022
158,2014,"Wolfenbüttel",Polen,Anzahl,K03158,678,678
159,2014,"Göttingen",Polen,Anzahl,K03159,1165,1165
1,2014,"Statistische Region Braunschweig",Polen,Anzahl,K031,11195,11195
241,2014,"Region Hannover",Polen,Anzahl,K03241,15188,15188
241001,2014,"dav. Hannover, Lhst.",Polen,Anzahl,K03241001,8789,8789
241999,2014,"dav. Hannover, Umland",Polen,Anzahl,K03241999,6399,6399
251,2014,"Diepholz",Polen,Anzahl,K03251,2455,2455
252,2014,"Hameln-Pyrmont",Polen,Anzahl,K03252,791,791
254,2014,"Hildesheim",Polen,Anzahl,K03254,1630,1630
255,2014,"Holzminden",Polen,Anzahl,K03255,172,172
256,2014,"Nienburg (Weser)",Polen,Anzahl,K03256,1122,1122
257,2014,"Schaumburg",Polen,Anzahl,K03257,1142,1142
2,2014,"Statistische Region Hannover",Polen,Anzahl,K032,22500,22500
351,2014,"Celle",Polen,Anzahl,K03351,1081,1081
352,2014,"Cuxhaven",Polen,Anzahl,K03352,1045,1045
353,2014,"Harburg",Polen,Anzahl,K03353,1526,1526
354,2014,"Lüchow-Dannenberg",Polen,Anzahl,K03354,631,631
355,2014,"Lüneburg",Polen,Anzahl,K03355,1180,1180
356,2014,"Osterholz",Polen,Anzahl,K03356,664,664
357,2014,"Rotenburg (Wümme)",Polen,Anzahl,K03357,1500,1500
358,2014,"Heidekreis",Polen,Anzahl,K03358,1426,1426
359,2014,"Stade",Polen,Anzahl,K03359,2602,2602
360,2014,"Uelzen",Polen,Anzahl,K03360,682,682
361,2014,"Verden",Polen,Anzahl,K03361,1055,1055
3,2014,"Statistische Region Lüneburg",Polen,Anzahl,K033,13392,13392
401,2014,"Delmenhorst, Stadt",Polen,Anzahl,K03401,1289,1289
402,2014,"Emden, Stadt",Polen,Anzahl,K03402,761,761
403,2014,"Oldenburg (Oldb), Stadt",Polen,Anzahl,K03403,1145,1145
404,2014,"Osnabrück, Stadt",Polen,Anzahl,K03404,1289,1289
405,2014,"Wilhelmshaven, Stadt",Polen,Anzahl,K03405,587,587
451,2014,"Ammerland",Polen,Anzahl,K03451,1163,1163
452,2014,"Aurich",Polen,Anzahl,K03452,1361,1361
453,2014,"Cloppenburg",Polen,Anzahl,K03453,2812,2812
454,2014,"Emsland",Polen,Anzahl,K03454,5082,5082
455,2014,"Friesland",Polen,Anzahl,K03455,349,349
456,2014,"Grafschaft Bentheim",Polen,Anzahl,K03456,1715,1715
457,2014,"Leer",Polen,Anzahl,K03457,893,893
458,2014,"Oldenburg",Polen,Anzahl,K03458,1572,1572
459,2014,"Osnabrück",Polen,Anzahl,K03459,3851,3851
460,2014,"Vechta",Polen,Anzahl,K03460,3094,3094
461,2014,"Wesermarsch",Polen,Anzahl,K03461,783,783
462,2014,"Wittmund",Polen,Anzahl,K03462,327,327
4,2014,"Statistische Region Weser-Ems",Polen,Anzahl,K034,28073,28073
0,2014,"Niedersachsen",Polen,Anzahl,K030,75160,75160
101,2015,"Braunschweig, Stadt",Polen,Anzahl,K03101,3638,3638
102,2015,"Salzgitter, Stadt",Polen,Anzahl,K03102,1476,1476
103,2015,"Wolfsburg, Stadt",Polen,Anzahl,K03103,1202,1202
151,2015,"Gifhorn",Polen,Anzahl,K03151,1040,1040
153,2015,"Goslar",Polen,Anzahl,K03153,741,741
154,2015,"Helmstedt",Polen,Anzahl,K03154,667,667
155,2015,"Northeim",Polen,Anzahl,K03155,680,680
157,2015,"Peine",Polen,Anzahl,K03157,1143,1143
158,2015,"Wolfenbüttel",Polen,Anzahl,K03158,727,727
159,2015,"Göttingen",Polen,Anzahl,K03159,1291,1291
1,2015,"Statistische Region Braunschweig",Polen,Anzahl,K031,12605,12605
241,2015,"Region Hannover",Polen,Anzahl,K03241,16964,16964
241001,2015,"dav. Hannover, Lhst.",Polen,Anzahl,K03241001,9470,9470
241999,2015,"dav. Hannover, Umland",Polen,Anzahl,K03241999,7494,7494
251,2015,"Diepholz",Polen,Anzahl,K03251,2682,2682
252,2015,"Hameln-Pyrmont",Polen,Anzahl,K03252,871,871
254,2015,"Hildesheim",Polen,Anzahl,K03254,1864,1864
255,2015,"Holzminden",Polen,Anzahl,K03255,163,163
256,2015,"Nienburg (Weser)",Polen,Anzahl,K03256,1203,1203
257,2015,"Schaumburg",Polen,Anzahl,K03257,1335,1335
2,2015,"Statistische Region Hannover",Polen,Anzahl,K032,25082,25082
351,2015,"Celle",Polen,Anzahl,K03351,1228,1228
352,2015,"Cuxhaven",Polen,Anzahl,K03352,1248,1248
353,2015,"Harburg",Polen,Anzahl,K03353,1569,1569
354,2015,"Lüchow-Dannenberg",Polen,Anzahl,K03354,731,731
355,2015,"Lüneburg",Polen,Anzahl,K03355,1254,1254
356,2015,"Osterholz",Polen,Anzahl,K03356,725,725
357,2015,"Rotenburg (Wümme)",Polen,Anzahl,K03357,1673,1673
358,2015,"Heidekreis",Polen,Anzahl,K03358,1732,1732
359,2015,"Stade",Polen,Anzahl,K03359,2766,2766
360,2015,"Uelzen",Polen,Anzahl,K03360,754,754
361,2015,"Verden",Polen,Anzahl,K03361,1147,1147
3,2015,"Statistische Region Lüneburg",Polen,Anzahl,K033,14827,14827
401,2015,"Delmenhorst, Stadt",Polen,Anzahl,K03401,1488,1488
402,2015,"Emden, Stadt",Polen,Anzahl,K03402,868,868
403,2015,"Oldenburg (Oldb), Stadt",Polen,Anzahl,K03403,1319,1319
404,2015,"Osnabrück, Stadt",Polen,Anzahl,K03404,1452,1452
405,2015,"Wilhelmshaven, Stadt",Polen,Anzahl,K03405,597,597
451,2015,"Ammerland",Polen,Anzahl,K03451,1261,1261
452,2015,"Aurich",Polen,Anzahl,K03452,1488,1488
453,2015,"Cloppenburg",Polen,Anzahl,K03453,2956,2956
454,2015,"Emsland",Polen,Anzahl,K03454,5811,5811
455,2015,"Friesland",Polen,Anzahl,K03455,374,374
456,2015,"Grafschaft Bentheim",Polen,Anzahl,K03456,2065,2065
457,2015,"Leer",Polen,Anzahl,K03457,978,978
458,2015,"Oldenburg",Polen,Anzahl,K03458,1679,1679
459,2015,"Osnabrück",Polen,Anzahl,K03459,4241,4241
460,2015,"Vechta",Polen,Anzahl,K03460,3555,3555
461,2015,"Wesermarsch",Polen,Anzahl,K03461,912,912
462,2015,"Wittmund",Polen,Anzahl,K03462,392,392
4,2015,"Statistische Region Weser-Ems",Polen,Anzahl,K034,31436,31436
0,2015,"Niedersachsen",Polen,Anzahl,K030,83950,83950
101,2016,"Braunschweig, Stadt",Polen,Anzahl,K03101,3670,3670
102,2016,"Salzgitter, Stadt",Polen,Anzahl,K03102,1690,1690
103,2016,"Wolfsburg, Stadt",Polen,Anzahl,K03103,1255,1255
151,2016,"Gifhorn",Polen,Anzahl,K03151,1020,1020
153,2016,"Goslar",Polen,Anzahl,K03153,800,800
154,2016,"Helmstedt",Polen,Anzahl,K03154,745,745
155,2016,"Northeim",Polen,Anzahl,K03155,805,805
157,2016,"Peine",Polen,Anzahl,K03157,1245,1245
158,2016,"Wolfenbüttel",Polen,Anzahl,K03158,720,720
159,2016,"Göttingen",Polen,Anzahl,K03159,1375,1375
1,2016,"Statistische Region Braunschweig",Polen,Anzahl,K031,13325,13325
241,2016,"Region Hannover",Polen,Anzahl,K03241,18245,18245
241001,2016,"dav. Hannover, Lhst.",Polen,Anzahl,K03241001,10095,10095
241999,2016,"dav. Hannover, Umland",Polen,Anzahl,K03241999,8150,8150
251,2016,"Diepholz",Polen,Anzahl,K03251,2860,2860
252,2016,"Hameln-Pyrmont",Polen,Anzahl,K03252,920,920
254,2016,"Hildesheim",Polen,Anzahl,K03254,2075,2075
255,2016,"Holzminden",Polen,Anzahl,K03255,150,150
256,2016,"Nienburg (Weser)",Polen,Anzahl,K03256,1395,1395
257,2016,"Schaumburg",Polen,Anzahl,K03257,1485,1485
2,2016,"Statistische Region Hannover",Polen,Anzahl,K032,27130,27130
351,2016,"Celle",Polen,Anzahl,K03351,1355,1355
352,2016,"Cuxhaven",Polen,Anzahl,K03352,1260,1260
353,2016,"Harburg",Polen,Anzahl,K03353,1865,1865
354,2016,"Lüchow-Dannenberg",Polen,Anzahl,K03354,825,825
355,2016,"Lüneburg",Polen,Anzahl,K03355,1390,1390
356,2016,"Osterholz",Polen,Anzahl,K03356,675,675
357,2016,"Rotenburg (Wümme)",Polen,Anzahl,K03357,1700,1700
358,2016,"Heidekreis",Polen,Anzahl,K03358,1910,1910
359,2016,"Stade",Polen,Anzahl,K03359,3135,3135
360,2016,"Uelzen",Polen,Anzahl,K03360,845,845
361,2016,"Verden",Polen,Anzahl,K03361,1235,1235
3,2016,"Statistische Region Lüneburg",Polen,Anzahl,K033,16205,16205
401,2016,"Delmenhorst, Stadt",Polen,Anzahl,K03401,1480,1480
402,2016,"Emden, Stadt",Polen,Anzahl,K03402,920,920
403,2016,"Oldenburg (Oldb), Stadt",Polen,Anzahl,K03403,1310,1310
404,2016,"Osnabrück, Stadt",Polen,Anzahl,K03404,1535,1535
405,2016,"Wilhelmshaven, Stadt",Polen,Anzahl,K03405,615,615
451,2016,"Ammerland",Polen,Anzahl,K03451,1355,1355
452,2016,"Aurich",Polen,Anzahl,K03452,1520,1520
453,2016,"Cloppenburg",Polen,Anzahl,K03453,3350,3350
454,2016,"Emsland",Polen,Anzahl,K03454,6445,6445
455,2016,"Friesland",Polen,Anzahl,K03455,380,380
456,2016,"Grafschaft Bentheim",Polen,Anzahl,K03456,2245,2245
457,2016,"Leer",Polen,Anzahl,K03457,1080,1080
458,2016,"Oldenburg",Polen,Anzahl,K03458,1690,1690
459,2016,"Osnabrück",Polen,Anzahl,K03459,4480,4480
460,2016,"Vechta",Polen,Anzahl,K03460,3700,3700
461,2016,"Wesermarsch",Polen,Anzahl,K03461,1025,1025
462,2016,"Wittmund",Polen,Anzahl,K03462,380,380
4,2016,"Statistische Region Weser-Ems",Polen,Anzahl,K034,33510,33510
0,2016,"Niedersachsen",Polen,Anzahl,K030,90175,90175
101,2017,"Braunschweig, Stadt",Polen,Anzahl,K03101,3725,3725
102,2017,"Salzgitter, Stadt",Polen,Anzahl,K03102,1805,1805
103,2017,"Wolfsburg, Stadt",Polen,Anzahl,K03103,1310,1310
151,2017,"Gifhorn",Polen,Anzahl,K03151,990,990
153,2017,"Goslar",Polen,Anzahl,K03153,850,850
154,2017,"Helmstedt",Polen,Anzahl,K03154,820,820
155,2017,"Northeim",Polen,Anzahl,K03155,805,805
157,2017,"Peine",Polen,Anzahl,K03157,1375,1375
158,2017,"Wolfenbüttel",Polen,Anzahl,K03158,715,715
159,2017,"Göttingen",Polen,Anzahl,K03159,1405,1405
1,2017,"Statistische Region Braunschweig",Polen,Anzahl,K031,13810,13810
241,2017,"Region Hannover",Polen,Anzahl,K03241,18610,18610
241001,2017,"dav. Hannover, Lhst.",Polen,Anzahl,K03241001,10120,10120
241999,2017,"dav. Hannover, Umland",Polen,Anzahl,K03241999,8490,8490
251,2017,"Diepholz",Polen,Anzahl,K03251,2895,2895
252,2017,"Hameln-Pyrmont",Polen,Anzahl,K03252,955,955
254,2017,"Hildesheim",Polen,Anzahl,K03254,2165,2165
255,2017,"Holzminden",Polen,Anzahl,K03255,150,150
256,2017,"Nienburg (Weser)",Polen,Anzahl,K03256,1695,1695
257,2017,"Schaumburg",Polen,Anzahl,K03257,1555,1555
2,2017,"Statistische Region Hannover",Polen,Anzahl,K032,28020,28020
351,2017,"Celle",Polen,Anzahl,K03351,1465,1465
352,2017,"Cuxhaven",Polen,Anzahl,K03352,1315,1315
353,2017,"Harburg",Polen,Anzahl,K03353,2360,2360
354,2017,"Lüchow-Dannenberg",Polen,Anzahl,K03354,635,635
355,2017,"Lüneburg",Polen,Anzahl,K03355,1380,1380
356,2017,"Osterholz",Polen,Anzahl,K03356,670,670
357,2017,"Rotenburg (Wümme)",Polen,Anzahl,K03357,1695,1695
358,2017,"Heidekreis",Polen,Anzahl,K03358,1995,1995
359,2017,"Stade",Polen,Anzahl,K03359,3485,3485
360,2017,"Uelzen",Polen,Anzahl,K03360,895,895
361,2017,"Verden",Polen,Anzahl,K03361,1320,1320
3,2017,"Statistische Region Lüneburg",Polen,Anzahl,K033,17215,17215
401,2017,"Delmenhorst, Stadt",Polen,Anzahl,K03401,1470,1470
402,2017,"Emden, Stadt",Polen,Anzahl,K03402,965,965
403,2017,"Oldenburg (Oldb), Stadt",Polen,Anzahl,K03403,1285,1285
404,2017,"Osnabrück, Stadt",Polen,Anzahl,K03404,1580,1580
405,2017,"Wilhelmshaven, Stadt",Polen,Anzahl,K03405,635,635
451,2017,"Ammerland",Polen,Anzahl,K03451,1510,1510
452,2017,"Aurich",Polen,Anzahl,K03452,1610,1610
453,2017,"Cloppenburg",Polen,Anzahl,K03453,3195,3195
454,2017,"Emsland",Polen,Anzahl,K03454,7045,7045
455,2017,"Friesland",Polen,Anzahl,K03455,405,405
456,2017,"Grafschaft Bentheim",Polen,Anzahl,K03456,2415,2415
457,2017,"Leer",Polen,Anzahl,K03457,1115,1115
458,2017,"Oldenburg",Polen,Anzahl,K03458,1825,1825
459,2017,"Osnabrück",Polen,Anzahl,K03459,4760,4760
460,2017,"Vechta",Polen,Anzahl,K03460,3925,3925
461,2017,"Wesermarsch",Polen,Anzahl,K03461,1015,1015
462,2017,"Wittmund",Polen,Anzahl,K03462,405,405
4,2017,"Statistische Region Weser-Ems",Polen,Anzahl,K034,35165,35165
0,2017,"Niedersachsen",Polen,Anzahl,K030,94210,94210
101,2018,"Braunschweig, Stadt",Polen,Anzahl,K03101,3785,3785
102,2018,"Salzgitter, Stadt",Polen,Anzahl,K03102,1775,1775
103,2018,"Wolfsburg, Stadt",Polen,Anzahl,K03103,1360,1360
151,2018,"Gifhorn",Polen,Anzahl,K03151,1020,1020
153,2018,"Goslar",Polen,Anzahl,K03153,880,880
154,2018,"Helmstedt",Polen,Anzahl,K03154,825,825
155,2018,"Northeim",Polen,Anzahl,K03155,875,875
157,2018,"Peine",Polen,Anzahl,K03157,1425,1425
158,2018,"Wolfenbüttel",Polen,Anzahl,K03158,745,745
159,2018,"Göttingen",Polen,Anzahl,K03159,1480,1480
1,2018,"Statistische Region Braunschweig",Polen,Anzahl,K031,14160,14160
241,2018,"Region Hannover",Polen,Anzahl,K03241,18495,18495
241001,2018,"dav. Hannover, Lhst.",Polen,Anzahl,K03241001,9780,9780
241999,2018,"dav. Hannover, Umland",Polen,Anzahl,K03241999,8720,8720
251,2018,"Diepholz",Polen,Anzahl,K03251,3160,3160
252,2018,"Hameln-Pyrmont",Polen,Anzahl,K03252,1005,1005
254,2018,"Hildesheim",Polen,Anzahl,K03254,2190,2190
255,2018,"Holzminden",Polen,Anzahl,K03255,145,145
256,2018,"Nienburg (Weser)",Polen,Anzahl,K03256,1725,1725
257,2018,"Schaumburg",Polen,Anzahl,K03257,1655,1655
2,2018,"Statistische Region Hannover",Polen,Anzahl,K032,28375,28375
351,2018,"Celle",Polen,Anzahl,K03351,1555,1555
352,2018,"Cuxhaven",Polen,Anzahl,K03352,1435,1435
353,2018,"Harburg",Polen,Anzahl,K03353,2635,2635
354,2018,"Lüchow-Dannenberg",Polen,Anzahl,K03354,635,635
355,2018,"Lüneburg",Polen,Anzahl,K03355,1460,1460
356,2018,"Osterholz",Polen,Anzahl,K03356,685,685
357,2018,"Rotenburg (Wümme)",Polen,Anzahl,K03357,1775,1775
358,2018,"Heidekreis",Polen,Anzahl,K03358,2145,2145
359,2018,"Stade",Polen,Anzahl,K03359,3675,3675
360,2018,"Uelzen",Polen,Anzahl,K03360,965,965
361,2018,"Verden",Polen,Anzahl,K03361,1430,1430
3,2018,"Statistische Region Lüneburg",Polen,Anzahl,K033,18395,18395
401,2018,"Delmenhorst, Stadt",Polen,Anzahl,K03401,1485,1485
402,2018,"Emden, Stadt",Polen,Anzahl,K03402,880,880
403,2018,"Oldenburg (Oldb), Stadt",Polen,Anzahl,K03403,1275,1275
404,2018,"Osnabrück, Stadt",Polen,Anzahl,K03404,1585,1585
405,2018,"Wilhelmshaven, Stadt",Polen,Anzahl,K03405,645,645
451,2018,"Ammerland",Polen,Anzahl,K03451,1570,1570
452,2018,"Aurich",Polen,Anzahl,K03452,1655,1655
453,2018,"Cloppenburg",Polen,Anzahl,K03453,3435,3435
454,2018,"Emsland",Polen,Anzahl,K03454,7445,7445
455,2018,"Friesland",Polen,Anzahl,K03455,450,450
456,2018,"Grafschaft Bentheim",Polen,Anzahl,K03456,2515,2515
457,2018,"Leer",Polen,Anzahl,K03457,1140,1140
458,2018,"Oldenburg",Polen,Anzahl,K03458,1805,1805
459,2018,"Osnabrück",Polen,Anzahl,K03459,5005,5005
460,2018,"Vechta",Polen,Anzahl,K03460,3870,3870
461,2018,"Wesermarsch",Polen,Anzahl,K03461,1060,1060
462,2018,"Wittmund",Polen,Anzahl,K03462,400,400
4,2018,"Statistische Region Weser-Ems",Polen,Anzahl,K034,36215,36215
0,2018,"Niedersachsen",Polen,Anzahl,K030,97145,97145
101,2019,"Braunschweig, Stadt",Polen,Anzahl,K03101,3635,3635
102,2019,"Salzgitter, Stadt",Polen,Anzahl,K03102,1680,1680
103,2019,"Wolfsburg, Stadt",Polen,Anzahl,K03103,1330,1330
151,2019,"Gifhorn",Polen,Anzahl,K03151,1050,1050
153,2019,"Goslar",Polen,Anzahl,K03153,875,875
154,2019,"Helmstedt",Polen,Anzahl,K03154,860,860
155,2019,"Northeim",Polen,Anzahl,K03155,895,895
157,2019,"Peine",Polen,Anzahl,K03157,1450,1450
158,2019,"Wolfenbüttel",Polen,Anzahl,K03158,750,750
159,2019,"Göttingen",Polen,Anzahl,K03159,1545,1545
1,2019,"Statistische Region Braunschweig",Polen,Anzahl,K031,14065,14065
241,2019,"Region Hannover",Polen,Anzahl,K03241,18065,18065
241001,2019,"dav. Hannover, Lhst.",Polen,Anzahl,K03241001,9470,9470
241999,2019,"dav. Hannover, Umland",Polen,Anzahl,K03241999,8595,8595
251,2019,"Diepholz",Polen,Anzahl,K03251,3430,3430
252,2019,"Hameln-Pyrmont",Polen,Anzahl,K03252,1050,1050
254,2019,"Hildesheim",Polen,Anzahl,K03254,2320,2320
255,2019,"Holzminden",Polen,Anzahl,K03255,155,155
256,2019,"Nienburg (Weser)",Polen,Anzahl,K03256,1670,1670
257,2019,"Schaumburg",Polen,Anzahl,K03257,1730,1730
2,2019,"Statistische Region Hannover",Polen,Anzahl,K032,28425,28425
351,2019,"Celle",Polen,Anzahl,K03351,1595,1595
352,2019,"Cuxhaven",Polen,Anzahl,K03352,1450,1450
353,2019,"Harburg",Polen,Anzahl,K03353,3105,3105
354,2019,"Lüchow-Dannenberg",Polen,Anzahl,K03354,645,645
355,2019,"Lüneburg",Polen,Anzahl,K03355,1465,1465
356,2019,"Osterholz",Polen,Anzahl,K03356,725,725
357,2019,"Rotenburg (Wümme)",Polen,Anzahl,K03357,1840,1840
358,2019,"Heidekreis",Polen,Anzahl,K03358,2350,2350
359,2019,"Stade",Polen,Anzahl,K03359,3735,3735
360,2019,"Uelzen",Polen,Anzahl,K03360,940,940
361,2019,"Verden",Polen,Anzahl,K03361,1385,1385
3,2019,"Statistische Region Lüneburg",Polen,Anzahl,K033,19240,19240
401,2019,"Delmenhorst, Stadt",Polen,Anzahl,K03401,1425,1425
402,2019,"Emden, Stadt",Polen,Anzahl,K03402,835,835
403,2019,"Oldenburg (Oldb), Stadt",Polen,Anzahl,K03403,1365,1365
404,2019,"Osnabrück, Stadt",Polen,Anzahl,K03404,1585,1585
405,2019,"Wilhelmshaven, Stadt",Polen,Anzahl,K03405,680,680
451,2019,"Ammerland",Polen,Anzahl,K03451,1655,1655
452,2019,"Aurich",Polen,Anzahl,K03452,1495,1495
453,2019,"Cloppenburg",Polen,Anzahl,K03453,3420,3420
454,2019,"Emsland",Polen,Anzahl,K03454,7360,7360
455,2019,"Friesland",Polen,Anzahl,K03455,475,475
456,2019,"Grafschaft Bentheim",Polen,Anzahl,K03456,2630,2630
457,2019,"Leer",Polen,Anzahl,K03457,1240,1240
458,2019,"Oldenburg",Polen,Anzahl,K03458,1820,1820
459,2019,"Osnabrück",Polen,Anzahl,K03459,4895,4895
460,2019,"Vechta",Polen,Anzahl,K03460,3900,3900
461,2019,"Wesermarsch",Polen,Anzahl,K03461,1110,1110
462,2019,"Wittmund",Polen,Anzahl,K03462,395,395
4,2019,"Statistische Region Weser-Ems",Polen,Anzahl,K034,36290,36290
0,2019,"Niedersachsen",Polen,Anzahl,K030,98015,98015
101,2020,"Braunschweig, Stadt",Polen,Anzahl,K03101,3520,3520
102,2020,"Salzgitter, Stadt",Polen,Anzahl,K03102,1685,1685
103,2020,"Wolfsburg, Stadt",Polen,Anzahl,K03103,1220,1220
151,2020,"Gifhorn",Polen,Anzahl,K03151,1100,1100
153,2020,"Goslar",Polen,Anzahl,K03153,945,945
154,2020,"Helmstedt",Polen,Anzahl,K03154,870,870
155,2020,"Northeim",Polen,Anzahl,K03155,910,910
157,2020,"Peine",Polen,Anzahl,K03157,1570,1570
158,2020,"Wolfenbüttel",Polen,Anzahl,K03158,815,815
159,2020,"Göttingen",Polen,Anzahl,K03159,1560,1560
1,2020,"Statistische Region Braunschweig",Polen,Anzahl,K031,14190,14190
241,2020,"Region Hannover",Polen,Anzahl,K03241,17565,17565
241001,2020,"dav. Hannover, Lhst.",Polen,Anzahl,K03241001,9005,9005
241999,2020,"dav. Hannover, Umland",Polen,Anzahl,K03241999,8560,8560
251,2020,"Diepholz",Polen,Anzahl,K03251,3605,3605
252,2020,"Hameln-Pyrmont",Polen,Anzahl,K03252,1075,1075
254,2020,"Hildesheim",Polen,Anzahl,K03254,2265,2265
255,2020,"Holzminden",Polen,Anzahl,K03255,180,180
256,2020,"Nienburg (Weser)",Polen,Anzahl,K03256,1620,1620
257,2020,"Schaumburg",Polen,Anzahl,K03257,1840,1840
2,2020,"Statistische Region Hannover",Polen,Anzahl,K032,28155,28155
351,2020,"Celle",Polen,Anzahl,K03351,1635,1635
352,2020,"Cuxhaven",Polen,Anzahl,K03352,1510,1510
353,2020,"Harburg",Polen,Anzahl,K03353,3410,3410
354,2020,"Lüchow-Dannenberg",Polen,Anzahl,K03354,675,675
355,2020,"Lüneburg",Polen,Anzahl,K03355,1415,1415
356,2020,"Osterholz",Polen,Anzahl,K03356,730,730
357,2020,"Rotenburg (Wümme)",Polen,Anzahl,K03357,1895,1895
358,2020,"Heidekreis",Polen,Anzahl,K03358,2375,2375
359,2020,"Stade",Polen,Anzahl,K03359,3750,3750
360,2020,"Uelzen",Polen,Anzahl,K03360,975,975
361,2020,"Verden",Polen,Anzahl,K03361,1420,1420
3,2020,"Statistische Region Lüneburg",Polen,Anzahl,K033,19780,19780
401,2020,"Delmenhorst, Stadt",Polen,Anzahl,K03401,1455,1455
402,2020,"Emden, Stadt",Polen,Anzahl,K03402,835,835
403,2020,"Oldenburg (Oldb), Stadt",Polen,Anzahl,K03403,1275,1275
404,2020,"Osnabrück, Stadt",Polen,Anzahl,K03404,1540,1540
405,2020,"Wilhelmshaven, Stadt",Polen,Anzahl,K03405,595,595
451,2020,"Ammerland",Polen,Anzahl,K03451,1565,1565
452,2020,"Aurich",Polen,Anzahl,K03452,1460,1460
453,2020,"Cloppenburg",Polen,Anzahl,K03453,3520,3520
454,2020,"Emsland",Polen,Anzahl,K03454,7345,7345
455,2020,"Friesland",Polen,Anzahl,K03455,470,470
456,2020,"Grafschaft Bentheim",Polen,Anzahl,K03456,2680,2680
457,2020,"Leer",Polen,Anzahl,K03457,1255,1255
458,2020,"Oldenburg",Polen,Anzahl,K03458,1810,1810
459,2020,"Osnabrück",Polen,Anzahl,K03459,5060,5060
460,2020,"Vechta",Polen,Anzahl,K03460,3880,3880
461,2020,"Wesermarsch",Polen,Anzahl,K03461,1085,1085
462,2020,"Wittmund",Polen,Anzahl,K03462,400,400
4,2020,"Statistische Region Weser-Ems",Polen,Anzahl,K034,36230,36230
0,2020,"Niedersachsen",Polen,Anzahl,K030,98355,98355
101,2021,"Braunschweig, Stadt",Polen,Anzahl,K03101,3535,3535
102,2021,"Salzgitter, Stadt",Polen,Anzahl,K03102,1710,1710
103,2021,"Wolfsburg, Stadt",Polen,Anzahl,K03103,1350,1350
151,2021,"Gifhorn",Polen,Anzahl,K03151,1120,1120
153,2021,"Goslar",Polen,Anzahl,K03153,945,945
154,2021,"Helmstedt",Polen,Anzahl,K03154,865,865
155,2021,"Northeim",Polen,Anzahl,K03155,920,920
157,2021,"Peine",Polen,Anzahl,K03157,1590,1590
158,2021,"Wolfenbüttel",Polen,Anzahl,K03158,795,795
159,2021,"Göttingen",Polen,Anzahl,K03159,1545,1545
1,2021,"Statistische Region Braunschweig",Polen,Anzahl,K031,14375,14375
241,2021,"Region Hannover",Polen,Anzahl,K03241,17750,17750
241001,2021,"dav. Hannover, Lhst.",Polen,Anzahl,K03241001,9235,9235
241999,2021,"dav. Hannover, Umland",Polen,Anzahl,K03241999,8515,8515
251,2021,"Diepholz",Polen,Anzahl,K03251,3815,3815
252,2021,"Hameln-Pyrmont",Polen,Anzahl,K03252,1125,1125
254,2021,"Hildesheim",Polen,Anzahl,K03254,2265,2265
255,2021,"Holzminden",Polen,Anzahl,K03255,195,195
256,2021,"Nienburg (Weser)",Polen,Anzahl,K03256,1670,1670
257,2021,"Schaumburg",Polen,Anzahl,K03257,1870,1870
2,2021,"Statistische Region Hannover",Polen,Anzahl,K032,28695,28695
351,2021,"Celle",Polen,Anzahl,K03351,1725,1725
352,2021,"Cuxhaven",Polen,Anzahl,K03352,1480,1480
353,2021,"Harburg",Polen,Anzahl,K03353,3925,3925
354,2021,"Lüchow-Dannenberg",Polen,Anzahl,K03354,615,615
355,2021,"Lüneburg",Polen,Anzahl,K03355,1410,1410
356,2021,"Osterholz",Polen,Anzahl,K03356,725,725
357,2021,"Rotenburg (Wümme)",Polen,Anzahl,K03357,1930,1930
358,2021,"Heidekreis",Polen,Anzahl,K03358,2395,2395
359,2021,"Stade",Polen,Anzahl,K03359,3705,3705
360,2021,"Uelzen",Polen,Anzahl,K03360,1040,1040
361,2021,"Verden",Polen,Anzahl,K03361,1445,1445
3,2021,"Statistische Region Lüneburg",Polen,Anzahl,K033,20390,20390
401,2021,"Delmenhorst, Stadt",Polen,Anzahl,K03401,1505,1505
402,2021,"Emden, Stadt",Polen,Anzahl,K03402,835,835
403,2021,"Oldenburg (Oldb), Stadt",Polen,Anzahl,K03403,1240,1240
404,2021,"Osnabrück, Stadt",Polen,Anzahl,K03404,1545,1545
405,2021,"Wilhelmshaven, Stadt",Polen,Anzahl,K03405,615,615
451,2021,"Ammerland",Polen,Anzahl,K03451,1555,1555
452,2021,"Aurich",Polen,Anzahl,K03452,1390,1390
453,2021,"Cloppenburg",Polen,Anzahl,K03453,3705,3705
454,2021,"Emsland",Polen,Anzahl,K03454,7485,7485
455,2021,"Friesland",Polen,Anzahl,K03455,485,485
456,2021,"Grafschaft Bentheim",Polen,Anzahl,K03456,2860,2860
457,2021,"Leer",Polen,Anzahl,K03457,1345,1345
458,2021,"Oldenburg",Polen,Anzahl,K03458,1805,1805
459,2021,"Osnabrück",Polen,Anzahl,K03459,5095,5095
460,2021,"Vechta",Polen,Anzahl,K03460,3855,3855
461,2021,"Wesermarsch",Polen,Anzahl,K03461,1045,1045
462,2021,"Wittmund",Polen,Anzahl,K03462,395,395
4,2021,"Statistische Region Weser-Ems",Polen,Anzahl,K034,36760,36760
0,2021,"Niedersachsen",Polen,Anzahl,K030,100220,100220
101,2022,"Braunschweig, Stadt",Polen,Anzahl,K03101,3470,3470
102,2022,"Salzgitter, Stadt",Polen,Anzahl,K03102,1770,1770
103,2022,"Wolfsburg, Stadt",Polen,Anzahl,K03103,1340,1340
151,2022,"Gifhorn",Polen,Anzahl,K03151,1085,1085
153,2022,"Goslar",Polen,Anzahl,K03153,970,970
154,2022,"Helmstedt",Polen,Anzahl,K03154,825,825
155,2022,"Northeim",Polen,Anzahl,K03155,945,945
157,2022,"Peine",Polen,Anzahl,K03157,1640,1640
158,2022,"Wolfenbüttel",Polen,Anzahl,K03158,815,815
159,2022,"Göttingen",Polen,Anzahl,K03159,1575,1575
1,2022,"Statistische Region Braunschweig",Polen,Anzahl,K031,14440,14440
241,2022,"Region Hannover",Polen,Anzahl,K03241,17800,17800
241001,2022,"dav. Hannover, Lhst.",Polen,Anzahl,K03241001,9225,9225
241999,2022,"dav. Hannover, Umland",Polen,Anzahl,K03241999,8575,8575
251,2022,"Diepholz",Polen,Anzahl,K03251,3830,3830
252,2022,"Hameln-Pyrmont",Polen,Anzahl,K03252,1190,1190
254,2022,"Hildesheim",Polen,Anzahl,K03254,2280,2280
255,2022,"Holzminden",Polen,Anzahl,K03255,185,185
256,2022,"Nienburg (Weser)",Polen,Anzahl,K03256,1745,1745
257,2022,"Schaumburg",Polen,Anzahl,K03257,1960,1960
2,2022,"Statistische Region Hannover",Polen,Anzahl,K032,28990,28990
351,2022,"Celle",Polen,Anzahl,K03351,1830,1830
352,2022,"Cuxhaven",Polen,Anzahl,K03352,1470,1470
353,2022,"Harburg",Polen,Anzahl,K03353,4095,4095
354,2022,"Lüchow-Dannenberg",Polen,Anzahl,K03354,605,605
355,2022,"Lüneburg",Polen,Anzahl,K03355,1520,1520
356,2022,"Osterholz",Polen,Anzahl,K03356,730,730
357,2022,"Rotenburg (Wümme)",Polen,Anzahl,K03357,1925,1925
358,2022,"Heidekreis",Polen,Anzahl,K03358,2420,2420
359,2022,"Stade",Polen,Anzahl,K03359,3790,3790
360,2022,"Uelzen",Polen,Anzahl,K03360,1050,1050
361,2022,"Verden",Polen,Anzahl,K03361,1455,1455
3,2022,"Statistische Region Lüneburg",Polen,Anzahl,K033,20885,20885
401,2022,"Delmenhorst, Stadt",Polen,Anzahl,K03401,1565,1565
402,2022,"Emden, Stadt",Polen,Anzahl,K03402,900,900
403,2022,"Oldenburg (Oldb), Stadt",Polen,Anzahl,K03403,1215,1215
404,2022,"Osnabrück, Stadt",Polen,Anzahl,K03404,1615,1615
405,2022,"Wilhelmshaven, Stadt",Polen,Anzahl,K03405,625,625
451,2022,"Ammerland",Polen,Anzahl,K03451,1690,1690
452,2022,"Aurich",Polen,Anzahl,K03452,1450,1450
453,2022,"Cloppenburg",Polen,Anzahl,K03453,3510,3510
454,2022,"Emsland",Polen,Anzahl,K03454,7785,7785
455,2022,"Friesland",Polen,Anzahl,K03455,445,445
456,2022,"Grafschaft Bentheim",Polen,Anzahl,K03456,2975,2975
457,2022,"Leer",Polen,Anzahl,K03457,1295,1295
458,2022,"Oldenburg",Polen,Anzahl,K03458,1810,1810
459,2022,"Osnabrück",Polen,Anzahl,K03459,5110,5110
460,2022,"Vechta",Polen,Anzahl,K03460,3830,3830
461,2022,"Wesermarsch",Polen,Anzahl,K03461,1065,1065
462,2022,"Wittmund",Polen,Anzahl,K03462,435,435
4,2022,"Statistische Region Weser-Ems",Polen,Anzahl,K034,37325,37325
0,2022,"Niedersachsen",Polen,Anzahl,K030,101635,101635
101,2023,"Braunschweig, Stadt",Polen,Anzahl,K03101,3300,3300
102,2023,"Salzgitter, Stadt",Polen,Anzahl,K03102,1785,1785
103,2023,"Wolfsburg, Stadt",Polen,Anzahl,K03103,1330,1330
151,2023,"Gifhorn",Polen,Anzahl,K03151,1215,1215
153,2023,"Goslar",Polen,Anzahl,K03153,975,975
154,2023,"Helmstedt",Polen,Anzahl,K03154,880,880
155,2023,"Northeim",Polen,Anzahl,K03155,970,970
157,2023,"Peine",Polen,Anzahl,K03157,1765,1765
158,2023,"Wolfenbüttel",Polen,Anzahl,K03158,850,850
159,2023,"Göttingen",Polen,Anzahl,K03159,1620,1620
1,2023,"Statistische Region Braunschweig",Polen,Anzahl,K031,14685,14685
241,2023,"Region Hannover",Polen,Anzahl,K03241,17795,17795
241001,2023,"dav. Hannover, Lhst.",Polen,Anzahl,K03241001,9095,9095
241999,2023,"dav. Hannover, Umland",Polen,Anzahl,K03241999,8700,8700
251,2023,"Diepholz",Polen,Anzahl,K03251,3890,3890
252,2023,"Hameln-Pyrmont",Polen,Anzahl,K03252,1195,1195
254,2023,"Hildesheim",Polen,Anzahl,K03254,2330,2330
255,2023,"Holzminden",Polen,Anzahl,K03255,195,195
256,2023,"Nienburg (Weser)",Polen,Anzahl,K03256,1795,1795
257,2023,"Schaumburg",Polen,Anzahl,K03257,1990,1990
2,2023,"Statistische Region Hannover",Polen,Anzahl,K032,29190,29190
351,2023,"Celle",Polen,Anzahl,K03351,1910,1910
352,2023,"Cuxhaven",Polen,Anzahl,K03352,1530,1530
353,2023,"Harburg",Polen,Anzahl,K03353,4075,4075
354,2023,"Lüchow-Dannenberg",Polen,Anzahl,K03354,600,600
355,2023,"Lüneburg",Polen,Anzahl,K03355,1435,1435
356,2023,"Osterholz",Polen,Anzahl,K03356,730,730
357,2023,"Rotenburg (Wümme)",Polen,Anzahl,K03357,2000,2000
358,2023,"Heidekreis",Polen,Anzahl,K03358,2510,2510
359,2023,"Stade",Polen,Anzahl,K03359,3845,3845
360,2023,"Uelzen",Polen,Anzahl,K03360,1050,1050
361,2023,"Verden",Polen,Anzahl,K03361,1495,1495
3,2023,"Statistische Region Lüneburg",Polen,Anzahl,K033,21180,21180
401,2023,"Delmenhorst, Stadt",Polen,Anzahl,K03401,1650,1650
402,2023,"Emden, Stadt",Polen,Anzahl,K03402,945,945
403,2023,"Oldenburg (Oldb), Stadt",Polen,Anzahl,K03403,1185,1185
404,2023,"Osnabrück, Stadt",Polen,Anzahl,K03404,1645,1645
405,2023,"Wilhelmshaven, Stadt",Polen,Anzahl,K03405,655,655
451,2023,"Ammerland",Polen,Anzahl,K03451,1575,1575
452,2023,"Aurich",Polen,Anzahl,K03452,1515,1515
453,2023,"Cloppenburg",Polen,Anzahl,K03453,3710,3710
454,2023,"Emsland",Polen,Anzahl,K03454,7730,7730
455,2023,"Friesland",Polen,Anzahl,K03455,460,460
456,2023,"Grafschaft Bentheim",Polen,Anzahl,K03456,3135,3135
457,2023,"Leer",Polen,Anzahl,K03457,1280,1280
458,2023,"Oldenburg",Polen,Anzahl,K03458,1780,1780
459,2023,"Osnabrück",Polen,Anzahl,K03459,5080,5080
460,2023,"Vechta",Polen,Anzahl,K03460,3810,3810
461,2023,"Wesermarsch",Polen,Anzahl,K03461,1150,1150
462,2023,"Wittmund",Polen,Anzahl,K03462,400,400
4,2023,"Statistische Region Weser-Ems",Polen,Anzahl,K034,37705,37705
0,2023,"Niedersachsen",Polen,Anzahl,K030,102760,102760
101,2024,"Braunschweig, Stadt",Polen,Anzahl,K03101,3245,3245
102,2024,"Salzgitter, Stadt",Polen,Anzahl,K03102,1690,1690
103,2024,"Wolfsburg, Stadt",Polen,Anzahl,K03103,1200,1200
151,2024,"Gifhorn",Polen,Anzahl,K03151,1185,1185
153,2024,"Goslar",Polen,Anzahl,K03153,935,935
154,2024,"Helmstedt",Polen,Anzahl,K03154,865,865
155,2024,"Northeim",Polen,Anzahl,K03155,1030,1030
157,2024,"Peine",Polen,Anzahl,K03157,1770,1770
158,2024,"Wolfenbüttel",Polen,Anzahl,K03158,820,820
159,2024,"Göttingen",Polen,Anzahl,K03159,1615,1615
1,2024,"Statistische Region Braunschweig",Polen,Anzahl,K031,14355,14355
241,2024,"Region Hannover",Polen,Anzahl,K03241,17655,17655
241001,2024,"dav. Hannover, Lhst.",Polen,Anzahl,K03241001,9175,9175
241999,2024,"dav. Hannover, Umland",Polen,Anzahl,K03241999,8480,8480
251,2024,"Diepholz",Polen,Anzahl,K03251,3885,3885
252,2024,"Hameln-Pyrmont",Polen,Anzahl,K03252,1210,1210
254,2024,"Hildesheim",Polen,Anzahl,K03254,2200,2200
255,2024,"Holzminden",Polen,Anzahl,K03255,230,230
256,2024,"Nienburg (Weser)",Polen,Anzahl,K03256,1705,1705
257,2024,"Schaumburg",Polen,Anzahl,K03257,1940,1940
2,2024,"Statistische Region Hannover",Polen,Anzahl,K032,28825,28825
351,2024,"Celle",Polen,Anzahl,K03351,1900,1900
352,2024,"Cuxhaven",Polen,Anzahl,K03352,1490,1490
353,2024,"Harburg",Polen,Anzahl,K03353,3890,3890
354,2024,"Lüchow-Dannenberg",Polen,Anzahl,K03354,625,625
355,2024,"Lüneburg",Polen,Anzahl,K03355,1345,1345
356,2024,"Osterholz",Polen,Anzahl,K03356,675,675
357,2024,"Rotenburg (Wümme)",Polen,Anzahl,K03357,2010,2010
358,2024,"Heidekreis",Polen,Anzahl,K03358,2490,2490
359,2024,"Stade",Polen,Anzahl,K03359,3780,3780
360,2024,"Uelzen",Polen,Anzahl,K03360,980,980
361,2024,"Verden",Polen,Anzahl,K03361,1420,1420
3,2024,"Statistische Region Lüneburg",Polen,Anzahl,K033,20600,20600
401,2024,"Delmenhorst, Stadt",Polen,Anzahl,K03401,1460,1460
402,2024,"Emden, Stadt",Polen,Anzahl,K03402,870,870
403,2024,"Oldenburg (Oldb), Stadt",Polen,Anzahl,K03403,1135,1135
404,2024,"Osnabrück, Stadt",Polen,Anzahl,K03404,1610,1610
405,2024,"Wilhelmshaven, Stadt",Polen,Anzahl,K03405,625,625
451,2024,"Ammerland",Polen,Anzahl,K03451,1550,1550
452,2024,"Aurich",Polen,Anzahl,K03452,1375,1375
453,2024,"Cloppenburg",Polen,Anzahl,K03453,3570,3570
454,2024,"Emsland",Polen,Anzahl,K03454,7530,7530
455,2024,"Friesland",Polen,Anzahl,K03455,485,485
456,2024,"Grafschaft Bentheim",Polen,Anzahl,K03456,3075,3075
457,2024,"Leer",Polen,Anzahl,K03457,1180,1180
458,2024,"Oldenburg",Polen,Anzahl,K03458,1675,1675
459,2024,"Osnabrück",Polen,Anzahl,K03459,4920,4920
460,2024,"Vechta",Polen,Anzahl,K03460,3745,3745
461,2024,"Wesermarsch",Polen,Anzahl,K03461,1175,1175
462,2024,"Wittmund",Polen,Anzahl,K03462,405,405
4,2024,"Statistische Region Weser-Ems",Polen,Anzahl,K034,36385,36385
0,2024,"Niedersachsen",Polen,Anzahl,K030,100165,100165
101,2025,"Braunschweig, Stadt",Polen,Anzahl,K03101,3250,3250
102,2025,"Salzgitter, Stadt",Polen,Anzahl,K03102,1710,1710
103,2025,"Wolfsburg, Stadt",Polen,Anzahl,K03103,1195,1195
151,2025,"Gifhorn",Polen,Anzahl,K03151,1080,1080
153,2025,"Goslar",Polen,Anzahl,K03153,860,860
154,2025,"Helmstedt",Polen,Anzahl,K03154,845,845
155,2025,"Northeim",Polen,Anzahl,K03155,1000,1000
157,2025,"Peine",Polen,Anzahl,K03157,1795,1795
158,2025,"Wolfenbüttel",Polen,Anzahl,K03158,820,820
159,2025,"Göttingen",Polen,Anzahl,K03159,1630,1630
1,2025,"Statistische Region Braunschweig",Polen,Anzahl,K031,14190,14190
241,2025,"Region Hannover",Polen,Anzahl,K03241,16430,16430
241001,2025,"dav. Hannover, Lhst.",Polen,Anzahl,K03241001,8065,8065
241999,2025,"dav. Hannover, Umland",Polen,Anzahl,K03241999,8365,8365
251,2025,"Diepholz",Polen,Anzahl,K03251,3785,3785
252,2025,"Hameln-Pyrmont",Polen,Anzahl,K03252,1185,1185
254,2025,"Hildesheim",Polen,Anzahl,K03254,2160,2160
255,2025,"Holzminden",Polen,Anzahl,K03255,225,225
256,2025,"Nienburg (Weser)",Polen,Anzahl,K03256,1650,1650
257,2025,"Schaumburg",Polen,Anzahl,K03257,1870,1870
2,2025,"Statistische Region Hannover",Polen,Anzahl,K032,27310,27310
351,2025,"Celle",Polen,Anzahl,K03351,1840,1840
352,2025,"Cuxhaven",Polen,Anzahl,K03352,1435,1435
353,2025,"Harburg",Polen,Anzahl,K03353,3565,3565
354,2025,"Lüchow-Dannenberg",Polen,Anzahl,K03354,590,590
355,2025,"Lüneburg",Polen,Anzahl,K03355,1330,1330
356,2025,"Osterholz",Polen,Anzahl,K03356,655,655
357,2025,"Rotenburg (Wümme)",Polen,Anzahl,K03357,2010,2010
358,2025,"Heidekreis",Polen,Anzahl,K03358,2340,2340
359,2025,"Stade",Polen,Anzahl,K03359,3635,3635
360,2025,"Uelzen",Polen,Anzahl,K03360,965,965
361,2025,"Verden",Polen,Anzahl,K03361,1400,1400
3,2025,"Statistische Region Lüneburg",Polen,Anzahl,K033,19770,19770
401,2025,"Delmenhorst, Stadt",Polen,Anzahl,K03401,1445,1445
402,2025,"Emden, Stadt",Polen,Anzahl,K03402,830,830
403,2025,"Oldenburg (Oldb), Stadt",Polen,Anzahl,K03403,1085,1085
404,2025,"Osnabrück, Stadt",Polen,Anzahl,K03404,1580,1580
405,2025,"Wilhelmshaven, Stadt",Polen,Anzahl,K03405,540,540
451,2025,"Ammerland",Polen,Anzahl,K03451,1560,1560
452,2025,"Aurich",Polen,Anzahl,K03452,1325,1325
453,2025,"Cloppenburg",Polen,Anzahl,K03453,3360,3360
454,2025,"Emsland",Polen,Anzahl,K03454,7410,7410
455,2025,"Friesland",Polen,Anzahl,K03455,450,450
456,2025,"Grafschaft Bentheim",Polen,Anzahl,K03456,3140,3140
457,2025,"Leer",Polen,Anzahl,K03457,1125,1125
458,2025,"Oldenburg",Polen,Anzahl,K03458,1605,1605
459,2025,"Osnabrück",Polen,Anzahl,K03459,4645,4645
460,2025,"Vechta",Polen,Anzahl,K03460,3620,3620
461,2025,"Wesermarsch",Polen,Anzahl,K03461,1180,1180
462,2025,"Wittmund",Polen,Anzahl,K03462,350,350
4,2025,"Statistische Region Weser-Ems",Polen,Anzahl,K034,35250,35250
0,2025,"Niedersachsen",Polen,Anzahl,K030,96515,96515
101,2005,"Braunschweig, Stadt",Syrien,Anzahl,K03101,183,183
102,2005,"Salzgitter, Stadt",Syrien,Anzahl,K03102,46,46
103,2005,"Wolfsburg, Stadt",Syrien,Anzahl,K03103,112,112
151,2005,"Gifhorn",Syrien,Anzahl,K03151,61,61
153,2005,"Goslar",Syrien,Anzahl,K03153,58,58
154,2005,"Helmstedt",Syrien,Anzahl,K03154,26,26
155,2005,"Northeim",Syrien,Anzahl,K03155,99,99
157,2005,"Peine",Syrien,Anzahl,K03157,101,101
158,2005,"Wolfenbüttel",Syrien,Anzahl,K03158,161,161
159,2005,"Göttingen",Syrien,Anzahl,K03159,181,181
1,2005,"Statistische Region Braunschweig",Syrien,Anzahl,K031,1028,1028
241,2005,"Region Hannover",Syrien,Anzahl,K03241,978,978
241001,2005,"dav. Hannover, Lhst.",Syrien,Anzahl,K03241001,516,516
241999,2005,"dav. Hannover, Umland",Syrien,Anzahl,K03241999,462,462
251,2005,"Diepholz",Syrien,Anzahl,K03251,121,121
252,2005,"Hameln-Pyrmont",Syrien,Anzahl,K03252,142,142
254,2005,"Hildesheim",Syrien,Anzahl,K03254,292,292
255,2005,"Holzminden",Syrien,Anzahl,K03255,26,26
256,2005,"Nienburg (Weser)",Syrien,Anzahl,K03256,331,331
257,2005,"Schaumburg",Syrien,Anzahl,K03257,153,153
2,2005,"Statistische Region Hannover",Syrien,Anzahl,K032,2043,2043
351,2005,"Celle",Syrien,Anzahl,K03351,121,121
352,2005,"Cuxhaven",Syrien,Anzahl,K03352,87,87
353,2005,"Harburg",Syrien,Anzahl,K03353,96,96
354,2005,"Lüchow-Dannenberg",Syrien,Anzahl,K03354,7,7
355,2005,"Lüneburg",Syrien,Anzahl,K03355,117,117
356,2005,"Osterholz",Syrien,Anzahl,K03356,83,83
357,2005,"Rotenburg (Wümme)",Syrien,Anzahl,K03357,43,43
358,2005,"Heidekreis",Syrien,Anzahl,K03358,91,91
359,2005,"Stade",Syrien,Anzahl,K03359,70,70
360,2005,"Uelzen",Syrien,Anzahl,K03360,34,34
361,2005,"Verden",Syrien,Anzahl,K03361,93,93
3,2005,"Statistische Region Lüneburg",Syrien,Anzahl,K033,842,842
401,2005,"Delmenhorst, Stadt",Syrien,Anzahl,K03401,104,104
402,2005,"Emden, Stadt",Syrien,Anzahl,K03402,1,1
403,2005,"Oldenburg (Oldb), Stadt",Syrien,Anzahl,K03403,92,92
404,2005,"Osnabrück, Stadt",Syrien,Anzahl,K03404,72,72
405,2005,"Wilhelmshaven, Stadt",Syrien,Anzahl,K03405,56,56
451,2005,"Ammerland",Syrien,Anzahl,K03451,97,97
452,2005,"Aurich",Syrien,Anzahl,K03452,87,87
453,2005,"Cloppenburg",Syrien,Anzahl,K03453,138,138
454,2005,"Emsland",Syrien,Anzahl,K03454,102,102
455,2005,"Friesland",Syrien,Anzahl,K03455,40,40
456,2005,"Grafschaft Bentheim",Syrien,Anzahl,K03456,97,97
457,2005,"Leer",Syrien,Anzahl,K03457,111,111
458,2005,"Oldenburg",Syrien,Anzahl,K03458,119,119
459,2005,"Osnabrück",Syrien,Anzahl,K03459,172,172
460,2005,"Vechta",Syrien,Anzahl,K03460,207,207
461,2005,"Wesermarsch",Syrien,Anzahl,K03461,43,43
462,2005,"Wittmund",Syrien,Anzahl,K03462,7,7
4,2005,"Statistische Region Weser-Ems",Syrien,Anzahl,K034,1545,1545
0,2005,"Niedersachsen",Syrien,Anzahl,K030,5458,5458
101,2011,"Braunschweig, Stadt",Syrien,Anzahl,K03101,171,171
102,2011,"Salzgitter, Stadt",Syrien,Anzahl,K03102,34,34
103,2011,"Wolfsburg, Stadt",Syrien,Anzahl,K03103,156,156
151,2011,"Gifhorn",Syrien,Anzahl,K03151,43,43
153,2011,"Goslar",Syrien,Anzahl,K03153,63,63
154,2011,"Helmstedt",Syrien,Anzahl,K03154,50,50
155,2011,"Northeim",Syrien,Anzahl,K03155,94,94
157,2011,"Peine",Syrien,Anzahl,K03157,123,123
158,2011,"Wolfenbüttel",Syrien,Anzahl,K03158,154,154
159,2011,"Göttingen",Syrien,Anzahl,K03159,232,232
1,2011,"Statistische Region Braunschweig",Syrien,Anzahl,K031,1120,1120
241,2011,"Region Hannover",Syrien,Anzahl,K03241,1186,1186
241001,2011,"dav. Hannover, Lhst.",Syrien,Anzahl,K03241001,543,543
241999,2011,"dav. Hannover, Umland",Syrien,Anzahl,K03241999,643,643
251,2011,"Diepholz",Syrien,Anzahl,K03251,186,186
252,2011,"Hameln-Pyrmont",Syrien,Anzahl,K03252,135,135
254,2011,"Hildesheim",Syrien,Anzahl,K03254,275,275
255,2011,"Holzminden",Syrien,Anzahl,K03255,91,91
256,2011,"Nienburg (Weser)",Syrien,Anzahl,K03256,345,345
257,2011,"Schaumburg",Syrien,Anzahl,K03257,143,143
2,2011,"Statistische Region Hannover",Syrien,Anzahl,K032,2361,2361
351,2011,"Celle",Syrien,Anzahl,K03351,139,139
352,2011,"Cuxhaven",Syrien,Anzahl,K03352,94,94
353,2011,"Harburg",Syrien,Anzahl,K03353,106,106
354,2011,"Lüchow-Dannenberg",Syrien,Anzahl,K03354,8,8
355,2011,"Lüneburg",Syrien,Anzahl,K03355,83,83
356,2011,"Osterholz",Syrien,Anzahl,K03356,95,95
357,2011,"Rotenburg (Wümme)",Syrien,Anzahl,K03357,64,64
358,2011,"Heidekreis",Syrien,Anzahl,K03358,95,95
359,2011,"Stade",Syrien,Anzahl,K03359,95,95
360,2011,"Uelzen",Syrien,Anzahl,K03360,48,48
361,2011,"Verden",Syrien,Anzahl,K03361,131,131
3,2011,"Statistische Region Lüneburg",Syrien,Anzahl,K033,958,958
401,2011,"Delmenhorst, Stadt",Syrien,Anzahl,K03401,75,75
402,2011,"Emden, Stadt",Syrien,Anzahl,K03402,6,6
403,2011,"Oldenburg (Oldb), Stadt",Syrien,Anzahl,K03403,153,153
404,2011,"Osnabrück, Stadt",Syrien,Anzahl,K03404,93,93
405,2011,"Wilhelmshaven, Stadt",Syrien,Anzahl,K03405,44,44
451,2011,"Ammerland",Syrien,Anzahl,K03451,117,117
452,2011,"Aurich",Syrien,Anzahl,K03452,86,86
453,2011,"Cloppenburg",Syrien,Anzahl,K03453,171,171
454,2011,"Emsland",Syrien,Anzahl,K03454,127,127
455,2011,"Friesland",Syrien,Anzahl,K03455,43,43
456,2011,"Grafschaft Bentheim",Syrien,Anzahl,K03456,77,77
457,2011,"Leer",Syrien,Anzahl,K03457,117,117
458,2011,"Oldenburg",Syrien,Anzahl,K03458,97,97
459,2011,"Osnabrück",Syrien,Anzahl,K03459,181,181
460,2011,"Vechta",Syrien,Anzahl,K03460,216,216
461,2011,"Wesermarsch",Syrien,Anzahl,K03461,56,56
462,2011,"Wittmund",Syrien,Anzahl,K03462,13,13
4,2011,"Statistische Region Weser-Ems",Syrien,Anzahl,K034,1672,1672
0,2011,"Niedersachsen",Syrien,Anzahl,K030,6111,6111
101,2012,"Braunschweig, Stadt",Syrien,Anzahl,K03101,168,168
102,2012,"Salzgitter, Stadt",Syrien,Anzahl,K03102,81,81
103,2012,"Wolfsburg, Stadt",Syrien,Anzahl,K03103,225,225
151,2012,"Gifhorn",Syrien,Anzahl,K03151,71,71
153,2012,"Goslar",Syrien,Anzahl,K03153,75,75
154,2012,"Helmstedt",Syrien,Anzahl,K03154,57,57
155,2012,"Northeim",Syrien,Anzahl,K03155,107,107
157,2012,"Peine",Syrien,Anzahl,K03157,136,136
158,2012,"Wolfenbüttel",Syrien,Anzahl,K03158,185,185
159,2012,"Göttingen",Syrien,Anzahl,K03159,353,353
1,2012,"Statistische Region Braunschweig",Syrien,Anzahl,K031,1458,1458
241,2012,"Region Hannover",Syrien,Anzahl,K03241,1391,1391
241001,2012,"dav. Hannover, Lhst.",Syrien,Anzahl,K03241001,612,612
241999,2012,"dav. Hannover, Umland",Syrien,Anzahl,K03241999,779,779
251,2012,"Diepholz",Syrien,Anzahl,K03251,219,219
252,2012,"Hameln-Pyrmont",Syrien,Anzahl,K03252,203,203
254,2012,"Hildesheim",Syrien,Anzahl,K03254,355,355
255,2012,"Holzminden",Syrien,Anzahl,K03255,95,95
256,2012,"Nienburg (Weser)",Syrien,Anzahl,K03256,377,377
257,2012,"Schaumburg",Syrien,Anzahl,K03257,142,142
2,2012,"Statistische Region Hannover",Syrien,Anzahl,K032,2782,2782
351,2012,"Celle",Syrien,Anzahl,K03351,162,162
352,2012,"Cuxhaven",Syrien,Anzahl,K03352,91,91
353,2012,"Harburg",Syrien,Anzahl,K03353,102,102
354,2012,"Lüchow-Dannenberg",Syrien,Anzahl,K03354,19,19
355,2012,"Lüneburg",Syrien,Anzahl,K03355,92,92
356,2012,"Osterholz",Syrien,Anzahl,K03356,59,59
357,2012,"Rotenburg (Wümme)",Syrien,Anzahl,K03357,58,58
358,2012,"Heidekreis",Syrien,Anzahl,K03358,129,129
359,2012,"Stade",Syrien,Anzahl,K03359,59,59
360,2012,"Uelzen",Syrien,Anzahl,K03360,50,50
361,2012,"Verden",Syrien,Anzahl,K03361,179,179
3,2012,"Statistische Region Lüneburg",Syrien,Anzahl,K033,1000,1000
401,2012,"Delmenhorst, Stadt",Syrien,Anzahl,K03401,78,78
402,2012,"Emden, Stadt",Syrien,Anzahl,K03402,12,12
403,2012,"Oldenburg (Oldb), Stadt",Syrien,Anzahl,K03403,209,209
404,2012,"Osnabrück, Stadt",Syrien,Anzahl,K03404,107,107
405,2012,"Wilhelmshaven, Stadt",Syrien,Anzahl,K03405,48,48
451,2012,"Ammerland",Syrien,Anzahl,K03451,137,137
452,2012,"Aurich",Syrien,Anzahl,K03452,98,98
453,2012,"Cloppenburg",Syrien,Anzahl,K03453,208,208
454,2012,"Emsland",Syrien,Anzahl,K03454,143,143
455,2012,"Friesland",Syrien,Anzahl,K03455,40,40
456,2012,"Grafschaft Bentheim",Syrien,Anzahl,K03456,85,85
457,2012,"Leer",Syrien,Anzahl,K03457,137,137
458,2012,"Oldenburg",Syrien,Anzahl,K03458,107,107
459,2012,"Osnabrück",Syrien,Anzahl,K03459,174,174
460,2012,"Vechta",Syrien,Anzahl,K03460,297,297
461,2012,"Wesermarsch",Syrien,Anzahl,K03461,58,58
462,2012,"Wittmund",Syrien,Anzahl,K03462,22,22
4,2012,"Statistische Region Weser-Ems",Syrien,Anzahl,K034,1960,1960
0,2012,"Niedersachsen",Syrien,Anzahl,K030,7200,7200
101,2013,"Braunschweig, Stadt",Syrien,Anzahl,K03101,234,234
102,2013,"Salzgitter, Stadt",Syrien,Anzahl,K03102,203,203
103,2013,"Wolfsburg, Stadt",Syrien,Anzahl,K03103,283,283
151,2013,"Gifhorn",Syrien,Anzahl,K03151,93,93
153,2013,"Goslar",Syrien,Anzahl,K03153,156,156
154,2013,"Helmstedt",Syrien,Anzahl,K03154,55,55
155,2013,"Northeim",Syrien,Anzahl,K03155,135,135
157,2013,"Peine",Syrien,Anzahl,K03157,152,152
158,2013,"Wolfenbüttel",Syrien,Anzahl,K03158,223,223
159,2013,"Göttingen",Syrien,Anzahl,K03159,397,397
1,2013,"Statistische Region Braunschweig",Syrien,Anzahl,K031,1931,1931
241,2013,"Region Hannover",Syrien,Anzahl,K03241,1998,1998
241001,2013,"dav. Hannover, Lhst.",Syrien,Anzahl,K03241001,886,886
241999,2013,"dav. Hannover, Umland",Syrien,Anzahl,K03241999,1112,1112
251,2013,"Diepholz",Syrien,Anzahl,K03251,303,303
252,2013,"Hameln-Pyrmont",Syrien,Anzahl,K03252,229,229
254,2013,"Hildesheim",Syrien,Anzahl,K03254,466,466
255,2013,"Holzminden",Syrien,Anzahl,K03255,110,110
256,2013,"Nienburg (Weser)",Syrien,Anzahl,K03256,463,463
257,2013,"Schaumburg",Syrien,Anzahl,K03257,164,164
2,2013,"Statistische Region Hannover",Syrien,Anzahl,K032,3733,3733
351,2013,"Celle",Syrien,Anzahl,K03351,247,247
352,2013,"Cuxhaven",Syrien,Anzahl,K03352,87,87
353,2013,"Harburg",Syrien,Anzahl,K03353,118,118
354,2013,"Lüchow-Dannenberg",Syrien,Anzahl,K03354,29,29
355,2013,"Lüneburg",Syrien,Anzahl,K03355,132,132
356,2013,"Osterholz",Syrien,Anzahl,K03356,92,92
357,2013,"Rotenburg (Wümme)",Syrien,Anzahl,K03357,87,87
358,2013,"Heidekreis",Syrien,Anzahl,K03358,186,186
359,2013,"Stade",Syrien,Anzahl,K03359,81,81
360,2013,"Uelzen",Syrien,Anzahl,K03360,74,74
361,2013,"Verden",Syrien,Anzahl,K03361,207,207
3,2013,"Statistische Region Lüneburg",Syrien,Anzahl,K033,1340,1340
401,2013,"Delmenhorst, Stadt",Syrien,Anzahl,K03401,113,113
402,2013,"Emden, Stadt",Syrien,Anzahl,K03402,46,46
403,2013,"Oldenburg (Oldb), Stadt",Syrien,Anzahl,K03403,261,261
404,2013,"Osnabrück, Stadt",Syrien,Anzahl,K03404,224,224
405,2013,"Wilhelmshaven, Stadt",Syrien,Anzahl,K03405,62,62
451,2013,"Ammerland",Syrien,Anzahl,K03451,148,148
452,2013,"Aurich",Syrien,Anzahl,K03452,146,146
453,2013,"Cloppenburg",Syrien,Anzahl,K03453,231,231
454,2013,"Emsland",Syrien,Anzahl,K03454,172,172
455,2013,"Friesland",Syrien,Anzahl,K03455,49,49
456,2013,"Grafschaft Bentheim",Syrien,Anzahl,K03456,99,99
457,2013,"Leer",Syrien,Anzahl,K03457,162,162
458,2013,"Oldenburg",Syrien,Anzahl,K03458,135,135
459,2013,"Osnabrück",Syrien,Anzahl,K03459,272,272
460,2013,"Vechta",Syrien,Anzahl,K03460,372,372
461,2013,"Wesermarsch",Syrien,Anzahl,K03461,52,52
462,2013,"Wittmund",Syrien,Anzahl,K03462,34,34
4,2013,"Statistische Region Weser-Ems",Syrien,Anzahl,K034,2578,2578
0,2013,"Niedersachsen",Syrien,Anzahl,K030,9582,9582
101,2014,"Braunschweig, Stadt",Syrien,Anzahl,K03101,414,414
102,2014,"Salzgitter, Stadt",Syrien,Anzahl,K03102,521,521
103,2014,"Wolfsburg, Stadt",Syrien,Anzahl,K03103,579,579
151,2014,"Gifhorn",Syrien,Anzahl,K03151,153,153
153,2014,"Goslar",Syrien,Anzahl,K03153,257,257
154,2014,"Helmstedt",Syrien,Anzahl,K03154,85,85
155,2014,"Northeim",Syrien,Anzahl,K03155,226,226
157,2014,"Peine",Syrien,Anzahl,K03157,257,257
158,2014,"Wolfenbüttel",Syrien,Anzahl,K03158,315,315
159,2014,"Göttingen",Syrien,Anzahl,K03159,487,487
1,2014,"Statistische Region Braunschweig",Syrien,Anzahl,K031,3294,3294
241,2014,"Region Hannover",Syrien,Anzahl,K03241,3455,3455
241001,2014,"dav. Hannover, Lhst.",Syrien,Anzahl,K03241001,1469,1469
241999,2014,"dav. Hannover, Umland",Syrien,Anzahl,K03241999,1986,1986
251,2014,"Diepholz",Syrien,Anzahl,K03251,472,472
252,2014,"Hameln-Pyrmont",Syrien,Anzahl,K03252,393,393
254,2014,"Hildesheim",Syrien,Anzahl,K03254,795,795
255,2014,"Holzminden",Syrien,Anzahl,K03255,147,147
256,2014,"Nienburg (Weser)",Syrien,Anzahl,K03256,558,558
257,2014,"Schaumburg",Syrien,Anzahl,K03257,272,272
2,2014,"Statistische Region Hannover",Syrien,Anzahl,K032,6092,6092
351,2014,"Celle",Syrien,Anzahl,K03351,429,429
352,2014,"Cuxhaven",Syrien,Anzahl,K03352,171,171
353,2014,"Harburg",Syrien,Anzahl,K03353,241,241
354,2014,"Lüchow-Dannenberg",Syrien,Anzahl,K03354,74,74
355,2014,"Lüneburg",Syrien,Anzahl,K03355,311,311
356,2014,"Osterholz",Syrien,Anzahl,K03356,137,137
357,2014,"Rotenburg (Wümme)",Syrien,Anzahl,K03357,122,122
358,2014,"Heidekreis",Syrien,Anzahl,K03358,287,287
359,2014,"Stade",Syrien,Anzahl,K03359,145,145
360,2014,"Uelzen",Syrien,Anzahl,K03360,204,204
361,2014,"Verden",Syrien,Anzahl,K03361,271,271
3,2014,"Statistische Region Lüneburg",Syrien,Anzahl,K033,2392,2392
401,2014,"Delmenhorst, Stadt",Syrien,Anzahl,K03401,232,232
402,2014,"Emden, Stadt",Syrien,Anzahl,K03402,120,120
403,2014,"Oldenburg (Oldb), Stadt",Syrien,Anzahl,K03403,356,356
404,2014,"Osnabrück, Stadt",Syrien,Anzahl,K03404,521,521
405,2014,"Wilhelmshaven, Stadt",Syrien,Anzahl,K03405,111,111
451,2014,"Ammerland",Syrien,Anzahl,K03451,280,280
452,2014,"Aurich",Syrien,Anzahl,K03452,427,427
453,2014,"Cloppenburg",Syrien,Anzahl,K03453,363,363
454,2014,"Emsland",Syrien,Anzahl,K03454,458,458
455,2014,"Friesland",Syrien,Anzahl,K03455,82,82
456,2014,"Grafschaft Bentheim",Syrien,Anzahl,K03456,234,234
457,2014,"Leer",Syrien,Anzahl,K03457,380,380
458,2014,"Oldenburg",Syrien,Anzahl,K03458,244,244
459,2014,"Osnabrück",Syrien,Anzahl,K03459,584,584
460,2014,"Vechta",Syrien,Anzahl,K03460,668,668
461,2014,"Wesermarsch",Syrien,Anzahl,K03461,98,98
462,2014,"Wittmund",Syrien,Anzahl,K03462,77,77
4,2014,"Statistische Region Weser-Ems",Syrien,Anzahl,K034,5235,5235
0,2014,"Niedersachsen",Syrien,Anzahl,K030,17013,17013
101,2015,"Braunschweig, Stadt",Syrien,Anzahl,K03101,1268,1268
102,2015,"Salzgitter, Stadt",Syrien,Anzahl,K03102,1139,1139
103,2015,"Wolfsburg, Stadt",Syrien,Anzahl,K03103,920,920
151,2015,"Gifhorn",Syrien,Anzahl,K03151,311,311
153,2015,"Goslar",Syrien,Anzahl,K03153,788,788
154,2015,"Helmstedt",Syrien,Anzahl,K03154,312,312
155,2015,"Northeim",Syrien,Anzahl,K03155,574,574
157,2015,"Peine",Syrien,Anzahl,K03157,681,681
158,2015,"Wolfenbüttel",Syrien,Anzahl,K03158,678,678
159,2015,"Göttingen",Syrien,Anzahl,K03159,1346,1346
1,2015,"Statistische Region Braunschweig",Syrien,Anzahl,K031,8017,8017
241,2015,"Region Hannover",Syrien,Anzahl,K03241,7044,7044
241001,2015,"dav. Hannover, Lhst.",Syrien,Anzahl,K03241001,2657,2657
241999,2015,"dav. Hannover, Umland",Syrien,Anzahl,K03241999,4387,4387
251,2015,"Diepholz",Syrien,Anzahl,K03251,1007,1007
252,2015,"Hameln-Pyrmont",Syrien,Anzahl,K03252,909,909
254,2015,"Hildesheim",Syrien,Anzahl,K03254,1516,1516
255,2015,"Holzminden",Syrien,Anzahl,K03255,374,374
256,2015,"Nienburg (Weser)",Syrien,Anzahl,K03256,923,923
257,2015,"Schaumburg",Syrien,Anzahl,K03257,571,571
2,2015,"Statistische Region Hannover",Syrien,Anzahl,K032,12344,12344
351,2015,"Celle",Syrien,Anzahl,K03351,930,930
352,2015,"Cuxhaven",Syrien,Anzahl,K03352,912,912
353,2015,"Harburg",Syrien,Anzahl,K03353,437,437
354,2015,"Lüchow-Dannenberg",Syrien,Anzahl,K03354,299,299
355,2015,"Lüneburg",Syrien,Anzahl,K03355,607,607
356,2015,"Osterholz",Syrien,Anzahl,K03356,469,469
357,2015,"Rotenburg (Wümme)",Syrien,Anzahl,K03357,624,624
358,2015,"Heidekreis",Syrien,Anzahl,K03358,535,535
359,2015,"Stade",Syrien,Anzahl,K03359,1243,1243
360,2015,"Uelzen",Syrien,Anzahl,K03360,314,314
361,2015,"Verden",Syrien,Anzahl,K03361,832,832
3,2015,"Statistische Region Lüneburg",Syrien,Anzahl,K033,7202,7202
401,2015,"Delmenhorst, Stadt",Syrien,Anzahl,K03401,734,734
402,2015,"Emden, Stadt",Syrien,Anzahl,K03402,563,563
403,2015,"Oldenburg (Oldb), Stadt",Syrien,Anzahl,K03403,864,864
404,2015,"Osnabrück, Stadt",Syrien,Anzahl,K03404,1100,1100
405,2015,"Wilhelmshaven, Stadt",Syrien,Anzahl,K03405,291,291
451,2015,"Ammerland",Syrien,Anzahl,K03451,635,635
452,2015,"Aurich",Syrien,Anzahl,K03452,1174,1174
453,2015,"Cloppenburg",Syrien,Anzahl,K03453,969,969
454,2015,"Emsland",Syrien,Anzahl,K03454,1510,1510
455,2015,"Friesland",Syrien,Anzahl,K03455,363,363
456,2015,"Grafschaft Bentheim",Syrien,Anzahl,K03456,672,672
457,2015,"Leer",Syrien,Anzahl,K03457,819,819
458,2015,"Oldenburg",Syrien,Anzahl,K03458,725,725
459,2015,"Osnabrück",Syrien,Anzahl,K03459,1097,1097
460,2015,"Vechta",Syrien,Anzahl,K03460,1538,1538
461,2015,"Wesermarsch",Syrien,Anzahl,K03461,396,396
462,2015,"Wittmund",Syrien,Anzahl,K03462,311,311
4,2015,"Statistische Region Weser-Ems",Syrien,Anzahl,K034,13761,13761
0,2015,"Niedersachsen",Syrien,Anzahl,K030,41324,41324
101,2016,"Braunschweig, Stadt",Syrien,Anzahl,K03101,1640,1640
102,2016,"Salzgitter, Stadt",Syrien,Anzahl,K03102,2955,2955
103,2016,"Wolfsburg, Stadt",Syrien,Anzahl,K03103,1270,1270
151,2016,"Gifhorn",Syrien,Anzahl,K03151,725,725
153,2016,"Goslar",Syrien,Anzahl,K03153,1345,1345
154,2016,"Helmstedt",Syrien,Anzahl,K03154,515,515
155,2016,"Northeim",Syrien,Anzahl,K03155,820,820
157,2016,"Peine",Syrien,Anzahl,K03157,1175,1175
158,2016,"Wolfenbüttel",Syrien,Anzahl,K03158,1050,1050
159,2016,"Göttingen",Syrien,Anzahl,K03159,2180,2180
1,2016,"Statistische Region Braunschweig",Syrien,Anzahl,K031,13675,13675
241,2016,"Region Hannover",Syrien,Anzahl,K03241,10485,10485
241001,2016,"dav. Hannover, Lhst.",Syrien,Anzahl,K03241001,3940,3940
241999,2016,"dav. Hannover, Umland",Syrien,Anzahl,K03241999,6545,6545
251,2016,"Diepholz",Syrien,Anzahl,K03251,1470,1470
252,2016,"Hameln-Pyrmont",Syrien,Anzahl,K03252,1460,1460
254,2016,"Hildesheim",Syrien,Anzahl,K03254,2100,2100
255,2016,"Holzminden",Syrien,Anzahl,K03255,640,640
256,2016,"Nienburg (Weser)",Syrien,Anzahl,K03256,1320,1320
257,2016,"Schaumburg",Syrien,Anzahl,K03257,1350,1350
2,2016,"Statistische Region Hannover",Syrien,Anzahl,K032,18825,18825
351,2016,"Celle",Syrien,Anzahl,K03351,1430,1430
352,2016,"Cuxhaven",Syrien,Anzahl,K03352,1620,1620
353,2016,"Harburg",Syrien,Anzahl,K03353,1010,1010
354,2016,"Lüchow-Dannenberg",Syrien,Anzahl,K03354,270,270
355,2016,"Lüneburg",Syrien,Anzahl,K03355,1505,1505
356,2016,"Osterholz",Syrien,Anzahl,K03356,645,645
357,2016,"Rotenburg (Wümme)",Syrien,Anzahl,K03357,1155,1155
358,2016,"Heidekreis",Syrien,Anzahl,K03358,1155,1155
359,2016,"Stade",Syrien,Anzahl,K03359,1860,1860
360,2016,"Uelzen",Syrien,Anzahl,K03360,630,630
361,2016,"Verden",Syrien,Anzahl,K03361,1025,1025
3,2016,"Statistische Region Lüneburg",Syrien,Anzahl,K033,12310,12310
401,2016,"Delmenhorst, Stadt",Syrien,Anzahl,K03401,1190,1190
402,2016,"Emden, Stadt",Syrien,Anzahl,K03402,660,660
403,2016,"Oldenburg (Oldb), Stadt",Syrien,Anzahl,K03403,1415,1415
404,2016,"Osnabrück, Stadt",Syrien,Anzahl,K03404,2290,2290
405,2016,"Wilhelmshaven, Stadt",Syrien,Anzahl,K03405,1075,1075
451,2016,"Ammerland",Syrien,Anzahl,K03451,1030,1030
452,2016,"Aurich",Syrien,Anzahl,K03452,1670,1670
453,2016,"Cloppenburg",Syrien,Anzahl,K03453,1570,1570
454,2016,"Emsland",Syrien,Anzahl,K03454,2840,2840
455,2016,"Friesland",Syrien,Anzahl,K03455,890,890
456,2016,"Grafschaft Bentheim",Syrien,Anzahl,K03456,960,960
457,2016,"Leer",Syrien,Anzahl,K03457,1430,1430
458,2016,"Oldenburg",Syrien,Anzahl,K03458,1040,1040
459,2016,"Osnabrück",Syrien,Anzahl,K03459,2025,2025
460,2016,"Vechta",Syrien,Anzahl,K03460,2095,2095
461,2016,"Wesermarsch",Syrien,Anzahl,K03461,650,650
462,2016,"Wittmund",Syrien,Anzahl,K03462,355,355
4,2016,"Statistische Region Weser-Ems",Syrien,Anzahl,K034,23195,23195
0,2016,"Niedersachsen",Syrien,Anzahl,K030,68005,68005
101,2017,"Braunschweig, Stadt",Syrien,Anzahl,K03101,1935,1935
102,2017,"Salzgitter, Stadt",Syrien,Anzahl,K03102,3875,3875
103,2017,"Wolfsburg, Stadt",Syrien,Anzahl,K03103,1395,1395
151,2017,"Gifhorn",Syrien,Anzahl,K03151,740,740
153,2017,"Goslar",Syrien,Anzahl,K03153,1510,1510
154,2017,"Helmstedt",Syrien,Anzahl,K03154,450,450
155,2017,"Northeim",Syrien,Anzahl,K03155,890,890
157,2017,"Peine",Syrien,Anzahl,K03157,1350,1350
158,2017,"Wolfenbüttel",Syrien,Anzahl,K03158,1030,1030
159,2017,"Göttingen",Syrien,Anzahl,K03159,2550,2550
1,2017,"Statistische Region Braunschweig",Syrien,Anzahl,K031,15725,15725
241,2017,"Region Hannover",Syrien,Anzahl,K03241,12170,12170
241001,2017,"dav. Hannover, Lhst.",Syrien,Anzahl,K03241001,5020,5020
241999,2017,"dav. Hannover, Umland",Syrien,Anzahl,K03241999,7150,7150
251,2017,"Diepholz",Syrien,Anzahl,K03251,1575,1575
252,2017,"Hameln-Pyrmont",Syrien,Anzahl,K03252,1760,1760
254,2017,"Hildesheim",Syrien,Anzahl,K03254,2220,2220
255,2017,"Holzminden",Syrien,Anzahl,K03255,730,730
256,2017,"Nienburg (Weser)",Syrien,Anzahl,K03256,1375,1375
257,2017,"Schaumburg",Syrien,Anzahl,K03257,1480,1480
2,2017,"Statistische Region Hannover",Syrien,Anzahl,K032,21315,21315
351,2017,"Celle",Syrien,Anzahl,K03351,1585,1585
352,2017,"Cuxhaven",Syrien,Anzahl,K03352,1605,1605
353,2017,"Harburg",Syrien,Anzahl,K03353,1085,1085
354,2017,"Lüchow-Dannenberg",Syrien,Anzahl,K03354,245,245
355,2017,"Lüneburg",Syrien,Anzahl,K03355,1700,1700
356,2017,"Osterholz",Syrien,Anzahl,K03356,670,670
357,2017,"Rotenburg (Wümme)",Syrien,Anzahl,K03357,1105,1105
358,2017,"Heidekreis",Syrien,Anzahl,K03358,1030,1030
359,2017,"Stade",Syrien,Anzahl,K03359,2085,2085
360,2017,"Uelzen",Syrien,Anzahl,K03360,675,675
361,2017,"Verden",Syrien,Anzahl,K03361,1080,1080
3,2017,"Statistische Region Lüneburg",Syrien,Anzahl,K033,12865,12865
401,2017,"Delmenhorst, Stadt",Syrien,Anzahl,K03401,1555,1555
402,2017,"Emden, Stadt",Syrien,Anzahl,K03402,785,785
403,2017,"Oldenburg (Oldb), Stadt",Syrien,Anzahl,K03403,1680,1680
404,2017,"Osnabrück, Stadt",Syrien,Anzahl,K03404,2725,2725
405,2017,"Wilhelmshaven, Stadt",Syrien,Anzahl,K03405,1690,1690
451,2017,"Ammerland",Syrien,Anzahl,K03451,1025,1025
452,2017,"Aurich",Syrien,Anzahl,K03452,1620,1620
453,2017,"Cloppenburg",Syrien,Anzahl,K03453,1465,1465
454,2017,"Emsland",Syrien,Anzahl,K03454,2745,2745
455,2017,"Friesland",Syrien,Anzahl,K03455,815,815
456,2017,"Grafschaft Bentheim",Syrien,Anzahl,K03456,1035,1035
457,2017,"Leer",Syrien,Anzahl,K03457,1380,1380
458,2017,"Oldenburg",Syrien,Anzahl,K03458,950,950
459,2017,"Osnabrück",Syrien,Anzahl,K03459,2035,2035
460,2017,"Vechta",Syrien,Anzahl,K03460,2315,2315
461,2017,"Wesermarsch",Syrien,Anzahl,K03461,695,695
462,2017,"Wittmund",Syrien,Anzahl,K03462,345,345
4,2017,"Statistische Region Weser-Ems",Syrien,Anzahl,K034,24855,24855
0,2017,"Niedersachsen",Syrien,Anzahl,K030,74755,74755
101,2018,"Braunschweig, Stadt",Syrien,Anzahl,K03101,2345,2345
102,2018,"Salzgitter, Stadt",Syrien,Anzahl,K03102,4090,4090
103,2018,"Wolfsburg, Stadt",Syrien,Anzahl,K03103,1475,1475
151,2018,"Gifhorn",Syrien,Anzahl,K03151,835,835
153,2018,"Goslar",Syrien,Anzahl,K03153,1515,1515
154,2018,"Helmstedt",Syrien,Anzahl,K03154,440,440
155,2018,"Northeim",Syrien,Anzahl,K03155,980,980
157,2018,"Peine",Syrien,Anzahl,K03157,1460,1460
158,2018,"Wolfenbüttel",Syrien,Anzahl,K03158,1000,1000
159,2018,"Göttingen",Syrien,Anzahl,K03159,2690,2690
1,2018,"Statistische Region Braunschweig",Syrien,Anzahl,K031,16830,16830
241,2018,"Region Hannover",Syrien,Anzahl,K03241,13600,13600
241001,2018,"dav. Hannover, Lhst.",Syrien,Anzahl,K03241001,5865,5865
241999,2018,"dav. Hannover, Umland",Syrien,Anzahl,K03241999,7735,7735
251,2018,"Diepholz",Syrien,Anzahl,K03251,1720,1720
252,2018,"Hameln-Pyrmont",Syrien,Anzahl,K03252,1975,1975
254,2018,"Hildesheim",Syrien,Anzahl,K03254,2475,2475
255,2018,"Holzminden",Syrien,Anzahl,K03255,675,675
256,2018,"Nienburg (Weser)",Syrien,Anzahl,K03256,1360,1360
257,2018,"Schaumburg",Syrien,Anzahl,K03257,1520,1520
2,2018,"Statistische Region Hannover",Syrien,Anzahl,K032,23325,23325
351,2018,"Celle",Syrien,Anzahl,K03351,1640,1640
352,2018,"Cuxhaven",Syrien,Anzahl,K03352,1585,1585
353,2018,"Harburg",Syrien,Anzahl,K03353,1140,1140
354,2018,"Lüchow-Dannenberg",Syrien,Anzahl,K03354,265,265
355,2018,"Lüneburg",Syrien,Anzahl,K03355,1825,1825
356,2018,"Osterholz",Syrien,Anzahl,K03356,700,700
357,2018,"Rotenburg (Wümme)",Syrien,Anzahl,K03357,1095,1095
358,2018,"Heidekreis",Syrien,Anzahl,K03358,1090,1090
359,2018,"Stade",Syrien,Anzahl,K03359,2340,2340
360,2018,"Uelzen",Syrien,Anzahl,K03360,675,675
361,2018,"Verden",Syrien,Anzahl,K03361,1100,1100
3,2018,"Statistische Region Lüneburg",Syrien,Anzahl,K033,13460,13460
401,2018,"Delmenhorst, Stadt",Syrien,Anzahl,K03401,1685,1685
402,2018,"Emden, Stadt",Syrien,Anzahl,K03402,840,840
403,2018,"Oldenburg (Oldb), Stadt",Syrien,Anzahl,K03403,1870,1870
404,2018,"Osnabrück, Stadt",Syrien,Anzahl,K03404,3025,3025
405,2018,"Wilhelmshaven, Stadt",Syrien,Anzahl,K03405,1925,1925
451,2018,"Ammerland",Syrien,Anzahl,K03451,1060,1060
452,2018,"Aurich",Syrien,Anzahl,K03452,1690,1690
453,2018,"Cloppenburg",Syrien,Anzahl,K03453,1415,1415
454,2018,"Emsland",Syrien,Anzahl,K03454,2750,2750
455,2018,"Friesland",Syrien,Anzahl,K03455,800,800
456,2018,"Grafschaft Bentheim",Syrien,Anzahl,K03456,1130,1130
457,2018,"Leer",Syrien,Anzahl,K03457,1495,1495
458,2018,"Oldenburg",Syrien,Anzahl,K03458,930,930
459,2018,"Osnabrück",Syrien,Anzahl,K03459,2165,2165
460,2018,"Vechta",Syrien,Anzahl,K03460,2525,2525
461,2018,"Wesermarsch",Syrien,Anzahl,K03461,720,720
462,2018,"Wittmund",Syrien,Anzahl,K03462,295,295
4,2018,"Statistische Region Weser-Ems",Syrien,Anzahl,K034,26315,26315
0,2018,"Niedersachsen",Syrien,Anzahl,K030,79930,79930
101,2019,"Braunschweig, Stadt",Syrien,Anzahl,K03101,2645,2645
102,2019,"Salzgitter, Stadt",Syrien,Anzahl,K03102,4325,4325
103,2019,"Wolfsburg, Stadt",Syrien,Anzahl,K03103,1625,1625
151,2019,"Gifhorn",Syrien,Anzahl,K03151,875,875
153,2019,"Goslar",Syrien,Anzahl,K03153,1570,1570
154,2019,"Helmstedt",Syrien,Anzahl,K03154,445,445
155,2019,"Northeim",Syrien,Anzahl,K03155,1065,1065
157,2019,"Peine",Syrien,Anzahl,K03157,1585,1585
158,2019,"Wolfenbüttel",Syrien,Anzahl,K03158,1050,1050
159,2019,"Göttingen",Syrien,Anzahl,K03159,2860,2860
1,2019,"Statistische Region Braunschweig",Syrien,Anzahl,K031,18045,18045
241,2019,"Region Hannover",Syrien,Anzahl,K03241,14770,14770
241001,2019,"dav. Hannover, Lhst.",Syrien,Anzahl,K03241001,6715,6715
241999,2019,"dav. Hannover, Umland",Syrien,Anzahl,K03241999,8055,8055
251,2019,"Diepholz",Syrien,Anzahl,K03251,1805,1805
252,2019,"Hameln-Pyrmont",Syrien,Anzahl,K03252,2170,2170
254,2019,"Hildesheim",Syrien,Anzahl,K03254,2640,2640
255,2019,"Holzminden",Syrien,Anzahl,K03255,640,640
256,2019,"Nienburg (Weser)",Syrien,Anzahl,K03256,1375,1375
257,2019,"Schaumburg",Syrien,Anzahl,K03257,1550,1550
2,2019,"Statistische Region Hannover",Syrien,Anzahl,K032,24950,24950
351,2019,"Celle",Syrien,Anzahl,K03351,1660,1660
352,2019,"Cuxhaven",Syrien,Anzahl,K03352,1580,1580
353,2019,"Harburg",Syrien,Anzahl,K03353,1190,1190
354,2019,"Lüchow-Dannenberg",Syrien,Anzahl,K03354,275,275
355,2019,"Lüneburg",Syrien,Anzahl,K03355,1910,1910
356,2019,"Osterholz",Syrien,Anzahl,K03356,715,715
357,2019,"Rotenburg (Wümme)",Syrien,Anzahl,K03357,1150,1150
358,2019,"Heidekreis",Syrien,Anzahl,K03358,1170,1170
359,2019,"Stade",Syrien,Anzahl,K03359,2490,2490
360,2019,"Uelzen",Syrien,Anzahl,K03360,710,710
361,2019,"Verden",Syrien,Anzahl,K03361,1145,1145
3,2019,"Statistische Region Lüneburg",Syrien,Anzahl,K033,13990,13990
401,2019,"Delmenhorst, Stadt",Syrien,Anzahl,K03401,1775,1775
402,2019,"Emden, Stadt",Syrien,Anzahl,K03402,945,945
403,2019,"Oldenburg (Oldb), Stadt",Syrien,Anzahl,K03403,2040,2040
404,2019,"Osnabrück, Stadt",Syrien,Anzahl,K03404,3300,3300
405,2019,"Wilhelmshaven, Stadt",Syrien,Anzahl,K03405,2100,2100
451,2019,"Ammerland",Syrien,Anzahl,K03451,1090,1090
452,2019,"Aurich",Syrien,Anzahl,K03452,1705,1705
453,2019,"Cloppenburg",Syrien,Anzahl,K03453,1370,1370
454,2019,"Emsland",Syrien,Anzahl,K03454,2890,2890
455,2019,"Friesland",Syrien,Anzahl,K03455,805,805
456,2019,"Grafschaft Bentheim",Syrien,Anzahl,K03456,1200,1200
457,2019,"Leer",Syrien,Anzahl,K03457,1655,1655
458,2019,"Oldenburg",Syrien,Anzahl,K03458,945,945
459,2019,"Osnabrück",Syrien,Anzahl,K03459,2255,2255
460,2019,"Vechta",Syrien,Anzahl,K03460,2685,2685
461,2019,"Wesermarsch",Syrien,Anzahl,K03461,735,735
462,2019,"Wittmund",Syrien,Anzahl,K03462,325,325
4,2019,"Statistische Region Weser-Ems",Syrien,Anzahl,K034,27820,27820
0,2019,"Niedersachsen",Syrien,Anzahl,K030,84805,84805
101,2020,"Braunschweig, Stadt",Syrien,Anzahl,K03101,2780,2780
102,2020,"Salzgitter, Stadt",Syrien,Anzahl,K03102,4460,4460
103,2020,"Wolfsburg, Stadt",Syrien,Anzahl,K03103,1810,1810
151,2020,"Gifhorn",Syrien,Anzahl,K03151,945,945
153,2020,"Goslar",Syrien,Anzahl,K03153,1530,1530
154,2020,"Helmstedt",Syrien,Anzahl,K03154,450,450
155,2020,"Northeim",Syrien,Anzahl,K03155,1060,1060
157,2020,"Peine",Syrien,Anzahl,K03157,1710,1710
158,2020,"Wolfenbüttel",Syrien,Anzahl,K03158,1065,1065
159,2020,"Göttingen",Syrien,Anzahl,K03159,2485,2485
1,2020,"Statistische Region Braunschweig",Syrien,Anzahl,K031,18300,18300
241,2020,"Region Hannover",Syrien,Anzahl,K03241,15485,15485
241001,2020,"dav. Hannover, Lhst.",Syrien,Anzahl,K03241001,7130,7130
241999,2020,"dav. Hannover, Umland",Syrien,Anzahl,K03241999,8355,8355
251,2020,"Diepholz",Syrien,Anzahl,K03251,1815,1815
252,2020,"Hameln-Pyrmont",Syrien,Anzahl,K03252,2245,2245
254,2020,"Hildesheim",Syrien,Anzahl,K03254,2785,2785
255,2020,"Holzminden",Syrien,Anzahl,K03255,635,635
256,2020,"Nienburg (Weser)",Syrien,Anzahl,K03256,1400,1400
257,2020,"Schaumburg",Syrien,Anzahl,K03257,1635,1635
2,2020,"Statistische Region Hannover",Syrien,Anzahl,K032,25995,25995
351,2020,"Celle",Syrien,Anzahl,K03351,1585,1585
352,2020,"Cuxhaven",Syrien,Anzahl,K03352,1590,1590
353,2020,"Harburg",Syrien,Anzahl,K03353,1265,1265
354,2020,"Lüchow-Dannenberg",Syrien,Anzahl,K03354,295,295
355,2020,"Lüneburg",Syrien,Anzahl,K03355,1920,1920
356,2020,"Osterholz",Syrien,Anzahl,K03356,755,755
357,2020,"Rotenburg (Wümme)",Syrien,Anzahl,K03357,1265,1265
358,2020,"Heidekreis",Syrien,Anzahl,K03358,1230,1230
359,2020,"Stade",Syrien,Anzahl,K03359,2690,2690
360,2020,"Uelzen",Syrien,Anzahl,K03360,750,750
361,2020,"Verden",Syrien,Anzahl,K03361,1130,1130
3,2020,"Statistische Region Lüneburg",Syrien,Anzahl,K033,14475,14475
401,2020,"Delmenhorst, Stadt",Syrien,Anzahl,K03401,1880,1880
402,2020,"Emden, Stadt",Syrien,Anzahl,K03402,1000,1000
403,2020,"Oldenburg (Oldb), Stadt",Syrien,Anzahl,K03403,2190,2190
404,2020,"Osnabrück, Stadt",Syrien,Anzahl,K03404,3470,3470
405,2020,"Wilhelmshaven, Stadt",Syrien,Anzahl,K03405,2110,2110
451,2020,"Ammerland",Syrien,Anzahl,K03451,1095,1095
452,2020,"Aurich",Syrien,Anzahl,K03452,1685,1685
453,2020,"Cloppenburg",Syrien,Anzahl,K03453,1365,1365
454,2020,"Emsland",Syrien,Anzahl,K03454,2980,2980
455,2020,"Friesland",Syrien,Anzahl,K03455,820,820
456,2020,"Grafschaft Bentheim",Syrien,Anzahl,K03456,1270,1270
457,2020,"Leer",Syrien,Anzahl,K03457,1845,1845
458,2020,"Oldenburg",Syrien,Anzahl,K03458,940,940
459,2020,"Osnabrück",Syrien,Anzahl,K03459,2315,2315
460,2020,"Vechta",Syrien,Anzahl,K03460,2780,2780
461,2020,"Wesermarsch",Syrien,Anzahl,K03461,785,785
462,2020,"Wittmund",Syrien,Anzahl,K03462,365,365
4,2020,"Statistische Region Weser-Ems",Syrien,Anzahl,K034,28905,28905
0,2020,"Niedersachsen",Syrien,Anzahl,K030,87680,87680
101,2021,"Braunschweig, Stadt",Syrien,Anzahl,K03101,2720,2720
102,2021,"Salzgitter, Stadt",Syrien,Anzahl,K03102,4730,4730
103,2021,"Wolfsburg, Stadt",Syrien,Anzahl,K03103,1970,1970
151,2021,"Gifhorn",Syrien,Anzahl,K03151,1090,1090
153,2021,"Goslar",Syrien,Anzahl,K03153,1485,1485
154,2021,"Helmstedt",Syrien,Anzahl,K03154,510,510
155,2021,"Northeim",Syrien,Anzahl,K03155,1090,1090
157,2021,"Peine",Syrien,Anzahl,K03157,1830,1830
158,2021,"Wolfenbüttel",Syrien,Anzahl,K03158,1145,1145
159,2021,"Göttingen",Syrien,Anzahl,K03159,2450,2450
1,2021,"Statistische Region Braunschweig",Syrien,Anzahl,K031,19020,19020
241,2021,"Region Hannover",Syrien,Anzahl,K03241,17440,17440
241001,2021,"dav. Hannover, Lhst.",Syrien,Anzahl,K03241001,7565,7565
241999,2021,"dav. Hannover, Umland",Syrien,Anzahl,K03241999,9875,9875
251,2021,"Diepholz",Syrien,Anzahl,K03251,1845,1845
252,2021,"Hameln-Pyrmont",Syrien,Anzahl,K03252,2345,2345
254,2021,"Hildesheim",Syrien,Anzahl,K03254,2890,2890
255,2021,"Holzminden",Syrien,Anzahl,K03255,700,700
256,2021,"Nienburg (Weser)",Syrien,Anzahl,K03256,1485,1485
257,2021,"Schaumburg",Syrien,Anzahl,K03257,1690,1690
2,2021,"Statistische Region Hannover",Syrien,Anzahl,K032,28395,28395
351,2021,"Celle",Syrien,Anzahl,K03351,1580,1580
352,2021,"Cuxhaven",Syrien,Anzahl,K03352,1690,1690
353,2021,"Harburg",Syrien,Anzahl,K03353,1420,1420
354,2021,"Lüchow-Dannenberg",Syrien,Anzahl,K03354,305,305
355,2021,"Lüneburg",Syrien,Anzahl,K03355,1930,1930
356,2021,"Osterholz",Syrien,Anzahl,K03356,825,825
357,2021,"Rotenburg (Wümme)",Syrien,Anzahl,K03357,1370,1370
358,2021,"Heidekreis",Syrien,Anzahl,K03358,1355,1355
359,2021,"Stade",Syrien,Anzahl,K03359,2775,2775
360,2021,"Uelzen",Syrien,Anzahl,K03360,740,740
361,2021,"Verden",Syrien,Anzahl,K03361,1155,1155
3,2021,"Statistische Region Lüneburg",Syrien,Anzahl,K033,15150,15150
401,2021,"Delmenhorst, Stadt",Syrien,Anzahl,K03401,1920,1920
402,2021,"Emden, Stadt",Syrien,Anzahl,K03402,1040,1040
403,2021,"Oldenburg (Oldb), Stadt",Syrien,Anzahl,K03403,2175,2175
404,2021,"Osnabrück, Stadt",Syrien,Anzahl,K03404,3620,3620
405,2021,"Wilhelmshaven, Stadt",Syrien,Anzahl,K03405,2220,2220
451,2021,"Ammerland",Syrien,Anzahl,K03451,1170,1170
452,2021,"Aurich",Syrien,Anzahl,K03452,1785,1785
453,2021,"Cloppenburg",Syrien,Anzahl,K03453,1380,1380
454,2021,"Emsland",Syrien,Anzahl,K03454,3185,3185
455,2021,"Friesland",Syrien,Anzahl,K03455,870,870
456,2021,"Grafschaft Bentheim",Syrien,Anzahl,K03456,1300,1300
457,2021,"Leer",Syrien,Anzahl,K03457,2030,2030
458,2021,"Oldenburg",Syrien,Anzahl,K03458,1000,1000
459,2021,"Osnabrück",Syrien,Anzahl,K03459,2075,2075
460,2021,"Vechta",Syrien,Anzahl,K03460,2820,2820
461,2021,"Wesermarsch",Syrien,Anzahl,K03461,830,830
462,2021,"Wittmund",Syrien,Anzahl,K03462,440,440
4,2021,"Statistische Region Weser-Ems",Syrien,Anzahl,K034,29865,29865
0,2021,"Niedersachsen",Syrien,Anzahl,K030,92430,92430
101,2022,"Braunschweig, Stadt",Syrien,Anzahl,K03101,3125,3125
102,2022,"Salzgitter, Stadt",Syrien,Anzahl,K03102,4835,4835
103,2022,"Wolfsburg, Stadt",Syrien,Anzahl,K03103,2045,2045
151,2022,"Gifhorn",Syrien,Anzahl,K03151,1150,1150
153,2022,"Goslar",Syrien,Anzahl,K03153,1435,1435
154,2022,"Helmstedt",Syrien,Anzahl,K03154,560,560
155,2022,"Northeim",Syrien,Anzahl,K03155,1140,1140
157,2022,"Peine",Syrien,Anzahl,K03157,1800,1800
158,2022,"Wolfenbüttel",Syrien,Anzahl,K03158,1190,1190
159,2022,"Göttingen",Syrien,Anzahl,K03159,2235,2235
1,2022,"Statistische Region Braunschweig",Syrien,Anzahl,K031,19515,19515
241,2022,"Region Hannover",Syrien,Anzahl,K03241,19580,19580
241001,2022,"dav. Hannover, Lhst.",Syrien,Anzahl,K03241001,8105,8105
241999,2022,"dav. Hannover, Umland",Syrien,Anzahl,K03241999,11475,11475
251,2022,"Diepholz",Syrien,Anzahl,K03251,1805,1805
252,2022,"Hameln-Pyrmont",Syrien,Anzahl,K03252,2460,2460
254,2022,"Hildesheim",Syrien,Anzahl,K03254,3025,3025
255,2022,"Holzminden",Syrien,Anzahl,K03255,700,700
256,2022,"Nienburg (Weser)",Syrien,Anzahl,K03256,1520,1520
257,2022,"Schaumburg",Syrien,Anzahl,K03257,1785,1785
2,2022,"Statistische Region Hannover",Syrien,Anzahl,K032,30880,30880
351,2022,"Celle",Syrien,Anzahl,K03351,1555,1555
352,2022,"Cuxhaven",Syrien,Anzahl,K03352,1690,1690
353,2022,"Harburg",Syrien,Anzahl,K03353,1565,1565
354,2022,"Lüchow-Dannenberg",Syrien,Anzahl,K03354,260,260
355,2022,"Lüneburg",Syrien,Anzahl,K03355,1710,1710
356,2022,"Osterholz",Syrien,Anzahl,K03356,875,875
357,2022,"Rotenburg (Wümme)",Syrien,Anzahl,K03357,1440,1440
358,2022,"Heidekreis",Syrien,Anzahl,K03358,1325,1325
359,2022,"Stade",Syrien,Anzahl,K03359,2820,2820
360,2022,"Uelzen",Syrien,Anzahl,K03360,750,750
361,2022,"Verden",Syrien,Anzahl,K03361,1275,1275
3,2022,"Statistische Region Lüneburg",Syrien,Anzahl,K033,15265,15265
401,2022,"Delmenhorst, Stadt",Syrien,Anzahl,K03401,1965,1965
402,2022,"Emden, Stadt",Syrien,Anzahl,K03402,1065,1065
403,2022,"Oldenburg (Oldb), Stadt",Syrien,Anzahl,K03403,2285,2285
404,2022,"Osnabrück, Stadt",Syrien,Anzahl,K03404,3795,3795
405,2022,"Wilhelmshaven, Stadt",Syrien,Anzahl,K03405,2265,2265
451,2022,"Ammerland",Syrien,Anzahl,K03451,1220,1220
452,2022,"Aurich",Syrien,Anzahl,K03452,1790,1790
453,2022,"Cloppenburg",Syrien,Anzahl,K03453,1340,1340
454,2022,"Emsland",Syrien,Anzahl,K03454,3475,3475
455,2022,"Friesland",Syrien,Anzahl,K03455,895,895
456,2022,"Grafschaft Bentheim",Syrien,Anzahl,K03456,1275,1275
457,2022,"Leer",Syrien,Anzahl,K03457,2140,2140
458,2022,"Oldenburg",Syrien,Anzahl,K03458,1050,1050
459,2022,"Osnabrück",Syrien,Anzahl,K03459,2050,2050
460,2022,"Vechta",Syrien,Anzahl,K03460,2715,2715
461,2022,"Wesermarsch",Syrien,Anzahl,K03461,860,860
462,2022,"Wittmund",Syrien,Anzahl,K03462,485,485
4,2022,"Statistische Region Weser-Ems",Syrien,Anzahl,K034,30870,30870
0,2022,"Niedersachsen",Syrien,Anzahl,K030,96330,96330
101,2023,"Braunschweig, Stadt",Syrien,Anzahl,K03101,2915,2915
102,2023,"Salzgitter, Stadt",Syrien,Anzahl,K03102,5155,5155
103,2023,"Wolfsburg, Stadt",Syrien,Anzahl,K03103,2195,2195
151,2023,"Gifhorn",Syrien,Anzahl,K03151,1355,1355
153,2023,"Goslar",Syrien,Anzahl,K03153,1455,1455
154,2023,"Helmstedt",Syrien,Anzahl,K03154,715,715
155,2023,"Northeim",Syrien,Anzahl,K03155,1180,1180
157,2023,"Peine",Syrien,Anzahl,K03157,1985,1985
158,2023,"Wolfenbüttel",Syrien,Anzahl,K03158,1505,1505
159,2023,"Göttingen",Syrien,Anzahl,K03159,2350,2350
1,2023,"Statistische Region Braunschweig",Syrien,Anzahl,K031,20805,20805
241,2023,"Region Hannover",Syrien,Anzahl,K03241,18700,18700
241001,2023,"dav. Hannover, Lhst.",Syrien,Anzahl,K03241001,8765,8765
241999,2023,"dav. Hannover, Umland",Syrien,Anzahl,K03241999,9935,9935
251,2023,"Diepholz",Syrien,Anzahl,K03251,2050,2050
252,2023,"Hameln-Pyrmont",Syrien,Anzahl,K03252,2655,2655
254,2023,"Hildesheim",Syrien,Anzahl,K03254,3390,3390
255,2023,"Holzminden",Syrien,Anzahl,K03255,750,750
256,2023,"Nienburg (Weser)",Syrien,Anzahl,K03256,1515,1515
257,2023,"Schaumburg",Syrien,Anzahl,K03257,1965,1965
2,2023,"Statistische Region Hannover",Syrien,Anzahl,K032,31025,31025
351,2023,"Celle",Syrien,Anzahl,K03351,1710,1710
352,2023,"Cuxhaven",Syrien,Anzahl,K03352,1645,1645
353,2023,"Harburg",Syrien,Anzahl,K03353,1710,1710
354,2023,"Lüchow-Dannenberg",Syrien,Anzahl,K03354,285,285
355,2023,"Lüneburg",Syrien,Anzahl,K03355,1750,1750
356,2023,"Osterholz",Syrien,Anzahl,K03356,915,915
357,2023,"Rotenburg (Wümme)",Syrien,Anzahl,K03357,1660,1660
358,2023,"Heidekreis",Syrien,Anzahl,K03358,1150,1150
359,2023,"Stade",Syrien,Anzahl,K03359,3010,3010
360,2023,"Uelzen",Syrien,Anzahl,K03360,780,780
361,2023,"Verden",Syrien,Anzahl,K03361,1325,1325
3,2023,"Statistische Region Lüneburg",Syrien,Anzahl,K033,15935,15935
401,2023,"Delmenhorst, Stadt",Syrien,Anzahl,K03401,2075,2075
402,2023,"Emden, Stadt",Syrien,Anzahl,K03402,1070,1070
403,2023,"Oldenburg (Oldb), Stadt",Syrien,Anzahl,K03403,2280,2280
404,2023,"Osnabrück, Stadt",Syrien,Anzahl,K03404,3800,3800
405,2023,"Wilhelmshaven, Stadt",Syrien,Anzahl,K03405,2510,2510
451,2023,"Ammerland",Syrien,Anzahl,K03451,1400,1400
452,2023,"Aurich",Syrien,Anzahl,K03452,1840,1840
453,2023,"Cloppenburg",Syrien,Anzahl,K03453,1530,1530
454,2023,"Emsland",Syrien,Anzahl,K03454,3730,3730
455,2023,"Friesland",Syrien,Anzahl,K03455,930,930
456,2023,"Grafschaft Bentheim",Syrien,Anzahl,K03456,1250,1250
457,2023,"Leer",Syrien,Anzahl,K03457,2520,2520
458,2023,"Oldenburg",Syrien,Anzahl,K03458,1235,1235
459,2023,"Osnabrück",Syrien,Anzahl,K03459,2145,2145
460,2023,"Vechta",Syrien,Anzahl,K03460,2685,2685
461,2023,"Wesermarsch",Syrien,Anzahl,K03461,960,960
462,2023,"Wittmund",Syrien,Anzahl,K03462,580,580
4,2023,"Statistische Region Weser-Ems",Syrien,Anzahl,K034,32545,32545
0,2023,"Niedersachsen",Syrien,Anzahl,K030,100310,100310
101,2024,"Braunschweig, Stadt",Syrien,Anzahl,K03101,2845,2845
102,2024,"Salzgitter, Stadt",Syrien,Anzahl,K03102,5180,5180
103,2024,"Wolfsburg, Stadt",Syrien,Anzahl,K03103,2340,2340
151,2024,"Gifhorn",Syrien,Anzahl,K03151,1410,1410
153,2024,"Goslar",Syrien,Anzahl,K03153,1355,1355
154,2024,"Helmstedt",Syrien,Anzahl,K03154,855,855
155,2024,"Northeim",Syrien,Anzahl,K03155,1180,1180
157,2024,"Peine",Syrien,Anzahl,K03157,2105,2105
158,2024,"Wolfenbüttel",Syrien,Anzahl,K03158,1550,1550
159,2024,"Göttingen",Syrien,Anzahl,K03159,2360,2360
1,2024,"Statistische Region Braunschweig",Syrien,Anzahl,K031,21190,21190
241,2024,"Region Hannover",Syrien,Anzahl,K03241,19145,19145
241001,2024,"dav. Hannover, Lhst.",Syrien,Anzahl,K03241001,9165,9165
241999,2024,"dav. Hannover, Umland",Syrien,Anzahl,K03241999,9980,9980
251,2024,"Diepholz",Syrien,Anzahl,K03251,2200,2200
252,2024,"Hameln-Pyrmont",Syrien,Anzahl,K03252,2750,2750
254,2024,"Hildesheim",Syrien,Anzahl,K03254,3485,3485
255,2024,"Holzminden",Syrien,Anzahl,K03255,735,735
256,2024,"Nienburg (Weser)",Syrien,Anzahl,K03256,1450,1450
257,2024,"Schaumburg",Syrien,Anzahl,K03257,1835,1835
2,2024,"Statistische Region Hannover",Syrien,Anzahl,K032,31600,31600
351,2024,"Celle",Syrien,Anzahl,K03351,1665,1665
352,2024,"Cuxhaven",Syrien,Anzahl,K03352,1595,1595
353,2024,"Harburg",Syrien,Anzahl,K03353,1690,1690
354,2024,"Lüchow-Dannenberg",Syrien,Anzahl,K03354,280,280
355,2024,"Lüneburg",Syrien,Anzahl,K03355,1905,1905
356,2024,"Osterholz",Syrien,Anzahl,K03356,840,840
357,2024,"Rotenburg (Wümme)",Syrien,Anzahl,K03357,1570,1570
358,2024,"Heidekreis",Syrien,Anzahl,K03358,1015,1015
359,2024,"Stade",Syrien,Anzahl,K03359,2855,2855
360,2024,"Uelzen",Syrien,Anzahl,K03360,765,765
361,2024,"Verden",Syrien,Anzahl,K03361,1360,1360
3,2024,"Statistische Region Lüneburg",Syrien,Anzahl,K033,15535,15535
401,2024,"Delmenhorst, Stadt",Syrien,Anzahl,K03401,2070,2070
402,2024,"Emden, Stadt",Syrien,Anzahl,K03402,1080,1080
403,2024,"Oldenburg (Oldb), Stadt",Syrien,Anzahl,K03403,2275,2275
404,2024,"Osnabrück, Stadt",Syrien,Anzahl,K03404,3695,3695
405,2024,"Wilhelmshaven, Stadt",Syrien,Anzahl,K03405,2530,2530
451,2024,"Ammerland",Syrien,Anzahl,K03451,1400,1400
452,2024,"Aurich",Syrien,Anzahl,K03452,1750,1750
453,2024,"Cloppenburg",Syrien,Anzahl,K03453,1550,1550
454,2024,"Emsland",Syrien,Anzahl,K03454,3975,3975
455,2024,"Friesland",Syrien,Anzahl,K03455,980,980
456,2024,"Grafschaft Bentheim",Syrien,Anzahl,K03456,1305,1305
457,2024,"Leer",Syrien,Anzahl,K03457,2745,2745
458,2024,"Oldenburg",Syrien,Anzahl,K03458,1260,1260
459,2024,"Osnabrück",Syrien,Anzahl,K03459,2150,2150
460,2024,"Vechta",Syrien,Anzahl,K03460,2465,2465
461,2024,"Wesermarsch",Syrien,Anzahl,K03461,1055,1055
462,2024,"Wittmund",Syrien,Anzahl,K03462,590,590
4,2024,"Statistische Region Weser-Ems",Syrien,Anzahl,K034,32880,32880
0,2024,"Niedersachsen",Syrien,Anzahl,K030,101200,101200
101,2025,"Braunschweig, Stadt",Syrien,Anzahl,K03101,2885,2885
102,2025,"Salzgitter, Stadt",Syrien,Anzahl,K03102,4875,4875
103,2025,"Wolfsburg, Stadt",Syrien,Anzahl,K03103,2410,2410
151,2025,"Gifhorn",Syrien,Anzahl,K03151,1410,1410
153,2025,"Goslar",Syrien,Anzahl,K03153,1235,1235
154,2025,"Helmstedt",Syrien,Anzahl,K03154,850,850
155,2025,"Northeim",Syrien,Anzahl,K03155,1055,1055
157,2025,"Peine",Syrien,Anzahl,K03157,2085,2085
158,2025,"Wolfenbüttel",Syrien,Anzahl,K03158,1465,1465
159,2025,"Göttingen",Syrien,Anzahl,K03159,2190,2190
1,2025,"Statistische Region Braunschweig",Syrien,Anzahl,K031,20460,20460
241,2025,"Region Hannover",Syrien,Anzahl,K03241,19655,19655
241001,2025,"dav. Hannover, Lhst.",Syrien,Anzahl,K03241001,9260,9260
241999,2025,"dav. Hannover, Umland",Syrien,Anzahl,K03241999,10395,10395
251,2025,"Diepholz",Syrien,Anzahl,K03251,2080,2080
252,2025,"Hameln-Pyrmont",Syrien,Anzahl,K03252,2680,2680
254,2025,"Hildesheim",Syrien,Anzahl,K03254,3360,3360
255,2025,"Holzminden",Syrien,Anzahl,K03255,700,700
256,2025,"Nienburg (Weser)",Syrien,Anzahl,K03256,1340,1340
257,2025,"Schaumburg",Syrien,Anzahl,K03257,1710,1710
2,2025,"Statistische Region Hannover",Syrien,Anzahl,K032,31525,31525
351,2025,"Celle",Syrien,Anzahl,K03351,1625,1625
352,2025,"Cuxhaven",Syrien,Anzahl,K03352,1505,1505
353,2025,"Harburg",Syrien,Anzahl,K03353,1485,1485
354,2025,"Lüchow-Dannenberg",Syrien,Anzahl,K03354,265,265
355,2025,"Lüneburg",Syrien,Anzahl,K03355,1700,1700
356,2025,"Osterholz",Syrien,Anzahl,K03356,705,705
357,2025,"Rotenburg (Wümme)",Syrien,Anzahl,K03357,1370,1370
358,2025,"Heidekreis",Syrien,Anzahl,K03358,1010,1010
359,2025,"Stade",Syrien,Anzahl,K03359,2605,2605
360,2025,"Uelzen",Syrien,Anzahl,K03360,800,800
361,2025,"Verden",Syrien,Anzahl,K03361,1245,1245
3,2025,"Statistische Region Lüneburg",Syrien,Anzahl,K033,14315,14315
401,2025,"Delmenhorst, Stadt",Syrien,Anzahl,K03401,1935,1935
402,2025,"Emden, Stadt",Syrien,Anzahl,K03402,1060,1060
403,2025,"Oldenburg (Oldb), Stadt",Syrien,Anzahl,K03403,2265,2265
404,2025,"Osnabrück, Stadt",Syrien,Anzahl,K03404,3785,3785
405,2025,"Wilhelmshaven, Stadt",Syrien,Anzahl,K03405,2550,2550
451,2025,"Ammerland",Syrien,Anzahl,K03451,1195,1195
452,2025,"Aurich",Syrien,Anzahl,K03452,1670,1670
453,2025,"Cloppenburg",Syrien,Anzahl,K03453,1400,1400
454,2025,"Emsland",Syrien,Anzahl,K03454,3595,3595
455,2025,"Friesland",Syrien,Anzahl,K03455,905,905
456,2025,"Grafschaft Bentheim",Syrien,Anzahl,K03456,1325,1325
457,2025,"Leer",Syrien,Anzahl,K03457,2740,2740
458,2025,"Oldenburg",Syrien,Anzahl,K03458,1225,1225
459,2025,"Osnabrück",Syrien,Anzahl,K03459,1900,1900
460,2025,"Vechta",Syrien,Anzahl,K03460,2220,2220
461,2025,"Wesermarsch",Syrien,Anzahl,K03461,1055,1055
462,2025,"Wittmund",Syrien,Anzahl,K03462,545,545
4,2025,"Statistische Region Weser-Ems",Syrien,Anzahl,K034,31385,31385
0,2025,"Niedersachsen",Syrien,Anzahl,K030,97685,97685
101,2005,"Braunschweig, Stadt",Türkei,Anzahl,K03101,5957,5957
102,2005,"Salzgitter, Stadt",Türkei,Anzahl,K03102,6320,6320
103,2005,"Wolfsburg, Stadt",Türkei,Anzahl,K03103,581,581
151,2005,"Gifhorn",Türkei,Anzahl,K03151,1903,1903
153,2005,"Goslar",Türkei,Anzahl,K03153,1936,1936
154,2005,"Helmstedt",Türkei,Anzahl,K03154,1146,1146
155,2005,"Northeim",Türkei,Anzahl,K03155,1026,1026
157,2005,"Peine",Türkei,Anzahl,K03157,2946,2946
158,2005,"Wolfenbüttel",Türkei,Anzahl,K03158,1325,1325
159,2005,"Göttingen",Türkei,Anzahl,K03159,3823,3823
1,2005,"Statistische Region Braunschweig",Türkei,Anzahl,K031,26963,26963
241,2005,"Region Hannover",Türkei,Anzahl,K03241,29699,29699
241001,2005,"dav. Hannover, Lhst.",Türkei,Anzahl,K03241001,19350,19350
241999,2005,"dav. Hannover, Umland",Türkei,Anzahl,K03241999,10349,10349
251,2005,"Diepholz",Türkei,Anzahl,K03251,1788,1788
252,2005,"Hameln-Pyrmont",Türkei,Anzahl,K03252,3221,3221
254,2005,"Hildesheim",Türkei,Anzahl,K03254,4163,4163
255,2005,"Holzminden",Türkei,Anzahl,K03255,1355,1355
256,2005,"Nienburg (Weser)",Türkei,Anzahl,K03256,1984,1984
257,2005,"Schaumburg",Türkei,Anzahl,K03257,3060,3060
2,2005,"Statistische Region Hannover",Türkei,Anzahl,K032,45270,45270
351,2005,"Celle",Türkei,Anzahl,K03351,2418,2418
352,2005,"Cuxhaven",Türkei,Anzahl,K03352,1151,1151
353,2005,"Harburg",Türkei,Anzahl,K03353,1619,1619
354,2005,"Lüchow-Dannenberg",Türkei,Anzahl,K03354,104,104
355,2005,"Lüneburg",Türkei,Anzahl,K03355,995,995
356,2005,"Osterholz",Türkei,Anzahl,K03356,1008,1008
357,2005,"Rotenburg (Wümme)",Türkei,Anzahl,K03357,1000,1000
358,2005,"Heidekreis",Türkei,Anzahl,K03358,1297,1297
359,2005,"Stade",Türkei,Anzahl,K03359,1961,1961
360,2005,"Uelzen",Türkei,Anzahl,K03360,356,356
361,2005,"Verden",Türkei,Anzahl,K03361,2555,2555
3,2005,"Statistische Region Lüneburg",Türkei,Anzahl,K033,14464,14464
401,2005,"Delmenhorst, Stadt",Türkei,Anzahl,K03401,3167,3167
402,2005,"Emden, Stadt",Türkei,Anzahl,K03402,373,373
403,2005,"Oldenburg (Oldb), Stadt",Türkei,Anzahl,K03403,2137,2137
404,2005,"Osnabrück, Stadt",Türkei,Anzahl,K03404,3213,3213
405,2005,"Wilhelmshaven, Stadt",Türkei,Anzahl,K03405,691,691
451,2005,"Ammerland",Türkei,Anzahl,K03451,722,722
452,2005,"Aurich",Türkei,Anzahl,K03452,440,440
453,2005,"Cloppenburg",Türkei,Anzahl,K03453,1028,1028
454,2005,"Emsland",Türkei,Anzahl,K03454,1204,1204
455,2005,"Friesland",Türkei,Anzahl,K03455,345,345
456,2005,"Grafschaft Bentheim",Türkei,Anzahl,K03456,1750,1750
457,2005,"Leer",Türkei,Anzahl,K03457,639,639
458,2005,"Oldenburg",Türkei,Anzahl,K03458,627,627
459,2005,"Osnabrück",Türkei,Anzahl,K03459,3684,3684
460,2005,"Vechta",Türkei,Anzahl,K03460,3143,3143
461,2005,"Wesermarsch",Türkei,Anzahl,K03461,1574,1574
462,2005,"Wittmund",Türkei,Anzahl,K03462,164,164
4,2005,"Statistische Region Weser-Ems",Türkei,Anzahl,K034,24901,24901
0,2005,"Niedersachsen",Türkei,Anzahl,K030,111598,111598
101,2011,"Braunschweig, Stadt",Türkei,Anzahl,K03101,5502,5502
102,2011,"Salzgitter, Stadt",Türkei,Anzahl,K03102,5664,5664
103,2011,"Wolfsburg, Stadt",Türkei,Anzahl,K03103,620,620
151,2011,"Gifhorn",Türkei,Anzahl,K03151,1670,1670
153,2011,"Goslar",Türkei,Anzahl,K03153,1628,1628
154,2011,"Helmstedt",Türkei,Anzahl,K03154,967,967
155,2011,"Northeim",Türkei,Anzahl,K03155,815,815
157,2011,"Peine",Türkei,Anzahl,K03157,2615,2615
158,2011,"Wolfenbüttel",Türkei,Anzahl,K03158,1025,1025
159,2011,"Göttingen",Türkei,Anzahl,K03159,3281,3281
1,2011,"Statistische Region Braunschweig",Türkei,Anzahl,K031,23787,23787
241,2011,"Region Hannover",Türkei,Anzahl,K03241,27531,27531
241001,2011,"dav. Hannover, Lhst.",Türkei,Anzahl,K03241001,17951,17951
241999,2011,"dav. Hannover, Umland",Türkei,Anzahl,K03241999,9580,9580
251,2011,"Diepholz",Türkei,Anzahl,K03251,1563,1563
252,2011,"Hameln-Pyrmont",Türkei,Anzahl,K03252,2913,2913
254,2011,"Hildesheim",Türkei,Anzahl,K03254,3508,3508
255,2011,"Holzminden",Türkei,Anzahl,K03255,1156,1156
256,2011,"Nienburg (Weser)",Türkei,Anzahl,K03256,1567,1567
257,2011,"Schaumburg",Türkei,Anzahl,K03257,2469,2469
2,2011,"Statistische Region Hannover",Türkei,Anzahl,K032,40707,40707
351,2011,"Celle",Türkei,Anzahl,K03351,1792,1792
352,2011,"Cuxhaven",Türkei,Anzahl,K03352,957,957
353,2011,"Harburg",Türkei,Anzahl,K03353,1376,1376
354,2011,"Lüchow-Dannenberg",Türkei,Anzahl,K03354,106,106
355,2011,"Lüneburg",Türkei,Anzahl,K03355,870,870
356,2011,"Osterholz",Türkei,Anzahl,K03356,869,869
357,2011,"Rotenburg (Wümme)",Türkei,Anzahl,K03357,795,795
358,2011,"Heidekreis",Türkei,Anzahl,K03358,1028,1028
359,2011,"Stade",Türkei,Anzahl,K03359,1876,1876
360,2011,"Uelzen",Türkei,Anzahl,K03360,254,254
361,2011,"Verden",Türkei,Anzahl,K03361,2122,2122
3,2011,"Statistische Region Lüneburg",Türkei,Anzahl,K033,12045,12045
401,2011,"Delmenhorst, Stadt",Türkei,Anzahl,K03401,2610,2610
402,2011,"Emden, Stadt",Türkei,Anzahl,K03402,332,332
403,2011,"Oldenburg (Oldb), Stadt",Türkei,Anzahl,K03403,1772,1772
404,2011,"Osnabrück, Stadt",Türkei,Anzahl,K03404,2927,2927
405,2011,"Wilhelmshaven, Stadt",Türkei,Anzahl,K03405,564,564
451,2011,"Ammerland",Türkei,Anzahl,K03451,581,581
452,2011,"Aurich",Türkei,Anzahl,K03452,356,356
453,2011,"Cloppenburg",Türkei,Anzahl,K03453,910,910
454,2011,"Emsland",Türkei,Anzahl,K03454,1024,1024
455,2011,"Friesland",Türkei,Anzahl,K03455,272,272
456,2011,"Grafschaft Bentheim",Türkei,Anzahl,K03456,1482,1482
457,2011,"Leer",Türkei,Anzahl,K03457,417,417
458,2011,"Oldenburg",Türkei,Anzahl,K03458,501,501
459,2011,"Osnabrück",Türkei,Anzahl,K03459,3276,3276
460,2011,"Vechta",Türkei,Anzahl,K03460,2881,2881
461,2011,"Wesermarsch",Türkei,Anzahl,K03461,1258,1258
462,2011,"Wittmund",Türkei,Anzahl,K03462,112,112
4,2011,"Statistische Region Weser-Ems",Türkei,Anzahl,K034,21275,21275
0,2011,"Niedersachsen",Türkei,Anzahl,K030,97814,97814
101,2012,"Braunschweig, Stadt",Türkei,Anzahl,K03101,5380,5380
102,2012,"Salzgitter, Stadt",Türkei,Anzahl,K03102,5541,5541
103,2012,"Wolfsburg, Stadt",Türkei,Anzahl,K03103,621,621
151,2012,"Gifhorn",Türkei,Anzahl,K03151,1655,1655
153,2012,"Goslar",Türkei,Anzahl,K03153,1616,1616
154,2012,"Helmstedt",Türkei,Anzahl,K03154,931,931
155,2012,"Northeim",Türkei,Anzahl,K03155,787,787
157,2012,"Peine",Türkei,Anzahl,K03157,2526,2526
158,2012,"Wolfenbüttel",Türkei,Anzahl,K03158,999,999
159,2012,"Göttingen",Türkei,Anzahl,K03159,3192,3192
1,2012,"Statistische Region Braunschweig",Türkei,Anzahl,K031,23248,23248
241,2012,"Region Hannover",Türkei,Anzahl,K03241,27200,27200
241001,2012,"dav. Hannover, Lhst.",Türkei,Anzahl,K03241001,17686,17686
241999,2012,"dav. Hannover, Umland",Türkei,Anzahl,K03241999,9514,9514
251,2012,"Diepholz",Türkei,Anzahl,K03251,1573,1573
252,2012,"Hameln-Pyrmont",Türkei,Anzahl,K03252,2847,2847
254,2012,"Hildesheim",Türkei,Anzahl,K03254,3419,3419
255,2012,"Holzminden",Türkei,Anzahl,K03255,1104,1104
256,2012,"Nienburg (Weser)",Türkei,Anzahl,K03256,1509,1509
257,2012,"Schaumburg",Türkei,Anzahl,K03257,2380,2380
2,2012,"Statistische Region Hannover",Türkei,Anzahl,K032,40032,40032
351,2012,"Celle",Türkei,Anzahl,K03351,1740,1740
352,2012,"Cuxhaven",Türkei,Anzahl,K03352,925,925
353,2012,"Harburg",Türkei,Anzahl,K03353,1366,1366
354,2012,"Lüchow-Dannenberg",Türkei,Anzahl,K03354,95,95
355,2012,"Lüneburg",Türkei,Anzahl,K03355,820,820
356,2012,"Osterholz",Türkei,Anzahl,K03356,819,819
357,2012,"Rotenburg (Wümme)",Türkei,Anzahl,K03357,775,775
358,2012,"Heidekreis",Türkei,Anzahl,K03358,982,982
359,2012,"Stade",Türkei,Anzahl,K03359,1828,1828
360,2012,"Uelzen",Türkei,Anzahl,K03360,245,245
361,2012,"Verden",Türkei,Anzahl,K03361,2029,2029
3,2012,"Statistische Region Lüneburg",Türkei,Anzahl,K033,11624,11624
401,2012,"Delmenhorst, Stadt",Türkei,Anzahl,K03401,2553,2553
402,2012,"Emden, Stadt",Türkei,Anzahl,K03402,338,338
403,2012,"Oldenburg (Oldb), Stadt",Türkei,Anzahl,K03403,1731,1731
404,2012,"Osnabrück, Stadt",Türkei,Anzahl,K03404,2863,2863
405,2012,"Wilhelmshaven, Stadt",Türkei,Anzahl,K03405,537,537
451,2012,"Ammerland",Türkei,Anzahl,K03451,557,557
452,2012,"Aurich",Türkei,Anzahl,K03452,347,347
453,2012,"Cloppenburg",Türkei,Anzahl,K03453,864,864
454,2012,"Emsland",Türkei,Anzahl,K03454,977,977
455,2012,"Friesland",Türkei,Anzahl,K03455,261,261
456,2012,"Grafschaft Bentheim",Türkei,Anzahl,K03456,1420,1420
457,2012,"Leer",Türkei,Anzahl,K03457,400,400
458,2012,"Oldenburg",Türkei,Anzahl,K03458,486,486
459,2012,"Osnabrück",Türkei,Anzahl,K03459,3180,3180
460,2012,"Vechta",Türkei,Anzahl,K03460,2737,2737
461,2012,"Wesermarsch",Türkei,Anzahl,K03461,1211,1211
462,2012,"Wittmund",Türkei,Anzahl,K03462,104,104
4,2012,"Statistische Region Weser-Ems",Türkei,Anzahl,K034,20566,20566
0,2012,"Niedersachsen",Türkei,Anzahl,K030,95470,95470
101,2013,"Braunschweig, Stadt",Türkei,Anzahl,K03101,5319,5319
102,2013,"Salzgitter, Stadt",Türkei,Anzahl,K03102,5465,5465
103,2013,"Wolfsburg, Stadt",Türkei,Anzahl,K03103,619,619
151,2013,"Gifhorn",Türkei,Anzahl,K03151,1661,1661
153,2013,"Goslar",Türkei,Anzahl,K03153,1592,1592
154,2013,"Helmstedt",Türkei,Anzahl,K03154,912,912
155,2013,"Northeim",Türkei,Anzahl,K03155,750,750
157,2013,"Peine",Türkei,Anzahl,K03157,2471,2471
158,2013,"Wolfenbüttel",Türkei,Anzahl,K03158,970,970
159,2013,"Göttingen",Türkei,Anzahl,K03159,3139,3139
1,2013,"Statistische Region Braunschweig",Türkei,Anzahl,K031,22898,22898
241,2013,"Region Hannover",Türkei,Anzahl,K03241,26767,26767
241001,2013,"dav. Hannover, Lhst.",Türkei,Anzahl,K03241001,17329,17329
241999,2013,"dav. Hannover, Umland",Türkei,Anzahl,K03241999,9438,9438
251,2013,"Diepholz",Türkei,Anzahl,K03251,1547,1547
252,2013,"Hameln-Pyrmont",Türkei,Anzahl,K03252,2786,2786
254,2013,"Hildesheim",Türkei,Anzahl,K03254,3430,3430
255,2013,"Holzminden",Türkei,Anzahl,K03255,1073,1073
256,2013,"Nienburg (Weser)",Türkei,Anzahl,K03256,1457,1457
257,2013,"Schaumburg",Türkei,Anzahl,K03257,2330,2330
2,2013,"Statistische Region Hannover",Türkei,Anzahl,K032,39390,39390
351,2013,"Celle",Türkei,Anzahl,K03351,1677,1677
352,2013,"Cuxhaven",Türkei,Anzahl,K03352,870,870
353,2013,"Harburg",Türkei,Anzahl,K03353,1360,1360
354,2013,"Lüchow-Dannenberg",Türkei,Anzahl,K03354,104,104
355,2013,"Lüneburg",Türkei,Anzahl,K03355,804,804
356,2013,"Osterholz",Türkei,Anzahl,K03356,808,808
357,2013,"Rotenburg (Wümme)",Türkei,Anzahl,K03357,760,760
358,2013,"Heidekreis",Türkei,Anzahl,K03358,954,954
359,2013,"Stade",Türkei,Anzahl,K03359,1824,1824
360,2013,"Uelzen",Türkei,Anzahl,K03360,253,253
361,2013,"Verden",Türkei,Anzahl,K03361,1917,1917
3,2013,"Statistische Region Lüneburg",Türkei,Anzahl,K033,11331,11331
401,2013,"Delmenhorst, Stadt",Türkei,Anzahl,K03401,2492,2492
402,2013,"Emden, Stadt",Türkei,Anzahl,K03402,336,336
403,2013,"Oldenburg (Oldb), Stadt",Türkei,Anzahl,K03403,1689,1689
404,2013,"Osnabrück, Stadt",Türkei,Anzahl,K03404,2854,2854
405,2013,"Wilhelmshaven, Stadt",Türkei,Anzahl,K03405,532,532
451,2013,"Ammerland",Türkei,Anzahl,K03451,546,546
452,2013,"Aurich",Türkei,Anzahl,K03452,357,357
453,2013,"Cloppenburg",Türkei,Anzahl,K03453,837,837
454,2013,"Emsland",Türkei,Anzahl,K03454,938,938
455,2013,"Friesland",Türkei,Anzahl,K03455,250,250
456,2013,"Grafschaft Bentheim",Türkei,Anzahl,K03456,1380,1380
457,2013,"Leer",Türkei,Anzahl,K03457,392,392
458,2013,"Oldenburg",Türkei,Anzahl,K03458,461,461
459,2013,"Osnabrück",Türkei,Anzahl,K03459,3146,3146
460,2013,"Vechta",Türkei,Anzahl,K03460,2647,2647
461,2013,"Wesermarsch",Türkei,Anzahl,K03461,1152,1152
462,2013,"Wittmund",Türkei,Anzahl,K03462,98,98
4,2013,"Statistische Region Weser-Ems",Türkei,Anzahl,K034,20107,20107
0,2013,"Niedersachsen",Türkei,Anzahl,K030,93726,93726
101,2014,"Braunschweig, Stadt",Türkei,Anzahl,K03101,5272,5272
102,2014,"Salzgitter, Stadt",Türkei,Anzahl,K03102,5400,5400
103,2014,"Wolfsburg, Stadt",Türkei,Anzahl,K03103,626,626
151,2014,"Gifhorn",Türkei,Anzahl,K03151,1642,1642
153,2014,"Goslar",Türkei,Anzahl,K03153,1557,1557
154,2014,"Helmstedt",Türkei,Anzahl,K03154,907,907
155,2014,"Northeim",Türkei,Anzahl,K03155,722,722
157,2014,"Peine",Türkei,Anzahl,K03157,2393,2393
158,2014,"Wolfenbüttel",Türkei,Anzahl,K03158,945,945
159,2014,"Göttingen",Türkei,Anzahl,K03159,3097,3097
1,2014,"Statistische Region Braunschweig",Türkei,Anzahl,K031,22561,22561
241,2014,"Region Hannover",Türkei,Anzahl,K03241,26601,26601
241001,2014,"dav. Hannover, Lhst.",Türkei,Anzahl,K03241001,17201,17201
241999,2014,"dav. Hannover, Umland",Türkei,Anzahl,K03241999,9400,9400
251,2014,"Diepholz",Türkei,Anzahl,K03251,1467,1467
252,2014,"Hameln-Pyrmont",Türkei,Anzahl,K03252,2771,2771
254,2014,"Hildesheim",Türkei,Anzahl,K03254,3352,3352
255,2014,"Holzminden",Türkei,Anzahl,K03255,1044,1044
256,2014,"Nienburg (Weser)",Türkei,Anzahl,K03256,1415,1415
257,2014,"Schaumburg",Türkei,Anzahl,K03257,2275,2275
2,2014,"Statistische Region Hannover",Türkei,Anzahl,K032,38925,38925
351,2014,"Celle",Türkei,Anzahl,K03351,1625,1625
352,2014,"Cuxhaven",Türkei,Anzahl,K03352,856,856
353,2014,"Harburg",Türkei,Anzahl,K03353,1362,1362
354,2014,"Lüchow-Dannenberg",Türkei,Anzahl,K03354,103,103
355,2014,"Lüneburg",Türkei,Anzahl,K03355,776,776
356,2014,"Osterholz",Türkei,Anzahl,K03356,779,779
357,2014,"Rotenburg (Wümme)",Türkei,Anzahl,K03357,732,732
358,2014,"Heidekreis",Türkei,Anzahl,K03358,937,937
359,2014,"Stade",Türkei,Anzahl,K03359,1809,1809
360,2014,"Uelzen",Türkei,Anzahl,K03360,255,255
361,2014,"Verden",Türkei,Anzahl,K03361,1861,1861
3,2014,"Statistische Region Lüneburg",Türkei,Anzahl,K033,11095,11095
401,2014,"Delmenhorst, Stadt",Türkei,Anzahl,K03401,2461,2461
402,2014,"Emden, Stadt",Türkei,Anzahl,K03402,327,327
403,2014,"Oldenburg (Oldb), Stadt",Türkei,Anzahl,K03403,1641,1641
404,2014,"Osnabrück, Stadt",Türkei,Anzahl,K03404,2798,2798
405,2014,"Wilhelmshaven, Stadt",Türkei,Anzahl,K03405,526,526
451,2014,"Ammerland",Türkei,Anzahl,K03451,516,516
452,2014,"Aurich",Türkei,Anzahl,K03452,363,363
453,2014,"Cloppenburg",Türkei,Anzahl,K03453,819,819
454,2014,"Emsland",Türkei,Anzahl,K03454,924,924
455,2014,"Friesland",Türkei,Anzahl,K03455,226,226
456,2014,"Grafschaft Bentheim",Türkei,Anzahl,K03456,1341,1341
457,2014,"Leer",Türkei,Anzahl,K03457,378,378
458,2014,"Oldenburg",Türkei,Anzahl,K03458,431,431
459,2014,"Osnabrück",Türkei,Anzahl,K03459,3060,3060
460,2014,"Vechta",Türkei,Anzahl,K03460,2627,2627
461,2014,"Wesermarsch",Türkei,Anzahl,K03461,1152,1152
462,2014,"Wittmund",Türkei,Anzahl,K03462,100,100
4,2014,"Statistische Region Weser-Ems",Türkei,Anzahl,K034,19690,19690
0,2014,"Niedersachsen",Türkei,Anzahl,K030,92271,92271
101,2015,"Braunschweig, Stadt",Türkei,Anzahl,K03101,5141,5141
102,2015,"Salzgitter, Stadt",Türkei,Anzahl,K03102,5340,5340
103,2015,"Wolfsburg, Stadt",Türkei,Anzahl,K03103,633,633
151,2015,"Gifhorn",Türkei,Anzahl,K03151,1633,1633
153,2015,"Goslar",Türkei,Anzahl,K03153,1535,1535
154,2015,"Helmstedt",Türkei,Anzahl,K03154,876,876
155,2015,"Northeim",Türkei,Anzahl,K03155,718,718
157,2015,"Peine",Türkei,Anzahl,K03157,2381,2381
158,2015,"Wolfenbüttel",Türkei,Anzahl,K03158,933,933
159,2015,"Göttingen",Türkei,Anzahl,K03159,3083,3083
1,2015,"Statistische Region Braunschweig",Türkei,Anzahl,K031,22273,22273
241,2015,"Region Hannover",Türkei,Anzahl,K03241,26298,26298
241001,2015,"dav. Hannover, Lhst.",Türkei,Anzahl,K03241001,16986,16986
241999,2015,"dav. Hannover, Umland",Türkei,Anzahl,K03241999,9312,9312
251,2015,"Diepholz",Türkei,Anzahl,K03251,1480,1480
252,2015,"Hameln-Pyrmont",Türkei,Anzahl,K03252,2756,2756
254,2015,"Hildesheim",Türkei,Anzahl,K03254,3310,3310
255,2015,"Holzminden",Türkei,Anzahl,K03255,1023,1023
256,2015,"Nienburg (Weser)",Türkei,Anzahl,K03256,1393,1393
257,2015,"Schaumburg",Türkei,Anzahl,K03257,2194,2194
2,2015,"Statistische Region Hannover",Türkei,Anzahl,K032,38454,38454
351,2015,"Celle",Türkei,Anzahl,K03351,1547,1547
352,2015,"Cuxhaven",Türkei,Anzahl,K03352,855,855
353,2015,"Harburg",Türkei,Anzahl,K03353,1356,1356
354,2015,"Lüchow-Dannenberg",Türkei,Anzahl,K03354,104,104
355,2015,"Lüneburg",Türkei,Anzahl,K03355,771,771
356,2015,"Osterholz",Türkei,Anzahl,K03356,738,738
357,2015,"Rotenburg (Wümme)",Türkei,Anzahl,K03357,714,714
358,2015,"Heidekreis",Türkei,Anzahl,K03358,922,922
359,2015,"Stade",Türkei,Anzahl,K03359,1789,1789
360,2015,"Uelzen",Türkei,Anzahl,K03360,259,259
361,2015,"Verden",Türkei,Anzahl,K03361,1813,1813
3,2015,"Statistische Region Lüneburg",Türkei,Anzahl,K033,10868,10868
401,2015,"Delmenhorst, Stadt",Türkei,Anzahl,K03401,2442,2442
402,2015,"Emden, Stadt",Türkei,Anzahl,K03402,303,303
403,2015,"Oldenburg (Oldb), Stadt",Türkei,Anzahl,K03403,1586,1586
404,2015,"Osnabrück, Stadt",Türkei,Anzahl,K03404,2746,2746
405,2015,"Wilhelmshaven, Stadt",Türkei,Anzahl,K03405,503,503
451,2015,"Ammerland",Türkei,Anzahl,K03451,509,509
452,2015,"Aurich",Türkei,Anzahl,K03452,374,374
453,2015,"Cloppenburg",Türkei,Anzahl,K03453,798,798
454,2015,"Emsland",Türkei,Anzahl,K03454,913,913
455,2015,"Friesland",Türkei,Anzahl,K03455,211,211
456,2015,"Grafschaft Bentheim",Türkei,Anzahl,K03456,1305,1305
457,2015,"Leer",Türkei,Anzahl,K03457,381,381
458,2015,"Oldenburg",Türkei,Anzahl,K03458,415,415
459,2015,"Osnabrück",Türkei,Anzahl,K03459,2998,2998
460,2015,"Vechta",Türkei,Anzahl,K03460,2587,2587
461,2015,"Wesermarsch",Türkei,Anzahl,K03461,1155,1155
462,2015,"Wittmund",Türkei,Anzahl,K03462,93,93
4,2015,"Statistische Region Weser-Ems",Türkei,Anzahl,K034,19319,19319
0,2015,"Niedersachsen",Türkei,Anzahl,K030,90914,90914
101,2016,"Braunschweig, Stadt",Türkei,Anzahl,K03101,5220,5220
102,2016,"Salzgitter, Stadt",Türkei,Anzahl,K03102,5285,5285
103,2016,"Wolfsburg, Stadt",Türkei,Anzahl,K03103,630,630
151,2016,"Gifhorn",Türkei,Anzahl,K03151,1640,1640
153,2016,"Goslar",Türkei,Anzahl,K03153,1495,1495
154,2016,"Helmstedt",Türkei,Anzahl,K03154,890,890
155,2016,"Northeim",Türkei,Anzahl,K03155,730,730
157,2016,"Peine",Türkei,Anzahl,K03157,2365,2365
158,2016,"Wolfenbüttel",Türkei,Anzahl,K03158,920,920
159,2016,"Göttingen",Türkei,Anzahl,K03159,3035,3035
1,2016,"Statistische Region Braunschweig",Türkei,Anzahl,K031,22220,22220
241,2016,"Region Hannover",Türkei,Anzahl,K03241,26085,26085
241001,2016,"dav. Hannover, Lhst.",Türkei,Anzahl,K03241001,16650,16650
241999,2016,"dav. Hannover, Umland",Türkei,Anzahl,K03241999,9435,9435
251,2016,"Diepholz",Türkei,Anzahl,K03251,1500,1500
252,2016,"Hameln-Pyrmont",Türkei,Anzahl,K03252,2735,2735
254,2016,"Hildesheim",Türkei,Anzahl,K03254,3255,3255
255,2016,"Holzminden",Türkei,Anzahl,K03255,1015,1015
256,2016,"Nienburg (Weser)",Türkei,Anzahl,K03256,1375,1375
257,2016,"Schaumburg",Türkei,Anzahl,K03257,2180,2180
2,2016,"Statistische Region Hannover",Türkei,Anzahl,K032,38140,38140
351,2016,"Celle",Türkei,Anzahl,K03351,1490,1490
352,2016,"Cuxhaven",Türkei,Anzahl,K03352,840,840
353,2016,"Harburg",Türkei,Anzahl,K03353,1390,1390
354,2016,"Lüchow-Dannenberg",Türkei,Anzahl,K03354,105,105
355,2016,"Lüneburg",Türkei,Anzahl,K03355,770,770
356,2016,"Osterholz",Türkei,Anzahl,K03356,730,730
357,2016,"Rotenburg (Wümme)",Türkei,Anzahl,K03357,720,720
358,2016,"Heidekreis",Türkei,Anzahl,K03358,915,915
359,2016,"Stade",Türkei,Anzahl,K03359,1780,1780
360,2016,"Uelzen",Türkei,Anzahl,K03360,265,265
361,2016,"Verden",Türkei,Anzahl,K03361,1760,1760
3,2016,"Statistische Region Lüneburg",Türkei,Anzahl,K033,10765,10765
401,2016,"Delmenhorst, Stadt",Türkei,Anzahl,K03401,2410,2410
402,2016,"Emden, Stadt",Türkei,Anzahl,K03402,285,285
403,2016,"Oldenburg (Oldb), Stadt",Türkei,Anzahl,K03403,1555,1555
404,2016,"Osnabrück, Stadt",Türkei,Anzahl,K03404,2720,2720
405,2016,"Wilhelmshaven, Stadt",Türkei,Anzahl,K03405,500,500
451,2016,"Ammerland",Türkei,Anzahl,K03451,505,505
452,2016,"Aurich",Türkei,Anzahl,K03452,385,385
453,2016,"Cloppenburg",Türkei,Anzahl,K03453,780,780
454,2016,"Emsland",Türkei,Anzahl,K03454,890,890
455,2016,"Friesland",Türkei,Anzahl,K03455,200,200
456,2016,"Grafschaft Bentheim",Türkei,Anzahl,K03456,1275,1275
457,2016,"Leer",Türkei,Anzahl,K03457,410,410
458,2016,"Oldenburg",Türkei,Anzahl,K03458,415,415
459,2016,"Osnabrück",Türkei,Anzahl,K03459,2995,2995
460,2016,"Vechta",Türkei,Anzahl,K03460,2525,2525
461,2016,"Wesermarsch",Türkei,Anzahl,K03461,1140,1140
462,2016,"Wittmund",Türkei,Anzahl,K03462,85,85
4,2016,"Statistische Region Weser-Ems",Türkei,Anzahl,K034,19065,19065
0,2016,"Niedersachsen",Türkei,Anzahl,K030,90185,90185
101,2017,"Braunschweig, Stadt",Türkei,Anzahl,K03101,5105,5105
102,2017,"Salzgitter, Stadt",Türkei,Anzahl,K03102,5265,5265
103,2017,"Wolfsburg, Stadt",Türkei,Anzahl,K03103,665,665
151,2017,"Gifhorn",Türkei,Anzahl,K03151,1640,1640
153,2017,"Goslar",Türkei,Anzahl,K03153,1495,1495
154,2017,"Helmstedt",Türkei,Anzahl,K03154,880,880
155,2017,"Northeim",Türkei,Anzahl,K03155,720,720
157,2017,"Peine",Türkei,Anzahl,K03157,2330,2330
158,2017,"Wolfenbüttel",Türkei,Anzahl,K03158,895,895
159,2017,"Göttingen",Türkei,Anzahl,K03159,3045,3045
1,2017,"Statistische Region Braunschweig",Türkei,Anzahl,K031,22040,22040
241,2017,"Region Hannover",Türkei,Anzahl,K03241,25915,25915
241001,2017,"dav. Hannover, Lhst.",Türkei,Anzahl,K03241001,16485,16485
241999,2017,"dav. Hannover, Umland",Türkei,Anzahl,K03241999,9430,9430
251,2017,"Diepholz",Türkei,Anzahl,K03251,1500,1500
252,2017,"Hameln-Pyrmont",Türkei,Anzahl,K03252,2725,2725
254,2017,"Hildesheim",Türkei,Anzahl,K03254,3250,3250
255,2017,"Holzminden",Türkei,Anzahl,K03255,1000,1000
256,2017,"Nienburg (Weser)",Türkei,Anzahl,K03256,1350,1350
257,2017,"Schaumburg",Türkei,Anzahl,K03257,2155,2155
2,2017,"Statistische Region Hannover",Türkei,Anzahl,K032,37900,37900
351,2017,"Celle",Türkei,Anzahl,K03351,1465,1465
352,2017,"Cuxhaven",Türkei,Anzahl,K03352,815,815
353,2017,"Harburg",Türkei,Anzahl,K03353,1455,1455
354,2017,"Lüchow-Dannenberg",Türkei,Anzahl,K03354,100,100
355,2017,"Lüneburg",Türkei,Anzahl,K03355,775,775
356,2017,"Osterholz",Türkei,Anzahl,K03356,740,740
357,2017,"Rotenburg (Wümme)",Türkei,Anzahl,K03357,745,745
358,2017,"Heidekreis",Türkei,Anzahl,K03358,900,900
359,2017,"Stade",Türkei,Anzahl,K03359,1790,1790
360,2017,"Uelzen",Türkei,Anzahl,K03360,280,280
361,2017,"Verden",Türkei,Anzahl,K03361,1730,1730
3,2017,"Statistische Region Lüneburg",Türkei,Anzahl,K033,10790,10790
401,2017,"Delmenhorst, Stadt",Türkei,Anzahl,K03401,2380,2380
402,2017,"Emden, Stadt",Türkei,Anzahl,K03402,280,280
403,2017,"Oldenburg (Oldb), Stadt",Türkei,Anzahl,K03403,1530,1530
404,2017,"Osnabrück, Stadt",Türkei,Anzahl,K03404,2705,2705
405,2017,"Wilhelmshaven, Stadt",Türkei,Anzahl,K03405,485,485
451,2017,"Ammerland",Türkei,Anzahl,K03451,480,480
452,2017,"Aurich",Türkei,Anzahl,K03452,405,405
453,2017,"Cloppenburg",Türkei,Anzahl,K03453,765,765
454,2017,"Emsland",Türkei,Anzahl,K03454,870,870
455,2017,"Friesland",Türkei,Anzahl,K03455,205,205
456,2017,"Grafschaft Bentheim",Türkei,Anzahl,K03456,1250,1250
457,2017,"Leer",Türkei,Anzahl,K03457,445,445
458,2017,"Oldenburg",Türkei,Anzahl,K03458,400,400
459,2017,"Osnabrück",Türkei,Anzahl,K03459,3070,3070
460,2017,"Vechta",Türkei,Anzahl,K03460,2480,2480
461,2017,"Wesermarsch",Türkei,Anzahl,K03461,1120,1120
462,2017,"Wittmund",Türkei,Anzahl,K03462,75,75
4,2017,"Statistische Region Weser-Ems",Türkei,Anzahl,K034,18945,18945
0,2017,"Niedersachsen",Türkei,Anzahl,K030,89675,89675
101,2018,"Braunschweig, Stadt",Türkei,Anzahl,K03101,5085,5085
102,2018,"Salzgitter, Stadt",Türkei,Anzahl,K03102,5180,5180
103,2018,"Wolfsburg, Stadt",Türkei,Anzahl,K03103,700,700
151,2018,"Gifhorn",Türkei,Anzahl,K03151,1670,1670
153,2018,"Goslar",Türkei,Anzahl,K03153,1470,1470
154,2018,"Helmstedt",Türkei,Anzahl,K03154,880,880
155,2018,"Northeim",Türkei,Anzahl,K03155,700,700
157,2018,"Peine",Türkei,Anzahl,K03157,2310,2310
158,2018,"Wolfenbüttel",Türkei,Anzahl,K03158,905,905
159,2018,"Göttingen",Türkei,Anzahl,K03159,3005,3005
1,2018,"Statistische Region Braunschweig",Türkei,Anzahl,K031,21895,21895
241,2018,"Region Hannover",Türkei,Anzahl,K03241,25975,25975
241001,2018,"dav. Hannover, Lhst.",Türkei,Anzahl,K03241001,16430,16430
241999,2018,"dav. Hannover, Umland",Türkei,Anzahl,K03241999,9545,9545
251,2018,"Diepholz",Türkei,Anzahl,K03251,1530,1530
252,2018,"Hameln-Pyrmont",Türkei,Anzahl,K03252,2690,2690
254,2018,"Hildesheim",Türkei,Anzahl,K03254,3285,3285
255,2018,"Holzminden",Türkei,Anzahl,K03255,965,965
256,2018,"Nienburg (Weser)",Türkei,Anzahl,K03256,1345,1345
257,2018,"Schaumburg",Türkei,Anzahl,K03257,2120,2120
2,2018,"Statistische Region Hannover",Türkei,Anzahl,K032,37905,37905
351,2018,"Celle",Türkei,Anzahl,K03351,1420,1420
352,2018,"Cuxhaven",Türkei,Anzahl,K03352,810,810
353,2018,"Harburg",Türkei,Anzahl,K03353,1500,1500
354,2018,"Lüchow-Dannenberg",Türkei,Anzahl,K03354,105,105
355,2018,"Lüneburg",Türkei,Anzahl,K03355,775,775
356,2018,"Osterholz",Türkei,Anzahl,K03356,745,745
357,2018,"Rotenburg (Wümme)",Türkei,Anzahl,K03357,740,740
358,2018,"Heidekreis",Türkei,Anzahl,K03358,870,870
359,2018,"Stade",Türkei,Anzahl,K03359,1765,1765
360,2018,"Uelzen",Türkei,Anzahl,K03360,280,280
361,2018,"Verden",Türkei,Anzahl,K03361,1685,1685
3,2018,"Statistische Region Lüneburg",Türkei,Anzahl,K033,10690,10690
401,2018,"Delmenhorst, Stadt",Türkei,Anzahl,K03401,2355,2355
402,2018,"Emden, Stadt",Türkei,Anzahl,K03402,275,275
403,2018,"Oldenburg (Oldb), Stadt",Türkei,Anzahl,K03403,1485,1485
404,2018,"Osnabrück, Stadt",Türkei,Anzahl,K03404,2650,2650
405,2018,"Wilhelmshaven, Stadt",Türkei,Anzahl,K03405,480,480
451,2018,"Ammerland",Türkei,Anzahl,K03451,500,500
452,2018,"Aurich",Türkei,Anzahl,K03452,410,410
453,2018,"Cloppenburg",Türkei,Anzahl,K03453,755,755
454,2018,"Emsland",Türkei,Anzahl,K03454,870,870
455,2018,"Friesland",Türkei,Anzahl,K03455,215,215
456,2018,"Grafschaft Bentheim",Türkei,Anzahl,K03456,1230,1230
457,2018,"Leer",Türkei,Anzahl,K03457,475,475
458,2018,"Oldenburg",Türkei,Anzahl,K03458,390,390
459,2018,"Osnabrück",Türkei,Anzahl,K03459,3065,3065
460,2018,"Vechta",Türkei,Anzahl,K03460,2430,2430
461,2018,"Wesermarsch",Türkei,Anzahl,K03461,1125,1125
462,2018,"Wittmund",Türkei,Anzahl,K03462,75,75
4,2018,"Statistische Region Weser-Ems",Türkei,Anzahl,K034,18785,18785
0,2018,"Niedersachsen",Türkei,Anzahl,K030,89275,89275
101,2019,"Braunschweig, Stadt",Türkei,Anzahl,K03101,5115,5115
102,2019,"Salzgitter, Stadt",Türkei,Anzahl,K03102,5095,5095
103,2019,"Wolfsburg, Stadt",Türkei,Anzahl,K03103,700,700
151,2019,"Gifhorn",Türkei,Anzahl,K03151,1655,1655
153,2019,"Goslar",Türkei,Anzahl,K03153,1450,1450
154,2019,"Helmstedt",Türkei,Anzahl,K03154,865,865
155,2019,"Northeim",Türkei,Anzahl,K03155,690,690
157,2019,"Peine",Türkei,Anzahl,K03157,2245,2245
158,2019,"Wolfenbüttel",Türkei,Anzahl,K03158,915,915
159,2019,"Göttingen",Türkei,Anzahl,K03159,3000,3000
1,2019,"Statistische Region Braunschweig",Türkei,Anzahl,K031,21725,21725
241,2019,"Region Hannover",Türkei,Anzahl,K03241,25830,25830
241001,2019,"dav. Hannover, Lhst.",Türkei,Anzahl,K03241001,16275,16275
241999,2019,"dav. Hannover, Umland",Türkei,Anzahl,K03241999,9555,9555
251,2019,"Diepholz",Türkei,Anzahl,K03251,1540,1540
252,2019,"Hameln-Pyrmont",Türkei,Anzahl,K03252,2670,2670
254,2019,"Hildesheim",Türkei,Anzahl,K03254,3235,3235
255,2019,"Holzminden",Türkei,Anzahl,K03255,965,965
256,2019,"Nienburg (Weser)",Türkei,Anzahl,K03256,1315,1315
257,2019,"Schaumburg",Türkei,Anzahl,K03257,2085,2085
2,2019,"Statistische Region Hannover",Türkei,Anzahl,K032,37635,37635
351,2019,"Celle",Türkei,Anzahl,K03351,1370,1370
352,2019,"Cuxhaven",Türkei,Anzahl,K03352,790,790
353,2019,"Harburg",Türkei,Anzahl,K03353,1565,1565
354,2019,"Lüchow-Dannenberg",Türkei,Anzahl,K03354,110,110
355,2019,"Lüneburg",Türkei,Anzahl,K03355,775,775
356,2019,"Osterholz",Türkei,Anzahl,K03356,750,750
357,2019,"Rotenburg (Wümme)",Türkei,Anzahl,K03357,725,725
358,2019,"Heidekreis",Türkei,Anzahl,K03358,910,910
359,2019,"Stade",Türkei,Anzahl,K03359,1775,1775
360,2019,"Uelzen",Türkei,Anzahl,K03360,280,280
361,2019,"Verden",Türkei,Anzahl,K03361,1660,1660
3,2019,"Statistische Region Lüneburg",Türkei,Anzahl,K033,10710,10710
401,2019,"Delmenhorst, Stadt",Türkei,Anzahl,K03401,2305,2305
402,2019,"Emden, Stadt",Türkei,Anzahl,K03402,270,270
403,2019,"Oldenburg (Oldb), Stadt",Türkei,Anzahl,K03403,1440,1440
404,2019,"Osnabrück, Stadt",Türkei,Anzahl,K03404,2640,2640
405,2019,"Wilhelmshaven, Stadt",Türkei,Anzahl,K03405,475,475
451,2019,"Ammerland",Türkei,Anzahl,K03451,500,500
452,2019,"Aurich",Türkei,Anzahl,K03452,425,425
453,2019,"Cloppenburg",Türkei,Anzahl,K03453,745,745
454,2019,"Emsland",Türkei,Anzahl,K03454,900,900
455,2019,"Friesland",Türkei,Anzahl,K03455,225,225
456,2019,"Grafschaft Bentheim",Türkei,Anzahl,K03456,1215,1215
457,2019,"Leer",Türkei,Anzahl,K03457,495,495
458,2019,"Oldenburg",Türkei,Anzahl,K03458,390,390
459,2019,"Osnabrück",Türkei,Anzahl,K03459,3065,3065
460,2019,"Vechta",Türkei,Anzahl,K03460,2380,2380
461,2019,"Wesermarsch",Türkei,Anzahl,K03461,1110,1110
462,2019,"Wittmund",Türkei,Anzahl,K03462,75,75
4,2019,"Statistische Region Weser-Ems",Türkei,Anzahl,K034,18660,18660
0,2019,"Niedersachsen",Türkei,Anzahl,K030,88735,88735
101,2020,"Braunschweig, Stadt",Türkei,Anzahl,K03101,5060,5060
102,2020,"Salzgitter, Stadt",Türkei,Anzahl,K03102,5055,5055
103,2020,"Wolfsburg, Stadt",Türkei,Anzahl,K03103,715,715
151,2020,"Gifhorn",Türkei,Anzahl,K03151,1690,1690
153,2020,"Goslar",Türkei,Anzahl,K03153,1400,1400
154,2020,"Helmstedt",Türkei,Anzahl,K03154,875,875
155,2020,"Northeim",Türkei,Anzahl,K03155,680,680
157,2020,"Peine",Türkei,Anzahl,K03157,2265,2265
158,2020,"Wolfenbüttel",Türkei,Anzahl,K03158,905,905
159,2020,"Göttingen",Türkei,Anzahl,K03159,3015,3015
1,2020,"Statistische Region Braunschweig",Türkei,Anzahl,K031,21670,21670
241,2020,"Region Hannover",Türkei,Anzahl,K03241,25450,25450
241001,2020,"dav. Hannover, Lhst.",Türkei,Anzahl,K03241001,15830,15830
241999,2020,"dav. Hannover, Umland",Türkei,Anzahl,K03241999,9620,9620
251,2020,"Diepholz",Türkei,Anzahl,K03251,1510,1510
252,2020,"Hameln-Pyrmont",Türkei,Anzahl,K03252,2635,2635
254,2020,"Hildesheim",Türkei,Anzahl,K03254,3220,3220
255,2020,"Holzminden",Türkei,Anzahl,K03255,960,960
256,2020,"Nienburg (Weser)",Türkei,Anzahl,K03256,1305,1305
257,2020,"Schaumburg",Türkei,Anzahl,K03257,2060,2060
2,2020,"Statistische Region Hannover",Türkei,Anzahl,K032,37140,37140
351,2020,"Celle",Türkei,Anzahl,K03351,1345,1345
352,2020,"Cuxhaven",Türkei,Anzahl,K03352,785,785
353,2020,"Harburg",Türkei,Anzahl,K03353,1610,1610
354,2020,"Lüchow-Dannenberg",Türkei,Anzahl,K03354,120,120
355,2020,"Lüneburg",Türkei,Anzahl,K03355,785,785
356,2020,"Osterholz",Türkei,Anzahl,K03356,785,785
357,2020,"Rotenburg (Wümme)",Türkei,Anzahl,K03357,725,725
358,2020,"Heidekreis",Türkei,Anzahl,K03358,920,920
359,2020,"Stade",Türkei,Anzahl,K03359,1780,1780
360,2020,"Uelzen",Türkei,Anzahl,K03360,280,280
361,2020,"Verden",Türkei,Anzahl,K03361,1640,1640
3,2020,"Statistische Region Lüneburg",Türkei,Anzahl,K033,10775,10775
401,2020,"Delmenhorst, Stadt",Türkei,Anzahl,K03401,2265,2265
402,2020,"Emden, Stadt",Türkei,Anzahl,K03402,270,270
403,2020,"Oldenburg (Oldb), Stadt",Türkei,Anzahl,K03403,1425,1425
404,2020,"Osnabrück, Stadt",Türkei,Anzahl,K03404,2595,2595
405,2020,"Wilhelmshaven, Stadt",Türkei,Anzahl,K03405,465,465
451,2020,"Ammerland",Türkei,Anzahl,K03451,515,515
452,2020,"Aurich",Türkei,Anzahl,K03452,440,440
453,2020,"Cloppenburg",Türkei,Anzahl,K03453,755,755
454,2020,"Emsland",Türkei,Anzahl,K03454,905,905
455,2020,"Friesland",Türkei,Anzahl,K03455,240,240
456,2020,"Grafschaft Bentheim",Türkei,Anzahl,K03456,1230,1230
457,2020,"Leer",Türkei,Anzahl,K03457,500,500
458,2020,"Oldenburg",Türkei,Anzahl,K03458,390,390
459,2020,"Osnabrück",Türkei,Anzahl,K03459,3055,3055
460,2020,"Vechta",Türkei,Anzahl,K03460,2345,2345
461,2020,"Wesermarsch",Türkei,Anzahl,K03461,1030,1030
462,2020,"Wittmund",Türkei,Anzahl,K03462,85,85
4,2020,"Statistische Region Weser-Ems",Türkei,Anzahl,K034,18505,18505
0,2020,"Niedersachsen",Türkei,Anzahl,K030,88085,88085
101,2021,"Braunschweig, Stadt",Türkei,Anzahl,K03101,4980,4980
102,2021,"Salzgitter, Stadt",Türkei,Anzahl,K03102,5030,5030
103,2021,"Wolfsburg, Stadt",Türkei,Anzahl,K03103,710,710
151,2021,"Gifhorn",Türkei,Anzahl,K03151,1690,1690
153,2021,"Goslar",Türkei,Anzahl,K03153,1410,1410
154,2021,"Helmstedt",Türkei,Anzahl,K03154,915,915
155,2021,"Northeim",Türkei,Anzahl,K03155,685,685
157,2021,"Peine",Türkei,Anzahl,K03157,2270,2270
158,2021,"Wolfenbüttel",Türkei,Anzahl,K03158,905,905
159,2021,"Göttingen",Türkei,Anzahl,K03159,2985,2985
1,2021,"Statistische Region Braunschweig",Türkei,Anzahl,K031,21585,21585
241,2021,"Region Hannover",Türkei,Anzahl,K03241,25710,25710
241001,2021,"dav. Hannover, Lhst.",Türkei,Anzahl,K03241001,15730,15730
241999,2021,"dav. Hannover, Umland",Türkei,Anzahl,K03241999,9980,9980
251,2021,"Diepholz",Türkei,Anzahl,K03251,1530,1530
252,2021,"Hameln-Pyrmont",Türkei,Anzahl,K03252,2640,2640
254,2021,"Hildesheim",Türkei,Anzahl,K03254,3210,3210
255,2021,"Holzminden",Türkei,Anzahl,K03255,955,955
256,2021,"Nienburg (Weser)",Türkei,Anzahl,K03256,1280,1280
257,2021,"Schaumburg",Türkei,Anzahl,K03257,2050,2050
2,2021,"Statistische Region Hannover",Türkei,Anzahl,K032,37370,37370
351,2021,"Celle",Türkei,Anzahl,K03351,1300,1300
352,2021,"Cuxhaven",Türkei,Anzahl,K03352,795,795
353,2021,"Harburg",Türkei,Anzahl,K03353,1720,1720
354,2021,"Lüchow-Dannenberg",Türkei,Anzahl,K03354,120,120
355,2021,"Lüneburg",Türkei,Anzahl,K03355,805,805
356,2021,"Osterholz",Türkei,Anzahl,K03356,795,795
357,2021,"Rotenburg (Wümme)",Türkei,Anzahl,K03357,735,735
358,2021,"Heidekreis",Türkei,Anzahl,K03358,935,935
359,2021,"Stade",Türkei,Anzahl,K03359,1780,1780
360,2021,"Uelzen",Türkei,Anzahl,K03360,300,300
361,2021,"Verden",Türkei,Anzahl,K03361,1665,1665
3,2021,"Statistische Region Lüneburg",Türkei,Anzahl,K033,10950,10950
401,2021,"Delmenhorst, Stadt",Türkei,Anzahl,K03401,2255,2255
402,2021,"Emden, Stadt",Türkei,Anzahl,K03402,280,280
403,2021,"Oldenburg (Oldb), Stadt",Türkei,Anzahl,K03403,1435,1435
404,2021,"Osnabrück, Stadt",Türkei,Anzahl,K03404,2580,2580
405,2021,"Wilhelmshaven, Stadt",Türkei,Anzahl,K03405,450,450
451,2021,"Ammerland",Türkei,Anzahl,K03451,515,515
452,2021,"Aurich",Türkei,Anzahl,K03452,455,455
453,2021,"Cloppenburg",Türkei,Anzahl,K03453,765,765
454,2021,"Emsland",Türkei,Anzahl,K03454,930,930
455,2021,"Friesland",Türkei,Anzahl,K03455,225,225
456,2021,"Grafschaft Bentheim",Türkei,Anzahl,K03456,1240,1240
457,2021,"Leer",Türkei,Anzahl,K03457,520,520
458,2021,"Oldenburg",Türkei,Anzahl,K03458,380,380
459,2021,"Osnabrück",Türkei,Anzahl,K03459,3030,3030
460,2021,"Vechta",Türkei,Anzahl,K03460,2295,2295
461,2021,"Wesermarsch",Türkei,Anzahl,K03461,1015,1015
462,2021,"Wittmund",Türkei,Anzahl,K03462,95,95
4,2021,"Statistische Region Weser-Ems",Türkei,Anzahl,K034,18470,18470
0,2021,"Niedersachsen",Türkei,Anzahl,K030,88375,88375
101,2022,"Braunschweig, Stadt",Türkei,Anzahl,K03101,5125,5125
102,2022,"Salzgitter, Stadt",Türkei,Anzahl,K03102,4940,4940
103,2022,"Wolfsburg, Stadt",Türkei,Anzahl,K03103,775,775
151,2022,"Gifhorn",Türkei,Anzahl,K03151,1740,1740
153,2022,"Goslar",Türkei,Anzahl,K03153,1430,1430
154,2022,"Helmstedt",Türkei,Anzahl,K03154,920,920
155,2022,"Northeim",Türkei,Anzahl,K03155,680,680
157,2022,"Peine",Türkei,Anzahl,K03157,2275,2275
158,2022,"Wolfenbüttel",Türkei,Anzahl,K03158,910,910
159,2022,"Göttingen",Türkei,Anzahl,K03159,3030,3030
1,2022,"Statistische Region Braunschweig",Türkei,Anzahl,K031,21820,21820
241,2022,"Region Hannover",Türkei,Anzahl,K03241,26705,26705
241001,2022,"dav. Hannover, Lhst.",Türkei,Anzahl,K03241001,15855,15855
241999,2022,"dav. Hannover, Umland",Türkei,Anzahl,K03241999,10850,10850
251,2022,"Diepholz",Türkei,Anzahl,K03251,1600,1600
252,2022,"Hameln-Pyrmont",Türkei,Anzahl,K03252,2670,2670
254,2022,"Hildesheim",Türkei,Anzahl,K03254,3250,3250
255,2022,"Holzminden",Türkei,Anzahl,K03255,940,940
256,2022,"Nienburg (Weser)",Türkei,Anzahl,K03256,1295,1295
257,2022,"Schaumburg",Türkei,Anzahl,K03257,2090,2090
2,2022,"Statistische Region Hannover",Türkei,Anzahl,K032,38550,38550
351,2022,"Celle",Türkei,Anzahl,K03351,1295,1295
352,2022,"Cuxhaven",Türkei,Anzahl,K03352,820,820
353,2022,"Harburg",Türkei,Anzahl,K03353,1905,1905
354,2022,"Lüchow-Dannenberg",Türkei,Anzahl,K03354,140,140
355,2022,"Lüneburg",Türkei,Anzahl,K03355,875,875
356,2022,"Osterholz",Türkei,Anzahl,K03356,805,805
357,2022,"Rotenburg (Wümme)",Türkei,Anzahl,K03357,725,725
358,2022,"Heidekreis",Türkei,Anzahl,K03358,1000,1000
359,2022,"Stade",Türkei,Anzahl,K03359,1855,1855
360,2022,"Uelzen",Türkei,Anzahl,K03360,295,295
361,2022,"Verden",Türkei,Anzahl,K03361,1700,1700
3,2022,"Statistische Region Lüneburg",Türkei,Anzahl,K033,11415,11415
401,2022,"Delmenhorst, Stadt",Türkei,Anzahl,K03401,2250,2250
402,2022,"Emden, Stadt",Türkei,Anzahl,K03402,290,290
403,2022,"Oldenburg (Oldb), Stadt",Türkei,Anzahl,K03403,1545,1545
404,2022,"Osnabrück, Stadt",Türkei,Anzahl,K03404,2580,2580
405,2022,"Wilhelmshaven, Stadt",Türkei,Anzahl,K03405,445,445
451,2022,"Ammerland",Türkei,Anzahl,K03451,520,520
452,2022,"Aurich",Türkei,Anzahl,K03452,550,550
453,2022,"Cloppenburg",Türkei,Anzahl,K03453,790,790
454,2022,"Emsland",Türkei,Anzahl,K03454,945,945
455,2022,"Friesland",Türkei,Anzahl,K03455,260,260
456,2022,"Grafschaft Bentheim",Türkei,Anzahl,K03456,1225,1225
457,2022,"Leer",Türkei,Anzahl,K03457,560,560
458,2022,"Oldenburg",Türkei,Anzahl,K03458,430,430
459,2022,"Osnabrück",Türkei,Anzahl,K03459,3065,3065
460,2022,"Vechta",Türkei,Anzahl,K03460,2260,2260
461,2022,"Wesermarsch",Türkei,Anzahl,K03461,1010,1010
462,2022,"Wittmund",Türkei,Anzahl,K03462,100,100
4,2022,"Statistische Region Weser-Ems",Türkei,Anzahl,K034,18830,18830
0,2022,"Niedersachsen",Türkei,Anzahl,K030,90615,90615
101,2023,"Braunschweig, Stadt",Türkei,Anzahl,K03101,5250,5250
102,2023,"Salzgitter, Stadt",Türkei,Anzahl,K03102,5015,5015
103,2023,"Wolfsburg, Stadt",Türkei,Anzahl,K03103,980,980
151,2023,"Gifhorn",Türkei,Anzahl,K03151,2015,2015
153,2023,"Goslar",Türkei,Anzahl,K03153,1580,1580
154,2023,"Helmstedt",Türkei,Anzahl,K03154,980,980
155,2023,"Northeim",Türkei,Anzahl,K03155,790,790
157,2023,"Peine",Türkei,Anzahl,K03157,2380,2380
158,2023,"Wolfenbüttel",Türkei,Anzahl,K03158,1060,1060
159,2023,"Göttingen",Türkei,Anzahl,K03159,3220,3220
1,2023,"Statistische Region Braunschweig",Türkei,Anzahl,K031,23265,23265
241,2023,"Region Hannover",Türkei,Anzahl,K03241,26500,26500
241001,2023,"dav. Hannover, Lhst.",Türkei,Anzahl,K03241001,15890,15890
241999,2023,"dav. Hannover, Umland",Türkei,Anzahl,K03241999,10610,10610
251,2023,"Diepholz",Türkei,Anzahl,K03251,1735,1735
252,2023,"Hameln-Pyrmont",Türkei,Anzahl,K03252,2850,2850
254,2023,"Hildesheim",Türkei,Anzahl,K03254,3625,3625
255,2023,"Holzminden",Türkei,Anzahl,K03255,1005,1005
256,2023,"Nienburg (Weser)",Türkei,Anzahl,K03256,1540,1540
257,2023,"Schaumburg",Türkei,Anzahl,K03257,2355,2355
2,2023,"Statistische Region Hannover",Türkei,Anzahl,K032,39615,39615
351,2023,"Celle",Türkei,Anzahl,K03351,1365,1365
352,2023,"Cuxhaven",Türkei,Anzahl,K03352,955,955
353,2023,"Harburg",Türkei,Anzahl,K03353,2235,2235
354,2023,"Lüchow-Dannenberg",Türkei,Anzahl,K03354,145,145
355,2023,"Lüneburg",Türkei,Anzahl,K03355,1035,1035
356,2023,"Osterholz",Türkei,Anzahl,K03356,910,910
357,2023,"Rotenburg (Wümme)",Türkei,Anzahl,K03357,855,855
358,2023,"Heidekreis",Türkei,Anzahl,K03358,935,935
359,2023,"Stade",Türkei,Anzahl,K03359,2065,2065
360,2023,"Uelzen",Türkei,Anzahl,K03360,325,325
361,2023,"Verden",Türkei,Anzahl,K03361,1755,1755
3,2023,"Statistische Region Lüneburg",Türkei,Anzahl,K033,12585,12585
401,2023,"Delmenhorst, Stadt",Türkei,Anzahl,K03401,2355,2355
402,2023,"Emden, Stadt",Türkei,Anzahl,K03402,340,340
403,2023,"Oldenburg (Oldb), Stadt",Türkei,Anzahl,K03403,1570,1570
404,2023,"Osnabrück, Stadt",Türkei,Anzahl,K03404,2750,2750
405,2023,"Wilhelmshaven, Stadt",Türkei,Anzahl,K03405,490,490
451,2023,"Ammerland",Türkei,Anzahl,K03451,640,640
452,2023,"Aurich",Türkei,Anzahl,K03452,795,795
453,2023,"Cloppenburg",Türkei,Anzahl,K03453,945,945
454,2023,"Emsland",Türkei,Anzahl,K03454,1115,1115
455,2023,"Friesland",Türkei,Anzahl,K03455,330,330
456,2023,"Grafschaft Bentheim",Türkei,Anzahl,K03456,1295,1295
457,2023,"Leer",Türkei,Anzahl,K03457,815,815
458,2023,"Oldenburg",Türkei,Anzahl,K03458,645,645
459,2023,"Osnabrück",Türkei,Anzahl,K03459,3170,3170
460,2023,"Vechta",Türkei,Anzahl,K03460,2360,2360
461,2023,"Wesermarsch",Türkei,Anzahl,K03461,1165,1165
462,2023,"Wittmund",Türkei,Anzahl,K03462,165,165
4,2023,"Statistische Region Weser-Ems",Türkei,Anzahl,K034,20940,20940
0,2023,"Niedersachsen",Türkei,Anzahl,K030,96405,96405
101,2024,"Braunschweig, Stadt",Türkei,Anzahl,K03101,5130,5130
102,2024,"Salzgitter, Stadt",Türkei,Anzahl,K03102,4900,4900
103,2024,"Wolfsburg, Stadt",Türkei,Anzahl,K03103,1010,1010
151,2024,"Gifhorn",Türkei,Anzahl,K03151,2100,2100
153,2024,"Goslar",Türkei,Anzahl,K03153,1600,1600
154,2024,"Helmstedt",Türkei,Anzahl,K03154,965,965
155,2024,"Northeim",Türkei,Anzahl,K03155,840,840
157,2024,"Peine",Türkei,Anzahl,K03157,2375,2375
158,2024,"Wolfenbüttel",Türkei,Anzahl,K03158,1105,1105
159,2024,"Göttingen",Türkei,Anzahl,K03159,3235,3235
1,2024,"Statistische Region Braunschweig",Türkei,Anzahl,K031,23260,23260
241,2024,"Region Hannover",Türkei,Anzahl,K03241,26690,26690
241001,2024,"dav. Hannover, Lhst.",Türkei,Anzahl,K03241001,15765,15765
241999,2024,"dav. Hannover, Umland",Türkei,Anzahl,K03241999,10925,10925
251,2024,"Diepholz",Türkei,Anzahl,K03251,1830,1830
252,2024,"Hameln-Pyrmont",Türkei,Anzahl,K03252,2860,2860
254,2024,"Hildesheim",Türkei,Anzahl,K03254,3600,3600
255,2024,"Holzminden",Türkei,Anzahl,K03255,1000,1000
256,2024,"Nienburg (Weser)",Türkei,Anzahl,K03256,1530,1530
257,2024,"Schaumburg",Türkei,Anzahl,K03257,2390,2390
2,2024,"Statistische Region Hannover",Türkei,Anzahl,K032,39900,39900
351,2024,"Celle",Türkei,Anzahl,K03351,1385,1385
352,2024,"Cuxhaven",Türkei,Anzahl,K03352,1000,1000
353,2024,"Harburg",Türkei,Anzahl,K03353,2275,2275
354,2024,"Lüchow-Dannenberg",Türkei,Anzahl,K03354,155,155
355,2024,"Lüneburg",Türkei,Anzahl,K03355,1090,1090
356,2024,"Osterholz",Türkei,Anzahl,K03356,910,910
357,2024,"Rotenburg (Wümme)",Türkei,Anzahl,K03357,880,880
358,2024,"Heidekreis",Türkei,Anzahl,K03358,855,855
359,2024,"Stade",Türkei,Anzahl,K03359,2095,2095
360,2024,"Uelzen",Türkei,Anzahl,K03360,330,330
361,2024,"Verden",Türkei,Anzahl,K03361,1725,1725
3,2024,"Statistische Region Lüneburg",Türkei,Anzahl,K033,12700,12700
401,2024,"Delmenhorst, Stadt",Türkei,Anzahl,K03401,2365,2365
402,2024,"Emden, Stadt",Türkei,Anzahl,K03402,300,300
403,2024,"Oldenburg (Oldb), Stadt",Türkei,Anzahl,K03403,1505,1505
404,2024,"Osnabrück, Stadt",Türkei,Anzahl,K03404,2740,2740
405,2024,"Wilhelmshaven, Stadt",Türkei,Anzahl,K03405,480,480
451,2024,"Ammerland",Türkei,Anzahl,K03451,630,630
452,2024,"Aurich",Türkei,Anzahl,K03452,960,960
453,2024,"Cloppenburg",Türkei,Anzahl,K03453,935,935
454,2024,"Emsland",Türkei,Anzahl,K03454,1165,1165
455,2024,"Friesland",Türkei,Anzahl,K03455,320,320
456,2024,"Grafschaft Bentheim",Türkei,Anzahl,K03456,1320,1320
457,2024,"Leer",Türkei,Anzahl,K03457,830,830
458,2024,"Oldenburg",Türkei,Anzahl,K03458,630,630
459,2024,"Osnabrück",Türkei,Anzahl,K03459,3105,3105
460,2024,"Vechta",Türkei,Anzahl,K03460,2290,2290
461,2024,"Wesermarsch",Türkei,Anzahl,K03461,1180,1180
462,2024,"Wittmund",Türkei,Anzahl,K03462,160,160
4,2024,"Statistische Region Weser-Ems",Türkei,Anzahl,K034,20920,20920
0,2024,"Niedersachsen",Türkei,Anzahl,K030,96780,96780
101,2025,"Braunschweig, Stadt",Türkei,Anzahl,K03101,5015,5015
102,2025,"Salzgitter, Stadt",Türkei,Anzahl,K03102,4845,4845
103,2025,"Wolfsburg, Stadt",Türkei,Anzahl,K03103,995,995
151,2025,"Gifhorn",Türkei,Anzahl,K03151,2070,2070
153,2025,"Goslar",Türkei,Anzahl,K03153,1470,1470
154,2025,"Helmstedt",Türkei,Anzahl,K03154,940,940
155,2025,"Northeim",Türkei,Anzahl,K03155,800,800
157,2025,"Peine",Türkei,Anzahl,K03157,2320,2320
158,2025,"Wolfenbüttel",Türkei,Anzahl,K03158,1090,1090
159,2025,"Göttingen",Türkei,Anzahl,K03159,3125,3125
1,2025,"Statistische Region Braunschweig",Türkei,Anzahl,K031,22675,22675
241,2025,"Region Hannover",Türkei,Anzahl,K03241,26160,26160
241001,2025,"dav. Hannover, Lhst.",Türkei,Anzahl,K03241001,15120,15120
241999,2025,"dav. Hannover, Umland",Türkei,Anzahl,K03241999,11040,11040
251,2025,"Diepholz",Türkei,Anzahl,K03251,1735,1735
252,2025,"Hameln-Pyrmont",Türkei,Anzahl,K03252,2785,2785
254,2025,"Hildesheim",Türkei,Anzahl,K03254,3485,3485
255,2025,"Holzminden",Türkei,Anzahl,K03255,960,960
256,2025,"Nienburg (Weser)",Türkei,Anzahl,K03256,1490,1490
257,2025,"Schaumburg",Türkei,Anzahl,K03257,2330,2330
2,2025,"Statistische Region Hannover",Türkei,Anzahl,K032,38950,38950
351,2025,"Celle",Türkei,Anzahl,K03351,1360,1360
352,2025,"Cuxhaven",Türkei,Anzahl,K03352,1010,1010
353,2025,"Harburg",Türkei,Anzahl,K03353,2165,2165
354,2025,"Lüchow-Dannenberg",Türkei,Anzahl,K03354,150,150
355,2025,"Lüneburg",Türkei,Anzahl,K03355,1075,1075
356,2025,"Osterholz",Türkei,Anzahl,K03356,885,885
357,2025,"Rotenburg (Wümme)",Türkei,Anzahl,K03357,830,830
358,2025,"Heidekreis",Türkei,Anzahl,K03358,815,815
359,2025,"Stade",Türkei,Anzahl,K03359,2095,2095
360,2025,"Uelzen",Türkei,Anzahl,K03360,355,355
361,2025,"Verden",Türkei,Anzahl,K03361,1675,1675
3,2025,"Statistische Region Lüneburg",Türkei,Anzahl,K033,12410,12410
401,2025,"Delmenhorst, Stadt",Türkei,Anzahl,K03401,2335,2335
402,2025,"Emden, Stadt",Türkei,Anzahl,K03402,275,275
403,2025,"Oldenburg (Oldb), Stadt",Türkei,Anzahl,K03403,1505,1505
404,2025,"Osnabrück, Stadt",Türkei,Anzahl,K03404,2795,2795
405,2025,"Wilhelmshaven, Stadt",Türkei,Anzahl,K03405,465,465
451,2025,"Ammerland",Türkei,Anzahl,K03451,620,620
452,2025,"Aurich",Türkei,Anzahl,K03452,910,910
453,2025,"Cloppenburg",Türkei,Anzahl,K03453,940,940
454,2025,"Emsland",Türkei,Anzahl,K03454,1110,1110
455,2025,"Friesland",Türkei,Anzahl,K03455,315,315
456,2025,"Grafschaft Bentheim",Türkei,Anzahl,K03456,1230,1230
457,2025,"Leer",Türkei,Anzahl,K03457,880,880
458,2025,"Oldenburg",Türkei,Anzahl,K03458,620,620
459,2025,"Osnabrück",Türkei,Anzahl,K03459,3010,3010
460,2025,"Vechta",Türkei,Anzahl,K03460,2145,2145
461,2025,"Wesermarsch",Türkei,Anzahl,K03461,1135,1135
462,2025,"Wittmund",Türkei,Anzahl,K03462,150,150
4,2025,"Statistische Region Weser-Ems",Türkei,Anzahl,K034,20445,20445
0,2025,"Niedersachsen",Türkei,Anzahl,K030,94475,94475
101,2005,"Braunschweig, Stadt",Rumänien,Anzahl,K03101,238,238
102,2005,"Salzgitter, Stadt",Rumänien,Anzahl,K03102,120,120
103,2005,"Wolfsburg, Stadt",Rumänien,Anzahl,K03103,78,78
151,2005,"Gifhorn",Rumänien,Anzahl,K03151,54,54
153,2005,"Goslar",Rumänien,Anzahl,K03153,46,46
154,2005,"Helmstedt",Rumänien,Anzahl,K03154,18,18
155,2005,"Northeim",Rumänien,Anzahl,K03155,39,39
157,2005,"Peine",Rumänien,Anzahl,K03157,32,32
158,2005,"Wolfenbüttel",Rumänien,Anzahl,K03158,24,24
159,2005,"Göttingen",Rumänien,Anzahl,K03159,159,159
1,2005,"Statistische Region Braunschweig",Rumänien,Anzahl,K031,808,808
241,2005,"Region Hannover",Rumänien,Anzahl,K03241,732,732
241001,2005,"dav. Hannover, Lhst.",Rumänien,Anzahl,K03241001,335,335
241999,2005,"dav. Hannover, Umland",Rumänien,Anzahl,K03241999,397,397
251,2005,"Diepholz",Rumänien,Anzahl,K03251,59,59
252,2005,"Hameln-Pyrmont",Rumänien,Anzahl,K03252,55,55
254,2005,"Hildesheim",Rumänien,Anzahl,K03254,130,130
255,2005,"Holzminden",Rumänien,Anzahl,K03255,14,14
256,2005,"Nienburg (Weser)",Rumänien,Anzahl,K03256,33,33
257,2005,"Schaumburg",Rumänien,Anzahl,K03257,59,59
2,2005,"Statistische Region Hannover",Rumänien,Anzahl,K032,1082,1082
351,2005,"Celle",Rumänien,Anzahl,K03351,75,75
352,2005,"Cuxhaven",Rumänien,Anzahl,K03352,39,39
353,2005,"Harburg",Rumänien,Anzahl,K03353,126,126
354,2005,"Lüchow-Dannenberg",Rumänien,Anzahl,K03354,8,8
355,2005,"Lüneburg",Rumänien,Anzahl,K03355,37,37
356,2005,"Osterholz",Rumänien,Anzahl,K03356,32,32
357,2005,"Rotenburg (Wümme)",Rumänien,Anzahl,K03357,56,56
358,2005,"Heidekreis",Rumänien,Anzahl,K03358,41,41
359,2005,"Stade",Rumänien,Anzahl,K03359,85,85
360,2005,"Uelzen",Rumänien,Anzahl,K03360,22,22
361,2005,"Verden",Rumänien,Anzahl,K03361,28,28
3,2005,"Statistische Region Lüneburg",Rumänien,Anzahl,K033,549,549
401,2005,"Delmenhorst, Stadt",Rumänien,Anzahl,K03401,26,26
402,2005,"Emden, Stadt",Rumänien,Anzahl,K03402,39,39
403,2005,"Oldenburg (Oldb), Stadt",Rumänien,Anzahl,K03403,115,115
404,2005,"Osnabrück, Stadt",Rumänien,Anzahl,K03404,59,59
405,2005,"Wilhelmshaven, Stadt",Rumänien,Anzahl,K03405,15,15
451,2005,"Ammerland",Rumänien,Anzahl,K03451,25,25
452,2005,"Aurich",Rumänien,Anzahl,K03452,31,31
453,2005,"Cloppenburg",Rumänien,Anzahl,K03453,34,34
454,2005,"Emsland",Rumänien,Anzahl,K03454,76,76
455,2005,"Friesland",Rumänien,Anzahl,K03455,23,23
456,2005,"Grafschaft Bentheim",Rumänien,Anzahl,K03456,37,37
457,2005,"Leer",Rumänien,Anzahl,K03457,122,122
458,2005,"Oldenburg",Rumänien,Anzahl,K03458,36,36
459,2005,"Osnabrück",Rumänien,Anzahl,K03459,131,131
460,2005,"Vechta",Rumänien,Anzahl,K03460,86,86
461,2005,"Wesermarsch",Rumänien,Anzahl,K03461,80,80
462,2005,"Wittmund",Rumänien,Anzahl,K03462,8,8
4,2005,"Statistische Region Weser-Ems",Rumänien,Anzahl,K034,943,943
0,2005,"Niedersachsen",Rumänien,Anzahl,K030,3382,3382
101,2011,"Braunschweig, Stadt",Rumänien,Anzahl,K03101,198,198
102,2011,"Salzgitter, Stadt",Rumänien,Anzahl,K03102,140,140
103,2011,"Wolfsburg, Stadt",Rumänien,Anzahl,K03103,86,86
151,2011,"Gifhorn",Rumänien,Anzahl,K03151,81,81
153,2011,"Goslar",Rumänien,Anzahl,K03153,103,103
154,2011,"Helmstedt",Rumänien,Anzahl,K03154,30,30
155,2011,"Northeim",Rumänien,Anzahl,K03155,86,86
157,2011,"Peine",Rumänien,Anzahl,K03157,50,50
158,2011,"Wolfenbüttel",Rumänien,Anzahl,K03158,50,50
159,2011,"Göttingen",Rumänien,Anzahl,K03159,197,197
1,2011,"Statistische Region Braunschweig",Rumänien,Anzahl,K031,1021,1021
241,2011,"Region Hannover",Rumänien,Anzahl,K03241,1331,1331
241001,2011,"dav. Hannover, Lhst.",Rumänien,Anzahl,K03241001,914,914
241999,2011,"dav. Hannover, Umland",Rumänien,Anzahl,K03241999,417,417
251,2011,"Diepholz",Rumänien,Anzahl,K03251,126,126
252,2011,"Hameln-Pyrmont",Rumänien,Anzahl,K03252,160,160
254,2011,"Hildesheim",Rumänien,Anzahl,K03254,160,160
255,2011,"Holzminden",Rumänien,Anzahl,K03255,24,24
256,2011,"Nienburg (Weser)",Rumänien,Anzahl,K03256,137,137
257,2011,"Schaumburg",Rumänien,Anzahl,K03257,64,64
2,2011,"Statistische Region Hannover",Rumänien,Anzahl,K032,2002,2002
351,2011,"Celle",Rumänien,Anzahl,K03351,110,110
352,2011,"Cuxhaven",Rumänien,Anzahl,K03352,57,57
353,2011,"Harburg",Rumänien,Anzahl,K03353,191,191
354,2011,"Lüchow-Dannenberg",Rumänien,Anzahl,K03354,57,57
355,2011,"Lüneburg",Rumänien,Anzahl,K03355,77,77
356,2011,"Osterholz",Rumänien,Anzahl,K03356,64,64
357,2011,"Rotenburg (Wümme)",Rumänien,Anzahl,K03357,141,141
358,2011,"Heidekreis",Rumänien,Anzahl,K03358,58,58
359,2011,"Stade",Rumänien,Anzahl,K03359,152,152
360,2011,"Uelzen",Rumänien,Anzahl,K03360,51,51
361,2011,"Verden",Rumänien,Anzahl,K03361,54,54
3,2011,"Statistische Region Lüneburg",Rumänien,Anzahl,K033,1012,1012
401,2011,"Delmenhorst, Stadt",Rumänien,Anzahl,K03401,47,47
402,2011,"Emden, Stadt",Rumänien,Anzahl,K03402,80,80
403,2011,"Oldenburg (Oldb), Stadt",Rumänien,Anzahl,K03403,162,162
404,2011,"Osnabrück, Stadt",Rumänien,Anzahl,K03404,263,263
405,2011,"Wilhelmshaven, Stadt",Rumänien,Anzahl,K03405,74,74
451,2011,"Ammerland",Rumänien,Anzahl,K03451,93,93
452,2011,"Aurich",Rumänien,Anzahl,K03452,74,74
453,2011,"Cloppenburg",Rumänien,Anzahl,K03453,1109,1109
454,2011,"Emsland",Rumänien,Anzahl,K03454,985,985
455,2011,"Friesland",Rumänien,Anzahl,K03455,45,45
456,2011,"Grafschaft Bentheim",Rumänien,Anzahl,K03456,178,178
457,2011,"Leer",Rumänien,Anzahl,K03457,204,204
458,2011,"Oldenburg",Rumänien,Anzahl,K03458,246,246
459,2011,"Osnabrück",Rumänien,Anzahl,K03459,723,723
460,2011,"Vechta",Rumänien,Anzahl,K03460,641,641
461,2011,"Wesermarsch",Rumänien,Anzahl,K03461,120,120
462,2011,"Wittmund",Rumänien,Anzahl,K03462,22,22
4,2011,"Statistische Region Weser-Ems",Rumänien,Anzahl,K034,5066,5066
0,2011,"Niedersachsen",Rumänien,Anzahl,K030,9101,9101
101,2012,"Braunschweig, Stadt",Rumänien,Anzahl,K03101,239,239
102,2012,"Salzgitter, Stadt",Rumänien,Anzahl,K03102,169,169
103,2012,"Wolfsburg, Stadt",Rumänien,Anzahl,K03103,127,127
151,2012,"Gifhorn",Rumänien,Anzahl,K03151,103,103
153,2012,"Goslar",Rumänien,Anzahl,K03153,119,119
154,2012,"Helmstedt",Rumänien,Anzahl,K03154,58,58
155,2012,"Northeim",Rumänien,Anzahl,K03155,87,87
157,2012,"Peine",Rumänien,Anzahl,K03157,58,58
158,2012,"Wolfenbüttel",Rumänien,Anzahl,K03158,57,57
159,2012,"Göttingen",Rumänien,Anzahl,K03159,246,246
1,2012,"Statistische Region Braunschweig",Rumänien,Anzahl,K031,1263,1263
241,2012,"Region Hannover",Rumänien,Anzahl,K03241,1756,1756
241001,2012,"dav. Hannover, Lhst.",Rumänien,Anzahl,K03241001,1217,1217
241999,2012,"dav. Hannover, Umland",Rumänien,Anzahl,K03241999,539,539
251,2012,"Diepholz",Rumänien,Anzahl,K03251,320,320
252,2012,"Hameln-Pyrmont",Rumänien,Anzahl,K03252,188,188
254,2012,"Hildesheim",Rumänien,Anzahl,K03254,222,222
255,2012,"Holzminden",Rumänien,Anzahl,K03255,27,27
256,2012,"Nienburg (Weser)",Rumänien,Anzahl,K03256,160,160
257,2012,"Schaumburg",Rumänien,Anzahl,K03257,83,83
2,2012,"Statistische Region Hannover",Rumänien,Anzahl,K032,2756,2756
351,2012,"Celle",Rumänien,Anzahl,K03351,143,143
352,2012,"Cuxhaven",Rumänien,Anzahl,K03352,61,61
353,2012,"Harburg",Rumänien,Anzahl,K03353,216,216
354,2012,"Lüchow-Dannenberg",Rumänien,Anzahl,K03354,106,106
355,2012,"Lüneburg",Rumänien,Anzahl,K03355,129,129
356,2012,"Osterholz",Rumänien,Anzahl,K03356,70,70
357,2012,"Rotenburg (Wümme)",Rumänien,Anzahl,K03357,186,186
358,2012,"Heidekreis",Rumänien,Anzahl,K03358,86,86
359,2012,"Stade",Rumänien,Anzahl,K03359,196,196
360,2012,"Uelzen",Rumänien,Anzahl,K03360,64,64
361,2012,"Verden",Rumänien,Anzahl,K03361,76,76
3,2012,"Statistische Region Lüneburg",Rumänien,Anzahl,K033,1333,1333
401,2012,"Delmenhorst, Stadt",Rumänien,Anzahl,K03401,86,86
402,2012,"Emden, Stadt",Rumänien,Anzahl,K03402,102,102
403,2012,"Oldenburg (Oldb), Stadt",Rumänien,Anzahl,K03403,199,199
404,2012,"Osnabrück, Stadt",Rumänien,Anzahl,K03404,415,415
405,2012,"Wilhelmshaven, Stadt",Rumänien,Anzahl,K03405,98,98
451,2012,"Ammerland",Rumänien,Anzahl,K03451,136,136
452,2012,"Aurich",Rumänien,Anzahl,K03452,101,101
453,2012,"Cloppenburg",Rumänien,Anzahl,K03453,1393,1393
454,2012,"Emsland",Rumänien,Anzahl,K03454,1411,1411
455,2012,"Friesland",Rumänien,Anzahl,K03455,47,47
456,2012,"Grafschaft Bentheim",Rumänien,Anzahl,K03456,198,198
457,2012,"Leer",Rumänien,Anzahl,K03457,273,273
458,2012,"Oldenburg",Rumänien,Anzahl,K03458,410,410
459,2012,"Osnabrück",Rumänien,Anzahl,K03459,1084,1084
460,2012,"Vechta",Rumänien,Anzahl,K03460,769,769
461,2012,"Wesermarsch",Rumänien,Anzahl,K03461,126,126
462,2012,"Wittmund",Rumänien,Anzahl,K03462,37,37
4,2012,"Statistische Region Weser-Ems",Rumänien,Anzahl,K034,6885,6885
0,2012,"Niedersachsen",Rumänien,Anzahl,K030,12237,12237
101,2013,"Braunschweig, Stadt",Rumänien,Anzahl,K03101,269,269
102,2013,"Salzgitter, Stadt",Rumänien,Anzahl,K03102,243,243
103,2013,"Wolfsburg, Stadt",Rumänien,Anzahl,K03103,162,162
151,2013,"Gifhorn",Rumänien,Anzahl,K03151,130,130
153,2013,"Goslar",Rumänien,Anzahl,K03153,125,125
154,2013,"Helmstedt",Rumänien,Anzahl,K03154,64,64
155,2013,"Northeim",Rumänien,Anzahl,K03155,150,150
157,2013,"Peine",Rumänien,Anzahl,K03157,77,77
158,2013,"Wolfenbüttel",Rumänien,Anzahl,K03158,83,83
159,2013,"Göttingen",Rumänien,Anzahl,K03159,279,279
1,2013,"Statistische Region Braunschweig",Rumänien,Anzahl,K031,1582,1582
241,2013,"Region Hannover",Rumänien,Anzahl,K03241,2338,2338
241001,2013,"dav. Hannover, Lhst.",Rumänien,Anzahl,K03241001,1567,1567
241999,2013,"dav. Hannover, Umland",Rumänien,Anzahl,K03241999,771,771
251,2013,"Diepholz",Rumänien,Anzahl,K03251,730,730
252,2013,"Hameln-Pyrmont",Rumänien,Anzahl,K03252,342,342
254,2013,"Hildesheim",Rumänien,Anzahl,K03254,305,305
255,2013,"Holzminden",Rumänien,Anzahl,K03255,20,20
256,2013,"Nienburg (Weser)",Rumänien,Anzahl,K03256,240,240
257,2013,"Schaumburg",Rumänien,Anzahl,K03257,111,111
2,2013,"Statistische Region Hannover",Rumänien,Anzahl,K032,4086,4086
351,2013,"Celle",Rumänien,Anzahl,K03351,186,186
352,2013,"Cuxhaven",Rumänien,Anzahl,K03352,85,85
353,2013,"Harburg",Rumänien,Anzahl,K03353,206,206
354,2013,"Lüchow-Dannenberg",Rumänien,Anzahl,K03354,151,151
355,2013,"Lüneburg",Rumänien,Anzahl,K03355,146,146
356,2013,"Osterholz",Rumänien,Anzahl,K03356,81,81
357,2013,"Rotenburg (Wümme)",Rumänien,Anzahl,K03357,227,227
358,2013,"Heidekreis",Rumänien,Anzahl,K03358,145,145
359,2013,"Stade",Rumänien,Anzahl,K03359,302,302
360,2013,"Uelzen",Rumänien,Anzahl,K03360,119,119
361,2013,"Verden",Rumänien,Anzahl,K03361,123,123
3,2013,"Statistische Region Lüneburg",Rumänien,Anzahl,K033,1771,1771
401,2013,"Delmenhorst, Stadt",Rumänien,Anzahl,K03401,91,91
402,2013,"Emden, Stadt",Rumänien,Anzahl,K03402,183,183
403,2013,"Oldenburg (Oldb), Stadt",Rumänien,Anzahl,K03403,248,248
404,2013,"Osnabrück, Stadt",Rumänien,Anzahl,K03404,456,456
405,2013,"Wilhelmshaven, Stadt",Rumänien,Anzahl,K03405,130,130
451,2013,"Ammerland",Rumänien,Anzahl,K03451,161,161
452,2013,"Aurich",Rumänien,Anzahl,K03452,174,174
453,2013,"Cloppenburg",Rumänien,Anzahl,K03453,1502,1502
454,2013,"Emsland",Rumänien,Anzahl,K03454,1707,1707
455,2013,"Friesland",Rumänien,Anzahl,K03455,64,64
456,2013,"Grafschaft Bentheim",Rumänien,Anzahl,K03456,192,192
457,2013,"Leer",Rumänien,Anzahl,K03457,399,399
458,2013,"Oldenburg",Rumänien,Anzahl,K03458,535,535
459,2013,"Osnabrück",Rumänien,Anzahl,K03459,1297,1297
460,2013,"Vechta",Rumänien,Anzahl,K03460,832,832
461,2013,"Wesermarsch",Rumänien,Anzahl,K03461,154,154
462,2013,"Wittmund",Rumänien,Anzahl,K03462,50,50
4,2013,"Statistische Region Weser-Ems",Rumänien,Anzahl,K034,8175,8175
0,2013,"Niedersachsen",Rumänien,Anzahl,K030,15614,15614
101,2014,"Braunschweig, Stadt",Rumänien,Anzahl,K03101,298,298
102,2014,"Salzgitter, Stadt",Rumänien,Anzahl,K03102,411,411
103,2014,"Wolfsburg, Stadt",Rumänien,Anzahl,K03103,253,253
151,2014,"Gifhorn",Rumänien,Anzahl,K03151,208,208
153,2014,"Goslar",Rumänien,Anzahl,K03153,166,166
154,2014,"Helmstedt",Rumänien,Anzahl,K03154,83,83
155,2014,"Northeim",Rumänien,Anzahl,K03155,181,181
157,2014,"Peine",Rumänien,Anzahl,K03157,123,123
158,2014,"Wolfenbüttel",Rumänien,Anzahl,K03158,79,79
159,2014,"Göttingen",Rumänien,Anzahl,K03159,406,406
1,2014,"Statistische Region Braunschweig",Rumänien,Anzahl,K031,2208,2208
241,2014,"Region Hannover",Rumänien,Anzahl,K03241,3186,3186
241001,2014,"dav. Hannover, Lhst.",Rumänien,Anzahl,K03241001,2081,2081
241999,2014,"dav. Hannover, Umland",Rumänien,Anzahl,K03241999,1105,1105
251,2014,"Diepholz",Rumänien,Anzahl,K03251,789,789
252,2014,"Hameln-Pyrmont",Rumänien,Anzahl,K03252,587,587
254,2014,"Hildesheim",Rumänien,Anzahl,K03254,452,452
255,2014,"Holzminden",Rumänien,Anzahl,K03255,20,20
256,2014,"Nienburg (Weser)",Rumänien,Anzahl,K03256,359,359
257,2014,"Schaumburg",Rumänien,Anzahl,K03257,232,232
2,2014,"Statistische Region Hannover",Rumänien,Anzahl,K032,5625,5625
351,2014,"Celle",Rumänien,Anzahl,K03351,379,379
352,2014,"Cuxhaven",Rumänien,Anzahl,K03352,244,244
353,2014,"Harburg",Rumänien,Anzahl,K03353,240,240
354,2014,"Lüchow-Dannenberg",Rumänien,Anzahl,K03354,144,144
355,2014,"Lüneburg",Rumänien,Anzahl,K03355,206,206
356,2014,"Osterholz",Rumänien,Anzahl,K03356,117,117
357,2014,"Rotenburg (Wümme)",Rumänien,Anzahl,K03357,291,291
358,2014,"Heidekreis",Rumänien,Anzahl,K03358,185,185
359,2014,"Stade",Rumänien,Anzahl,K03359,439,439
360,2014,"Uelzen",Rumänien,Anzahl,K03360,146,146
361,2014,"Verden",Rumänien,Anzahl,K03361,184,184
3,2014,"Statistische Region Lüneburg",Rumänien,Anzahl,K033,2575,2575
401,2014,"Delmenhorst, Stadt",Rumänien,Anzahl,K03401,260,260
402,2014,"Emden, Stadt",Rumänien,Anzahl,K03402,261,261
403,2014,"Oldenburg (Oldb), Stadt",Rumänien,Anzahl,K03403,344,344
404,2014,"Osnabrück, Stadt",Rumänien,Anzahl,K03404,560,560
405,2014,"Wilhelmshaven, Stadt",Rumänien,Anzahl,K03405,206,206
451,2014,"Ammerland",Rumänien,Anzahl,K03451,265,265
452,2014,"Aurich",Rumänien,Anzahl,K03452,331,331
453,2014,"Cloppenburg",Rumänien,Anzahl,K03453,2234,2234
454,2014,"Emsland",Rumänien,Anzahl,K03454,2108,2108
455,2014,"Friesland",Rumänien,Anzahl,K03455,90,90
456,2014,"Grafschaft Bentheim",Rumänien,Anzahl,K03456,265,265
457,2014,"Leer",Rumänien,Anzahl,K03457,581,581
458,2014,"Oldenburg",Rumänien,Anzahl,K03458,756,756
459,2014,"Osnabrück",Rumänien,Anzahl,K03459,1748,1748
460,2014,"Vechta",Rumänien,Anzahl,K03460,1204,1204
461,2014,"Wesermarsch",Rumänien,Anzahl,K03461,184,184
462,2014,"Wittmund",Rumänien,Anzahl,K03462,88,88
4,2014,"Statistische Region Weser-Ems",Rumänien,Anzahl,K034,11485,11485
0,2014,"Niedersachsen",Rumänien,Anzahl,K030,21893,21893
101,2015,"Braunschweig, Stadt",Rumänien,Anzahl,K03101,423,423
102,2015,"Salzgitter, Stadt",Rumänien,Anzahl,K03102,579,579
103,2015,"Wolfsburg, Stadt",Rumänien,Anzahl,K03103,316,316
151,2015,"Gifhorn",Rumänien,Anzahl,K03151,281,281
153,2015,"Goslar",Rumänien,Anzahl,K03153,225,225
154,2015,"Helmstedt",Rumänien,Anzahl,K03154,172,172
155,2015,"Northeim",Rumänien,Anzahl,K03155,249,249
157,2015,"Peine",Rumänien,Anzahl,K03157,221,221
158,2015,"Wolfenbüttel",Rumänien,Anzahl,K03158,110,110
159,2015,"Göttingen",Rumänien,Anzahl,K03159,560,560
1,2015,"Statistische Region Braunschweig",Rumänien,Anzahl,K031,3136,3136
241,2015,"Region Hannover",Rumänien,Anzahl,K03241,4358,4358
241001,2015,"dav. Hannover, Lhst.",Rumänien,Anzahl,K03241001,2656,2656
241999,2015,"dav. Hannover, Umland",Rumänien,Anzahl,K03241999,1702,1702
251,2015,"Diepholz",Rumänien,Anzahl,K03251,992,992
252,2015,"Hameln-Pyrmont",Rumänien,Anzahl,K03252,734,734
254,2015,"Hildesheim",Rumänien,Anzahl,K03254,615,615
255,2015,"Holzminden",Rumänien,Anzahl,K03255,21,21
256,2015,"Nienburg (Weser)",Rumänien,Anzahl,K03256,462,462
257,2015,"Schaumburg",Rumänien,Anzahl,K03257,339,339
2,2015,"Statistische Region Hannover",Rumänien,Anzahl,K032,7521,7521
351,2015,"Celle",Rumänien,Anzahl,K03351,444,444
352,2015,"Cuxhaven",Rumänien,Anzahl,K03352,262,262
353,2015,"Harburg",Rumänien,Anzahl,K03353,257,257
354,2015,"Lüchow-Dannenberg",Rumänien,Anzahl,K03354,68,68
355,2015,"Lüneburg",Rumänien,Anzahl,K03355,238,238
356,2015,"Osterholz",Rumänien,Anzahl,K03356,136,136
357,2015,"Rotenburg (Wümme)",Rumänien,Anzahl,K03357,339,339
358,2015,"Heidekreis",Rumänien,Anzahl,K03358,285,285
359,2015,"Stade",Rumänien,Anzahl,K03359,558,558
360,2015,"Uelzen",Rumänien,Anzahl,K03360,178,178
361,2015,"Verden",Rumänien,Anzahl,K03361,245,245
3,2015,"Statistische Region Lüneburg",Rumänien,Anzahl,K033,3010,3010
401,2015,"Delmenhorst, Stadt",Rumänien,Anzahl,K03401,508,508
402,2015,"Emden, Stadt",Rumänien,Anzahl,K03402,343,343
403,2015,"Oldenburg (Oldb), Stadt",Rumänien,Anzahl,K03403,514,514
404,2015,"Osnabrück, Stadt",Rumänien,Anzahl,K03404,685,685
405,2015,"Wilhelmshaven, Stadt",Rumänien,Anzahl,K03405,280,280
451,2015,"Ammerland",Rumänien,Anzahl,K03451,362,362
452,2015,"Aurich",Rumänien,Anzahl,K03452,496,496
453,2015,"Cloppenburg",Rumänien,Anzahl,K03453,2575,2575
454,2015,"Emsland",Rumänien,Anzahl,K03454,2917,2917
455,2015,"Friesland",Rumänien,Anzahl,K03455,116,116
456,2015,"Grafschaft Bentheim",Rumänien,Anzahl,K03456,370,370
457,2015,"Leer",Rumänien,Anzahl,K03457,802,802
458,2015,"Oldenburg",Rumänien,Anzahl,K03458,945,945
459,2015,"Osnabrück",Rumänien,Anzahl,K03459,2552,2552
460,2015,"Vechta",Rumänien,Anzahl,K03460,1567,1567
461,2015,"Wesermarsch",Rumänien,Anzahl,K03461,232,232
462,2015,"Wittmund",Rumänien,Anzahl,K03462,134,134
4,2015,"Statistische Region Weser-Ems",Rumänien,Anzahl,K034,15398,15398
0,2015,"Niedersachsen",Rumänien,Anzahl,K030,29065,29065
101,2016,"Braunschweig, Stadt",Rumänien,Anzahl,K03101,480,480
102,2016,"Salzgitter, Stadt",Rumänien,Anzahl,K03102,825,825
103,2016,"Wolfsburg, Stadt",Rumänien,Anzahl,K03103,370,370
151,2016,"Gifhorn",Rumänien,Anzahl,K03151,310,310
153,2016,"Goslar",Rumänien,Anzahl,K03153,295,295
154,2016,"Helmstedt",Rumänien,Anzahl,K03154,240,240
155,2016,"Northeim",Rumänien,Anzahl,K03155,335,335
157,2016,"Peine",Rumänien,Anzahl,K03157,300,300
158,2016,"Wolfenbüttel",Rumänien,Anzahl,K03158,105,105
159,2016,"Göttingen",Rumänien,Anzahl,K03159,610,610
1,2016,"Statistische Region Braunschweig",Rumänien,Anzahl,K031,3875,3875
241,2016,"Region Hannover",Rumänien,Anzahl,K03241,5600,5600
241001,2016,"dav. Hannover, Lhst.",Rumänien,Anzahl,K03241001,3435,3435
241999,2016,"dav. Hannover, Umland",Rumänien,Anzahl,K03241999,2165,2165
251,2016,"Diepholz",Rumänien,Anzahl,K03251,995,995
252,2016,"Hameln-Pyrmont",Rumänien,Anzahl,K03252,995,995
254,2016,"Hildesheim",Rumänien,Anzahl,K03254,735,735
255,2016,"Holzminden",Rumänien,Anzahl,K03255,25,25
256,2016,"Nienburg (Weser)",Rumänien,Anzahl,K03256,845,845
257,2016,"Schaumburg",Rumänien,Anzahl,K03257,390,390
2,2016,"Statistische Region Hannover",Rumänien,Anzahl,K032,9585,9585
351,2016,"Celle",Rumänien,Anzahl,K03351,495,495
352,2016,"Cuxhaven",Rumänien,Anzahl,K03352,490,490
353,2016,"Harburg",Rumänien,Anzahl,K03353,450,450
354,2016,"Lüchow-Dannenberg",Rumänien,Anzahl,K03354,125,125
355,2016,"Lüneburg",Rumänien,Anzahl,K03355,355,355
356,2016,"Osterholz",Rumänien,Anzahl,K03356,140,140
357,2016,"Rotenburg (Wümme)",Rumänien,Anzahl,K03357,440,440
358,2016,"Heidekreis",Rumänien,Anzahl,K03358,380,380
359,2016,"Stade",Rumänien,Anzahl,K03359,845,845
360,2016,"Uelzen",Rumänien,Anzahl,K03360,220,220
361,2016,"Verden",Rumänien,Anzahl,K03361,340,340
3,2016,"Statistische Region Lüneburg",Rumänien,Anzahl,K033,4275,4275
401,2016,"Delmenhorst, Stadt",Rumänien,Anzahl,K03401,650,650
402,2016,"Emden, Stadt",Rumänien,Anzahl,K03402,410,410
403,2016,"Oldenburg (Oldb), Stadt",Rumänien,Anzahl,K03403,560,560
404,2016,"Osnabrück, Stadt",Rumänien,Anzahl,K03404,720,720
405,2016,"Wilhelmshaven, Stadt",Rumänien,Anzahl,K03405,305,305
451,2016,"Ammerland",Rumänien,Anzahl,K03451,475,475
452,2016,"Aurich",Rumänien,Anzahl,K03452,605,605
453,2016,"Cloppenburg",Rumänien,Anzahl,K03453,3460,3460
454,2016,"Emsland",Rumänien,Anzahl,K03454,3600,3600
455,2016,"Friesland",Rumänien,Anzahl,K03455,120,120
456,2016,"Grafschaft Bentheim",Rumänien,Anzahl,K03456,530,530
457,2016,"Leer",Rumänien,Anzahl,K03457,935,935
458,2016,"Oldenburg",Rumänien,Anzahl,K03458,1415,1415
459,2016,"Osnabrück",Rumänien,Anzahl,K03459,3415,3415
460,2016,"Vechta",Rumänien,Anzahl,K03460,1880,1880
461,2016,"Wesermarsch",Rumänien,Anzahl,K03461,285,285
462,2016,"Wittmund",Rumänien,Anzahl,K03462,145,145
4,2016,"Statistische Region Weser-Ems",Rumänien,Anzahl,K034,19515,19515
0,2016,"Niedersachsen",Rumänien,Anzahl,K030,37250,37250
101,2017,"Braunschweig, Stadt",Rumänien,Anzahl,K03101,505,505
102,2017,"Salzgitter, Stadt",Rumänien,Anzahl,K03102,1165,1165
103,2017,"Wolfsburg, Stadt",Rumänien,Anzahl,K03103,425,425
151,2017,"Gifhorn",Rumänien,Anzahl,K03151,370,370
153,2017,"Goslar",Rumänien,Anzahl,K03153,380,380
154,2017,"Helmstedt",Rumänien,Anzahl,K03154,340,340
155,2017,"Northeim",Rumänien,Anzahl,K03155,340,340
157,2017,"Peine",Rumänien,Anzahl,K03157,365,365
158,2017,"Wolfenbüttel",Rumänien,Anzahl,K03158,130,130
159,2017,"Göttingen",Rumänien,Anzahl,K03159,630,630
1,2017,"Statistische Region Braunschweig",Rumänien,Anzahl,K031,4650,4650
241,2017,"Region Hannover",Rumänien,Anzahl,K03241,6145,6145
241001,2017,"dav. Hannover, Lhst.",Rumänien,Anzahl,K03241001,3600,3600
241999,2017,"dav. Hannover, Umland",Rumänien,Anzahl,K03241999,2545,2545
251,2017,"Diepholz",Rumänien,Anzahl,K03251,1075,1075
252,2017,"Hameln-Pyrmont",Rumänien,Anzahl,K03252,1120,1120
254,2017,"Hildesheim",Rumänien,Anzahl,K03254,880,880
255,2017,"Holzminden",Rumänien,Anzahl,K03255,30,30
256,2017,"Nienburg (Weser)",Rumänien,Anzahl,K03256,1050,1050
257,2017,"Schaumburg",Rumänien,Anzahl,K03257,475,475
2,2017,"Statistische Region Hannover",Rumänien,Anzahl,K032,10775,10775
351,2017,"Celle",Rumänien,Anzahl,K03351,570,570
352,2017,"Cuxhaven",Rumänien,Anzahl,K03352,555,555
353,2017,"Harburg",Rumänien,Anzahl,K03353,670,670
354,2017,"Lüchow-Dannenberg",Rumänien,Anzahl,K03354,120,120
355,2017,"Lüneburg",Rumänien,Anzahl,K03355,365,365
356,2017,"Osterholz",Rumänien,Anzahl,K03356,195,195
357,2017,"Rotenburg (Wümme)",Rumänien,Anzahl,K03357,530,530
358,2017,"Heidekreis",Rumänien,Anzahl,K03358,435,435
359,2017,"Stade",Rumänien,Anzahl,K03359,1050,1050
360,2017,"Uelzen",Rumänien,Anzahl,K03360,285,285
361,2017,"Verden",Rumänien,Anzahl,K03361,420,420
3,2017,"Statistische Region Lüneburg",Rumänien,Anzahl,K033,5205,5205
401,2017,"Delmenhorst, Stadt",Rumänien,Anzahl,K03401,920,920
402,2017,"Emden, Stadt",Rumänien,Anzahl,K03402,495,495
403,2017,"Oldenburg (Oldb), Stadt",Rumänien,Anzahl,K03403,650,650
404,2017,"Osnabrück, Stadt",Rumänien,Anzahl,K03404,835,835
405,2017,"Wilhelmshaven, Stadt",Rumänien,Anzahl,K03405,355,355
451,2017,"Ammerland",Rumänien,Anzahl,K03451,610,610
452,2017,"Aurich",Rumänien,Anzahl,K03452,820,820
453,2017,"Cloppenburg",Rumänien,Anzahl,K03453,3295,3295
454,2017,"Emsland",Rumänien,Anzahl,K03454,4640,4640
455,2017,"Friesland",Rumänien,Anzahl,K03455,175,175
456,2017,"Grafschaft Bentheim",Rumänien,Anzahl,K03456,585,585
457,2017,"Leer",Rumänien,Anzahl,K03457,1165,1165
458,2017,"Oldenburg",Rumänien,Anzahl,K03458,1695,1695
459,2017,"Osnabrück",Rumänien,Anzahl,K03459,4270,4270
460,2017,"Vechta",Rumänien,Anzahl,K03460,2200,2200
461,2017,"Wesermarsch",Rumänien,Anzahl,K03461,350,350
462,2017,"Wittmund",Rumänien,Anzahl,K03462,180,180
4,2017,"Statistische Region Weser-Ems",Rumänien,Anzahl,K034,23235,23235
0,2017,"Niedersachsen",Rumänien,Anzahl,K030,43860,43860
101,2018,"Braunschweig, Stadt",Rumänien,Anzahl,K03101,560,560
102,2018,"Salzgitter, Stadt",Rumänien,Anzahl,K03102,1625,1625
103,2018,"Wolfsburg, Stadt",Rumänien,Anzahl,K03103,450,450
151,2018,"Gifhorn",Rumänien,Anzahl,K03151,475,475
153,2018,"Goslar",Rumänien,Anzahl,K03153,405,405
154,2018,"Helmstedt",Rumänien,Anzahl,K03154,335,335
155,2018,"Northeim",Rumänien,Anzahl,K03155,395,395
157,2018,"Peine",Rumänien,Anzahl,K03157,465,465
158,2018,"Wolfenbüttel",Rumänien,Anzahl,K03158,130,130
159,2018,"Göttingen",Rumänien,Anzahl,K03159,810,810
1,2018,"Statistische Region Braunschweig",Rumänien,Anzahl,K031,5650,5650
241,2018,"Region Hannover",Rumänien,Anzahl,K03241,6465,6465
241001,2018,"dav. Hannover, Lhst.",Rumänien,Anzahl,K03241001,3655,3655
241999,2018,"dav. Hannover, Umland",Rumänien,Anzahl,K03241999,2810,2810
251,2018,"Diepholz",Rumänien,Anzahl,K03251,1350,1350
252,2018,"Hameln-Pyrmont",Rumänien,Anzahl,K03252,1300,1300
254,2018,"Hildesheim",Rumänien,Anzahl,K03254,1020,1020
255,2018,"Holzminden",Rumänien,Anzahl,K03255,50,50
256,2018,"Nienburg (Weser)",Rumänien,Anzahl,K03256,1285,1285
257,2018,"Schaumburg",Rumänien,Anzahl,K03257,545,545
2,2018,"Statistische Region Hannover",Rumänien,Anzahl,K032,12015,12015
351,2018,"Celle",Rumänien,Anzahl,K03351,780,780
352,2018,"Cuxhaven",Rumänien,Anzahl,K03352,580,580
353,2018,"Harburg",Rumänien,Anzahl,K03353,1020,1020
354,2018,"Lüchow-Dannenberg",Rumänien,Anzahl,K03354,130,130
355,2018,"Lüneburg",Rumänien,Anzahl,K03355,490,490
356,2018,"Osterholz",Rumänien,Anzahl,K03356,195,195
357,2018,"Rotenburg (Wümme)",Rumänien,Anzahl,K03357,610,610
358,2018,"Heidekreis",Rumänien,Anzahl,K03358,615,615
359,2018,"Stade",Rumänien,Anzahl,K03359,1275,1275
360,2018,"Uelzen",Rumänien,Anzahl,K03360,325,325
361,2018,"Verden",Rumänien,Anzahl,K03361,480,480
3,2018,"Statistische Region Lüneburg",Rumänien,Anzahl,K033,6505,6505
401,2018,"Delmenhorst, Stadt",Rumänien,Anzahl,K03401,1075,1075
402,2018,"Emden, Stadt",Rumänien,Anzahl,K03402,545,545
403,2018,"Oldenburg (Oldb), Stadt",Rumänien,Anzahl,K03403,790,790
404,2018,"Osnabrück, Stadt",Rumänien,Anzahl,K03404,860,860
405,2018,"Wilhelmshaven, Stadt",Rumänien,Anzahl,K03405,415,415
451,2018,"Ammerland",Rumänien,Anzahl,K03451,690,690
452,2018,"Aurich",Rumänien,Anzahl,K03452,955,955
453,2018,"Cloppenburg",Rumänien,Anzahl,K03453,4670,4670
454,2018,"Emsland",Rumänien,Anzahl,K03454,6065,6065
455,2018,"Friesland",Rumänien,Anzahl,K03455,215,215
456,2018,"Grafschaft Bentheim",Rumänien,Anzahl,K03456,625,625
457,2018,"Leer",Rumänien,Anzahl,K03457,1395,1395
458,2018,"Oldenburg",Rumänien,Anzahl,K03458,1735,1735
459,2018,"Osnabrück",Rumänien,Anzahl,K03459,5185,5185
460,2018,"Vechta",Rumänien,Anzahl,K03460,2715,2715
461,2018,"Wesermarsch",Rumänien,Anzahl,K03461,330,330
462,2018,"Wittmund",Rumänien,Anzahl,K03462,195,195
4,2018,"Statistische Region Weser-Ems",Rumänien,Anzahl,K034,28465,28465
0,2018,"Niedersachsen",Rumänien,Anzahl,K030,52635,52635
101,2019,"Braunschweig, Stadt",Rumänien,Anzahl,K03101,610,610
102,2019,"Salzgitter, Stadt",Rumänien,Anzahl,K03102,1635,1635
103,2019,"Wolfsburg, Stadt",Rumänien,Anzahl,K03103,485,485
151,2019,"Gifhorn",Rumänien,Anzahl,K03151,625,625
153,2019,"Goslar",Rumänien,Anzahl,K03153,480,480
154,2019,"Helmstedt",Rumänien,Anzahl,K03154,315,315
155,2019,"Northeim",Rumänien,Anzahl,K03155,495,495
157,2019,"Peine",Rumänien,Anzahl,K03157,520,520
158,2019,"Wolfenbüttel",Rumänien,Anzahl,K03158,125,125
159,2019,"Göttingen",Rumänien,Anzahl,K03159,1135,1135
1,2019,"Statistische Region Braunschweig",Rumänien,Anzahl,K031,6430,6430
241,2019,"Region Hannover",Rumänien,Anzahl,K03241,6870,6870
241001,2019,"dav. Hannover, Lhst.",Rumänien,Anzahl,K03241001,3715,3715
241999,2019,"dav. Hannover, Umland",Rumänien,Anzahl,K03241999,3155,3155
251,2019,"Diepholz",Rumänien,Anzahl,K03251,1780,1780
252,2019,"Hameln-Pyrmont",Rumänien,Anzahl,K03252,1295,1295
254,2019,"Hildesheim",Rumänien,Anzahl,K03254,1220,1220
255,2019,"Holzminden",Rumänien,Anzahl,K03255,65,65
256,2019,"Nienburg (Weser)",Rumänien,Anzahl,K03256,1180,1180
257,2019,"Schaumburg",Rumänien,Anzahl,K03257,625,625
2,2019,"Statistische Region Hannover",Rumänien,Anzahl,K032,13035,13035
351,2019,"Celle",Rumänien,Anzahl,K03351,915,915
352,2019,"Cuxhaven",Rumänien,Anzahl,K03352,580,580
353,2019,"Harburg",Rumänien,Anzahl,K03353,1640,1640
354,2019,"Lüchow-Dannenberg",Rumänien,Anzahl,K03354,135,135
355,2019,"Lüneburg",Rumänien,Anzahl,K03355,555,555
356,2019,"Osterholz",Rumänien,Anzahl,K03356,190,190
357,2019,"Rotenburg (Wümme)",Rumänien,Anzahl,K03357,725,725
358,2019,"Heidekreis",Rumänien,Anzahl,K03358,745,745
359,2019,"Stade",Rumänien,Anzahl,K03359,1520,1520
360,2019,"Uelzen",Rumänien,Anzahl,K03360,345,345
361,2019,"Verden",Rumänien,Anzahl,K03361,585,585
3,2019,"Statistische Region Lüneburg",Rumänien,Anzahl,K033,7930,7930
401,2019,"Delmenhorst, Stadt",Rumänien,Anzahl,K03401,1120,1120
402,2019,"Emden, Stadt",Rumänien,Anzahl,K03402,570,570
403,2019,"Oldenburg (Oldb), Stadt",Rumänien,Anzahl,K03403,965,965
404,2019,"Osnabrück, Stadt",Rumänien,Anzahl,K03404,975,975
405,2019,"Wilhelmshaven, Stadt",Rumänien,Anzahl,K03405,525,525
451,2019,"Ammerland",Rumänien,Anzahl,K03451,785,785
452,2019,"Aurich",Rumänien,Anzahl,K03452,1075,1075
453,2019,"Cloppenburg",Rumänien,Anzahl,K03453,4515,4515
454,2019,"Emsland",Rumänien,Anzahl,K03454,6875,6875
455,2019,"Friesland",Rumänien,Anzahl,K03455,185,185
456,2019,"Grafschaft Bentheim",Rumänien,Anzahl,K03456,725,725
457,2019,"Leer",Rumänien,Anzahl,K03457,1635,1635
458,2019,"Oldenburg",Rumänien,Anzahl,K03458,2405,2405
459,2019,"Osnabrück",Rumänien,Anzahl,K03459,5560,5560
460,2019,"Vechta",Rumänien,Anzahl,K03460,3020,3020
461,2019,"Wesermarsch",Rumänien,Anzahl,K03461,415,415
462,2019,"Wittmund",Rumänien,Anzahl,K03462,225,225
4,2019,"Statistische Region Weser-Ems",Rumänien,Anzahl,K034,31580,31580
0,2019,"Niedersachsen",Rumänien,Anzahl,K030,58980,58980
101,2020,"Braunschweig, Stadt",Rumänien,Anzahl,K03101,570,570
102,2020,"Salzgitter, Stadt",Rumänien,Anzahl,K03102,1720,1720
103,2020,"Wolfsburg, Stadt",Rumänien,Anzahl,K03103,475,475
151,2020,"Gifhorn",Rumänien,Anzahl,K03151,790,790
153,2020,"Goslar",Rumänien,Anzahl,K03153,635,635
154,2020,"Helmstedt",Rumänien,Anzahl,K03154,395,395
155,2020,"Northeim",Rumänien,Anzahl,K03155,495,495
157,2020,"Peine",Rumänien,Anzahl,K03157,610,610
158,2020,"Wolfenbüttel",Rumänien,Anzahl,K03158,155,155
159,2020,"Göttingen",Rumänien,Anzahl,K03159,1370,1370
1,2020,"Statistische Region Braunschweig",Rumänien,Anzahl,K031,7215,7215
241,2020,"Region Hannover",Rumänien,Anzahl,K03241,6980,6980
241001,2020,"dav. Hannover, Lhst.",Rumänien,Anzahl,K03241001,3580,3580
241999,2020,"dav. Hannover, Umland",Rumänien,Anzahl,K03241999,3400,3400
251,2020,"Diepholz",Rumänien,Anzahl,K03251,2045,2045
252,2020,"Hameln-Pyrmont",Rumänien,Anzahl,K03252,1460,1460
254,2020,"Hildesheim",Rumänien,Anzahl,K03254,1370,1370
255,2020,"Holzminden",Rumänien,Anzahl,K03255,150,150
256,2020,"Nienburg (Weser)",Rumänien,Anzahl,K03256,1175,1175
257,2020,"Schaumburg",Rumänien,Anzahl,K03257,715,715
2,2020,"Statistische Region Hannover",Rumänien,Anzahl,K032,13895,13895
351,2020,"Celle",Rumänien,Anzahl,K03351,905,905
352,2020,"Cuxhaven",Rumänien,Anzahl,K03352,585,585
353,2020,"Harburg",Rumänien,Anzahl,K03353,1860,1860
354,2020,"Lüchow-Dannenberg",Rumänien,Anzahl,K03354,150,150
355,2020,"Lüneburg",Rumänien,Anzahl,K03355,550,550
356,2020,"Osterholz",Rumänien,Anzahl,K03356,195,195
357,2020,"Rotenburg (Wümme)",Rumänien,Anzahl,K03357,800,800
358,2020,"Heidekreis",Rumänien,Anzahl,K03358,965,965
359,2020,"Stade",Rumänien,Anzahl,K03359,1540,1540
360,2020,"Uelzen",Rumänien,Anzahl,K03360,350,350
361,2020,"Verden",Rumänien,Anzahl,K03361,685,685
3,2020,"Statistische Region Lüneburg",Rumänien,Anzahl,K033,8585,8585
401,2020,"Delmenhorst, Stadt",Rumänien,Anzahl,K03401,1215,1215
402,2020,"Emden, Stadt",Rumänien,Anzahl,K03402,615,615
403,2020,"Oldenburg (Oldb), Stadt",Rumänien,Anzahl,K03403,1135,1135
404,2020,"Osnabrück, Stadt",Rumänien,Anzahl,K03404,1030,1030
405,2020,"Wilhelmshaven, Stadt",Rumänien,Anzahl,K03405,550,550
451,2020,"Ammerland",Rumänien,Anzahl,K03451,920,920
452,2020,"Aurich",Rumänien,Anzahl,K03452,1110,1110
453,2020,"Cloppenburg",Rumänien,Anzahl,K03453,5655,5655
454,2020,"Emsland",Rumänien,Anzahl,K03454,7080,7080
455,2020,"Friesland",Rumänien,Anzahl,K03455,205,205
456,2020,"Grafschaft Bentheim",Rumänien,Anzahl,K03456,845,845
457,2020,"Leer",Rumänien,Anzahl,K03457,1625,1625
458,2020,"Oldenburg",Rumänien,Anzahl,K03458,2500,2500
459,2020,"Osnabrück",Rumänien,Anzahl,K03459,6475,6475
460,2020,"Vechta",Rumänien,Anzahl,K03460,3295,3295
461,2020,"Wesermarsch",Rumänien,Anzahl,K03461,455,455
462,2020,"Wittmund",Rumänien,Anzahl,K03462,270,270
4,2020,"Statistische Region Weser-Ems",Rumänien,Anzahl,K034,34980,34980
0,2020,"Niedersachsen",Rumänien,Anzahl,K030,64675,64675
101,2021,"Braunschweig, Stadt",Rumänien,Anzahl,K03101,650,650
102,2021,"Salzgitter, Stadt",Rumänien,Anzahl,K03102,1770,1770
103,2021,"Wolfsburg, Stadt",Rumänien,Anzahl,K03103,465,465
151,2021,"Gifhorn",Rumänien,Anzahl,K03151,895,895
153,2021,"Goslar",Rumänien,Anzahl,K03153,635,635
154,2021,"Helmstedt",Rumänien,Anzahl,K03154,430,430
155,2021,"Northeim",Rumänien,Anzahl,K03155,485,485
157,2021,"Peine",Rumänien,Anzahl,K03157,655,655
158,2021,"Wolfenbüttel",Rumänien,Anzahl,K03158,155,155
159,2021,"Göttingen",Rumänien,Anzahl,K03159,1505,1505
1,2021,"Statistische Region Braunschweig",Rumänien,Anzahl,K031,7640,7640
241,2021,"Region Hannover",Rumänien,Anzahl,K03241,7635,7635
241001,2021,"dav. Hannover, Lhst.",Rumänien,Anzahl,K03241001,4030,4030
241999,2021,"dav. Hannover, Umland",Rumänien,Anzahl,K03241999,3605,3605
251,2021,"Diepholz",Rumänien,Anzahl,K03251,2285,2285
252,2021,"Hameln-Pyrmont",Rumänien,Anzahl,K03252,1555,1555
254,2021,"Hildesheim",Rumänien,Anzahl,K03254,1490,1490
255,2021,"Holzminden",Rumänien,Anzahl,K03255,225,225
256,2021,"Nienburg (Weser)",Rumänien,Anzahl,K03256,1335,1335
257,2021,"Schaumburg",Rumänien,Anzahl,K03257,730,730
2,2021,"Statistische Region Hannover",Rumänien,Anzahl,K032,15255,15255
351,2021,"Celle",Rumänien,Anzahl,K03351,1040,1040
352,2021,"Cuxhaven",Rumänien,Anzahl,K03352,665,665
353,2021,"Harburg",Rumänien,Anzahl,K03353,2165,2165
354,2021,"Lüchow-Dannenberg",Rumänien,Anzahl,K03354,180,180
355,2021,"Lüneburg",Rumänien,Anzahl,K03355,575,575
356,2021,"Osterholz",Rumänien,Anzahl,K03356,245,245
357,2021,"Rotenburg (Wümme)",Rumänien,Anzahl,K03357,925,925
358,2021,"Heidekreis",Rumänien,Anzahl,K03358,1110,1110
359,2021,"Stade",Rumänien,Anzahl,K03359,1585,1585
360,2021,"Uelzen",Rumänien,Anzahl,K03360,390,390
361,2021,"Verden",Rumänien,Anzahl,K03361,820,820
3,2021,"Statistische Region Lüneburg",Rumänien,Anzahl,K033,9705,9705
401,2021,"Delmenhorst, Stadt",Rumänien,Anzahl,K03401,1355,1355
402,2021,"Emden, Stadt",Rumänien,Anzahl,K03402,565,565
403,2021,"Oldenburg (Oldb), Stadt",Rumänien,Anzahl,K03403,1285,1285
404,2021,"Osnabrück, Stadt",Rumänien,Anzahl,K03404,1100,1100
405,2021,"Wilhelmshaven, Stadt",Rumänien,Anzahl,K03405,615,615
451,2021,"Ammerland",Rumänien,Anzahl,K03451,785,785
452,2021,"Aurich",Rumänien,Anzahl,K03452,1160,1160
453,2021,"Cloppenburg",Rumänien,Anzahl,K03453,7290,7290
454,2021,"Emsland",Rumänien,Anzahl,K03454,7655,7655
455,2021,"Friesland",Rumänien,Anzahl,K03455,240,240
456,2021,"Grafschaft Bentheim",Rumänien,Anzahl,K03456,975,975
457,2021,"Leer",Rumänien,Anzahl,K03457,1690,1690
458,2021,"Oldenburg",Rumänien,Anzahl,K03458,2685,2685
459,2021,"Osnabrück",Rumänien,Anzahl,K03459,7235,7235
460,2021,"Vechta",Rumänien,Anzahl,K03460,3570,3570
461,2021,"Wesermarsch",Rumänien,Anzahl,K03461,470,470
462,2021,"Wittmund",Rumänien,Anzahl,K03462,265,265
4,2021,"Statistische Region Weser-Ems",Rumänien,Anzahl,K034,38940,38940
0,2021,"Niedersachsen",Rumänien,Anzahl,K030,71540,71540
101,2022,"Braunschweig, Stadt",Rumänien,Anzahl,K03101,635,635
102,2022,"Salzgitter, Stadt",Rumänien,Anzahl,K03102,1820,1820
103,2022,"Wolfsburg, Stadt",Rumänien,Anzahl,K03103,520,520
151,2022,"Gifhorn",Rumänien,Anzahl,K03151,890,890
153,2022,"Goslar",Rumänien,Anzahl,K03153,665,665
154,2022,"Helmstedt",Rumänien,Anzahl,K03154,410,410
155,2022,"Northeim",Rumänien,Anzahl,K03155,520,520
157,2022,"Peine",Rumänien,Anzahl,K03157,705,705
158,2022,"Wolfenbüttel",Rumänien,Anzahl,K03158,195,195
159,2022,"Göttingen",Rumänien,Anzahl,K03159,1605,1605
1,2022,"Statistische Region Braunschweig",Rumänien,Anzahl,K031,7970,7970
241,2022,"Region Hannover",Rumänien,Anzahl,K03241,8055,8055
241001,2022,"dav. Hannover, Lhst.",Rumänien,Anzahl,K03241001,4120,4120
241999,2022,"dav. Hannover, Umland",Rumänien,Anzahl,K03241999,3935,3935
251,2022,"Diepholz",Rumänien,Anzahl,K03251,2355,2355
252,2022,"Hameln-Pyrmont",Rumänien,Anzahl,K03252,1535,1535
254,2022,"Hildesheim",Rumänien,Anzahl,K03254,1595,1595
255,2022,"Holzminden",Rumänien,Anzahl,K03255,220,220
256,2022,"Nienburg (Weser)",Rumänien,Anzahl,K03256,1360,1360
257,2022,"Schaumburg",Rumänien,Anzahl,K03257,805,805
2,2022,"Statistische Region Hannover",Rumänien,Anzahl,K032,15925,15925
351,2022,"Celle",Rumänien,Anzahl,K03351,1160,1160
352,2022,"Cuxhaven",Rumänien,Anzahl,K03352,725,725
353,2022,"Harburg",Rumänien,Anzahl,K03353,2175,2175
354,2022,"Lüchow-Dannenberg",Rumänien,Anzahl,K03354,175,175
355,2022,"Lüneburg",Rumänien,Anzahl,K03355,710,710
356,2022,"Osterholz",Rumänien,Anzahl,K03356,265,265
357,2022,"Rotenburg (Wümme)",Rumänien,Anzahl,K03357,990,990
358,2022,"Heidekreis",Rumänien,Anzahl,K03358,1175,1175
359,2022,"Stade",Rumänien,Anzahl,K03359,1665,1665
360,2022,"Uelzen",Rumänien,Anzahl,K03360,405,405
361,2022,"Verden",Rumänien,Anzahl,K03361,910,910
3,2022,"Statistische Region Lüneburg",Rumänien,Anzahl,K033,10345,10345
401,2022,"Delmenhorst, Stadt",Rumänien,Anzahl,K03401,1545,1545
402,2022,"Emden, Stadt",Rumänien,Anzahl,K03402,635,635
403,2022,"Oldenburg (Oldb), Stadt",Rumänien,Anzahl,K03403,1360,1360
404,2022,"Osnabrück, Stadt",Rumänien,Anzahl,K03404,1185,1185
405,2022,"Wilhelmshaven, Stadt",Rumänien,Anzahl,K03405,705,705
451,2022,"Ammerland",Rumänien,Anzahl,K03451,810,810
452,2022,"Aurich",Rumänien,Anzahl,K03452,1290,1290
453,2022,"Cloppenburg",Rumänien,Anzahl,K03453,6980,6980
454,2022,"Emsland",Rumänien,Anzahl,K03454,8110,8110
455,2022,"Friesland",Rumänien,Anzahl,K03455,210,210
456,2022,"Grafschaft Bentheim",Rumänien,Anzahl,K03456,1175,1175
457,2022,"Leer",Rumänien,Anzahl,K03457,1740,1740
458,2022,"Oldenburg",Rumänien,Anzahl,K03458,2580,2580
459,2022,"Osnabrück",Rumänien,Anzahl,K03459,7740,7740
460,2022,"Vechta",Rumänien,Anzahl,K03460,3725,3725
461,2022,"Wesermarsch",Rumänien,Anzahl,K03461,490,490
462,2022,"Wittmund",Rumänien,Anzahl,K03462,300,300
4,2022,"Statistische Region Weser-Ems",Rumänien,Anzahl,K034,40565,40565
0,2022,"Niedersachsen",Rumänien,Anzahl,K030,74805,74805
101,2023,"Braunschweig, Stadt",Rumänien,Anzahl,K03101,665,665
102,2023,"Salzgitter, Stadt",Rumänien,Anzahl,K03102,1975,1975
103,2023,"Wolfsburg, Stadt",Rumänien,Anzahl,K03103,590,590
151,2023,"Gifhorn",Rumänien,Anzahl,K03151,1100,1100
153,2023,"Goslar",Rumänien,Anzahl,K03153,655,655
154,2023,"Helmstedt",Rumänien,Anzahl,K03154,445,445
155,2023,"Northeim",Rumänien,Anzahl,K03155,615,615
157,2023,"Peine",Rumänien,Anzahl,K03157,700,700
158,2023,"Wolfenbüttel",Rumänien,Anzahl,K03158,180,180
159,2023,"Göttingen",Rumänien,Anzahl,K03159,1820,1820
1,2023,"Statistische Region Braunschweig",Rumänien,Anzahl,K031,8745,8745
241,2023,"Region Hannover",Rumänien,Anzahl,K03241,8260,8260
241001,2023,"dav. Hannover, Lhst.",Rumänien,Anzahl,K03241001,4180,4180
241999,2023,"dav. Hannover, Umland",Rumänien,Anzahl,K03241999,4080,4080
251,2023,"Diepholz",Rumänien,Anzahl,K03251,2540,2540
252,2023,"Hameln-Pyrmont",Rumänien,Anzahl,K03252,1545,1545
254,2023,"Hildesheim",Rumänien,Anzahl,K03254,1660,1660
255,2023,"Holzminden",Rumänien,Anzahl,K03255,260,260
256,2023,"Nienburg (Weser)",Rumänien,Anzahl,K03256,1485,1485
257,2023,"Schaumburg",Rumänien,Anzahl,K03257,830,830
2,2023,"Statistische Region Hannover",Rumänien,Anzahl,K032,16580,16580
351,2023,"Celle",Rumänien,Anzahl,K03351,1240,1240
352,2023,"Cuxhaven",Rumänien,Anzahl,K03352,830,830
353,2023,"Harburg",Rumänien,Anzahl,K03353,2280,2280
354,2023,"Lüchow-Dannenberg",Rumänien,Anzahl,K03354,145,145
355,2023,"Lüneburg",Rumänien,Anzahl,K03355,615,615
356,2023,"Osterholz",Rumänien,Anzahl,K03356,280,280
357,2023,"Rotenburg (Wümme)",Rumänien,Anzahl,K03357,1100,1100
358,2023,"Heidekreis",Rumänien,Anzahl,K03358,1260,1260
359,2023,"Stade",Rumänien,Anzahl,K03359,1785,1785
360,2023,"Uelzen",Rumänien,Anzahl,K03360,390,390
361,2023,"Verden",Rumänien,Anzahl,K03361,940,940
3,2023,"Statistische Region Lüneburg",Rumänien,Anzahl,K033,10865,10865
401,2023,"Delmenhorst, Stadt",Rumänien,Anzahl,K03401,1760,1760
402,2023,"Emden, Stadt",Rumänien,Anzahl,K03402,745,745
403,2023,"Oldenburg (Oldb), Stadt",Rumänien,Anzahl,K03403,1435,1435
404,2023,"Osnabrück, Stadt",Rumänien,Anzahl,K03404,1265,1265
405,2023,"Wilhelmshaven, Stadt",Rumänien,Anzahl,K03405,815,815
451,2023,"Ammerland",Rumänien,Anzahl,K03451,830,830
452,2023,"Aurich",Rumänien,Anzahl,K03452,1395,1395
453,2023,"Cloppenburg",Rumänien,Anzahl,K03453,8060,8060
454,2023,"Emsland",Rumänien,Anzahl,K03454,8700,8700
455,2023,"Friesland",Rumänien,Anzahl,K03455,235,235
456,2023,"Grafschaft Bentheim",Rumänien,Anzahl,K03456,1340,1340
457,2023,"Leer",Rumänien,Anzahl,K03457,1775,1775
458,2023,"Oldenburg",Rumänien,Anzahl,K03458,2570,2570
459,2023,"Osnabrück",Rumänien,Anzahl,K03459,8055,8055
460,2023,"Vechta",Rumänien,Anzahl,K03460,3890,3890
461,2023,"Wesermarsch",Rumänien,Anzahl,K03461,550,550
462,2023,"Wittmund",Rumänien,Anzahl,K03462,280,280
4,2023,"Statistische Region Weser-Ems",Rumänien,Anzahl,K034,43695,43695
0,2023,"Niedersachsen",Rumänien,Anzahl,K030,79890,79890
101,2024,"Braunschweig, Stadt",Rumänien,Anzahl,K03101,615,615
102,2024,"Salzgitter, Stadt",Rumänien,Anzahl,K03102,2165,2165
103,2024,"Wolfsburg, Stadt",Rumänien,Anzahl,K03103,645,645
151,2024,"Gifhorn",Rumänien,Anzahl,K03151,1085,1085
153,2024,"Goslar",Rumänien,Anzahl,K03153,660,660
154,2024,"Helmstedt",Rumänien,Anzahl,K03154,445,445
155,2024,"Northeim",Rumänien,Anzahl,K03155,805,805
157,2024,"Peine",Rumänien,Anzahl,K03157,745,745
158,2024,"Wolfenbüttel",Rumänien,Anzahl,K03158,170,170
159,2024,"Göttingen",Rumänien,Anzahl,K03159,2010,2010
1,2024,"Statistische Region Braunschweig",Rumänien,Anzahl,K031,9350,9350
241,2024,"Region Hannover",Rumänien,Anzahl,K03241,8635,8635
241001,2024,"dav. Hannover, Lhst.",Rumänien,Anzahl,K03241001,4450,4450
241999,2024,"dav. Hannover, Umland",Rumänien,Anzahl,K03241999,4185,4185
251,2024,"Diepholz",Rumänien,Anzahl,K03251,2475,2475
252,2024,"Hameln-Pyrmont",Rumänien,Anzahl,K03252,1485,1485
254,2024,"Hildesheim",Rumänien,Anzahl,K03254,1610,1610
255,2024,"Holzminden",Rumänien,Anzahl,K03255,330,330
256,2024,"Nienburg (Weser)",Rumänien,Anzahl,K03256,1380,1380
257,2024,"Schaumburg",Rumänien,Anzahl,K03257,880,880
2,2024,"Statistische Region Hannover",Rumänien,Anzahl,K032,16795,16795
351,2024,"Celle",Rumänien,Anzahl,K03351,1285,1285
352,2024,"Cuxhaven",Rumänien,Anzahl,K03352,805,805
353,2024,"Harburg",Rumänien,Anzahl,K03353,2315,2315
354,2024,"Lüchow-Dannenberg",Rumänien,Anzahl,K03354,160,160
355,2024,"Lüneburg",Rumänien,Anzahl,K03355,565,565
356,2024,"Osterholz",Rumänien,Anzahl,K03356,275,275
357,2024,"Rotenburg (Wümme)",Rumänien,Anzahl,K03357,1060,1060
358,2024,"Heidekreis",Rumänien,Anzahl,K03358,1200,1200
359,2024,"Stade",Rumänien,Anzahl,K03359,1910,1910
360,2024,"Uelzen",Rumänien,Anzahl,K03360,390,390
361,2024,"Verden",Rumänien,Anzahl,K03361,930,930
3,2024,"Statistische Region Lüneburg",Rumänien,Anzahl,K033,10895,10895
401,2024,"Delmenhorst, Stadt",Rumänien,Anzahl,K03401,1770,1770
402,2024,"Emden, Stadt",Rumänien,Anzahl,K03402,735,735
403,2024,"Oldenburg (Oldb), Stadt",Rumänien,Anzahl,K03403,1405,1405
404,2024,"Osnabrück, Stadt",Rumänien,Anzahl,K03404,1205,1205
405,2024,"Wilhelmshaven, Stadt",Rumänien,Anzahl,K03405,800,800
451,2024,"Ammerland",Rumänien,Anzahl,K03451,800,800
452,2024,"Aurich",Rumänien,Anzahl,K03452,1300,1300
453,2024,"Cloppenburg",Rumänien,Anzahl,K03453,8260,8260
454,2024,"Emsland",Rumänien,Anzahl,K03454,8945,8945
455,2024,"Friesland",Rumänien,Anzahl,K03455,245,245
456,2024,"Grafschaft Bentheim",Rumänien,Anzahl,K03456,1355,1355
457,2024,"Leer",Rumänien,Anzahl,K03457,1765,1765
458,2024,"Oldenburg",Rumänien,Anzahl,K03458,2500,2500
459,2024,"Osnabrück",Rumänien,Anzahl,K03459,8110,8110
460,2024,"Vechta",Rumänien,Anzahl,K03460,3820,3820
461,2024,"Wesermarsch",Rumänien,Anzahl,K03461,575,575
462,2024,"Wittmund",Rumänien,Anzahl,K03462,295,295
4,2024,"Statistische Region Weser-Ems",Rumänien,Anzahl,K034,43890,43890
0,2024,"Niedersachsen",Rumänien,Anzahl,K030,80935,80935
101,2025,"Braunschweig, Stadt",Rumänien,Anzahl,K03101,655,655
102,2025,"Salzgitter, Stadt",Rumänien,Anzahl,K03102,2345,2345
103,2025,"Wolfsburg, Stadt",Rumänien,Anzahl,K03103,615,615
151,2025,"Gifhorn",Rumänien,Anzahl,K03151,1020,1020
153,2025,"Goslar",Rumänien,Anzahl,K03153,625,625
154,2025,"Helmstedt",Rumänien,Anzahl,K03154,470,470
155,2025,"Northeim",Rumänien,Anzahl,K03155,715,715
157,2025,"Peine",Rumänien,Anzahl,K03157,740,740
158,2025,"Wolfenbüttel",Rumänien,Anzahl,K03158,175,175
159,2025,"Göttingen",Rumänien,Anzahl,K03159,2080,2080
1,2025,"Statistische Region Braunschweig",Rumänien,Anzahl,K031,9440,9440
241,2025,"Region Hannover",Rumänien,Anzahl,K03241,8045,8045
241001,2025,"dav. Hannover, Lhst.",Rumänien,Anzahl,K03241001,4010,4010
241999,2025,"dav. Hannover, Umland",Rumänien,Anzahl,K03241999,4035,4035
251,2025,"Diepholz",Rumänien,Anzahl,K03251,2510,2510
252,2025,"Hameln-Pyrmont",Rumänien,Anzahl,K03252,1510,1510
254,2025,"Hildesheim",Rumänien,Anzahl,K03254,1625,1625
255,2025,"Holzminden",Rumänien,Anzahl,K03255,365,365
256,2025,"Nienburg (Weser)",Rumänien,Anzahl,K03256,1330,1330
257,2025,"Schaumburg",Rumänien,Anzahl,K03257,845,845
2,2025,"Statistische Region Hannover",Rumänien,Anzahl,K032,16230,16230
351,2025,"Celle",Rumänien,Anzahl,K03351,1280,1280
352,2025,"Cuxhaven",Rumänien,Anzahl,K03352,795,795
353,2025,"Harburg",Rumänien,Anzahl,K03353,2130,2130
354,2025,"Lüchow-Dannenberg",Rumänien,Anzahl,K03354,170,170
355,2025,"Lüneburg",Rumänien,Anzahl,K03355,560,560
356,2025,"Osterholz",Rumänien,Anzahl,K03356,245,245
357,2025,"Rotenburg (Wümme)",Rumänien,Anzahl,K03357,1095,1095
358,2025,"Heidekreis",Rumänien,Anzahl,K03358,1220,1220
359,2025,"Stade",Rumänien,Anzahl,K03359,1865,1865
360,2025,"Uelzen",Rumänien,Anzahl,K03360,410,410
361,2025,"Verden",Rumänien,Anzahl,K03361,995,995
3,2025,"Statistische Region Lüneburg",Rumänien,Anzahl,K033,10770,10770
401,2025,"Delmenhorst, Stadt",Rumänien,Anzahl,K03401,1840,1840
402,2025,"Emden, Stadt",Rumänien,Anzahl,K03402,685,685
403,2025,"Oldenburg (Oldb), Stadt",Rumänien,Anzahl,K03403,1335,1335
404,2025,"Osnabrück, Stadt",Rumänien,Anzahl,K03404,1165,1165
405,2025,"Wilhelmshaven, Stadt",Rumänien,Anzahl,K03405,835,835
451,2025,"Ammerland",Rumänien,Anzahl,K03451,935,935
452,2025,"Aurich",Rumänien,Anzahl,K03452,1345,1345
453,2025,"Cloppenburg",Rumänien,Anzahl,K03453,7585,7585
454,2025,"Emsland",Rumänien,Anzahl,K03454,9155,9155
455,2025,"Friesland",Rumänien,Anzahl,K03455,280,280
456,2025,"Grafschaft Bentheim",Rumänien,Anzahl,K03456,1460,1460
457,2025,"Leer",Rumänien,Anzahl,K03457,1785,1785
458,2025,"Oldenburg",Rumänien,Anzahl,K03458,2305,2305
459,2025,"Osnabrück",Rumänien,Anzahl,K03459,8115,8115
460,2025,"Vechta",Rumänien,Anzahl,K03460,3880,3880
461,2025,"Wesermarsch",Rumänien,Anzahl,K03461,615,615
462,2025,"Wittmund",Rumänien,Anzahl,K03462,255,255
4,2025,"Statistische Region Weser-Ems",Rumänien,Anzahl,K034,43570,43570
0,2025,"Niedersachsen",Rumänien,Anzahl,K030,80010,80010
101,2005,"Braunschweig, Stadt",Ukraine,Veränderung gegenüber 2005 in Prozent,K03101,0,0
102,2005,"Salzgitter, Stadt",Ukraine,Veränderung gegenüber 2005 in Prozent,K03102,0,0
103,2005,"Wolfsburg, Stadt",Ukraine,Veränderung gegenüber 2005 in Prozent,K03103,0,0
151,2005,"Gifhorn",Ukraine,Veränderung gegenüber 2005 in Prozent,K03151,0,0
153,2005,"Goslar",Ukraine,Veränderung gegenüber 2005 in Prozent,K03153,0,0
154,2005,"Helmstedt",Ukraine,Veränderung gegenüber 2005 in Prozent,K03154,0,0
155,2005,"Northeim",Ukraine,Veränderung gegenüber 2005 in Prozent,K03155,0,0
157,2005,"Peine",Ukraine,Veränderung gegenüber 2005 in Prozent,K03157,0,0
158,2005,"Wolfenbüttel",Ukraine,Veränderung gegenüber 2005 in Prozent,K03158,0,0
159,2005,"Göttingen",Ukraine,Veränderung gegenüber 2005 in Prozent,K03159,0,0
1,2005,"Statistische Region Braunschweig",Ukraine,Veränderung gegenüber 2005 in Prozent,K031,0,0
241,2005,"Region Hannover",Ukraine,Veränderung gegenüber 2005 in Prozent,K03241,0,0
241001,2005,"dav. Hannover, Lhst.",Ukraine,Veränderung gegenüber 2005 in Prozent,K03241001,0,0
241999,2005,"dav. Hannover, Umland",Ukraine,Veränderung gegenüber 2005 in Prozent,K03241999,0,0
251,2005,"Diepholz",Ukraine,Veränderung gegenüber 2005 in Prozent,K03251,0,0
252,2005,"Hameln-Pyrmont",Ukraine,Veränderung gegenüber 2005 in Prozent,K03252,0,0
254,2005,"Hildesheim",Ukraine,Veränderung gegenüber 2005 in Prozent,K03254,0,0
255,2005,"Holzminden",Ukraine,Veränderung gegenüber 2005 in Prozent,K03255,0,0
256,2005,"Nienburg (Weser)",Ukraine,Veränderung gegenüber 2005 in Prozent,K03256,0,0
257,2005,"Schaumburg",Ukraine,Veränderung gegenüber 2005 in Prozent,K03257,0,0
2,2005,"Statistische Region Hannover",Ukraine,Veränderung gegenüber 2005 in Prozent,K032,0,0
351,2005,"Celle",Ukraine,Veränderung gegenüber 2005 in Prozent,K03351,0,0
352,2005,"Cuxhaven",Ukraine,Veränderung gegenüber 2005 in Prozent,K03352,0,0
353,2005,"Harburg",Ukraine,Veränderung gegenüber 2005 in Prozent,K03353,0,0
354,2005,"Lüchow-Dannenberg",Ukraine,Veränderung gegenüber 2005 in Prozent,K03354,0,0
355,2005,"Lüneburg",Ukraine,Veränderung gegenüber 2005 in Prozent,K03355,0,0
356,2005,"Osterholz",Ukraine,Veränderung gegenüber 2005 in Prozent,K03356,0,0
357,2005,"Rotenburg (Wümme)",Ukraine,Veränderung gegenüber 2005 in Prozent,K03357,0,0
358,2005,"Heidekreis",Ukraine,Veränderung gegenüber 2005 in Prozent,K03358,0,0
359,2005,"Stade",Ukraine,Veränderung gegenüber 2005 in Prozent,K03359,0,0
360,2005,"Uelzen",Ukraine,Veränderung gegenüber 2005 in Prozent,K03360,0,0
361,2005,"Verden",Ukraine,Veränderung gegenüber 2005 in Prozent,K03361,0,0
3,2005,"Statistische Region Lüneburg",Ukraine,Veränderung gegenüber 2005 in Prozent,K033,0,0
401,2005,"Delmenhorst, Stadt",Ukraine,Veränderung gegenüber 2005 in Prozent,K03401,0,0
402,2005,"Emden, Stadt",Ukraine,Veränderung gegenüber 2005 in Prozent,K03402,0,0
403,2005,"Oldenburg (Oldb), Stadt",Ukraine,Veränderung gegenüber 2005 in Prozent,K03403,0,0
404,2005,"Osnabrück, Stadt",Ukraine,Veränderung gegenüber 2005 in Prozent,K03404,0,0
405,2005,"Wilhelmshaven, Stadt",Ukraine,Veränderung gegenüber 2005 in Prozent,K03405,0,0
451,2005,"Ammerland",Ukraine,Veränderung gegenüber 2005 in Prozent,K03451,0,0
452,2005,"Aurich",Ukraine,Veränderung gegenüber 2005 in Prozent,K03452,0,0
453,2005,"Cloppenburg",Ukraine,Veränderung gegenüber 2005 in Prozent,K03453,0,0
454,2005,"Emsland",Ukraine,Veränderung gegenüber 2005 in Prozent,K03454,0,0
455,2005,"Friesland",Ukraine,Veränderung gegenüber 2005 in Prozent,K03455,0,0
456,2005,"Grafschaft Bentheim",Ukraine,Veränderung gegenüber 2005 in Prozent,K03456,0,0
457,2005,"Leer",Ukraine,Veränderung gegenüber 2005 in Prozent,K03457,0,0
458,2005,"Oldenburg",Ukraine,Veränderung gegenüber 2005 in Prozent,K03458,0,0
459,2005,"Osnabrück",Ukraine,Veränderung gegenüber 2005 in Prozent,K03459,0,0
460,2005,"Vechta",Ukraine,Veränderung gegenüber 2005 in Prozent,K03460,0,0
461,2005,"Wesermarsch",Ukraine,Veränderung gegenüber 2005 in Prozent,K03461,0,0
462,2005,"Wittmund",Ukraine,Veränderung gegenüber 2005 in Prozent,K03462,0,0
4,2005,"Statistische Region Weser-Ems",Ukraine,Veränderung gegenüber 2005 in Prozent,K034,0,0
0,2005,"Niedersachsen",Ukraine,Veränderung gegenüber 2005 in Prozent,K030,0,0
101,2011,"Braunschweig, Stadt",Ukraine,Veränderung gegenüber 2005 in Prozent,K03101,5.96590909090909,5.96590909
102,2011,"Salzgitter, Stadt",Ukraine,Veränderung gegenüber 2005 in Prozent,K03102,4.41176470588235,4.41176471
103,2011,"Wolfsburg, Stadt",Ukraine,Veränderung gegenüber 2005 in Prozent,K03103,12.0879120879121,12.0879121
151,2011,"Gifhorn",Ukraine,Veränderung gegenüber 2005 in Prozent,K03151,-13.5416666666667,-13.5416667
153,2011,"Goslar",Ukraine,Veränderung gegenüber 2005 in Prozent,K03153,5.43478260869565,5.43478261
154,2011,"Helmstedt",Ukraine,Veränderung gegenüber 2005 in Prozent,K03154,-13.3333333333333,-13.3333333
155,2011,"Northeim",Ukraine,Veränderung gegenüber 2005 in Prozent,K03155,20.3389830508475,20.3389831
157,2011,"Peine",Ukraine,Veränderung gegenüber 2005 in Prozent,K03157,45.9459459459459,45.9459459
158,2011,"Wolfenbüttel",Ukraine,Veränderung gegenüber 2005 in Prozent,K03158,-16.9811320754717,-16.9811321
159,2011,"Göttingen",Ukraine,Veränderung gegenüber 2005 in Prozent,K03159,-17.4242424242424,-17.4242424
1,2011,"Statistische Region Braunschweig",Ukraine,Veränderung gegenüber 2005 in Prozent,K031,-3.5890218156228,-3.58902182
241,2011,"Region Hannover",Ukraine,Veränderung gegenüber 2005 in Prozent,K03241,-17.357910906298,-17.3579109
241001,2011,"dav. Hannover, Lhst.",Ukraine,Veränderung gegenüber 2005 in Prozent,K03241001,-19.0645973154362,-19.0645973
241999,2011,"dav. Hannover, Umland",Ukraine,Veränderung gegenüber 2005 in Prozent,K03241999,-9.89917506874427,-9.89917507
251,2011,"Diepholz",Ukraine,Veränderung gegenüber 2005 in Prozent,K03251,13.5593220338983,13.559322
252,2011,"Hameln-Pyrmont",Ukraine,Veränderung gegenüber 2005 in Prozent,K03252,-26.1811023622047,-26.1811024
254,2011,"Hildesheim",Ukraine,Veränderung gegenüber 2005 in Prozent,K03254,1.06382978723404,1.06382979
255,2011,"Holzminden",Ukraine,Veränderung gegenüber 2005 in Prozent,K03255,26.0869565217391,26.0869565
256,2011,"Nienburg (Weser)",Ukraine,Veränderung gegenüber 2005 in Prozent,K03256,5.17241379310345,5.17241379
257,2011,"Schaumburg",Ukraine,Veränderung gegenüber 2005 in Prozent,K03257,1.8348623853211,1.83486239
2,2011,"Statistische Region Hannover",Ukraine,Veränderung gegenüber 2005 in Prozent,K032,-16.3339647384526,-16.3339647
351,2011,"Celle",Ukraine,Veränderung gegenüber 2005 in Prozent,K03351,-5.30973451327434,-5.30973451
352,2011,"Cuxhaven",Ukraine,Veränderung gegenüber 2005 in Prozent,K03352,8.95522388059701,8.95522388
353,2011,"Harburg",Ukraine,Veränderung gegenüber 2005 in Prozent,K03353,17.0731707317073,17.0731707
354,2011,"Lüchow-Dannenberg",Ukraine,Veränderung gegenüber 2005 in Prozent,K03354,0,0
355,2011,"Lüneburg",Ukraine,Veränderung gegenüber 2005 in Prozent,K03355,10.2272727272727,10.2272727
356,2011,"Osterholz",Ukraine,Veränderung gegenüber 2005 in Prozent,K03356,-7.69230769230769,-7.69230769
357,2011,"Rotenburg (Wümme)",Ukraine,Veränderung gegenüber 2005 in Prozent,K03357,-7.79220779220779,-7.79220779
358,2011,"Heidekreis",Ukraine,Veränderung gegenüber 2005 in Prozent,K03358,-10.989010989011,-10.989011
359,2011,"Stade",Ukraine,Veränderung gegenüber 2005 in Prozent,K03359,-3.6697247706422,-3.66972477
360,2011,"Uelzen",Ukraine,Veränderung gegenüber 2005 in Prozent,K03360,9.09090909090909,9.09090909
361,2011,"Verden",Ukraine,Veränderung gegenüber 2005 in Prozent,K03361,-3.125,-3.125
3,2011,"Statistische Region Lüneburg",Ukraine,Veränderung gegenüber 2005 in Prozent,K033,0.836320191158901,0.83632019
401,2011,"Delmenhorst, Stadt",Ukraine,Veränderung gegenüber 2005 in Prozent,K03401,-18.5185185185185,-18.5185185
402,2011,"Emden, Stadt",Ukraine,Veränderung gegenüber 2005 in Prozent,K03402,-12.5,-12.5
403,2011,"Oldenburg (Oldb), Stadt",Ukraine,Veränderung gegenüber 2005 in Prozent,K03403,-10.5263157894737,-10.5263158
404,2011,"Osnabrück, Stadt",Ukraine,Veränderung gegenüber 2005 in Prozent,K03404,-30.1470588235294,-30.1470588
405,2011,"Wilhelmshaven, Stadt",Ukraine,Veränderung gegenüber 2005 in Prozent,K03405,-33.3333333333333,-33.3333333
451,2011,"Ammerland",Ukraine,Veränderung gegenüber 2005 in Prozent,K03451,28.125,28.125
452,2011,"Aurich",Ukraine,Veränderung gegenüber 2005 in Prozent,K03452,-10.2564102564103,-10.2564103
453,2011,"Cloppenburg",Ukraine,Veränderung gegenüber 2005 in Prozent,K03453,12.3809523809524,12.3809524
454,2011,"Emsland",Ukraine,Veränderung gegenüber 2005 in Prozent,K03454,26.2295081967213,26.2295082
455,2011,"Friesland",Ukraine,Veränderung gegenüber 2005 in Prozent,K03455,37.037037037037,37.037037
456,2011,"Grafschaft Bentheim",Ukraine,Veränderung gegenüber 2005 in Prozent,K03456,25.531914893617,25.5319149
457,2011,"Leer",Ukraine,Veränderung gegenüber 2005 in Prozent,K03457,30.6451612903226,30.6451613
458,2011,"Oldenburg",Ukraine,Veränderung gegenüber 2005 in Prozent,K03458,5.26315789473684,5.26315789
459,2011,"Osnabrück",Ukraine,Veränderung gegenüber 2005 in Prozent,K03459,1.53846153846154,1.53846154
460,2011,"Vechta",Ukraine,Veränderung gegenüber 2005 in Prozent,K03460,-6.50406504065041,-6.50406504
461,2011,"Wesermarsch",Ukraine,Veränderung gegenüber 2005 in Prozent,K03461,-24.2857142857143,-24.2857143
462,2011,"Wittmund",Ukraine,Veränderung gegenüber 2005 in Prozent,K03462,18.1818181818182,18.1818182
4,2011,"Statistische Region Weser-Ems",Ukraine,Veränderung gegenüber 2005 in Prozent,K034,-12.4849458048976,-12.4849458
0,2011,"Niedersachsen",Ukraine,Veränderung gegenüber 2005 in Prozent,K030,-12.7109886324492,-12.7109886
101,2012,"Braunschweig, Stadt",Ukraine,Veränderung gegenüber 2005 in Prozent,K03101,2.27272727272727,2.27272727
102,2012,"Salzgitter, Stadt",Ukraine,Veränderung gegenüber 2005 in Prozent,K03102,20.5882352941176,20.5882353
103,2012,"Wolfsburg, Stadt",Ukraine,Veränderung gegenüber 2005 in Prozent,K03103,30.7692307692308,30.7692308
151,2012,"Gifhorn",Ukraine,Veränderung gegenüber 2005 in Prozent,K03151,-15.625,-15.625
153,2012,"Goslar",Ukraine,Veränderung gegenüber 2005 in Prozent,K03153,2.17391304347826,2.17391304
154,2012,"Helmstedt",Ukraine,Veränderung gegenüber 2005 in Prozent,K03154,-8.88888888888889,-8.88888889
155,2012,"Northeim",Ukraine,Veränderung gegenüber 2005 in Prozent,K03155,15.2542372881356,15.2542373
157,2012,"Peine",Ukraine,Veränderung gegenüber 2005 in Prozent,K03157,54.0540540540541,54.0540541
158,2012,"Wolfenbüttel",Ukraine,Veränderung gegenüber 2005 in Prozent,K03158,-22.6415094339623,-22.6415094
159,2012,"Göttingen",Ukraine,Veränderung gegenüber 2005 in Prozent,K03159,-21.969696969697,-21.969697
1,2012,"Statistische Region Braunschweig",Ukraine,Veränderung gegenüber 2005 in Prozent,K031,-4.64461646727657,-4.64461647
241,2012,"Region Hannover",Ukraine,Veränderung gegenüber 2005 in Prozent,K03241,-19.7815326847585,-19.7815327
241001,2012,"dav. Hannover, Lhst.",Ukraine,Veränderung gegenüber 2005 in Prozent,K03241001,-21.8959731543624,-21.8959732
241999,2012,"dav. Hannover, Umland",Ukraine,Veränderung gegenüber 2005 in Prozent,K03241999,-10.5407882676444,-10.5407883
251,2012,"Diepholz",Ukraine,Veränderung gegenüber 2005 in Prozent,K03251,25.4237288135593,25.4237288
252,2012,"Hameln-Pyrmont",Ukraine,Veränderung gegenüber 2005 in Prozent,K03252,-29.1338582677165,-29.1338583
254,2012,"Hildesheim",Ukraine,Veränderung gegenüber 2005 in Prozent,K03254,-0.531914893617021,-0.53191489
255,2012,"Holzminden",Ukraine,Veränderung gegenüber 2005 in Prozent,K03255,52.1739130434783,52.173913
256,2012,"Nienburg (Weser)",Ukraine,Veränderung gegenüber 2005 in Prozent,K03256,8.62068965517241,8.62068966
257,2012,"Schaumburg",Ukraine,Veränderung gegenüber 2005 in Prozent,K03257,-3.6697247706422,-3.66972477
2,2012,"Statistische Region Hannover",Ukraine,Veränderung gegenüber 2005 in Prozent,K032,-18.4321725193064,-18.4321725
351,2012,"Celle",Ukraine,Veränderung gegenüber 2005 in Prozent,K03351,-1.76991150442478,-1.7699115
352,2012,"Cuxhaven",Ukraine,Veränderung gegenüber 2005 in Prozent,K03352,1.49253731343284,1.49253731
353,2012,"Harburg",Ukraine,Veränderung gegenüber 2005 in Prozent,K03353,17.8861788617886,17.8861789
354,2012,"Lüchow-Dannenberg",Ukraine,Veränderung gegenüber 2005 in Prozent,K03354,-10,-10
355,2012,"Lüneburg",Ukraine,Veränderung gegenüber 2005 in Prozent,K03355,13.6363636363636,13.6363636
356,2012,"Osterholz",Ukraine,Veränderung gegenüber 2005 in Prozent,K03356,-5.76923076923077,-5.76923077
357,2012,"Rotenburg (Wümme)",Ukraine,Veränderung gegenüber 2005 in Prozent,K03357,-5.19480519480519,-5.19480519
358,2012,"Heidekreis",Ukraine,Veränderung gegenüber 2005 in Prozent,K03358,-9.89010989010989,-9.89010989
359,2012,"Stade",Ukraine,Veränderung gegenüber 2005 in Prozent,K03359,4.58715596330275,4.58715596
360,2012,"Uelzen",Ukraine,Veränderung gegenüber 2005 in Prozent,K03360,9.09090909090909,9.09090909
361,2012,"Verden",Ukraine,Veränderung gegenüber 2005 in Prozent,K03361,-3.125,-3.125
3,2012,"Statistische Region Lüneburg",Ukraine,Veränderung gegenüber 2005 in Prozent,K033,2.5089605734767,2.50896057
401,2012,"Delmenhorst, Stadt",Ukraine,Veränderung gegenüber 2005 in Prozent,K03401,-20.7407407407407,-20.7407407
402,2012,"Emden, Stadt",Ukraine,Veränderung gegenüber 2005 in Prozent,K03402,-3.125,-3.125
403,2012,"Oldenburg (Oldb), Stadt",Ukraine,Veränderung gegenüber 2005 in Prozent,K03403,-4.04858299595142,-4.048583
404,2012,"Osnabrück, Stadt",Ukraine,Veränderung gegenüber 2005 in Prozent,K03404,-31.0924369747899,-31.092437
405,2012,"Wilhelmshaven, Stadt",Ukraine,Veränderung gegenüber 2005 in Prozent,K03405,-33.3333333333333,-33.3333333
451,2012,"Ammerland",Ukraine,Veränderung gegenüber 2005 in Prozent,K03451,31.25,31.25
452,2012,"Aurich",Ukraine,Veränderung gegenüber 2005 in Prozent,K03452,-7.69230769230769,-7.69230769
453,2012,"Cloppenburg",Ukraine,Veränderung gegenüber 2005 in Prozent,K03453,17.1428571428571,17.1428571
454,2012,"Emsland",Ukraine,Veränderung gegenüber 2005 in Prozent,K03454,9.83606557377049,9.83606557
455,2012,"Friesland",Ukraine,Veränderung gegenüber 2005 in Prozent,K03455,14.8148148148148,14.8148148
456,2012,"Grafschaft Bentheim",Ukraine,Veränderung gegenüber 2005 in Prozent,K03456,36.1702127659574,36.1702128
457,2012,"Leer",Ukraine,Veränderung gegenüber 2005 in Prozent,K03457,25.8064516129032,25.8064516
458,2012,"Oldenburg",Ukraine,Veränderung gegenüber 2005 in Prozent,K03458,-2.63157894736842,-2.63157895
459,2012,"Osnabrück",Ukraine,Veränderung gegenüber 2005 in Prozent,K03459,0,0
460,2012,"Vechta",Ukraine,Veränderung gegenüber 2005 in Prozent,K03460,-4.0650406504065,-4.06504065
461,2012,"Wesermarsch",Ukraine,Veränderung gegenüber 2005 in Prozent,K03461,-21.4285714285714,-21.4285714
462,2012,"Wittmund",Ukraine,Veränderung gegenüber 2005 in Prozent,K03462,0,0
4,2012,"Statistische Region Weser-Ems",Ukraine,Veränderung gegenüber 2005 in Prozent,K034,-13.1674026495383,-13.1674026
0,2012,"Niedersachsen",Ukraine,Veränderung gegenüber 2005 in Prozent,K030,-14.1060971408887,-14.1060971
101,2013,"Braunschweig, Stadt",Ukraine,Veränderung gegenüber 2005 in Prozent,K03101,7.38636363636364,7.38636364
102,2013,"Salzgitter, Stadt",Ukraine,Veränderung gegenüber 2005 in Prozent,K03102,13.2352941176471,13.2352941
103,2013,"Wolfsburg, Stadt",Ukraine,Veränderung gegenüber 2005 in Prozent,K03103,35.1648351648352,35.1648352
151,2013,"Gifhorn",Ukraine,Veränderung gegenüber 2005 in Prozent,K03151,-7.29166666666667,-7.29166667
153,2013,"Goslar",Ukraine,Veränderung gegenüber 2005 in Prozent,K03153,6.52173913043478,6.52173913
154,2013,"Helmstedt",Ukraine,Veränderung gegenüber 2005 in Prozent,K03154,-13.3333333333333,-13.3333333
155,2013,"Northeim",Ukraine,Veränderung gegenüber 2005 in Prozent,K03155,42.3728813559322,42.3728814
157,2013,"Peine",Ukraine,Veränderung gegenüber 2005 in Prozent,K03157,51.3513513513514,51.3513514
158,2013,"Wolfenbüttel",Ukraine,Veränderung gegenüber 2005 in Prozent,K03158,-20.7547169811321,-20.754717
159,2013,"Göttingen",Ukraine,Veränderung gegenüber 2005 in Prozent,K03159,-19.6969696969697,-19.6969697
1,2013,"Statistische Region Braunschweig",Ukraine,Veränderung gegenüber 2005 in Prozent,K031,-0.774102744546094,-0.77410274
241,2013,"Region Hannover",Ukraine,Veränderung gegenüber 2005 in Prozent,K03241,-21.4712408260795,-21.4712408
241001,2013,"dav. Hannover, Lhst.",Ukraine,Veränderung gegenüber 2005 in Prozent,K03241001,-24.0981543624161,-24.0981544
241999,2013,"dav. Hannover, Umland",Ukraine,Veränderung gegenüber 2005 in Prozent,K03241999,-9.99083409715857,-9.9908341
251,2013,"Diepholz",Ukraine,Veränderung gegenüber 2005 in Prozent,K03251,30.5084745762712,30.5084746
252,2013,"Hameln-Pyrmont",Ukraine,Veränderung gegenüber 2005 in Prozent,K03252,-33.4645669291339,-33.4645669
254,2013,"Hildesheim",Ukraine,Veränderung gegenüber 2005 in Prozent,K03254,1.59574468085106,1.59574468
255,2013,"Holzminden",Ukraine,Veränderung gegenüber 2005 in Prozent,K03255,69.5652173913043,69.5652174
256,2013,"Nienburg (Weser)",Ukraine,Veränderung gegenüber 2005 in Prozent,K03256,17.2413793103448,17.2413793
257,2013,"Schaumburg",Ukraine,Veränderung gegenüber 2005 in Prozent,K03257,-20.1834862385321,-20.1834862
2,2013,"Statistische Region Hannover",Ukraine,Veränderung gegenüber 2005 in Prozent,K032,-20.1806790033513,-20.180679
351,2013,"Celle",Ukraine,Veränderung gegenüber 2005 in Prozent,K03351,-0.884955752212389,-0.88495575
352,2013,"Cuxhaven",Ukraine,Veränderung gegenüber 2005 in Prozent,K03352,1.49253731343284,1.49253731
353,2013,"Harburg",Ukraine,Veränderung gegenüber 2005 in Prozent,K03353,33.3333333333333,33.3333333
354,2013,"Lüchow-Dannenberg",Ukraine,Veränderung gegenüber 2005 in Prozent,K03354,15,15
355,2013,"Lüneburg",Ukraine,Veränderung gegenüber 2005 in Prozent,K03355,3.40909090909091,3.40909091
356,2013,"Osterholz",Ukraine,Veränderung gegenüber 2005 in Prozent,K03356,-15.3846153846154,-15.3846154
357,2013,"Rotenburg (Wümme)",Ukraine,Veränderung gegenüber 2005 in Prozent,K03357,9.09090909090909,9.09090909
358,2013,"Heidekreis",Ukraine,Veränderung gegenüber 2005 in Prozent,K03358,-4.3956043956044,-4.3956044
359,2013,"Stade",Ukraine,Veränderung gegenüber 2005 in Prozent,K03359,5.5045871559633,5.50458716
360,2013,"Uelzen",Ukraine,Veränderung gegenüber 2005 in Prozent,K03360,24.2424242424242,24.2424242
361,2013,"Verden",Ukraine,Veränderung gegenüber 2005 in Prozent,K03361,-10.9375,-10.9375
3,2013,"Statistische Region Lüneburg",Ukraine,Veränderung gegenüber 2005 in Prozent,K033,5.85424133811231,5.85424134
401,2013,"Delmenhorst, Stadt",Ukraine,Veränderung gegenüber 2005 in Prozent,K03401,-25.5555555555556,-25.5555556
402,2013,"Emden, Stadt",Ukraine,Veränderung gegenüber 2005 in Prozent,K03402,0,0
403,2013,"Oldenburg (Oldb), Stadt",Ukraine,Veränderung gegenüber 2005 in Prozent,K03403,-4.8582995951417,-4.8582996
404,2013,"Osnabrück, Stadt",Ukraine,Veränderung gegenüber 2005 in Prozent,K03404,-34.9789915966387,-34.9789916
405,2013,"Wilhelmshaven, Stadt",Ukraine,Veränderung gegenüber 2005 in Prozent,K03405,-24.0740740740741,-24.0740741
451,2013,"Ammerland",Ukraine,Veränderung gegenüber 2005 in Prozent,K03451,15.625,15.625
452,2013,"Aurich",Ukraine,Veränderung gegenüber 2005 in Prozent,K03452,-15.3846153846154,-15.3846154
453,2013,"Cloppenburg",Ukraine,Veränderung gegenüber 2005 in Prozent,K03453,17.1428571428571,17.1428571
454,2013,"Emsland",Ukraine,Veränderung gegenüber 2005 in Prozent,K03454,-12.2950819672131,-12.295082
455,2013,"Friesland",Ukraine,Veränderung gegenüber 2005 in Prozent,K03455,7.40740740740741,7.40740741
456,2013,"Grafschaft Bentheim",Ukraine,Veränderung gegenüber 2005 in Prozent,K03456,91.4893617021277,91.4893617
457,2013,"Leer",Ukraine,Veränderung gegenüber 2005 in Prozent,K03457,22.5806451612903,22.5806452
458,2013,"Oldenburg",Ukraine,Veränderung gegenüber 2005 in Prozent,K03458,15.7894736842105,15.7894737
459,2013,"Osnabrück",Ukraine,Veränderung gegenüber 2005 in Prozent,K03459,3.07692307692308,3.07692308
460,2013,"Vechta",Ukraine,Veränderung gegenüber 2005 in Prozent,K03460,-7.31707317073171,-7.31707317
461,2013,"Wesermarsch",Ukraine,Veränderung gegenüber 2005 in Prozent,K03461,-22.8571428571429,-22.8571429
462,2013,"Wittmund",Ukraine,Veränderung gegenüber 2005 in Prozent,K03462,-36.3636363636364,-36.3636364
4,2013,"Statistische Region Weser-Ems",Ukraine,Veränderung gegenüber 2005 in Prozent,K034,-15.2950622240064,-15.2950622
0,2013,"Niedersachsen",Ukraine,Veränderung gegenüber 2005 in Prozent,K030,-14.8811574233552,-14.8811574
101,2014,"Braunschweig, Stadt",Ukraine,Veränderung gegenüber 2005 in Prozent,K03101,15.3409090909091,15.3409091
102,2014,"Salzgitter, Stadt",Ukraine,Veränderung gegenüber 2005 in Prozent,K03102,20.5882352941176,20.5882353
103,2014,"Wolfsburg, Stadt",Ukraine,Veränderung gegenüber 2005 in Prozent,K03103,48.3516483516484,48.3516484
151,2014,"Gifhorn",Ukraine,Veränderung gegenüber 2005 in Prozent,K03151,-4.16666666666667,-4.16666667
153,2014,"Goslar",Ukraine,Veränderung gegenüber 2005 in Prozent,K03153,8.69565217391304,8.69565217
154,2014,"Helmstedt",Ukraine,Veränderung gegenüber 2005 in Prozent,K03154,-2.22222222222222,-2.22222222
155,2014,"Northeim",Ukraine,Veränderung gegenüber 2005 in Prozent,K03155,28.8135593220339,28.8135593
157,2014,"Peine",Ukraine,Veränderung gegenüber 2005 in Prozent,K03157,70.2702702702703,70.2702703
158,2014,"Wolfenbüttel",Ukraine,Veränderung gegenüber 2005 in Prozent,K03158,-15.0943396226415,-15.0943396
159,2014,"Göttingen",Ukraine,Veränderung gegenüber 2005 in Prozent,K03159,-19.8863636363636,-19.8863636
1,2014,"Statistische Region Braunschweig",Ukraine,Veränderung gegenüber 2005 in Prozent,K031,3.1667839549613,3.16678395
241,2014,"Region Hannover",Ukraine,Veränderung gegenüber 2005 in Prozent,K03241,-21.1981566820277,-21.1981567
241001,2014,"dav. Hannover, Lhst.",Ukraine,Veränderung gegenüber 2005 in Prozent,K03241001,-24.1610738255034,-24.1610738
241999,2014,"dav. Hannover, Umland",Ukraine,Veränderung gegenüber 2005 in Prozent,K03241999,-8.24931255728689,-8.24931256
251,2014,"Diepholz",Ukraine,Veränderung gegenüber 2005 in Prozent,K03251,38.135593220339,38.1355932
252,2014,"Hameln-Pyrmont",Ukraine,Veränderung gegenüber 2005 in Prozent,K03252,-30.3149606299213,-30.3149606
254,2014,"Hildesheim",Ukraine,Veränderung gegenüber 2005 in Prozent,K03254,4.78723404255319,4.78723404
255,2014,"Holzminden",Ukraine,Veränderung gegenüber 2005 in Prozent,K03255,82.6086956521739,82.6086957
256,2014,"Nienburg (Weser)",Ukraine,Veränderung gegenüber 2005 in Prozent,K03256,27.5862068965517,27.5862069
257,2014,"Schaumburg",Ukraine,Veränderung gegenüber 2005 in Prozent,K03257,-10.0917431192661,-10.0917431
2,2014,"Statistische Region Hannover",Ukraine,Veränderung gegenüber 2005 in Prozent,K032,-19.2044295497596,-19.2044295
351,2014,"Celle",Ukraine,Veränderung gegenüber 2005 in Prozent,K03351,1.76991150442478,1.7699115
352,2014,"Cuxhaven",Ukraine,Veränderung gegenüber 2005 in Prozent,K03352,7.46268656716418,7.46268657
353,2014,"Harburg",Ukraine,Veränderung gegenüber 2005 in Prozent,K03353,36.5853658536585,36.5853659
354,2014,"Lüchow-Dannenberg",Ukraine,Veränderung gegenüber 2005 in Prozent,K03354,30,30
355,2014,"Lüneburg",Ukraine,Veränderung gegenüber 2005 in Prozent,K03355,18.1818181818182,18.1818182
356,2014,"Osterholz",Ukraine,Veränderung gegenüber 2005 in Prozent,K03356,23.0769230769231,23.0769231
357,2014,"Rotenburg (Wümme)",Ukraine,Veränderung gegenüber 2005 in Prozent,K03357,7.79220779220779,7.79220779
358,2014,"Heidekreis",Ukraine,Veränderung gegenüber 2005 in Prozent,K03358,16.4835164835165,16.4835165
359,2014,"Stade",Ukraine,Veränderung gegenüber 2005 in Prozent,K03359,11.9266055045872,11.9266055
360,2014,"Uelzen",Ukraine,Veränderung gegenüber 2005 in Prozent,K03360,48.4848484848485,48.4848485
361,2014,"Verden",Ukraine,Veränderung gegenüber 2005 in Prozent,K03361,3.125,3.125
3,2014,"Statistische Region Lüneburg",Ukraine,Veränderung gegenüber 2005 in Prozent,K033,16.4874551971326,16.4874552
401,2014,"Delmenhorst, Stadt",Ukraine,Veränderung gegenüber 2005 in Prozent,K03401,-23.7037037037037,-23.7037037
402,2014,"Emden, Stadt",Ukraine,Veränderung gegenüber 2005 in Prozent,K03402,15.625,15.625
403,2014,"Oldenburg (Oldb), Stadt",Ukraine,Veränderung gegenüber 2005 in Prozent,K03403,0.404858299595142,0.4048583
404,2014,"Osnabrück, Stadt",Ukraine,Veränderung gegenüber 2005 in Prozent,K03404,-37.3949579831933,-37.394958
405,2014,"Wilhelmshaven, Stadt",Ukraine,Veränderung gegenüber 2005 in Prozent,K03405,-12.962962962963,-12.962963
451,2014,"Ammerland",Ukraine,Veränderung gegenüber 2005 in Prozent,K03451,46.875,46.875
452,2014,"Aurich",Ukraine,Veränderung gegenüber 2005 in Prozent,K03452,0,0
453,2014,"Cloppenburg",Ukraine,Veränderung gegenüber 2005 in Prozent,K03453,31.4285714285714,31.4285714
454,2014,"Emsland",Ukraine,Veränderung gegenüber 2005 in Prozent,K03454,2.45901639344262,2.45901639
455,2014,"Friesland",Ukraine,Veränderung gegenüber 2005 in Prozent,K03455,-7.40740740740741,-7.40740741
456,2014,"Grafschaft Bentheim",Ukraine,Veränderung gegenüber 2005 in Prozent,K03456,102.127659574468,102.12766
457,2014,"Leer",Ukraine,Veränderung gegenüber 2005 in Prozent,K03457,25.8064516129032,25.8064516
458,2014,"Oldenburg",Ukraine,Veränderung gegenüber 2005 in Prozent,K03458,55.2631578947368,55.2631579
459,2014,"Osnabrück",Ukraine,Veränderung gegenüber 2005 in Prozent,K03459,8.84615384615385,8.84615385
460,2014,"Vechta",Ukraine,Veränderung gegenüber 2005 in Prozent,K03460,4.0650406504065,4.06504065
461,2014,"Wesermarsch",Ukraine,Veränderung gegenüber 2005 in Prozent,K03461,-24.2857142857143,-24.2857143
462,2014,"Wittmund",Ukraine,Veränderung gegenüber 2005 in Prozent,K03462,-9.09090909090909,-9.09090909
4,2014,"Statistische Region Weser-Ems",Ukraine,Veränderung gegenüber 2005 in Prozent,K034,-11.1200321156162,-11.1200321
0,2014,"Niedersachsen",Ukraine,Veränderung gegenüber 2005 in Prozent,K030,-12.1598346538064,-12.1598347
101,2015,"Braunschweig, Stadt",Ukraine,Veränderung gegenüber 2005 in Prozent,K03101,13.0681818181818,13.0681818
102,2015,"Salzgitter, Stadt",Ukraine,Veränderung gegenüber 2005 in Prozent,K03102,19.1176470588235,19.1176471
103,2015,"Wolfsburg, Stadt",Ukraine,Veränderung gegenüber 2005 in Prozent,K03103,68.1318681318681,68.1318681
151,2015,"Gifhorn",Ukraine,Veränderung gegenüber 2005 in Prozent,K03151,7.29166666666667,7.29166667
153,2015,"Goslar",Ukraine,Veränderung gegenüber 2005 in Prozent,K03153,9.78260869565217,9.7826087
154,2015,"Helmstedt",Ukraine,Veränderung gegenüber 2005 in Prozent,K03154,-2.22222222222222,-2.22222222
155,2015,"Northeim",Ukraine,Veränderung gegenüber 2005 in Prozent,K03155,27.1186440677966,27.1186441
157,2015,"Peine",Ukraine,Veränderung gegenüber 2005 in Prozent,K03157,83.7837837837838,83.7837838
158,2015,"Wolfenbüttel",Ukraine,Veränderung gegenüber 2005 in Prozent,K03158,-15.0943396226415,-15.0943396
159,2015,"Göttingen",Ukraine,Veränderung gegenüber 2005 in Prozent,K03159,-15.530303030303,-15.530303
1,2015,"Statistische Region Braunschweig",Ukraine,Veränderung gegenüber 2005 in Prozent,K031,6.54468684025334,6.54468684
241,2015,"Region Hannover",Ukraine,Veränderung gegenüber 2005 in Prozent,K03241,-23.3828298344427,-23.3828298
241001,2015,"dav. Hannover, Lhst.",Ukraine,Veränderung gegenüber 2005 in Prozent,K03241001,-26.3003355704698,-26.3003356
241999,2015,"dav. Hannover, Umland",Ukraine,Veränderung gegenüber 2005 in Prozent,K03241999,-10.6324472960587,-10.6324473
251,2015,"Diepholz",Ukraine,Veränderung gegenüber 2005 in Prozent,K03251,41.5254237288136,41.5254237
252,2015,"Hameln-Pyrmont",Ukraine,Veränderung gegenüber 2005 in Prozent,K03252,-25.7874015748031,-25.7874016
254,2015,"Hildesheim",Ukraine,Veränderung gegenüber 2005 in Prozent,K03254,13.8297872340426,13.8297872
255,2015,"Holzminden",Ukraine,Veränderung gegenüber 2005 in Prozent,K03255,95.6521739130435,95.6521739
256,2015,"Nienburg (Weser)",Ukraine,Veränderung gegenüber 2005 in Prozent,K03256,13.7931034482759,13.7931034
257,2015,"Schaumburg",Ukraine,Veränderung gegenüber 2005 in Prozent,K03257,-10.0917431192661,-10.0917431
2,2015,"Statistische Region Hannover",Ukraine,Veränderung gegenüber 2005 in Prozent,K032,-20.5012385254262,-20.5012385
351,2015,"Celle",Ukraine,Veränderung gegenüber 2005 in Prozent,K03351,10.6194690265487,10.619469
352,2015,"Cuxhaven",Ukraine,Veränderung gegenüber 2005 in Prozent,K03352,29.8507462686567,29.8507463
353,2015,"Harburg",Ukraine,Veränderung gegenüber 2005 in Prozent,K03353,40.650406504065,40.6504065
354,2015,"Lüchow-Dannenberg",Ukraine,Veränderung gegenüber 2005 in Prozent,K03354,20,20
355,2015,"Lüneburg",Ukraine,Veränderung gegenüber 2005 in Prozent,K03355,17.0454545454545,17.0454545
356,2015,"Osterholz",Ukraine,Veränderung gegenüber 2005 in Prozent,K03356,19.2307692307692,19.2307692
357,2015,"Rotenburg (Wümme)",Ukraine,Veränderung gegenüber 2005 in Prozent,K03357,15.5844155844156,15.5844156
358,2015,"Heidekreis",Ukraine,Veränderung gegenüber 2005 in Prozent,K03358,32.967032967033,32.967033
359,2015,"Stade",Ukraine,Veränderung gegenüber 2005 in Prozent,K03359,16.5137614678899,16.5137615
360,2015,"Uelzen",Ukraine,Veränderung gegenüber 2005 in Prozent,K03360,57.5757575757576,57.5757576
361,2015,"Verden",Ukraine,Veränderung gegenüber 2005 in Prozent,K03361,9.375,9.375
3,2015,"Statistische Region Lüneburg",Ukraine,Veränderung gegenüber 2005 in Prozent,K033,23.4169653524492,23.4169654
401,2015,"Delmenhorst, Stadt",Ukraine,Veränderung gegenüber 2005 in Prozent,K03401,-20.7407407407407,-20.7407407
402,2015,"Emden, Stadt",Ukraine,Veränderung gegenüber 2005 in Prozent,K03402,18.75,18.75
403,2015,"Oldenburg (Oldb), Stadt",Ukraine,Veränderung gegenüber 2005 in Prozent,K03403,-5.66801619433198,-5.66801619
404,2015,"Osnabrück, Stadt",Ukraine,Veränderung gegenüber 2005 in Prozent,K03404,-38.6554621848739,-38.6554622
405,2015,"Wilhelmshaven, Stadt",Ukraine,Veränderung gegenüber 2005 in Prozent,K03405,-11.1111111111111,-11.1111111
451,2015,"Ammerland",Ukraine,Veränderung gegenüber 2005 in Prozent,K03451,53.125,53.125
452,2015,"Aurich",Ukraine,Veränderung gegenüber 2005 in Prozent,K03452,28.2051282051282,28.2051282
453,2015,"Cloppenburg",Ukraine,Veränderung gegenüber 2005 in Prozent,K03453,40.9523809523809,40.952381
454,2015,"Emsland",Ukraine,Veränderung gegenüber 2005 in Prozent,K03454,24.5901639344262,24.5901639
455,2015,"Friesland",Ukraine,Veränderung gegenüber 2005 in Prozent,K03455,33.3333333333333,33.3333333
456,2015,"Grafschaft Bentheim",Ukraine,Veränderung gegenüber 2005 in Prozent,K03456,80.8510638297872,80.8510638
457,2015,"Leer",Ukraine,Veränderung gegenüber 2005 in Prozent,K03457,35.4838709677419,35.483871
458,2015,"Oldenburg",Ukraine,Veränderung gegenüber 2005 in Prozent,K03458,100,100
459,2015,"Osnabrück",Ukraine,Veränderung gegenüber 2005 in Prozent,K03459,13.4615384615385,13.4615385
460,2015,"Vechta",Ukraine,Veränderung gegenüber 2005 in Prozent,K03460,3.2520325203252,3.25203252
461,2015,"Wesermarsch",Ukraine,Veränderung gegenüber 2005 in Prozent,K03461,-14.2857142857143,-14.2857143
462,2015,"Wittmund",Ukraine,Veränderung gegenüber 2005 in Prozent,K03462,18.1818181818182,18.1818182
4,2015,"Statistische Region Weser-Ems",Ukraine,Veränderung gegenüber 2005 in Prozent,K034,-7.98875953432356,-7.98875953
0,2015,"Niedersachsen",Ukraine,Veränderung gegenüber 2005 in Prozent,K030,-11.3417154667585,-11.3417155
101,2016,"Braunschweig, Stadt",Ukraine,Veränderung gegenüber 2005 in Prozent,K03101,12.2159090909091,12.2159091
102,2016,"Salzgitter, Stadt",Ukraine,Veränderung gegenüber 2005 in Prozent,K03102,39.7058823529412,39.7058824
103,2016,"Wolfsburg, Stadt",Ukraine,Veränderung gegenüber 2005 in Prozent,K03103,59.3406593406593,59.3406593
151,2016,"Gifhorn",Ukraine,Veränderung gegenüber 2005 in Prozent,K03151,14.5833333333333,14.5833333
153,2016,"Goslar",Ukraine,Veränderung gegenüber 2005 in Prozent,K03153,14.1304347826087,14.1304348
154,2016,"Helmstedt",Ukraine,Veränderung gegenüber 2005 in Prozent,K03154,22.2222222222222,22.2222222
155,2016,"Northeim",Ukraine,Veränderung gegenüber 2005 in Prozent,K03155,61.0169491525424,61.0169492
157,2016,"Peine",Ukraine,Veränderung gegenüber 2005 in Prozent,K03157,89.1891891891892,89.1891892
158,2016,"Wolfenbüttel",Ukraine,Veränderung gegenüber 2005 in Prozent,K03158,-5.66037735849057,-5.66037736
159,2016,"Göttingen",Ukraine,Veränderung gegenüber 2005 in Prozent,K03159,-12.8787878787879,-12.8787879
1,2016,"Statistische Region Braunschweig",Ukraine,Veränderung gegenüber 2005 in Prozent,K031,11.5411681914145,11.5411682
241,2016,"Region Hannover",Ukraine,Veränderung gegenüber 2005 in Prozent,K03241,-25.15787677078,-25.1578768
241001,2016,"dav. Hannover, Lhst.",Ukraine,Veränderung gegenüber 2005 in Prozent,K03241001,-28.6912751677852,-28.6912752
241999,2016,"dav. Hannover, Umland",Ukraine,Veränderung gegenüber 2005 in Prozent,K03241999,-9.71585701191567,-9.71585701
251,2016,"Diepholz",Ukraine,Veränderung gegenüber 2005 in Prozent,K03251,35.5932203389831,35.5932203
252,2016,"Hameln-Pyrmont",Ukraine,Veränderung gegenüber 2005 in Prozent,K03252,-26.1811023622047,-26.1811024
254,2016,"Hildesheim",Ukraine,Veränderung gegenüber 2005 in Prozent,K03254,25,25
255,2016,"Holzminden",Ukraine,Veränderung gegenüber 2005 in Prozent,K03255,95.6521739130435,95.6521739
256,2016,"Nienburg (Weser)",Ukraine,Veränderung gegenüber 2005 in Prozent,K03256,12.0689655172414,12.0689655
257,2016,"Schaumburg",Ukraine,Veränderung gegenüber 2005 in Prozent,K03257,-17.4311926605505,-17.4311927
2,2016,"Statistische Region Hannover",Ukraine,Veränderung gegenüber 2005 in Prozent,K032,-21.9000437126621,-21.9000437
351,2016,"Celle",Ukraine,Veränderung gegenüber 2005 in Prozent,K03351,6.19469026548673,6.19469027
352,2016,"Cuxhaven",Ukraine,Veränderung gegenüber 2005 in Prozent,K03352,41.7910447761194,41.7910448
353,2016,"Harburg",Ukraine,Veränderung gegenüber 2005 in Prozent,K03353,46.3414634146341,46.3414634
354,2016,"Lüchow-Dannenberg",Ukraine,Veränderung gegenüber 2005 in Prozent,K03354,25,25
355,2016,"Lüneburg",Ukraine,Veränderung gegenüber 2005 in Prozent,K03355,13.6363636363636,13.6363636
356,2016,"Osterholz",Ukraine,Veränderung gegenüber 2005 in Prozent,K03356,15.3846153846154,15.3846154
357,2016,"Rotenburg (Wümme)",Ukraine,Veränderung gegenüber 2005 in Prozent,K03357,16.8831168831169,16.8831169
358,2016,"Heidekreis",Ukraine,Veränderung gegenüber 2005 in Prozent,K03358,31.8681318681319,31.8681319
359,2016,"Stade",Ukraine,Veränderung gegenüber 2005 in Prozent,K03359,33.0275229357798,33.0275229
360,2016,"Uelzen",Ukraine,Veränderung gegenüber 2005 in Prozent,K03360,66.6666666666667,66.6666667
361,2016,"Verden",Ukraine,Veränderung gegenüber 2005 in Prozent,K03361,17.1875,17.1875
3,2016,"Statistische Region Lüneburg",Ukraine,Veränderung gegenüber 2005 in Prozent,K033,26.6427718040621,26.6427718
401,2016,"Delmenhorst, Stadt",Ukraine,Veränderung gegenüber 2005 in Prozent,K03401,-24.0740740740741,-24.0740741
402,2016,"Emden, Stadt",Ukraine,Veränderung gegenüber 2005 in Prozent,K03402,25,25
403,2016,"Oldenburg (Oldb), Stadt",Ukraine,Veränderung gegenüber 2005 in Prozent,K03403,-14.9797570850202,-14.9797571
404,2016,"Osnabrück, Stadt",Ukraine,Veränderung gegenüber 2005 in Prozent,K03404,-40.1260504201681,-40.1260504
405,2016,"Wilhelmshaven, Stadt",Ukraine,Veränderung gegenüber 2005 in Prozent,K03405,1.85185185185185,1.85185185
451,2016,"Ammerland",Ukraine,Veränderung gegenüber 2005 in Prozent,K03451,87.5,87.5
452,2016,"Aurich",Ukraine,Veränderung gegenüber 2005 in Prozent,K03452,53.8461538461538,53.8461538
453,2016,"Cloppenburg",Ukraine,Veränderung gegenüber 2005 in Prozent,K03453,80.9523809523809,80.952381
454,2016,"Emsland",Ukraine,Veränderung gegenüber 2005 in Prozent,K03454,31.1475409836066,31.147541
455,2016,"Friesland",Ukraine,Veränderung gegenüber 2005 in Prozent,K03455,-7.40740740740741,-7.40740741
456,2016,"Grafschaft Bentheim",Ukraine,Veränderung gegenüber 2005 in Prozent,K03456,112.765957446809,112.765957
457,2016,"Leer",Ukraine,Veränderung gegenüber 2005 in Prozent,K03457,29.0322580645161,29.0322581
458,2016,"Oldenburg",Ukraine,Veränderung gegenüber 2005 in Prozent,K03458,163.157894736842,163.157895
459,2016,"Osnabrück",Ukraine,Veränderung gegenüber 2005 in Prozent,K03459,17.3076923076923,17.3076923
460,2016,"Vechta",Ukraine,Veränderung gegenüber 2005 in Prozent,K03460,17.8861788617886,17.8861789
461,2016,"Wesermarsch",Ukraine,Veränderung gegenüber 2005 in Prozent,K03461,-7.14285714285714,-7.14285714
462,2016,"Wittmund",Ukraine,Veränderung gegenüber 2005 in Prozent,K03462,-9.09090909090909,-9.09090909
4,2016,"Statistische Region Weser-Ems",Ukraine,Veränderung gegenüber 2005 in Prozent,K034,-4.25531914893617,-4.25531915
0,2016,"Niedersachsen",Ukraine,Veränderung gegenüber 2005 in Prozent,K030,-10.5235962797106,-10.5235963
101,2017,"Braunschweig, Stadt",Ukraine,Veränderung gegenüber 2005 in Prozent,K03101,9.375,9.375
102,2017,"Salzgitter, Stadt",Ukraine,Veränderung gegenüber 2005 in Prozent,K03102,39.7058823529412,39.7058824
103,2017,"Wolfsburg, Stadt",Ukraine,Veränderung gegenüber 2005 in Prozent,K03103,64.8351648351648,64.8351648
151,2017,"Gifhorn",Ukraine,Veränderung gegenüber 2005 in Prozent,K03151,19.7916666666667,19.7916667
153,2017,"Goslar",Ukraine,Veränderung gegenüber 2005 in Prozent,K03153,19.5652173913043,19.5652174
154,2017,"Helmstedt",Ukraine,Veränderung gegenüber 2005 in Prozent,K03154,11.1111111111111,11.1111111
155,2017,"Northeim",Ukraine,Veränderung gegenüber 2005 in Prozent,K03155,52.5423728813559,52.5423729
157,2017,"Peine",Ukraine,Veränderung gegenüber 2005 in Prozent,K03157,89.1891891891892,89.1891892
158,2017,"Wolfenbüttel",Ukraine,Veränderung gegenüber 2005 in Prozent,K03158,3.77358490566038,3.77358491
159,2017,"Göttingen",Ukraine,Veränderung gegenüber 2005 in Prozent,K03159,-8.14393939393939,-8.14393939
1,2017,"Statistische Region Braunschweig",Ukraine,Veränderung gegenüber 2005 in Prozent,K031,12.9486277269529,12.9486277
241,2017,"Region Hannover",Ukraine,Veränderung gegenüber 2005 in Prozent,K03241,-24.9871991807476,-24.9871992
241001,2017,"dav. Hannover, Lhst.",Ukraine,Veränderung gegenüber 2005 in Prozent,K03241001,-28.6912751677852,-28.6912752
241999,2017,"dav. Hannover, Umland",Ukraine,Veränderung gegenüber 2005 in Prozent,K03241999,-8.79926672777269,-8.79926673
251,2017,"Diepholz",Ukraine,Veränderung gegenüber 2005 in Prozent,K03251,39.8305084745763,39.8305085
252,2017,"Hameln-Pyrmont",Ukraine,Veränderung gegenüber 2005 in Prozent,K03252,-25.1968503937008,-25.1968504
254,2017,"Hildesheim",Ukraine,Veränderung gegenüber 2005 in Prozent,K03254,40.9574468085106,40.9574468
255,2017,"Holzminden",Ukraine,Veränderung gegenüber 2005 in Prozent,K03255,73.9130434782609,73.9130435
256,2017,"Nienburg (Weser)",Ukraine,Veränderung gegenüber 2005 in Prozent,K03256,20.6896551724138,20.6896552
257,2017,"Schaumburg",Ukraine,Veränderung gegenüber 2005 in Prozent,K03257,-17.4311926605505,-17.4311927
2,2017,"Statistische Region Hannover",Ukraine,Veränderung gegenüber 2005 in Prozent,K032,-21.2443537811453,-21.2443538
351,2017,"Celle",Ukraine,Veränderung gegenüber 2005 in Prozent,K03351,10.6194690265487,10.619469
352,2017,"Cuxhaven",Ukraine,Veränderung gegenüber 2005 in Prozent,K03352,41.7910447761194,41.7910448
353,2017,"Harburg",Ukraine,Veränderung gegenüber 2005 in Prozent,K03353,46.3414634146341,46.3414634
354,2017,"Lüchow-Dannenberg",Ukraine,Veränderung gegenüber 2005 in Prozent,K03354,50,50
355,2017,"Lüneburg",Ukraine,Veränderung gegenüber 2005 in Prozent,K03355,13.6363636363636,13.6363636
356,2017,"Osterholz",Ukraine,Veränderung gegenüber 2005 in Prozent,K03356,15.3846153846154,15.3846154
357,2017,"Rotenburg (Wümme)",Ukraine,Veränderung gegenüber 2005 in Prozent,K03357,16.8831168831169,16.8831169
358,2017,"Heidekreis",Ukraine,Veränderung gegenüber 2005 in Prozent,K03358,37.3626373626374,37.3626374
359,2017,"Stade",Ukraine,Veränderung gegenüber 2005 in Prozent,K03359,33.0275229357798,33.0275229
360,2017,"Uelzen",Ukraine,Veränderung gegenüber 2005 in Prozent,K03360,66.6666666666667,66.6666667
361,2017,"Verden",Ukraine,Veränderung gegenüber 2005 in Prozent,K03361,17.1875,17.1875
3,2017,"Statistische Region Lüneburg",Ukraine,Veränderung gegenüber 2005 in Prozent,K033,30.2270011947431,30.2270012
401,2017,"Delmenhorst, Stadt",Ukraine,Veränderung gegenüber 2005 in Prozent,K03401,-22.2222222222222,-22.2222222
402,2017,"Emden, Stadt",Ukraine,Veränderung gegenüber 2005 in Prozent,K03402,56.25,56.25
403,2017,"Oldenburg (Oldb), Stadt",Ukraine,Veränderung gegenüber 2005 in Prozent,K03403,-12.9554655870445,-12.9554656
404,2017,"Osnabrück, Stadt",Ukraine,Veränderung gegenüber 2005 in Prozent,K03404,-40.6512605042017,-40.6512605
405,2017,"Wilhelmshaven, Stadt",Ukraine,Veränderung gegenüber 2005 in Prozent,K03405,-7.40740740740741,-7.40740741
451,2017,"Ammerland",Ukraine,Veränderung gegenüber 2005 in Prozent,K03451,87.5,87.5
452,2017,"Aurich",Ukraine,Veränderung gegenüber 2005 in Prozent,K03452,79.4871794871795,79.4871795
453,2017,"Cloppenburg",Ukraine,Veränderung gegenüber 2005 in Prozent,K03453,114.285714285714,114.285714
454,2017,"Emsland",Ukraine,Veränderung gegenüber 2005 in Prozent,K03454,47.5409836065574,47.5409836
455,2017,"Friesland",Ukraine,Veränderung gegenüber 2005 in Prozent,K03455,11.1111111111111,11.1111111
456,2017,"Grafschaft Bentheim",Ukraine,Veränderung gegenüber 2005 in Prozent,K03456,91.4893617021277,91.4893617
457,2017,"Leer",Ukraine,Veränderung gegenüber 2005 in Prozent,K03457,37.0967741935484,37.0967742
458,2017,"Oldenburg",Ukraine,Veränderung gegenüber 2005 in Prozent,K03458,189.473684210526,189.473684
459,2017,"Osnabrück",Ukraine,Veränderung gegenüber 2005 in Prozent,K03459,25,25
460,2017,"Vechta",Ukraine,Veränderung gegenüber 2005 in Prozent,K03460,21.9512195121951,21.9512195
461,2017,"Wesermarsch",Ukraine,Veränderung gegenüber 2005 in Prozent,K03461,-14.2857142857143,-14.2857143
462,2017,"Wittmund",Ukraine,Veränderung gegenüber 2005 in Prozent,K03462,-9.09090909090909,-9.09090909
4,2017,"Statistische Region Weser-Ems",Ukraine,Veränderung gegenüber 2005 in Prozent,K034,0.160578081091931,0.16057808
0,2017,"Niedersachsen",Ukraine,Veränderung gegenüber 2005 in Prozent,K030,-8.75818119187048,-8.75818119
101,2018,"Braunschweig, Stadt",Ukraine,Veränderung gegenüber 2005 in Prozent,K03101,12.2159090909091,12.2159091
102,2018,"Salzgitter, Stadt",Ukraine,Veränderung gegenüber 2005 in Prozent,K03102,47.0588235294118,47.0588235
103,2018,"Wolfsburg, Stadt",Ukraine,Veränderung gegenüber 2005 in Prozent,K03103,81.3186813186813,81.3186813
151,2018,"Gifhorn",Ukraine,Veränderung gegenüber 2005 in Prozent,K03151,35.4166666666667,35.4166667
153,2018,"Goslar",Ukraine,Veränderung gegenüber 2005 in Prozent,K03153,30.4347826086957,30.4347826
154,2018,"Helmstedt",Ukraine,Veränderung gegenüber 2005 in Prozent,K03154,22.2222222222222,22.2222222
155,2018,"Northeim",Ukraine,Veränderung gegenüber 2005 in Prozent,K03155,77.9661016949153,77.9661017
157,2018,"Peine",Ukraine,Veränderung gegenüber 2005 in Prozent,K03157,116.216216216216,116.216216
158,2018,"Wolfenbüttel",Ukraine,Veränderung gegenüber 2005 in Prozent,K03158,3.77358490566038,3.77358491
159,2018,"Göttingen",Ukraine,Veränderung gegenüber 2005 in Prozent,K03159,-6.25,-6.25
1,2018,"Statistische Region Braunschweig",Ukraine,Veränderung gegenüber 2005 in Prozent,K031,19.9859254046446,19.9859254
241,2018,"Region Hannover",Ukraine,Veränderung gegenüber 2005 in Prozent,K03241,-24.2191500256016,-24.21915
241001,2018,"dav. Hannover, Lhst.",Ukraine,Veränderung gegenüber 2005 in Prozent,K03241001,-28.4815436241611,-28.4815436
241999,2018,"dav. Hannover, Umland",Ukraine,Veränderung gegenüber 2005 in Prozent,K03241999,-5.59120073327223,-5.59120073
251,2018,"Diepholz",Ukraine,Veränderung gegenüber 2005 in Prozent,K03251,39.8305084745763,39.8305085
252,2018,"Hameln-Pyrmont",Ukraine,Veränderung gegenüber 2005 in Prozent,K03252,-29.1338582677165,-29.1338583
254,2018,"Hildesheim",Ukraine,Veränderung gegenüber 2005 in Prozent,K03254,51.5957446808511,51.5957447
255,2018,"Holzminden",Ukraine,Veränderung gegenüber 2005 in Prozent,K03255,117.391304347826,117.391304
256,2018,"Nienburg (Weser)",Ukraine,Veränderung gegenüber 2005 in Prozent,K03256,29.3103448275862,29.3103448
257,2018,"Schaumburg",Ukraine,Veränderung gegenüber 2005 in Prozent,K03257,-12.8440366972477,-12.8440367
2,2018,"Statistische Region Hannover",Ukraine,Veränderung gegenüber 2005 in Prozent,K032,-20.2243916654524,-20.2243917
351,2018,"Celle",Ukraine,Veränderung gegenüber 2005 in Prozent,K03351,19.4690265486726,19.4690265
352,2018,"Cuxhaven",Ukraine,Veränderung gegenüber 2005 in Prozent,K03352,86.5671641791045,86.5671642
353,2018,"Harburg",Ukraine,Veränderung gegenüber 2005 in Prozent,K03353,66.6666666666667,66.6666667
354,2018,"Lüchow-Dannenberg",Ukraine,Veränderung gegenüber 2005 in Prozent,K03354,75,75
355,2018,"Lüneburg",Ukraine,Veränderung gegenüber 2005 in Prozent,K03355,25,25
356,2018,"Osterholz",Ukraine,Veränderung gegenüber 2005 in Prozent,K03356,15.3846153846154,15.3846154
357,2018,"Rotenburg (Wümme)",Ukraine,Veränderung gegenüber 2005 in Prozent,K03357,29.8701298701299,29.8701299
358,2018,"Heidekreis",Ukraine,Veränderung gegenüber 2005 in Prozent,K03358,48.3516483516484,48.3516484
359,2018,"Stade",Ukraine,Veränderung gegenüber 2005 in Prozent,K03359,33.0275229357798,33.0275229
360,2018,"Uelzen",Ukraine,Veränderung gegenüber 2005 in Prozent,K03360,66.6666666666667,66.6666667
361,2018,"Verden",Ukraine,Veränderung gegenüber 2005 in Prozent,K03361,32.8125,32.8125
3,2018,"Statistische Region Lüneburg",Ukraine,Veränderung gegenüber 2005 in Prozent,K033,42.1744324970131,42.1744325
401,2018,"Delmenhorst, Stadt",Ukraine,Veränderung gegenüber 2005 in Prozent,K03401,-24.0740740740741,-24.0740741
402,2018,"Emden, Stadt",Ukraine,Veränderung gegenüber 2005 in Prozent,K03402,56.25,56.25
403,2018,"Oldenburg (Oldb), Stadt",Ukraine,Veränderung gegenüber 2005 in Prozent,K03403,-12.9554655870445,-12.9554656
404,2018,"Osnabrück, Stadt",Ukraine,Veränderung gegenüber 2005 in Prozent,K03404,-41.1764705882353,-41.1764706
405,2018,"Wilhelmshaven, Stadt",Ukraine,Veränderung gegenüber 2005 in Prozent,K03405,1.85185185185185,1.85185185
451,2018,"Ammerland",Ukraine,Veränderung gegenüber 2005 in Prozent,K03451,103.125,103.125
452,2018,"Aurich",Ukraine,Veränderung gegenüber 2005 in Prozent,K03452,79.4871794871795,79.4871795
453,2018,"Cloppenburg",Ukraine,Veränderung gegenüber 2005 in Prozent,K03453,161.904761904762,161.904762
454,2018,"Emsland",Ukraine,Veränderung gegenüber 2005 in Prozent,K03454,80.327868852459,80.3278689
455,2018,"Friesland",Ukraine,Veränderung gegenüber 2005 in Prozent,K03455,11.1111111111111,11.1111111
456,2018,"Grafschaft Bentheim",Ukraine,Veränderung gegenüber 2005 in Prozent,K03456,112.765957446809,112.765957
457,2018,"Leer",Ukraine,Veränderung gegenüber 2005 in Prozent,K03457,37.0967741935484,37.0967742
458,2018,"Oldenburg",Ukraine,Veränderung gegenüber 2005 in Prozent,K03458,215.789473684211,215.789474
459,2018,"Osnabrück",Ukraine,Veränderung gegenüber 2005 in Prozent,K03459,40.3846153846154,40.3846154
460,2018,"Vechta",Ukraine,Veränderung gegenüber 2005 in Prozent,K03460,38.2113821138211,38.2113821
461,2018,"Wesermarsch",Ukraine,Veränderung gegenüber 2005 in Prozent,K03461,-21.4285714285714,-21.4285714
462,2018,"Wittmund",Ukraine,Veränderung gegenüber 2005 in Prozent,K03462,36.3636363636364,36.3636364
4,2018,"Statistische Region Weser-Ems",Ukraine,Veränderung gegenüber 2005 in Prozent,K034,6.78442392613408,6.78442393
0,2018,"Niedersachsen",Ukraine,Veränderung gegenüber 2005 in Prozent,K030,-5.01205649328281,-5.01205649
101,2019,"Braunschweig, Stadt",Ukraine,Veränderung gegenüber 2005 in Prozent,K03101,20.7386363636364,20.7386364
102,2019,"Salzgitter, Stadt",Ukraine,Veränderung gegenüber 2005 in Prozent,K03102,69.1176470588235,69.1176471
103,2019,"Wolfsburg, Stadt",Ukraine,Veränderung gegenüber 2005 in Prozent,K03103,92.3076923076923,92.3076923
151,2019,"Gifhorn",Ukraine,Veränderung gegenüber 2005 in Prozent,K03151,40.625,40.625
153,2019,"Goslar",Ukraine,Veränderung gegenüber 2005 in Prozent,K03153,46.7391304347826,46.7391304
154,2019,"Helmstedt",Ukraine,Veränderung gegenüber 2005 in Prozent,K03154,33.3333333333333,33.3333333
155,2019,"Northeim",Ukraine,Veränderung gegenüber 2005 in Prozent,K03155,94.9152542372881,94.9152542
157,2019,"Peine",Ukraine,Veränderung gegenüber 2005 in Prozent,K03157,129.72972972973,129.72973
158,2019,"Wolfenbüttel",Ukraine,Veränderung gegenüber 2005 in Prozent,K03158,3.77358490566038,3.77358491
159,2019,"Göttingen",Ukraine,Veränderung gegenüber 2005 in Prozent,K03159,-8.14393939393939,-8.14393939
1,2019,"Statistische Region Braunschweig",Ukraine,Veränderung gegenüber 2005 in Prozent,K031,25.615763546798,25.6157635
241,2019,"Region Hannover",Ukraine,Veränderung gegenüber 2005 in Prozent,K03241,-23.8777948455368,-23.8777948
241001,2019,"dav. Hannover, Lhst.",Ukraine,Veränderung gegenüber 2005 in Prozent,K03241001,-27.5377516778523,-27.5377517
241999,2019,"dav. Hannover, Umland",Ukraine,Veränderung gegenüber 2005 in Prozent,K03241999,-7.8826764436297,-7.88267644
251,2019,"Diepholz",Ukraine,Veränderung gegenüber 2005 in Prozent,K03251,52.5423728813559,52.5423729
252,2019,"Hameln-Pyrmont",Ukraine,Veränderung gegenüber 2005 in Prozent,K03252,-26.1811023622047,-26.1811024
254,2019,"Hildesheim",Ukraine,Veränderung gegenüber 2005 in Prozent,K03254,51.5957446808511,51.5957447
255,2019,"Holzminden",Ukraine,Veränderung gegenüber 2005 in Prozent,K03255,139.130434782609,139.130435
256,2019,"Nienburg (Weser)",Ukraine,Veränderung gegenüber 2005 in Prozent,K03256,20.6896551724138,20.6896552
257,2019,"Schaumburg",Ukraine,Veränderung gegenüber 2005 in Prozent,K03257,-8.25688073394495,-8.25688073
2,2019,"Statistische Region Hannover",Ukraine,Veränderung gegenüber 2005 in Prozent,K032,-19.5687017339356,-19.5687017
351,2019,"Celle",Ukraine,Veränderung gegenüber 2005 in Prozent,K03351,23.8938053097345,23.8938053
352,2019,"Cuxhaven",Ukraine,Veränderung gegenüber 2005 in Prozent,K03352,79.1044776119403,79.1044776
353,2019,"Harburg",Ukraine,Veränderung gegenüber 2005 in Prozent,K03353,95.1219512195122,95.1219512
354,2019,"Lüchow-Dannenberg",Ukraine,Veränderung gegenüber 2005 in Prozent,K03354,50,50
355,2019,"Lüneburg",Ukraine,Veränderung gegenüber 2005 in Prozent,K03355,25,25
356,2019,"Osterholz",Ukraine,Veränderung gegenüber 2005 in Prozent,K03356,15.3846153846154,15.3846154
357,2019,"Rotenburg (Wümme)",Ukraine,Veränderung gegenüber 2005 in Prozent,K03357,49.3506493506493,49.3506494
358,2019,"Heidekreis",Ukraine,Veränderung gegenüber 2005 in Prozent,K03358,70.3296703296703,70.3296703
359,2019,"Stade",Ukraine,Veränderung gegenüber 2005 in Prozent,K03359,28.4403669724771,28.440367
360,2019,"Uelzen",Ukraine,Veränderung gegenüber 2005 in Prozent,K03360,112.121212121212,112.121212
361,2019,"Verden",Ukraine,Veränderung gegenüber 2005 in Prozent,K03361,40.625,40.625
3,2019,"Statistische Region Lüneburg",Ukraine,Veränderung gegenüber 2005 in Prozent,K033,52.3297491039427,52.3297491
401,2019,"Delmenhorst, Stadt",Ukraine,Veränderung gegenüber 2005 in Prozent,K03401,-18.5185185185185,-18.5185185
402,2019,"Emden, Stadt",Ukraine,Veränderung gegenüber 2005 in Prozent,K03402,71.875,71.875
403,2019,"Oldenburg (Oldb), Stadt",Ukraine,Veränderung gegenüber 2005 in Prozent,K03403,-12.9554655870445,-12.9554656
404,2019,"Osnabrück, Stadt",Ukraine,Veränderung gegenüber 2005 in Prozent,K03404,-42.7521008403361,-42.7521008
405,2019,"Wilhelmshaven, Stadt",Ukraine,Veränderung gegenüber 2005 in Prozent,K03405,20.3703703703704,20.3703704
451,2019,"Ammerland",Ukraine,Veränderung gegenüber 2005 in Prozent,K03451,118.75,118.75
452,2019,"Aurich",Ukraine,Veränderung gegenüber 2005 in Prozent,K03452,105.128205128205,105.128205
453,2019,"Cloppenburg",Ukraine,Veränderung gegenüber 2005 in Prozent,K03453,152.380952380952,152.380952
454,2019,"Emsland",Ukraine,Veränderung gegenüber 2005 in Prozent,K03454,109.016393442623,109.016393
455,2019,"Friesland",Ukraine,Veränderung gegenüber 2005 in Prozent,K03455,29.6296296296296,29.6296296
456,2019,"Grafschaft Bentheim",Ukraine,Veränderung gegenüber 2005 in Prozent,K03456,123.404255319149,123.404255
457,2019,"Leer",Ukraine,Veränderung gegenüber 2005 in Prozent,K03457,109.677419354839,109.677419
458,2019,"Oldenburg",Ukraine,Veränderung gegenüber 2005 in Prozent,K03458,84.2105263157895,84.2105263
459,2019,"Osnabrück",Ukraine,Veränderung gegenüber 2005 in Prozent,K03459,57.6923076923077,57.6923077
460,2019,"Vechta",Ukraine,Veränderung gegenüber 2005 in Prozent,K03460,30.0813008130081,30.0813008
461,2019,"Wesermarsch",Ukraine,Veränderung gegenüber 2005 in Prozent,K03461,-7.14285714285714,-7.14285714
462,2019,"Wittmund",Ukraine,Veränderung gegenüber 2005 in Prozent,K03462,-9.09090909090909,-9.09090909
4,2019,"Statistische Region Weser-Ems",Ukraine,Veränderung gegenüber 2005 in Prozent,K034,10.9995985547973,10.9995986
0,2019,"Niedersachsen",Ukraine,Veränderung gegenüber 2005 in Prozent,K030,-2.29934550465036,-2.2993455
101,2020,"Braunschweig, Stadt",Ukraine,Veränderung gegenüber 2005 in Prozent,K03101,17.8977272727273,17.8977273
102,2020,"Salzgitter, Stadt",Ukraine,Veränderung gegenüber 2005 in Prozent,K03102,105.882352941176,105.882353
103,2020,"Wolfsburg, Stadt",Ukraine,Veränderung gegenüber 2005 in Prozent,K03103,92.3076923076923,92.3076923
151,2020,"Gifhorn",Ukraine,Veränderung gegenüber 2005 in Prozent,K03151,61.4583333333333,61.4583333
153,2020,"Goslar",Ukraine,Veränderung gegenüber 2005 in Prozent,K03153,57.6086956521739,57.6086957
154,2020,"Helmstedt",Ukraine,Veränderung gegenüber 2005 in Prozent,K03154,55.5555555555556,55.5555556
155,2020,"Northeim",Ukraine,Veränderung gegenüber 2005 in Prozent,K03155,77.9661016949153,77.9661017
157,2020,"Peine",Ukraine,Veränderung gegenüber 2005 in Prozent,K03157,129.72972972973,129.72973
158,2020,"Wolfenbüttel",Ukraine,Veränderung gegenüber 2005 in Prozent,K03158,13.2075471698113,13.2075472
159,2020,"Göttingen",Ukraine,Veränderung gegenüber 2005 in Prozent,K03159,-8.14393939393939,-8.14393939
1,2020,"Statistische Region Braunschweig",Ukraine,Veränderung gegenüber 2005 in Prozent,K031,29.1344123856439,29.1344124
241,2020,"Region Hannover",Ukraine,Veränderung gegenüber 2005 in Prozent,K03241,-26.1819423109746,-26.1819423
241001,2020,"dav. Hannover, Lhst.",Ukraine,Veränderung gegenüber 2005 in Prozent,K03241001,-30.7885906040268,-30.7885906
241999,2020,"dav. Hannover, Umland",Ukraine,Veränderung gegenüber 2005 in Prozent,K03241999,-6.50779101741522,-6.50779102
251,2020,"Diepholz",Ukraine,Veränderung gegenüber 2005 in Prozent,K03251,56.7796610169492,56.779661
252,2020,"Hameln-Pyrmont",Ukraine,Veränderung gegenüber 2005 in Prozent,K03252,-25.1968503937008,-25.1968504
254,2020,"Hildesheim",Ukraine,Veränderung gegenüber 2005 in Prozent,K03254,51.5957446808511,51.5957447
255,2020,"Holzminden",Ukraine,Veränderung gegenüber 2005 in Prozent,K03255,95.6521739130435,95.6521739
256,2020,"Nienburg (Weser)",Ukraine,Veränderung gegenüber 2005 in Prozent,K03256,55.1724137931034,55.1724138
257,2020,"Schaumburg",Ukraine,Veränderung gegenüber 2005 in Prozent,K03257,0.917431192660551,0.91743119
2,2020,"Statistische Region Hannover",Ukraine,Veränderung gegenüber 2005 in Prozent,K032,-21.1714993443101,-21.1714993
351,2020,"Celle",Ukraine,Veränderung gegenüber 2005 in Prozent,K03351,23.8938053097345,23.8938053
352,2020,"Cuxhaven",Ukraine,Veränderung gegenüber 2005 in Prozent,K03352,94.0298507462687,94.0298507
353,2020,"Harburg",Ukraine,Veränderung gegenüber 2005 in Prozent,K03353,103.252032520325,103.252033
354,2020,"Lüchow-Dannenberg",Ukraine,Veränderung gegenüber 2005 in Prozent,K03354,175,175
355,2020,"Lüneburg",Ukraine,Veränderung gegenüber 2005 in Prozent,K03355,30.6818181818182,30.6818182
356,2020,"Osterholz",Ukraine,Veränderung gegenüber 2005 in Prozent,K03356,34.6153846153846,34.6153846
357,2020,"Rotenburg (Wümme)",Ukraine,Veränderung gegenüber 2005 in Prozent,K03357,49.3506493506493,49.3506494
358,2020,"Heidekreis",Ukraine,Veränderung gegenüber 2005 in Prozent,K03358,59.3406593406593,59.3406593
359,2020,"Stade",Ukraine,Veränderung gegenüber 2005 in Prozent,K03359,28.4403669724771,28.440367
360,2020,"Uelzen",Ukraine,Veränderung gegenüber 2005 in Prozent,K03360,142.424242424242,142.424242
361,2020,"Verden",Ukraine,Veränderung gegenüber 2005 in Prozent,K03361,48.4375,48.4375
3,2020,"Statistische Region Lüneburg",Ukraine,Veränderung gegenüber 2005 in Prozent,K033,59.4982078853047,59.4982079
401,2020,"Delmenhorst, Stadt",Ukraine,Veränderung gegenüber 2005 in Prozent,K03401,-16.6666666666667,-16.6666667
402,2020,"Emden, Stadt",Ukraine,Veränderung gegenüber 2005 in Prozent,K03402,103.125,103.125
403,2020,"Oldenburg (Oldb), Stadt",Ukraine,Veränderung gegenüber 2005 in Prozent,K03403,-8.90688259109312,-8.90688259
404,2020,"Osnabrück, Stadt",Ukraine,Veränderung gegenüber 2005 in Prozent,K03404,-43.2773109243698,-43.2773109
405,2020,"Wilhelmshaven, Stadt",Ukraine,Veränderung gegenüber 2005 in Prozent,K03405,20.3703703703704,20.3703704
451,2020,"Ammerland",Ukraine,Veränderung gegenüber 2005 in Prozent,K03451,165.625,165.625
452,2020,"Aurich",Ukraine,Veränderung gegenüber 2005 in Prozent,K03452,130.769230769231,130.769231
453,2020,"Cloppenburg",Ukraine,Veränderung gegenüber 2005 in Prozent,K03453,142.857142857143,142.857143
454,2020,"Emsland",Ukraine,Veränderung gegenüber 2005 in Prozent,K03454,117.213114754098,117.213115
455,2020,"Friesland",Ukraine,Veränderung gegenüber 2005 in Prozent,K03455,66.6666666666667,66.6666667
456,2020,"Grafschaft Bentheim",Ukraine,Veränderung gegenüber 2005 in Prozent,K03456,134.042553191489,134.042553
457,2020,"Leer",Ukraine,Veränderung gegenüber 2005 in Prozent,K03457,93.5483870967742,93.5483871
458,2020,"Oldenburg",Ukraine,Veränderung gegenüber 2005 in Prozent,K03458,97.3684210526316,97.3684211
459,2020,"Osnabrück",Ukraine,Veränderung gegenüber 2005 in Prozent,K03459,63.4615384615385,63.4615385
460,2020,"Vechta",Ukraine,Veränderung gegenüber 2005 in Prozent,K03460,34.1463414634146,34.1463415
461,2020,"Wesermarsch",Ukraine,Veränderung gegenüber 2005 in Prozent,K03461,-21.4285714285714,-21.4285714
462,2020,"Wittmund",Ukraine,Veränderung gegenüber 2005 in Prozent,K03462,36.3636363636364,36.3636364
4,2020,"Statistische Region Weser-Ems",Ukraine,Veränderung gegenüber 2005 in Prozent,K034,13.6089923725411,13.6089924
0,2020,"Niedersachsen",Ukraine,Veränderung gegenüber 2005 in Prozent,K030,-1.73957974509128,-1.73957975
101,2021,"Braunschweig, Stadt",Ukraine,Veränderung gegenüber 2005 in Prozent,K03101,22.1590909090909,22.1590909
102,2021,"Salzgitter, Stadt",Ukraine,Veränderung gegenüber 2005 in Prozent,K03102,120.588235294118,120.588235
103,2021,"Wolfsburg, Stadt",Ukraine,Veränderung gegenüber 2005 in Prozent,K03103,97.8021978021978,97.8021978
151,2021,"Gifhorn",Ukraine,Veränderung gegenüber 2005 in Prozent,K03151,66.6666666666667,66.6666667
153,2021,"Goslar",Ukraine,Veränderung gegenüber 2005 in Prozent,K03153,52.1739130434783,52.173913
154,2021,"Helmstedt",Ukraine,Veränderung gegenüber 2005 in Prozent,K03154,66.6666666666667,66.6666667
155,2021,"Northeim",Ukraine,Veränderung gegenüber 2005 in Prozent,K03155,94.9152542372881,94.9152542
157,2021,"Peine",Ukraine,Veränderung gegenüber 2005 in Prozent,K03157,156.756756756757,156.756757
158,2021,"Wolfenbüttel",Ukraine,Veränderung gegenüber 2005 in Prozent,K03158,32.0754716981132,32.0754717
159,2021,"Göttingen",Ukraine,Veränderung gegenüber 2005 in Prozent,K03159,-6.25,-6.25
1,2021,"Statistische Region Braunschweig",Ukraine,Veränderung gegenüber 2005 in Prozent,K031,34.0605207600281,34.0605208
241,2021,"Region Hannover",Ukraine,Veränderung gegenüber 2005 in Prozent,K03241,-25.2432155657962,-25.2432156
241001,2021,"dav. Hannover, Lhst.",Ukraine,Veränderung gegenüber 2005 in Prozent,K03241001,-30.8934563758389,-30.8934564
241999,2021,"dav. Hannover, Umland",Ukraine,Veränderung gegenüber 2005 in Prozent,K03241999,-0.549954170485793,-0.54995417
251,2021,"Diepholz",Ukraine,Veränderung gegenüber 2005 in Prozent,K03251,86.4406779661017,86.440678
252,2021,"Hameln-Pyrmont",Ukraine,Veränderung gegenüber 2005 in Prozent,K03252,-23.2283464566929,-23.2283465
254,2021,"Hildesheim",Ukraine,Veränderung gegenüber 2005 in Prozent,K03254,64.8936170212766,64.893617
255,2021,"Holzminden",Ukraine,Veränderung gegenüber 2005 in Prozent,K03255,139.130434782609,139.130435
256,2021,"Nienburg (Weser)",Ukraine,Veränderung gegenüber 2005 in Prozent,K03256,46.551724137931,46.5517241
257,2021,"Schaumburg",Ukraine,Veränderung gegenüber 2005 in Prozent,K03257,14.6788990825688,14.6788991
2,2021,"Statistische Region Hannover",Ukraine,Veränderung gegenüber 2005 in Prozent,K032,-18.985866239254,-18.9858662
351,2021,"Celle",Ukraine,Veränderung gegenüber 2005 in Prozent,K03351,28.3185840707965,28.3185841
352,2021,"Cuxhaven",Ukraine,Veränderung gegenüber 2005 in Prozent,K03352,131.34328358209,131.343284
353,2021,"Harburg",Ukraine,Veränderung gegenüber 2005 in Prozent,K03353,123.577235772358,123.577236
354,2021,"Lüchow-Dannenberg",Ukraine,Veränderung gegenüber 2005 in Prozent,K03354,50,50
355,2021,"Lüneburg",Ukraine,Veränderung gegenüber 2005 in Prozent,K03355,36.3636363636364,36.3636364
356,2021,"Osterholz",Ukraine,Veränderung gegenüber 2005 in Prozent,K03356,63.4615384615385,63.4615385
357,2021,"Rotenburg (Wümme)",Ukraine,Veränderung gegenüber 2005 in Prozent,K03357,81.8181818181818,81.8181818
358,2021,"Heidekreis",Ukraine,Veränderung gegenüber 2005 in Prozent,K03358,81.3186813186813,81.3186813
359,2021,"Stade",Ukraine,Veränderung gegenüber 2005 in Prozent,K03359,42.2018348623853,42.2018349
360,2021,"Uelzen",Ukraine,Veränderung gegenüber 2005 in Prozent,K03360,142.424242424242,142.424242
361,2021,"Verden",Ukraine,Veränderung gegenüber 2005 in Prozent,K03361,48.4375,48.4375
3,2021,"Statistische Region Lüneburg",Ukraine,Veränderung gegenüber 2005 in Prozent,K033,72.0430107526882,72.0430108
401,2021,"Delmenhorst, Stadt",Ukraine,Veränderung gegenüber 2005 in Prozent,K03401,-12.962962962963,-12.962963
402,2021,"Emden, Stadt",Ukraine,Veränderung gegenüber 2005 in Prozent,K03402,118.75,118.75
403,2021,"Oldenburg (Oldb), Stadt",Ukraine,Veränderung gegenüber 2005 in Prozent,K03403,-2.83400809716599,-2.8340081
404,2021,"Osnabrück, Stadt",Ukraine,Veränderung gegenüber 2005 in Prozent,K03404,-42.7521008403361,-42.7521008
405,2021,"Wilhelmshaven, Stadt",Ukraine,Veränderung gegenüber 2005 in Prozent,K03405,29.6296296296296,29.6296296
451,2021,"Ammerland",Ukraine,Veränderung gegenüber 2005 in Prozent,K03451,165.625,165.625
452,2021,"Aurich",Ukraine,Veränderung gegenüber 2005 in Prozent,K03452,143.589743589744,143.589744
453,2021,"Cloppenburg",Ukraine,Veränderung gegenüber 2005 in Prozent,K03453,128.571428571429,128.571429
454,2021,"Emsland",Ukraine,Veränderung gegenüber 2005 in Prozent,K03454,133.606557377049,133.606557
455,2021,"Friesland",Ukraine,Veränderung gegenüber 2005 in Prozent,K03455,66.6666666666667,66.6666667
456,2021,"Grafschaft Bentheim",Ukraine,Veränderung gegenüber 2005 in Prozent,K03456,219.148936170213,219.148936
457,2021,"Leer",Ukraine,Veränderung gegenüber 2005 in Prozent,K03457,109.677419354839,109.677419
458,2021,"Oldenburg",Ukraine,Veränderung gegenüber 2005 in Prozent,K03458,123.684210526316,123.684211
459,2021,"Osnabrück",Ukraine,Veränderung gegenüber 2005 in Prozent,K03459,71.1538461538462,71.1538462
460,2021,"Vechta",Ukraine,Veränderung gegenüber 2005 in Prozent,K03460,46.3414634146341,46.3414634
461,2021,"Wesermarsch",Ukraine,Veränderung gegenüber 2005 in Prozent,K03461,-21.4285714285714,-21.4285714
462,2021,"Wittmund",Ukraine,Veränderung gegenüber 2005 in Prozent,K03462,127.272727272727,127.272727
4,2021,"Statistische Region Weser-Ems",Ukraine,Veränderung gegenüber 2005 in Prozent,K034,19.6306704134886,19.6306704
0,2021,"Niedersachsen",Ukraine,Veränderung gegenüber 2005 in Prozent,K030,2.39407509472959,2.39407509
101,2022,"Braunschweig, Stadt",Ukraine,Veränderung gegenüber 2005 in Prozent,K03101,912.784090909091,912.784091
102,2022,"Salzgitter, Stadt",Ukraine,Veränderung gegenüber 2005 in Prozent,K03102,1936.76470588235,1936.76471
103,2022,"Wolfsburg, Stadt",Ukraine,Veränderung gegenüber 2005 in Prozent,K03103,2328.57142857143,2328.57143
151,2022,"Gifhorn",Ukraine,Veränderung gegenüber 2005 in Prozent,K03151,2155.20833333333,2155.20833
153,2022,"Goslar",Ukraine,Veränderung gegenüber 2005 in Prozent,K03153,1905.4347826087,1905.43478
154,2022,"Helmstedt",Ukraine,Veränderung gegenüber 2005 in Prozent,K03154,3177.77777777778,3177.77778
155,2022,"Northeim",Ukraine,Veränderung gegenüber 2005 in Prozent,K03155,4442.37288135593,4442.37288
157,2022,"Peine",Ukraine,Veränderung gegenüber 2005 in Prozent,K03157,4845.94594594595,4845.94595
158,2022,"Wolfenbüttel",Ukraine,Veränderung gegenüber 2005 in Prozent,K03158,3088.67924528302,3088.67925
159,2022,"Göttingen",Ukraine,Veränderung gegenüber 2005 in Prozent,K03159,731.439393939394,731.439394
1,2022,"Statistische Region Braunschweig",Ukraine,Veränderung gegenüber 2005 in Prozent,K031,1535.11611541168,1535.11612
241,2022,"Region Hannover",Ukraine,Veränderung gegenüber 2005 in Prozent,K03241,287.438129373613,287.438129
241001,2022,"dav. Hannover, Lhst.",Ukraine,Veränderung gegenüber 2005 in Prozent,K03241001,113.401845637584,113.401846
241999,2022,"dav. Hannover, Umland",Ukraine,Veränderung gegenüber 2005 in Prozent,K03241999,1048.02933088909,1048.02933
251,2022,"Diepholz",Ukraine,Veränderung gegenüber 2005 in Prozent,K03251,2315.25423728814,2315.25424
252,2022,"Hameln-Pyrmont",Ukraine,Veränderung gegenüber 2005 in Prozent,K03252,442.322834645669,442.322835
254,2022,"Hildesheim",Ukraine,Veränderung gegenüber 2005 in Prozent,K03254,2192.55319148936,2192.55319
255,2022,"Holzminden",Ukraine,Veränderung gegenüber 2005 in Prozent,K03255,5573.91304347826,5573.91304
256,2022,"Nienburg (Weser)",Ukraine,Veränderung gegenüber 2005 in Prozent,K03256,2968.96551724138,2968.96552
257,2022,"Schaumburg",Ukraine,Veränderung gegenüber 2005 in Prozent,K03257,1730.2752293578,1730.27523
2,2022,"Statistische Region Hannover",Ukraine,Veränderung gegenüber 2005 in Prozent,K032,449.249599300597,449.249599
351,2022,"Celle",Ukraine,Veränderung gegenüber 2005 in Prozent,K03351,1908.84955752212,1908.84956
352,2022,"Cuxhaven",Ukraine,Veränderung gegenüber 2005 in Prozent,K03352,3467.16417910448,3467.16418
353,2022,"Harburg",Ukraine,Veränderung gegenüber 2005 in Prozent,K03353,2460.9756097561,2460.97561
354,2022,"Lüchow-Dannenberg",Ukraine,Veränderung gegenüber 2005 in Prozent,K03354,3775,3775
355,2022,"Lüneburg",Ukraine,Veränderung gegenüber 2005 in Prozent,K03355,2110.22727272727,2110.22727
356,2022,"Osterholz",Ukraine,Veränderung gegenüber 2005 in Prozent,K03356,2755.76923076923,2755.76923
357,2022,"Rotenburg (Wümme)",Ukraine,Veränderung gegenüber 2005 in Prozent,K03357,2640.25974025974,2640.25974
358,2022,"Heidekreis",Ukraine,Veränderung gegenüber 2005 in Prozent,K03358,3685.71428571429,3685.71429
359,2022,"Stade",Ukraine,Veränderung gegenüber 2005 in Prozent,K03359,2601.83486238532,2601.83486
360,2022,"Uelzen",Ukraine,Veränderung gegenüber 2005 in Prozent,K03360,4490.90909090909,4490.90909
361,2022,"Verden",Ukraine,Veränderung gegenüber 2005 in Prozent,K03361,2603.125,2603.125
3,2022,"Statistische Region Lüneburg",Ukraine,Veränderung gegenüber 2005 in Prozent,K033,2738.70967741935,2738.70968
401,2022,"Delmenhorst, Stadt",Ukraine,Veränderung gegenüber 2005 in Prozent,K03401,335.185185185185,335.185185
402,2022,"Emden, Stadt",Ukraine,Veränderung gegenüber 2005 in Prozent,K03402,2946.875,2946.875
403,2022,"Oldenburg (Oldb), Stadt",Ukraine,Veränderung gegenüber 2005 in Prozent,K03403,715.789473684211,715.789474
404,2022,"Osnabrück, Stadt",Ukraine,Veränderung gegenüber 2005 in Prozent,K03404,204.621848739496,204.621849
405,2022,"Wilhelmshaven, Stadt",Ukraine,Veränderung gegenüber 2005 in Prozent,K03405,1937.03703703704,1937.03704
451,2022,"Ammerland",Ukraine,Veränderung gegenüber 2005 in Prozent,K03451,4650,4650
452,2022,"Aurich",Ukraine,Veränderung gegenüber 2005 in Prozent,K03452,4464.10256410256,4464.10256
453,2022,"Cloppenburg",Ukraine,Veränderung gegenüber 2005 in Prozent,K03453,2671.42857142857,2671.42857
454,2022,"Emsland",Ukraine,Veränderung gegenüber 2005 in Prozent,K03454,3162.29508196721,3162.29508
455,2022,"Friesland",Ukraine,Veränderung gegenüber 2005 in Prozent,K03455,4511.11111111111,4511.11111
456,2022,"Grafschaft Bentheim",Ukraine,Veränderung gegenüber 2005 in Prozent,K03456,4400,4400
457,2022,"Leer",Ukraine,Veränderung gegenüber 2005 in Prozent,K03457,3190.32258064516,3190.32258
458,2022,"Oldenburg",Ukraine,Veränderung gegenüber 2005 in Prozent,K03458,3426.31578947368,3426.31579
459,2022,"Osnabrück",Ukraine,Veränderung gegenüber 2005 in Prozent,K03459,1826.92307692308,1826.92308
460,2022,"Vechta",Ukraine,Veränderung gegenüber 2005 in Prozent,K03460,1708.94308943089,1708.94309
461,2022,"Wesermarsch",Ukraine,Veränderung gegenüber 2005 in Prozent,K03461,1757.14285714286,1757.14286
462,2022,"Wittmund",Ukraine,Veränderung gegenüber 2005 in Prozent,K03462,8127.27272727273,8127.27273
4,2022,"Statistische Region Weser-Ems",Ukraine,Veränderung gegenüber 2005 in Prozent,K034,1286.59173022882,1286.59173
0,2022,"Niedersachsen",Ukraine,Veränderung gegenüber 2005 in Prozent,K030,926.782638649673,926.782639
101,2023,"Braunschweig, Stadt",Ukraine,Veränderung gegenüber 2005 in Prozent,K03101,969.602272727273,969.602273
102,2023,"Salzgitter, Stadt",Ukraine,Veränderung gegenüber 2005 in Prozent,K03102,1936.76470588235,1936.76471
103,2023,"Wolfsburg, Stadt",Ukraine,Veränderung gegenüber 2005 in Prozent,K03103,2284.61538461538,2284.61538
151,2023,"Gifhorn",Ukraine,Veränderung gegenüber 2005 in Prozent,K03151,1821.875,1821.875
153,2023,"Goslar",Ukraine,Veränderung gegenüber 2005 in Prozent,K03153,2361.95652173913,2361.95652
154,2023,"Helmstedt",Ukraine,Veränderung gegenüber 2005 in Prozent,K03154,3355.55555555556,3355.55556
155,2023,"Northeim",Ukraine,Veränderung gegenüber 2005 in Prozent,K03155,4332.20338983051,4332.20339
157,2023,"Peine",Ukraine,Veränderung gegenüber 2005 in Prozent,K03157,5251.35135135135,5251.35135
158,2023,"Wolfenbüttel",Ukraine,Veränderung gegenüber 2005 in Prozent,K03158,2975.47169811321,2975.4717
159,2023,"Göttingen",Ukraine,Veränderung gegenüber 2005 in Prozent,K03159,793.939393939394,793.939394
1,2023,"Statistische Region Braunschweig",Ukraine,Veränderung gegenüber 2005 in Prozent,K031,1583.67346938776,1583.67347
241,2023,"Region Hannover",Ukraine,Veränderung gegenüber 2005 in Prozent,K03241,240.928486089776,240.928486
241001,2023,"dav. Hannover, Lhst.",Ukraine,Veränderung gegenüber 2005 in Prozent,K03241001,136.157718120805,136.157718
241999,2023,"dav. Hannover, Umland",Ukraine,Veränderung gegenüber 2005 in Prozent,K03241999,698.808432630614,698.808433
251,2023,"Diepholz",Ukraine,Veränderung gegenüber 2005 in Prozent,K03251,2391.52542372881,2391.52542
252,2023,"Hameln-Pyrmont",Ukraine,Veränderung gegenüber 2005 in Prozent,K03252,485.629921259843,485.629921
254,2023,"Hildesheim",Ukraine,Veränderung gegenüber 2005 in Prozent,K03254,2043.6170212766,2043.61702
255,2023,"Holzminden",Ukraine,Veränderung gegenüber 2005 in Prozent,K03255,6334.78260869565,6334.78261
256,2023,"Nienburg (Weser)",Ukraine,Veränderung gegenüber 2005 in Prozent,K03256,3201.72413793103,3201.72414
257,2023,"Schaumburg",Ukraine,Veränderung gegenüber 2005 in Prozent,K03257,1799.08256880734,1799.08257
2,2023,"Statistische Region Hannover",Ukraine,Veränderung gegenüber 2005 in Prozent,K032,415.590849482734,415.590849
351,2023,"Celle",Ukraine,Veränderung gegenüber 2005 in Prozent,K03351,2059.29203539823,2059.29204
352,2023,"Cuxhaven",Ukraine,Veränderung gegenüber 2005 in Prozent,K03352,3571.64179104478,3571.64179
353,2023,"Harburg",Ukraine,Veränderung gegenüber 2005 in Prozent,K03353,2318.69918699187,2318.69919
354,2023,"Lüchow-Dannenberg",Ukraine,Veränderung gegenüber 2005 in Prozent,K03354,3725,3725
355,2023,"Lüneburg",Ukraine,Veränderung gegenüber 2005 in Prozent,K03355,2070.45454545455,2070.45455
356,2023,"Osterholz",Ukraine,Veränderung gegenüber 2005 in Prozent,K03356,2880.76923076923,2880.76923
357,2023,"Rotenburg (Wümme)",Ukraine,Veränderung gegenüber 2005 in Prozent,K03357,2614.28571428571,2614.28571
358,2023,"Heidekreis",Ukraine,Veränderung gegenüber 2005 in Prozent,K03358,3328.57142857143,3328.57143
359,2023,"Stade",Ukraine,Veränderung gegenüber 2005 in Prozent,K03359,3060.5504587156,3060.55046
360,2023,"Uelzen",Ukraine,Veränderung gegenüber 2005 in Prozent,K03360,4551.51515151515,4551.51515
361,2023,"Verden",Ukraine,Veränderung gegenüber 2005 in Prozent,K03361,2790.625,2790.625
3,2023,"Statistische Region Lüneburg",Ukraine,Veränderung gegenüber 2005 in Prozent,K033,2784.10991636798,2784.10992
401,2023,"Delmenhorst, Stadt",Ukraine,Veränderung gegenüber 2005 in Prozent,K03401,372.222222222222,372.222222
402,2023,"Emden, Stadt",Ukraine,Veränderung gegenüber 2005 in Prozent,K03402,3103.125,3103.125
403,2023,"Oldenburg (Oldb), Stadt",Ukraine,Veränderung gegenüber 2005 in Prozent,K03403,948.582995951417,948.582996
404,2023,"Osnabrück, Stadt",Ukraine,Veränderung gegenüber 2005 in Prozent,K03404,239.810924369748,239.810924
405,2023,"Wilhelmshaven, Stadt",Ukraine,Veränderung gegenüber 2005 in Prozent,K03405,2566.66666666667,2566.66667
451,2023,"Ammerland",Ukraine,Veränderung gegenüber 2005 in Prozent,K03451,4431.25,4431.25
452,2023,"Aurich",Ukraine,Veränderung gegenüber 2005 in Prozent,K03452,4656.41025641026,4656.41026
453,2023,"Cloppenburg",Ukraine,Veränderung gegenüber 2005 in Prozent,K03453,2776.19047619048,2776.19048
454,2023,"Emsland",Ukraine,Veränderung gegenüber 2005 in Prozent,K03454,3617.2131147541,3617.21311
455,2023,"Friesland",Ukraine,Veränderung gegenüber 2005 in Prozent,K03455,4511.11111111111,4511.11111
456,2023,"Grafschaft Bentheim",Ukraine,Veränderung gegenüber 2005 in Prozent,K03456,4570.21276595745,4570.21277
457,2023,"Leer",Ukraine,Veränderung gegenüber 2005 in Prozent,K03457,3029.03225806452,3029.03226
458,2023,"Oldenburg",Ukraine,Veränderung gegenüber 2005 in Prozent,K03458,3347.36842105263,3347.36842
459,2023,"Osnabrück",Ukraine,Veränderung gegenüber 2005 in Prozent,K03459,1946.15384615385,1946.15385
460,2023,"Vechta",Ukraine,Veränderung gegenüber 2005 in Prozent,K03460,1830.89430894309,1830.89431
461,2023,"Wesermarsch",Ukraine,Veränderung gegenüber 2005 in Prozent,K03461,1678.57142857143,1678.57143
462,2023,"Wittmund",Ukraine,Veränderung gegenüber 2005 in Prozent,K03462,7445.45454545455,7445.45455
4,2023,"Statistische Region Weser-Ems",Ukraine,Veränderung gegenüber 2005 in Prozent,K034,1380.5299076676,1380.52991
0,2023,"Niedersachsen",Ukraine,Veränderung gegenüber 2005 in Prozent,K030,936.212538753014,936.212539
101,2024,"Braunschweig, Stadt",Ukraine,Veränderung gegenüber 2005 in Prozent,K03101,936.931818181818,936.931818
102,2024,"Salzgitter, Stadt",Ukraine,Veränderung gegenüber 2005 in Prozent,K03102,2083.82352941176,2083.82353
103,2024,"Wolfsburg, Stadt",Ukraine,Veränderung gegenüber 2005 in Prozent,K03103,2345.05494505495,2345.05495
151,2024,"Gifhorn",Ukraine,Veränderung gegenüber 2005 in Prozent,K03151,1837.5,1837.5
153,2024,"Goslar",Ukraine,Veränderung gegenüber 2005 in Prozent,K03153,2307.60869565217,2307.6087
154,2024,"Helmstedt",Ukraine,Veränderung gegenüber 2005 in Prozent,K03154,3188.88888888889,3188.88889
155,2024,"Northeim",Ukraine,Veränderung gegenüber 2005 in Prozent,K03155,4425.42372881356,4425.42373
157,2024,"Peine",Ukraine,Veränderung gegenüber 2005 in Prozent,K03157,5251.35135135135,5251.35135
158,2024,"Wolfenbüttel",Ukraine,Veränderung gegenüber 2005 in Prozent,K03158,2805.66037735849,2805.66038
159,2024,"Göttingen",Ukraine,Veränderung gegenüber 2005 in Prozent,K03159,777.840909090909,777.840909
1,2024,"Statistische Region Braunschweig",Ukraine,Veränderung gegenüber 2005 in Prozent,K031,1570.65446868403,1570.65447
241,2024,"Region Hannover",Ukraine,Veränderung gegenüber 2005 in Prozent,K03241,253.643966547192,253.643967
241001,2024,"dav. Hannover, Lhst.",Ukraine,Veränderung gegenüber 2005 in Prozent,K03241001,153.04110738255,153.041107
241999,2024,"dav. Hannover, Umland",Ukraine,Veränderung gegenüber 2005 in Prozent,K03241999,693.308890925756,693.308891
251,2024,"Diepholz",Ukraine,Veränderung gegenüber 2005 in Prozent,K03251,2565.25423728814,2565.25424
252,2024,"Hameln-Pyrmont",Ukraine,Veränderung gegenüber 2005 in Prozent,K03252,472.834645669291,472.834646
254,2024,"Hildesheim",Ukraine,Veränderung gegenüber 2005 in Prozent,K03254,1939.89361702128,1939.89362
255,2024,"Holzminden",Ukraine,Veränderung gegenüber 2005 in Prozent,K03255,6747.82608695652,6747.82609
256,2024,"Nienburg (Weser)",Ukraine,Veränderung gegenüber 2005 in Prozent,K03256,3632.75862068966,3632.75862
257,2024,"Schaumburg",Ukraine,Veränderung gegenüber 2005 in Prozent,K03257,1858.71559633028,1858.7156
2,2024,"Statistische Region Hannover",Ukraine,Veränderung gegenüber 2005 in Prozent,K032,431.618825586478,431.618826
351,2024,"Celle",Ukraine,Veränderung gegenüber 2005 in Prozent,K03351,2076.99115044248,2076.99115
352,2024,"Cuxhaven",Ukraine,Veränderung gegenüber 2005 in Prozent,K03352,3347.76119402985,3347.76119
353,2024,"Harburg",Ukraine,Veränderung gegenüber 2005 in Prozent,K03353,2269.91869918699,2269.9187
354,2024,"Lüchow-Dannenberg",Ukraine,Veränderung gegenüber 2005 in Prozent,K03354,3375,3375
355,2024,"Lüneburg",Ukraine,Veränderung gegenüber 2005 in Prozent,K03355,2036.36363636364,2036.36364
356,2024,"Osterholz",Ukraine,Veränderung gegenüber 2005 in Prozent,K03356,2736.53846153846,2736.53846
357,2024,"Rotenburg (Wümme)",Ukraine,Veränderung gegenüber 2005 in Prozent,K03357,2510.38961038961,2510.38961
358,2024,"Heidekreis",Ukraine,Veränderung gegenüber 2005 in Prozent,K03358,2537.36263736264,2537.36264
359,2024,"Stade",Ukraine,Veränderung gegenüber 2005 in Prozent,K03359,3046.78899082569,3046.78899
360,2024,"Uelzen",Ukraine,Veränderung gegenüber 2005 in Prozent,K03360,4187.87878787879,4187.87879
361,2024,"Verden",Ukraine,Veränderung gegenüber 2005 in Prozent,K03361,3001.5625,3001.5625
3,2024,"Statistische Region Lüneburg",Ukraine,Veränderung gegenüber 2005 in Prozent,K033,2644.32497013142,2644.32497
401,2024,"Delmenhorst, Stadt",Ukraine,Veränderung gegenüber 2005 in Prozent,K03401,368.518518518519,368.518519
402,2024,"Emden, Stadt",Ukraine,Veränderung gegenüber 2005 in Prozent,K03402,3118.75,3118.75
403,2024,"Oldenburg (Oldb), Stadt",Ukraine,Veränderung gegenüber 2005 in Prozent,K03403,1029.55465587045,1029.55466
404,2024,"Osnabrück, Stadt",Ukraine,Veränderung gegenüber 2005 in Prozent,K03404,251.890756302521,251.890756
405,2024,"Wilhelmshaven, Stadt",Ukraine,Veränderung gegenüber 2005 in Prozent,K03405,2612.96296296296,2612.96296
451,2024,"Ammerland",Ukraine,Veränderung gegenüber 2005 in Prozent,K03451,4446.875,4446.875
452,2024,"Aurich",Ukraine,Veränderung gegenüber 2005 in Prozent,K03452,4553.84615384615,4553.84615
453,2024,"Cloppenburg",Ukraine,Veränderung gegenüber 2005 in Prozent,K03453,2785.71428571429,2785.71429
454,2024,"Emsland",Ukraine,Veränderung gegenüber 2005 in Prozent,K03454,4072.13114754098,4072.13115
455,2024,"Friesland",Ukraine,Veränderung gegenüber 2005 in Prozent,K03455,4362.96296296296,4362.96296
456,2024,"Grafschaft Bentheim",Ukraine,Veränderung gegenüber 2005 in Prozent,K03456,4410.63829787234,4410.6383
457,2024,"Leer",Ukraine,Veränderung gegenüber 2005 in Prozent,K03457,2956.45161290323,2956.45161
458,2024,"Oldenburg",Ukraine,Veränderung gegenüber 2005 in Prozent,K03458,3189.47368421053,3189.47368
459,2024,"Osnabrück",Ukraine,Veränderung gegenüber 2005 in Prozent,K03459,1913.46153846154,1913.46154
460,2024,"Vechta",Ukraine,Veränderung gegenüber 2005 in Prozent,K03460,1981.30081300813,1981.30081
461,2024,"Wesermarsch",Ukraine,Veränderung gegenüber 2005 in Prozent,K03461,1542.85714285714,1542.85714
462,2024,"Wittmund",Ukraine,Veränderung gegenüber 2005 in Prozent,K03462,6672.72727272727,6672.72727
4,2024,"Statistische Region Weser-Ems",Ukraine,Veränderung gegenüber 2005 in Prozent,K034,1403.01083902047,1403.01084
0,2024,"Niedersachsen",Ukraine,Veränderung gegenüber 2005 in Prozent,K030,938.882190837065,938.882191
101,2025,"Braunschweig, Stadt",Ukraine,Veränderung gegenüber 2005 in Prozent,K03101,952.556818181818,952.556818
102,2025,"Salzgitter, Stadt",Ukraine,Veränderung gegenüber 2005 in Prozent,K03102,2091.17647058824,2091.17647
103,2025,"Wolfsburg, Stadt",Ukraine,Veränderung gegenüber 2005 in Prozent,K03103,2553.84615384615,2553.84615
151,2025,"Gifhorn",Ukraine,Veränderung gegenüber 2005 in Prozent,K03151,1967.70833333333,1967.70833
153,2025,"Goslar",Ukraine,Veränderung gegenüber 2005 in Prozent,K03153,2361.95652173913,2361.95652
154,2025,"Helmstedt",Ukraine,Veränderung gegenüber 2005 in Prozent,K03154,3677.77777777778,3677.77778
155,2025,"Northeim",Ukraine,Veränderung gegenüber 2005 in Prozent,K03155,4281.35593220339,4281.35593
157,2025,"Peine",Ukraine,Veränderung gegenüber 2005 in Prozent,K03157,5710.81081081081,5710.81081
158,2025,"Wolfenbüttel",Ukraine,Veränderung gegenüber 2005 in Prozent,K03158,2900,2900
159,2025,"Göttingen",Ukraine,Veränderung gegenüber 2005 in Prozent,K03159,847.916666666667,847.916667
1,2025,"Statistische Region Braunschweig",Ukraine,Veränderung gegenüber 2005 in Prozent,K031,1651.93525686137,1651.93526
241,2025,"Region Hannover",Ukraine,Veränderung gegenüber 2005 in Prozent,K03241,266.530124594641,266.530125
241001,2025,"dav. Hannover, Lhst.",Ukraine,Veränderung gegenüber 2005 in Prozent,K03241001,176.321308724832,176.321309
241999,2025,"dav. Hannover, Umland",Ukraine,Veränderung gegenüber 2005 in Prozent,K03241999,660.76993583868,660.769936
251,2025,"Diepholz",Ukraine,Veränderung gegenüber 2005 in Prozent,K03251,2743.22033898305,2743.22034
252,2025,"Hameln-Pyrmont",Ukraine,Veränderung gegenüber 2005 in Prozent,K03252,487.59842519685,487.598425
254,2025,"Hildesheim",Ukraine,Veränderung gegenüber 2005 in Prozent,K03254,2088.82978723404,2088.82979
255,2025,"Holzminden",Ukraine,Veränderung gegenüber 2005 in Prozent,K03255,7334.78260869565,7334.78261
256,2025,"Nienburg (Weser)",Ukraine,Veränderung gegenüber 2005 in Prozent,K03256,3753.44827586207,3753.44828
257,2025,"Schaumburg",Ukraine,Veränderung gegenüber 2005 in Prozent,K03257,1913.76146788991,1913.76147
2,2025,"Statistische Region Hannover",Ukraine,Veränderung gegenüber 2005 in Prozent,K032,454.859390936908,454.859391
351,2025,"Celle",Ukraine,Veränderung gegenüber 2005 in Prozent,K03351,2223.00884955752,2223.00885
352,2025,"Cuxhaven",Ukraine,Veränderung gegenüber 2005 in Prozent,K03352,3623.88059701493,3623.8806
353,2025,"Harburg",Ukraine,Veränderung gegenüber 2005 in Prozent,K03353,2367.47967479675,2367.47967
354,2025,"Lüchow-Dannenberg",Ukraine,Veränderung gegenüber 2005 in Prozent,K03354,4000,4000
355,2025,"Lüneburg",Ukraine,Veränderung gegenüber 2005 in Prozent,K03355,2303.40909090909,2303.40909
356,2025,"Osterholz",Ukraine,Veränderung gegenüber 2005 in Prozent,K03356,2755.76923076923,2755.76923
357,2025,"Rotenburg (Wümme)",Ukraine,Veränderung gegenüber 2005 in Prozent,K03357,2796.1038961039,2796.1039
358,2025,"Heidekreis",Ukraine,Veränderung gegenüber 2005 in Prozent,K03358,2625.27472527473,2625.27473
359,2025,"Stade",Ukraine,Veränderung gegenüber 2005 in Prozent,K03359,3000.91743119266,3000.91743
360,2025,"Uelzen",Ukraine,Veränderung gegenüber 2005 in Prozent,K03360,4096.9696969697,4096.9697
361,2025,"Verden",Ukraine,Veränderung gegenüber 2005 in Prozent,K03361,3485.9375,3485.9375
3,2025,"Statistische Region Lüneburg",Ukraine,Veränderung gegenüber 2005 in Prozent,K033,2809.79689366786,2809.79689
401,2025,"Delmenhorst, Stadt",Ukraine,Veränderung gegenüber 2005 in Prozent,K03401,412.962962962963,412.962963
402,2025,"Emden, Stadt",Ukraine,Veränderung gegenüber 2005 in Prozent,K03402,3290.625,3290.625
403,2025,"Oldenburg (Oldb), Stadt",Ukraine,Veränderung gegenüber 2005 in Prozent,K03403,1142.91497975709,1142.91498
404,2025,"Osnabrück, Stadt",Ukraine,Veränderung gegenüber 2005 in Prozent,K03404,259.768907563025,259.768908
405,2025,"Wilhelmshaven, Stadt",Ukraine,Veränderung gegenüber 2005 in Prozent,K03405,2844.44444444444,2844.44444
451,2025,"Ammerland",Ukraine,Veränderung gegenüber 2005 in Prozent,K03451,4868.75,4868.75
452,2025,"Aurich",Ukraine,Veränderung gegenüber 2005 in Prozent,K03452,4874.35897435897,4874.35897
453,2025,"Cloppenburg",Ukraine,Veränderung gegenüber 2005 in Prozent,K03453,3095.2380952381,3095.2381
454,2025,"Emsland",Ukraine,Veränderung gegenüber 2005 in Prozent,K03454,4170.49180327869,4170.4918
455,2025,"Friesland",Ukraine,Veränderung gegenüber 2005 in Prozent,K03455,4677.77777777778,4677.77778
456,2025,"Grafschaft Bentheim",Ukraine,Veränderung gegenüber 2005 in Prozent,K03456,4580.85106382979,4580.85106
457,2025,"Leer",Ukraine,Veränderung gegenüber 2005 in Prozent,K03457,3246.77419354839,3246.77419
458,2025,"Oldenburg",Ukraine,Veränderung gegenüber 2005 in Prozent,K03458,3636.84210526316,3636.84211
459,2025,"Osnabrück",Ukraine,Veränderung gegenüber 2005 in Prozent,K03459,1928.84615384615,1928.84615
460,2025,"Vechta",Ukraine,Veränderung gegenüber 2005 in Prozent,K03460,2070.73170731707,2070.73171
461,2025,"Wesermarsch",Ukraine,Veränderung gegenüber 2005 in Prozent,K03461,1764.28571428571,1764.28571
462,2025,"Wittmund",Ukraine,Veränderung gegenüber 2005 in Prozent,K03462,6900,6900
4,2025,"Statistische Region Weser-Ems",Ukraine,Veränderung gegenüber 2005 in Prozent,K034,1491.73022882377,1491.73023
0,2025,"Niedersachsen",Ukraine,Veränderung gegenüber 2005 in Prozent,K030,993.523940750947,993.523941
101,2005,"Braunschweig, Stadt",Polen,Veränderung gegenüber 2005 in Prozent,K03101,0,0
102,2005,"Salzgitter, Stadt",Polen,Veränderung gegenüber 2005 in Prozent,K03102,0,0
103,2005,"Wolfsburg, Stadt",Polen,Veränderung gegenüber 2005 in Prozent,K03103,0,0
151,2005,"Gifhorn",Polen,Veränderung gegenüber 2005 in Prozent,K03151,0,0
153,2005,"Goslar",Polen,Veränderung gegenüber 2005 in Prozent,K03153,0,0
154,2005,"Helmstedt",Polen,Veränderung gegenüber 2005 in Prozent,K03154,0,0
155,2005,"Northeim",Polen,Veränderung gegenüber 2005 in Prozent,K03155,0,0
157,2005,"Peine",Polen,Veränderung gegenüber 2005 in Prozent,K03157,0,0
158,2005,"Wolfenbüttel",Polen,Veränderung gegenüber 2005 in Prozent,K03158,0,0
159,2005,"Göttingen",Polen,Veränderung gegenüber 2005 in Prozent,K03159,0,0
1,2005,"Statistische Region Braunschweig",Polen,Veränderung gegenüber 2005 in Prozent,K031,0,0
241,2005,"Region Hannover",Polen,Veränderung gegenüber 2005 in Prozent,K03241,0,0
241001,2005,"dav. Hannover, Lhst.",Polen,Veränderung gegenüber 2005 in Prozent,K03241001,0,0
241999,2005,"dav. Hannover, Umland",Polen,Veränderung gegenüber 2005 in Prozent,K03241999,0,0
251,2005,"Diepholz",Polen,Veränderung gegenüber 2005 in Prozent,K03251,0,0
252,2005,"Hameln-Pyrmont",Polen,Veränderung gegenüber 2005 in Prozent,K03252,0,0
254,2005,"Hildesheim",Polen,Veränderung gegenüber 2005 in Prozent,K03254,0,0
255,2005,"Holzminden",Polen,Veränderung gegenüber 2005 in Prozent,K03255,0,0
256,2005,"Nienburg (Weser)",Polen,Veränderung gegenüber 2005 in Prozent,K03256,0,0
257,2005,"Schaumburg",Polen,Veränderung gegenüber 2005 in Prozent,K03257,0,0
2,2005,"Statistische Region Hannover",Polen,Veränderung gegenüber 2005 in Prozent,K032,0,0
351,2005,"Celle",Polen,Veränderung gegenüber 2005 in Prozent,K03351,0,0
352,2005,"Cuxhaven",Polen,Veränderung gegenüber 2005 in Prozent,K03352,0,0
353,2005,"Harburg",Polen,Veränderung gegenüber 2005 in Prozent,K03353,0,0
354,2005,"Lüchow-Dannenberg",Polen,Veränderung gegenüber 2005 in Prozent,K03354,0,0
355,2005,"Lüneburg",Polen,Veränderung gegenüber 2005 in Prozent,K03355,0,0
356,2005,"Osterholz",Polen,Veränderung gegenüber 2005 in Prozent,K03356,0,0
357,2005,"Rotenburg (Wümme)",Polen,Veränderung gegenüber 2005 in Prozent,K03357,0,0
358,2005,"Heidekreis",Polen,Veränderung gegenüber 2005 in Prozent,K03358,0,0
359,2005,"Stade",Polen,Veränderung gegenüber 2005 in Prozent,K03359,0,0
360,2005,"Uelzen",Polen,Veränderung gegenüber 2005 in Prozent,K03360,0,0
361,2005,"Verden",Polen,Veränderung gegenüber 2005 in Prozent,K03361,0,0
3,2005,"Statistische Region Lüneburg",Polen,Veränderung gegenüber 2005 in Prozent,K033,0,0
401,2005,"Delmenhorst, Stadt",Polen,Veränderung gegenüber 2005 in Prozent,K03401,0,0
402,2005,"Emden, Stadt",Polen,Veränderung gegenüber 2005 in Prozent,K03402,0,0
403,2005,"Oldenburg (Oldb), Stadt",Polen,Veränderung gegenüber 2005 in Prozent,K03403,0,0
404,2005,"Osnabrück, Stadt",Polen,Veränderung gegenüber 2005 in Prozent,K03404,0,0
405,2005,"Wilhelmshaven, Stadt",Polen,Veränderung gegenüber 2005 in Prozent,K03405,0,0
451,2005,"Ammerland",Polen,Veränderung gegenüber 2005 in Prozent,K03451,0,0
452,2005,"Aurich",Polen,Veränderung gegenüber 2005 in Prozent,K03452,0,0
453,2005,"Cloppenburg",Polen,Veränderung gegenüber 2005 in Prozent,K03453,0,0
454,2005,"Emsland",Polen,Veränderung gegenüber 2005 in Prozent,K03454,0,0
455,2005,"Friesland",Polen,Veränderung gegenüber 2005 in Prozent,K03455,0,0
456,2005,"Grafschaft Bentheim",Polen,Veränderung gegenüber 2005 in Prozent,K03456,0,0
457,2005,"Leer",Polen,Veränderung gegenüber 2005 in Prozent,K03457,0,0
458,2005,"Oldenburg",Polen,Veränderung gegenüber 2005 in Prozent,K03458,0,0
459,2005,"Osnabrück",Polen,Veränderung gegenüber 2005 in Prozent,K03459,0,0
460,2005,"Vechta",Polen,Veränderung gegenüber 2005 in Prozent,K03460,0,0
461,2005,"Wesermarsch",Polen,Veränderung gegenüber 2005 in Prozent,K03461,0,0
462,2005,"Wittmund",Polen,Veränderung gegenüber 2005 in Prozent,K03462,0,0
4,2005,"Statistische Region Weser-Ems",Polen,Veränderung gegenüber 2005 in Prozent,K034,0,0
0,2005,"Niedersachsen",Polen,Veränderung gegenüber 2005 in Prozent,K030,0,0
101,2011,"Braunschweig, Stadt",Polen,Veränderung gegenüber 2005 in Prozent,K03101,23.8928939237899,23.8928939
102,2011,"Salzgitter, Stadt",Polen,Veränderung gegenüber 2005 in Prozent,K03102,20.6261510128913,20.626151
103,2011,"Wolfsburg, Stadt",Polen,Veränderung gegenüber 2005 in Prozent,K03103,27.6845637583893,27.6845638
151,2011,"Gifhorn",Polen,Veränderung gegenüber 2005 in Prozent,K03151,24.282982791587,24.2829828
153,2011,"Goslar",Polen,Veränderung gegenüber 2005 in Prozent,K03153,2.32558139534884,2.3255814
154,2011,"Helmstedt",Polen,Veränderung gegenüber 2005 in Prozent,K03154,42.0886075949367,42.0886076
155,2011,"Northeim",Polen,Veränderung gegenüber 2005 in Prozent,K03155,-0.892857142857143,-0.89285714
157,2011,"Peine",Polen,Veränderung gegenüber 2005 in Prozent,K03157,36.4016736401674,36.4016736
158,2011,"Wolfenbüttel",Polen,Veränderung gegenüber 2005 in Prozent,K03158,48.159509202454,48.1595092
159,2011,"Göttingen",Polen,Veränderung gegenüber 2005 in Prozent,K03159,-7.38119312436805,-7.38119312
1,2011,"Statistische Region Braunschweig",Polen,Veränderung gegenüber 2005 in Prozent,K031,19.5400524772341,19.5400525
241,2011,"Region Hannover",Polen,Veränderung gegenüber 2005 in Prozent,K03241,30.2446444416276,30.2446444
241001,2011,"dav. Hannover, Lhst.",Polen,Veränderung gegenüber 2005 in Prozent,K03241001,36.7546848381601,36.7546848
241999,2011,"dav. Hannover, Umland",Polen,Veränderung gegenüber 2005 in Prozent,K03241999,20.6702160977137,20.6702161
251,2011,"Diepholz",Polen,Veränderung gegenüber 2005 in Prozent,K03251,59.4164456233422,59.4164456
252,2011,"Hameln-Pyrmont",Polen,Veränderung gegenüber 2005 in Prozent,K03252,20.7746478873239,20.7746479
254,2011,"Hildesheim",Polen,Veränderung gegenüber 2005 in Prozent,K03254,12.461695607763,12.4616956
255,2011,"Holzminden",Polen,Veränderung gegenüber 2005 in Prozent,K03255,1.67597765363128,1.67597765
256,2011,"Nienburg (Weser)",Polen,Veränderung gegenüber 2005 in Prozent,K03256,29.6680497925311,29.6680498
257,2011,"Schaumburg",Polen,Veränderung gegenüber 2005 in Prozent,K03257,36.3939899833055,36.39399
2,2011,"Statistische Region Hannover",Polen,Veränderung gegenüber 2005 in Prozent,K032,30.0262008733624,30.0262009
351,2011,"Celle",Polen,Veränderung gegenüber 2005 in Prozent,K03351,34.4418052256532,34.4418052
352,2011,"Cuxhaven",Polen,Veränderung gegenüber 2005 in Prozent,K03352,31.924882629108,31.9248826
353,2011,"Harburg",Polen,Veränderung gegenüber 2005 in Prozent,K03353,72.0956719817768,72.095672
354,2011,"Lüchow-Dannenberg",Polen,Veränderung gegenüber 2005 in Prozent,K03354,40.8510638297872,40.8510638
355,2011,"Lüneburg",Polen,Veränderung gegenüber 2005 in Prozent,K03355,50.5982905982906,50.5982906
356,2011,"Osterholz",Polen,Veränderung gegenüber 2005 in Prozent,K03356,53.6121673003802,53.6121673
357,2011,"Rotenburg (Wümme)",Polen,Veränderung gegenüber 2005 in Prozent,K03357,23.4132581100141,23.4132581
358,2011,"Heidekreis",Polen,Veränderung gegenüber 2005 in Prozent,K03358,39.6551724137931,39.6551724
359,2011,"Stade",Polen,Veränderung gegenüber 2005 in Prozent,K03359,109.272467902996,109.272468
360,2011,"Uelzen",Polen,Veränderung gegenüber 2005 in Prozent,K03360,34.3537414965986,34.3537415
361,2011,"Verden",Polen,Veränderung gegenüber 2005 in Prozent,K03361,34.0807174887892,34.0807175
3,2011,"Statistische Region Lüneburg",Polen,Veränderung gegenüber 2005 in Prozent,K033,51.9365547768351,51.9365548
401,2011,"Delmenhorst, Stadt",Polen,Veränderung gegenüber 2005 in Prozent,K03401,26.6533066132265,26.6533066
402,2011,"Emden, Stadt",Polen,Veränderung gegenüber 2005 in Prozent,K03402,-13.7037037037037,-13.7037037
403,2011,"Oldenburg (Oldb), Stadt",Polen,Veränderung gegenüber 2005 in Prozent,K03403,3.4965034965035,3.4965035
404,2011,"Osnabrück, Stadt",Polen,Veränderung gegenüber 2005 in Prozent,K03404,43.4571890145396,43.457189
405,2011,"Wilhelmshaven, Stadt",Polen,Veränderung gegenüber 2005 in Prozent,K03405,159.81308411215,159.813084
451,2011,"Ammerland",Polen,Veränderung gegenüber 2005 in Prozent,K03451,129.151291512915,129.151292
452,2011,"Aurich",Polen,Veränderung gegenüber 2005 in Prozent,K03452,100.955414012739,100.955414
453,2011,"Cloppenburg",Polen,Veränderung gegenüber 2005 in Prozent,K03453,85.5498721227622,85.5498721
454,2011,"Emsland",Polen,Veränderung gegenüber 2005 in Prozent,K03454,115.261538461538,115.261538
455,2011,"Friesland",Polen,Veränderung gegenüber 2005 in Prozent,K03455,37.7245508982036,37.7245509
456,2011,"Grafschaft Bentheim",Polen,Veränderung gegenüber 2005 in Prozent,K03456,115.853658536585,115.853659
457,2011,"Leer",Polen,Veränderung gegenüber 2005 in Prozent,K03457,40.8521303258145,40.8521303
458,2011,"Oldenburg",Polen,Veränderung gegenüber 2005 in Prozent,K03458,146.059113300493,146.059113
459,2011,"Osnabrück",Polen,Veränderung gegenüber 2005 in Prozent,K03459,124.567788898999,124.567789
460,2011,"Vechta",Polen,Veränderung gegenüber 2005 in Prozent,K03460,114.128035320088,114.128035
461,2011,"Wesermarsch",Polen,Veränderung gegenüber 2005 in Prozent,K03461,28.3707865168539,28.3707865
462,2011,"Wittmund",Polen,Veränderung gegenüber 2005 in Prozent,K03462,68.4782608695652,68.4782609
4,2011,"Statistische Region Weser-Ems",Polen,Veränderung gegenüber 2005 in Prozent,K034,85.0474508938424,85.0474509
0,2011,"Niedersachsen",Polen,Veränderung gegenüber 2005 in Prozent,K030,46.9780643568938,46.9780644
101,2012,"Braunschweig, Stadt",Polen,Veränderung gegenüber 2005 in Prozent,K03101,42.6364572605561,42.6364573
102,2012,"Salzgitter, Stadt",Polen,Veränderung gegenüber 2005 in Prozent,K03102,32.9650092081031,32.9650092
103,2012,"Wolfsburg, Stadt",Polen,Veränderung gegenüber 2005 in Prozent,K03103,41.6107382550336,41.6107383
151,2012,"Gifhorn",Polen,Veränderung gegenüber 2005 in Prozent,K03151,45.5066921606119,45.5066922
153,2012,"Goslar",Polen,Veränderung gegenüber 2005 in Prozent,K03153,20.6976744186047,20.6976744
154,2012,"Helmstedt",Polen,Veränderung gegenüber 2005 in Prozent,K03154,43.6708860759494,43.6708861
155,2012,"Northeim",Polen,Veränderung gegenüber 2005 in Prozent,K03155,6.25,6.25
157,2012,"Peine",Polen,Veränderung gegenüber 2005 in Prozent,K03157,57.5313807531381,57.5313808
158,2012,"Wolfenbüttel",Polen,Veränderung gegenüber 2005 in Prozent,K03158,65.0306748466258,65.0306748
159,2012,"Göttingen",Polen,Veränderung gegenüber 2005 in Prozent,K03159,0.303336703741153,0.3033367
1,2012,"Statistische Region Braunschweig",Polen,Veränderung gegenüber 2005 in Prozent,K031,34.4343262849205,34.4343263
241,2012,"Region Hannover",Polen,Veränderung gegenüber 2005 in Prozent,K03241,47.0401825326404,47.0401825
241001,2012,"dav. Hannover, Lhst.",Polen,Veränderung gegenüber 2005 in Prozent,K03241001,51.1499148211244,51.1499148
241999,2012,"dav. Hannover, Umland",Polen,Veränderung gegenüber 2005 in Prozent,K03241999,40.9959285937989,40.9959286
251,2012,"Diepholz",Polen,Veränderung gegenüber 2005 in Prozent,K03251,101.724137931034,101.724138
252,2012,"Hameln-Pyrmont",Polen,Veränderung gegenüber 2005 in Prozent,K03252,12.3239436619718,12.3239437
254,2012,"Hildesheim",Polen,Veränderung gegenüber 2005 in Prozent,K03254,28.0898876404494,28.0898876
255,2012,"Holzminden",Polen,Veränderung gegenüber 2005 in Prozent,K03255,2.23463687150838,2.23463687
256,2012,"Nienburg (Weser)",Polen,Veränderung gegenüber 2005 in Prozent,K03256,51.0373443983403,51.0373444
257,2012,"Schaumburg",Polen,Veränderung gegenüber 2005 in Prozent,K03257,52.9215358931553,52.9215359
2,2012,"Statistische Region Hannover",Polen,Veränderung gegenüber 2005 in Prozent,K032,47.0742358078603,47.0742358
351,2012,"Celle",Polen,Veränderung gegenüber 2005 in Prozent,K03351,54.1567695961995,54.1567696
352,2012,"Cuxhaven",Polen,Veränderung gegenüber 2005 in Prozent,K03352,43.4272300469484,43.42723
353,2012,"Harburg",Polen,Veränderung gegenüber 2005 in Prozent,K03353,77.7904328018223,77.7904328
354,2012,"Lüchow-Dannenberg",Polen,Veränderung gegenüber 2005 in Prozent,K03354,58.7234042553191,58.7234043
355,2012,"Lüneburg",Polen,Veränderung gegenüber 2005 in Prozent,K03355,67.5213675213675,67.5213675
356,2012,"Osterholz",Polen,Veränderung gegenüber 2005 in Prozent,K03356,109.505703422053,109.505703
357,2012,"Rotenburg (Wümme)",Polen,Veränderung gegenüber 2005 in Prozent,K03357,47.2496473906911,47.2496474
358,2012,"Heidekreis",Polen,Veränderung gegenüber 2005 in Prozent,K03358,76.2931034482759,76.2931034
359,2012,"Stade",Polen,Veränderung gegenüber 2005 in Prozent,K03359,158.059914407989,158.059914
360,2012,"Uelzen",Polen,Veränderung gegenüber 2005 in Prozent,K03360,52.3809523809524,52.3809524
361,2012,"Verden",Polen,Veränderung gegenüber 2005 in Prozent,K03361,63.0044843049327,63.0044843
3,2012,"Statistische Region Lüneburg",Polen,Veränderung gegenüber 2005 in Prozent,K033,76.5215787532276,76.5215788
401,2012,"Delmenhorst, Stadt",Polen,Veränderung gegenüber 2005 in Prozent,K03401,66.5330661322645,66.5330661
402,2012,"Emden, Stadt",Polen,Veränderung gegenüber 2005 in Prozent,K03402,49.6296296296296,49.6296296
403,2012,"Oldenburg (Oldb), Stadt",Polen,Veränderung gegenüber 2005 in Prozent,K03403,14.965034965035,14.965035
404,2012,"Osnabrück, Stadt",Polen,Veränderung gegenüber 2005 in Prozent,K03404,73.9903069466882,73.9903069
405,2012,"Wilhelmshaven, Stadt",Polen,Veränderung gegenüber 2005 in Prozent,K03405,172.897196261682,172.897196
451,2012,"Ammerland",Polen,Veränderung gegenüber 2005 in Prozent,K03451,280.442804428044,280.442804
452,2012,"Aurich",Polen,Veränderung gegenüber 2005 in Prozent,K03452,153.184713375796,153.184713
453,2012,"Cloppenburg",Polen,Veränderung gegenüber 2005 in Prozent,K03453,176.598465473146,176.598465
454,2012,"Emsland",Polen,Veränderung gegenüber 2005 in Prozent,K03454,149.353846153846,149.353846
455,2012,"Friesland",Polen,Veränderung gegenüber 2005 in Prozent,K03455,57.4850299401198,57.4850299
456,2012,"Grafschaft Bentheim",Polen,Veränderung gegenüber 2005 in Prozent,K03456,237.5,237.5
457,2012,"Leer",Polen,Veränderung gegenüber 2005 in Prozent,K03457,68.922305764411,68.9223058
458,2012,"Oldenburg",Polen,Veränderung gegenüber 2005 in Prozent,K03458,208.866995073892,208.866995
459,2012,"Osnabrück",Polen,Veränderung gegenüber 2005 in Prozent,K03459,170.791628753412,170.791629
460,2012,"Vechta",Polen,Veränderung gegenüber 2005 in Prozent,K03460,143.9293598234,143.92936
461,2012,"Wesermarsch",Polen,Veränderung gegenüber 2005 in Prozent,K03461,42.1348314606742,42.1348315
462,2012,"Wittmund",Polen,Veränderung gegenüber 2005 in Prozent,K03462,100,100
4,2012,"Statistische Region Weser-Ems",Polen,Veränderung gegenüber 2005 in Prozent,K034,130.99757227985,130.997572
0,2012,"Niedersachsen",Polen,Veränderung gegenüber 2005 in Prozent,K030,72.9367846234535,72.9367846
101,2013,"Braunschweig, Stadt",Polen,Veränderung gegenüber 2005 in Prozent,K03101,60.4016477857878,60.4016478
102,2013,"Salzgitter, Stadt",Polen,Veränderung gegenüber 2005 in Prozent,K03102,72.9281767955801,72.9281768
103,2013,"Wolfsburg, Stadt",Polen,Veränderung gegenüber 2005 in Prozent,K03103,65.9395973154362,65.9395973
151,2013,"Gifhorn",Polen,Veränderung gegenüber 2005 in Prozent,K03151,55.8317399617591,55.83174
153,2013,"Goslar",Polen,Veränderung gegenüber 2005 in Prozent,K03153,41.8604651162791,41.8604651
154,2013,"Helmstedt",Polen,Veränderung gegenüber 2005 in Prozent,K03154,54.4303797468354,54.4303797
155,2013,"Northeim",Polen,Veränderung gegenüber 2005 in Prozent,K03155,23.2142857142857,23.2142857
157,2013,"Peine",Polen,Veränderung gegenüber 2005 in Prozent,K03157,85.7740585774059,85.7740586
158,2013,"Wolfenbüttel",Polen,Veränderung gegenüber 2005 in Prozent,K03158,91.1042944785276,91.1042945
159,2013,"Göttingen",Polen,Veränderung gegenüber 2005 in Prozent,K03159,8.69565217391304,8.69565217
1,2013,"Statistische Region Braunschweig",Polen,Veränderung gegenüber 2005 in Prozent,K031,53.6656891495601,53.6656891
241,2013,"Region Hannover",Polen,Veränderung gegenüber 2005 in Prozent,K03241,70.5792876156674,70.5792876
241001,2013,"dav. Hannover, Lhst.",Polen,Veränderung gegenüber 2005 in Prozent,K03241001,67.2700170357751,67.270017
241999,2013,"dav. Hannover, Umland",Polen,Veränderung gegenüber 2005 in Prozent,K03241999,75.4462887566552,75.4462888
251,2013,"Diepholz",Polen,Veränderung gegenüber 2005 in Prozent,K03251,214.456233421751,214.456233
252,2013,"Hameln-Pyrmont",Polen,Veränderung gegenüber 2005 in Prozent,K03252,23.5915492957746,23.5915493
254,2013,"Hildesheim",Polen,Veränderung gegenüber 2005 in Prozent,K03254,47.0888661899898,47.0888662
255,2013,"Holzminden",Polen,Veränderung gegenüber 2005 in Prozent,K03255,3.35195530726257,3.35195531
256,2013,"Nienburg (Weser)",Polen,Veränderung gegenüber 2005 in Prozent,K03256,99.5850622406639,99.5850622
257,2013,"Schaumburg",Polen,Veränderung gegenüber 2005 in Prozent,K03257,70.7846410684474,70.7846411
2,2013,"Statistische Region Hannover",Polen,Veränderung gegenüber 2005 in Prozent,K032,75.8951965065502,75.8951965
351,2013,"Celle",Polen,Veränderung gegenüber 2005 in Prozent,K03351,96.9121140142518,96.912114
352,2013,"Cuxhaven",Polen,Veränderung gegenüber 2005 in Prozent,K03352,80.5164319248826,80.5164319
353,2013,"Harburg",Polen,Veränderung gegenüber 2005 in Prozent,K03353,75.3986332574032,75.3986333
354,2013,"Lüchow-Dannenberg",Polen,Veränderung gegenüber 2005 in Prozent,K03354,127.659574468085,127.659574
355,2013,"Lüneburg",Polen,Veränderung gegenüber 2005 in Prozent,K03355,85.6410256410256,85.6410256
356,2013,"Osterholz",Polen,Veränderung gegenüber 2005 in Prozent,K03356,122.813688212928,122.813688
357,2013,"Rotenburg (Wümme)",Polen,Veränderung gegenüber 2005 in Prozent,K03357,78.4203102961918,78.4203103
358,2013,"Heidekreis",Polen,Veränderung gegenüber 2005 in Prozent,K03358,159.26724137931,159.267241
359,2013,"Stade",Polen,Veränderung gegenüber 2005 in Prozent,K03359,212.268188302425,212.268188
360,2013,"Uelzen",Polen,Veränderung gegenüber 2005 in Prozent,K03360,85.3741496598639,85.3741497
361,2013,"Verden",Polen,Veränderung gegenüber 2005 in Prozent,K03361,108.295964125561,108.295964
3,2013,"Statistische Region Lüneburg",Polen,Veränderung gegenüber 2005 in Prozent,K033,111.656215418665,111.656215
401,2013,"Delmenhorst, Stadt",Polen,Veränderung gegenüber 2005 in Prozent,K03401,110.821643286573,110.821643
402,2013,"Emden, Stadt",Polen,Veränderung gegenüber 2005 in Prozent,K03402,128.888888888889,128.888889
403,2013,"Oldenburg (Oldb), Stadt",Polen,Veränderung gegenüber 2005 in Prozent,K03403,38.3216783216783,38.3216783
404,2013,"Osnabrück, Stadt",Polen,Veränderung gegenüber 2005 in Prozent,K03404,91.2762520193861,91.276252
405,2013,"Wilhelmshaven, Stadt",Polen,Veränderung gegenüber 2005 in Prozent,K03405,139.252336448598,139.252336
451,2013,"Ammerland",Polen,Veränderung gegenüber 2005 in Prozent,K03451,284.870848708487,284.870849
452,2013,"Aurich",Polen,Veränderung gegenüber 2005 in Prozent,K03452,237.579617834395,237.579618
453,2013,"Cloppenburg",Polen,Veränderung gegenüber 2005 in Prozent,K03453,210.74168797954,210.741688
454,2013,"Emsland",Polen,Veränderung gegenüber 2005 in Prozent,K03454,169.415384615385,169.415385
455,2013,"Friesland",Polen,Veränderung gegenüber 2005 in Prozent,K03455,79.6407185628743,79.6407186
456,2013,"Grafschaft Bentheim",Polen,Veränderung gegenüber 2005 in Prozent,K03456,327.743902439024,327.743902
457,2013,"Leer",Polen,Veränderung gegenüber 2005 in Prozent,K03457,94.4862155388471,94.4862155
458,2013,"Oldenburg",Polen,Veränderung gegenüber 2005 in Prozent,K03458,276.600985221675,276.600985
459,2013,"Osnabrück",Polen,Veränderung gegenüber 2005 in Prozent,K03459,223.475887170155,223.475887
460,2013,"Vechta",Polen,Veränderung gegenüber 2005 in Prozent,K03460,186.092715231788,186.092715
461,2013,"Wesermarsch",Polen,Veränderung gegenüber 2005 in Prozent,K03461,72.752808988764,72.752809
462,2013,"Wittmund",Polen,Veränderung gegenüber 2005 in Prozent,K03462,163.04347826087,163.043478
4,2013,"Statistische Region Weser-Ems",Polen,Veränderung gegenüber 2005 in Prozent,K034,167.909953652615,167.909954
0,2013,"Niedersachsen",Polen,Veränderung gegenüber 2005 in Prozent,K030,103.159226236387,103.159226
101,2014,"Braunschweig, Stadt",Polen,Veränderung gegenüber 2005 in Prozent,K03101,73.5324407826982,73.5324408
102,2014,"Salzgitter, Stadt",Polen,Veränderung gegenüber 2005 in Prozent,K03102,113.996316758748,113.996317
103,2014,"Wolfsburg, Stadt",Polen,Veränderung gegenüber 2005 in Prozent,K03103,88.255033557047,88.2550336
151,2014,"Gifhorn",Polen,Veränderung gegenüber 2005 in Prozent,K03151,80.6883365200765,80.6883365
153,2014,"Goslar",Polen,Veränderung gegenüber 2005 in Prozent,K03153,54.4186046511628,54.4186047
154,2014,"Helmstedt",Polen,Veränderung gegenüber 2005 in Prozent,K03154,61.0759493670886,61.0759494
155,2014,"Northeim",Polen,Veränderung gegenüber 2005 in Prozent,K03155,66.0714285714286,66.0714286
157,2014,"Peine",Polen,Veränderung gegenüber 2005 in Prozent,K03157,113.807531380753,113.807531
158,2014,"Wolfenbüttel",Polen,Veränderung gegenüber 2005 in Prozent,K03158,107.975460122699,107.97546
159,2014,"Göttingen",Polen,Veränderung gegenüber 2005 in Prozent,K03159,17.7957532861476,17.7957533
1,2014,"Statistische Region Braunschweig",Polen,Veränderung gegenüber 2005 in Prozent,K031,72.7890106497916,72.7890106
241,2014,"Region Hannover",Polen,Veränderung gegenüber 2005 in Prozent,K03241,92.5212320953226,92.5212321
241001,2014,"dav. Hannover, Lhst.",Polen,Veränderung gegenüber 2005 in Prozent,K03241001,87.1592844974446,87.1592845
241999,2014,"dav. Hannover, Umland",Polen,Veränderung gegenüber 2005 in Prozent,K03241999,100.407140620106,100.407141
251,2014,"Diepholz",Polen,Veränderung gegenüber 2005 in Prozent,K03251,225.596816976127,225.596817
252,2014,"Hameln-Pyrmont",Polen,Veränderung gegenüber 2005 in Prozent,K03252,39.2605633802817,39.2605634
254,2014,"Hildesheim",Polen,Veränderung gegenüber 2005 in Prozent,K03254,66.4964249233912,66.4964249
255,2014,"Holzminden",Polen,Veränderung gegenüber 2005 in Prozent,K03255,-3.91061452513966,-3.91061453
256,2014,"Nienburg (Weser)",Polen,Veränderung gegenüber 2005 in Prozent,K03256,132.780082987552,132.780083
257,2014,"Schaumburg",Polen,Veränderung gegenüber 2005 in Prozent,K03257,90.6510851419032,90.6510851
2,2014,"Statistische Region Hannover",Polen,Veränderung gegenüber 2005 in Prozent,K032,96.5065502183406,96.5065502
351,2014,"Celle",Polen,Veränderung gegenüber 2005 in Prozent,K03351,156.769596199525,156.769596
352,2014,"Cuxhaven",Polen,Veränderung gegenüber 2005 in Prozent,K03352,145.305164319249,145.305164
353,2014,"Harburg",Polen,Veränderung gegenüber 2005 in Prozent,K03353,73.8041002277904,73.8041002
354,2014,"Lüchow-Dannenberg",Polen,Veränderung gegenüber 2005 in Prozent,K03354,168.510638297872,168.510638
355,2014,"Lüneburg",Polen,Veränderung gegenüber 2005 in Prozent,K03355,101.709401709402,101.709402
356,2014,"Osterholz",Polen,Veränderung gegenüber 2005 in Prozent,K03356,152.471482889734,152.471483
357,2014,"Rotenburg (Wümme)",Polen,Veränderung gegenüber 2005 in Prozent,K03357,111.565585331453,111.565585
358,2014,"Heidekreis",Polen,Veränderung gegenüber 2005 in Prozent,K03358,207.327586206897,207.327586
359,2014,"Stade",Polen,Veränderung gegenüber 2005 in Prozent,K03359,271.184022824536,271.184023
360,2014,"Uelzen",Polen,Veränderung gegenüber 2005 in Prozent,K03360,131.972789115646,131.972789
361,2014,"Verden",Polen,Veränderung gegenüber 2005 in Prozent,K03361,136.547085201794,136.547085
3,2014,"Statistische Region Lüneburg",Polen,Veränderung gegenüber 2005 in Prozent,K033,146.993729251199,146.993729
401,2014,"Delmenhorst, Stadt",Polen,Veränderung gegenüber 2005 in Prozent,K03401,158.316633266533,158.316633
402,2014,"Emden, Stadt",Polen,Veränderung gegenüber 2005 in Prozent,K03402,181.851851851852,181.851852
403,2014,"Oldenburg (Oldb), Stadt",Polen,Veränderung gegenüber 2005 in Prozent,K03403,60.1398601398601,60.1398601
404,2014,"Osnabrück, Stadt",Polen,Veränderung gegenüber 2005 in Prozent,K03404,108.239095315024,108.239095
405,2014,"Wilhelmshaven, Stadt",Polen,Veränderung gegenüber 2005 in Prozent,K03405,174.299065420561,174.299065
451,2014,"Ammerland",Polen,Veränderung gegenüber 2005 in Prozent,K03451,329.151291512915,329.151292
452,2014,"Aurich",Polen,Veränderung gegenüber 2005 in Prozent,K03452,333.43949044586,333.43949
453,2014,"Cloppenburg",Polen,Veränderung gegenüber 2005 in Prozent,K03453,259.590792838875,259.590793
454,2014,"Emsland",Polen,Veränderung gegenüber 2005 in Prozent,K03454,212.738461538462,212.738462
455,2014,"Friesland",Polen,Veränderung gegenüber 2005 in Prozent,K03455,108.982035928144,108.982036
456,2014,"Grafschaft Bentheim",Polen,Veränderung gegenüber 2005 in Prozent,K03456,422.865853658537,422.865854
457,2014,"Leer",Polen,Veränderung gegenüber 2005 in Prozent,K03457,123.809523809524,123.809524
458,2014,"Oldenburg",Polen,Veränderung gegenüber 2005 in Prozent,K03458,287.192118226601,287.192118
459,2014,"Osnabrück",Polen,Veränderung gegenüber 2005 in Prozent,K03459,250.409463148317,250.409463
460,2014,"Vechta",Polen,Veränderung gegenüber 2005 in Prozent,K03460,241.501103752759,241.501104
461,2014,"Wesermarsch",Polen,Veränderung gegenüber 2005 in Prozent,K03461,119.943820224719,119.94382
462,2014,"Wittmund",Polen,Veränderung gegenüber 2005 in Prozent,K03462,255.434782608696,255.434783
4,2014,"Statistische Region Weser-Ems",Polen,Veränderung gegenüber 2005 in Prozent,K034,209.788126241448,209.788126
0,2014,"Niedersachsen",Polen,Veränderung gegenüber 2005 in Prozent,K030,131.882269459785,131.882269
101,2015,"Braunschweig, Stadt",Polen,Veränderung gegenüber 2005 in Prozent,K03101,87.3326467559217,87.3326468
102,2015,"Salzgitter, Stadt",Polen,Veränderung gegenüber 2005 in Prozent,K03102,171.823204419889,171.823204
103,2015,"Wolfsburg, Stadt",Polen,Veränderung gegenüber 2005 in Prozent,K03103,101.677852348993,101.677852
151,2015,"Gifhorn",Polen,Veränderung gegenüber 2005 in Prozent,K03151,98.8527724665392,98.8527725
153,2015,"Goslar",Polen,Veränderung gegenüber 2005 in Prozent,K03153,72.3255813953488,72.3255814
154,2015,"Helmstedt",Polen,Veränderung gegenüber 2005 in Prozent,K03154,111.075949367089,111.075949
155,2015,"Northeim",Polen,Veränderung gegenüber 2005 in Prozent,K03155,102.380952380952,102.380952
157,2015,"Peine",Polen,Veränderung gegenüber 2005 in Prozent,K03157,139.121338912134,139.121339
158,2015,"Wolfenbüttel",Polen,Veränderung gegenüber 2005 in Prozent,K03158,123.006134969325,123.006135
159,2015,"Göttingen",Polen,Veränderung gegenüber 2005 in Prozent,K03159,30.535894843276,30.5358948
1,2015,"Statistische Region Braunschweig",Polen,Veränderung gegenüber 2005 in Prozent,K031,94.5516283377064,94.5516283
241,2015,"Region Hannover",Polen,Veränderung gegenüber 2005 in Prozent,K03241,115.033591076182,115.033591
241001,2015,"dav. Hannover, Lhst.",Polen,Veränderung gegenüber 2005 in Prozent,K03241001,101.660988074957,101.660988
241999,2015,"dav. Hannover, Umland",Polen,Veränderung gegenüber 2005 in Prozent,K03241999,134.700908236768,134.700908
251,2015,"Diepholz",Polen,Veränderung gegenüber 2005 in Prozent,K03251,255.702917771883,255.702918
252,2015,"Hameln-Pyrmont",Polen,Veränderung gegenüber 2005 in Prozent,K03252,53.3450704225352,53.3450704
254,2015,"Hildesheim",Polen,Veränderung gegenüber 2005 in Prozent,K03254,90.3983656792646,90.3983657
255,2015,"Holzminden",Polen,Veränderung gegenüber 2005 in Prozent,K03255,-8.93854748603352,-8.93854749
256,2015,"Nienburg (Weser)",Polen,Veränderung gegenüber 2005 in Prozent,K03256,149.585062240664,149.585062
257,2015,"Schaumburg",Polen,Veränderung gegenüber 2005 in Prozent,K03257,122.871452420701,122.871452
2,2015,"Statistische Region Hannover",Polen,Veränderung gegenüber 2005 in Prozent,K032,119.056768558952,119.056769
351,2015,"Celle",Polen,Veränderung gegenüber 2005 in Prozent,K03351,191.686460807601,191.686461
352,2015,"Cuxhaven",Polen,Veränderung gegenüber 2005 in Prozent,K03352,192.957746478873,192.957746
353,2015,"Harburg",Polen,Veränderung gegenüber 2005 in Prozent,K03353,78.7015945330296,78.7015945
354,2015,"Lüchow-Dannenberg",Polen,Veränderung gegenüber 2005 in Prozent,K03354,211.063829787234,211.06383
355,2015,"Lüneburg",Polen,Veränderung gegenüber 2005 in Prozent,K03355,114.358974358974,114.358974
356,2015,"Osterholz",Polen,Veränderung gegenüber 2005 in Prozent,K03356,175.665399239544,175.665399
357,2015,"Rotenburg (Wümme)",Polen,Veränderung gegenüber 2005 in Prozent,K03357,135.966149506347,135.96615
358,2015,"Heidekreis",Polen,Veränderung gegenüber 2005 in Prozent,K03358,273.275862068966,273.275862
359,2015,"Stade",Polen,Veränderung gegenüber 2005 in Prozent,K03359,294.579172610556,294.579173
360,2015,"Uelzen",Polen,Veränderung gegenüber 2005 in Prozent,K03360,156.462585034014,156.462585
361,2015,"Verden",Polen,Veränderung gegenüber 2005 in Prozent,K03361,157.174887892377,157.174888
3,2015,"Statistische Region Lüneburg",Polen,Veränderung gegenüber 2005 in Prozent,K033,173.459977867945,173.459978
401,2015,"Delmenhorst, Stadt",Polen,Veränderung gegenüber 2005 in Prozent,K03401,198.196392785571,198.196393
402,2015,"Emden, Stadt",Polen,Veränderung gegenüber 2005 in Prozent,K03402,221.481481481481,221.481481
403,2015,"Oldenburg (Oldb), Stadt",Polen,Veränderung gegenüber 2005 in Prozent,K03403,84.4755244755245,84.4755245
404,2015,"Osnabrück, Stadt",Polen,Veränderung gegenüber 2005 in Prozent,K03404,134.571890145396,134.57189
405,2015,"Wilhelmshaven, Stadt",Polen,Veränderung gegenüber 2005 in Prozent,K03405,178.971962616822,178.971963
451,2015,"Ammerland",Polen,Veränderung gegenüber 2005 in Prozent,K03451,365.313653136531,365.313653
452,2015,"Aurich",Polen,Veränderung gegenüber 2005 in Prozent,K03452,373.885350318471,373.88535
453,2015,"Cloppenburg",Polen,Veränderung gegenüber 2005 in Prozent,K03453,278.005115089514,278.005115
454,2015,"Emsland",Polen,Veränderung gegenüber 2005 in Prozent,K03454,257.6,257.6
455,2015,"Friesland",Polen,Veränderung gegenüber 2005 in Prozent,K03455,123.952095808383,123.952096
456,2015,"Grafschaft Bentheim",Polen,Veränderung gegenüber 2005 in Prozent,K03456,529.573170731707,529.573171
457,2015,"Leer",Polen,Veränderung gegenüber 2005 in Prozent,K03457,145.112781954887,145.112782
458,2015,"Oldenburg",Polen,Veränderung gegenüber 2005 in Prozent,K03458,313.546798029557,313.546798
459,2015,"Osnabrück",Polen,Veränderung gegenüber 2005 in Prozent,K03459,285.89626933576,285.896269
460,2015,"Vechta",Polen,Veränderung gegenüber 2005 in Prozent,K03460,292.384105960265,292.384106
461,2015,"Wesermarsch",Polen,Veränderung gegenüber 2005 in Prozent,K03461,156.179775280899,156.179775
462,2015,"Wittmund",Polen,Veränderung gegenüber 2005 in Prozent,K03462,326.086956521739,326.086957
4,2015,"Statistische Region Weser-Ems",Polen,Veränderung gegenüber 2005 in Prozent,K034,246.899139262856,246.899139
0,2015,"Niedersachsen",Polen,Veränderung gegenüber 2005 in Prozent,K030,159.001018110018,159.001018
101,2016,"Braunschweig, Stadt",Polen,Veränderung gegenüber 2005 in Prozent,K03101,88.9804325437693,88.9804325
102,2016,"Salzgitter, Stadt",Polen,Veränderung gegenüber 2005 in Prozent,K03102,211.233885819521,211.233886
103,2016,"Wolfsburg, Stadt",Polen,Veränderung gegenüber 2005 in Prozent,K03103,110.570469798658,110.57047
151,2016,"Gifhorn",Polen,Veränderung gegenüber 2005 in Prozent,K03151,95.0286806883365,95.0286807
153,2016,"Goslar",Polen,Veränderung gegenüber 2005 in Prozent,K03153,86.046511627907,86.0465116
154,2016,"Helmstedt",Polen,Veränderung gegenüber 2005 in Prozent,K03154,135.759493670886,135.759494
155,2016,"Northeim",Polen,Veränderung gegenüber 2005 in Prozent,K03155,139.583333333333,139.583333
157,2016,"Peine",Polen,Veränderung gegenüber 2005 in Prozent,K03157,160.460251046025,160.460251
158,2016,"Wolfenbüttel",Polen,Veränderung gegenüber 2005 in Prozent,K03158,120.858895705521,120.858896
159,2016,"Göttingen",Polen,Veränderung gegenüber 2005 in Prozent,K03159,39.0293225480283,39.0293225
1,2016,"Statistische Region Braunschweig",Polen,Veränderung gegenüber 2005 in Prozent,K031,105.66445439111,105.664454
241,2016,"Region Hannover",Polen,Veränderung gegenüber 2005 in Prozent,K03241,131.271390543795,131.271391
241001,2016,"dav. Hannover, Lhst.",Polen,Veränderung gegenüber 2005 in Prozent,K03241001,114.970187393526,114.970187
241999,2016,"dav. Hannover, Umland",Polen,Veränderung gegenüber 2005 in Prozent,K03241999,155.245850297526,155.24585
251,2016,"Diepholz",Polen,Veränderung gegenüber 2005 in Prozent,K03251,279.310344827586,279.310345
252,2016,"Hameln-Pyrmont",Polen,Veränderung gegenüber 2005 in Prozent,K03252,61.9718309859155,61.971831
254,2016,"Hildesheim",Polen,Veränderung gegenüber 2005 in Prozent,K03254,111.950970377937,111.95097
255,2016,"Holzminden",Polen,Veränderung gegenüber 2005 in Prozent,K03255,-16.2011173184358,-16.2011173
256,2016,"Nienburg (Weser)",Polen,Veränderung gegenüber 2005 in Prozent,K03256,189.419087136929,189.419087
257,2016,"Schaumburg",Polen,Veränderung gegenüber 2005 in Prozent,K03257,147.913188647746,147.913189
2,2016,"Statistische Region Hannover",Polen,Veränderung gegenüber 2005 in Prozent,K032,136.943231441048,136.943231
351,2016,"Celle",Polen,Veränderung gegenüber 2005 in Prozent,K03351,221.852731591449,221.852732
352,2016,"Cuxhaven",Polen,Veränderung gegenüber 2005 in Prozent,K03352,195.774647887324,195.774648
353,2016,"Harburg",Polen,Veränderung gegenüber 2005 in Prozent,K03353,112.414578587699,112.414579
354,2016,"Lüchow-Dannenberg",Polen,Veränderung gegenüber 2005 in Prozent,K03354,251.063829787234,251.06383
355,2016,"Lüneburg",Polen,Veränderung gegenüber 2005 in Prozent,K03355,137.606837606838,137.606838
356,2016,"Osterholz",Polen,Veränderung gegenüber 2005 in Prozent,K03356,156.653992395437,156.653992
357,2016,"Rotenburg (Wümme)",Polen,Veränderung gegenüber 2005 in Prozent,K03357,139.774330042313,139.77433
358,2016,"Heidekreis",Polen,Veränderung gegenüber 2005 in Prozent,K03358,311.637931034483,311.637931
359,2016,"Stade",Polen,Veränderung gegenüber 2005 in Prozent,K03359,347.218259629101,347.21826
360,2016,"Uelzen",Polen,Veränderung gegenüber 2005 in Prozent,K03360,187.414965986395,187.414966
361,2016,"Verden",Polen,Veränderung gegenüber 2005 in Prozent,K03361,176.905829596413,176.90583
3,2016,"Statistische Region Lüneburg",Polen,Veränderung gegenüber 2005 in Prozent,K033,198.874953891553,198.874954
401,2016,"Delmenhorst, Stadt",Polen,Veränderung gegenüber 2005 in Prozent,K03401,196.593186372745,196.593186
402,2016,"Emden, Stadt",Polen,Veränderung gegenüber 2005 in Prozent,K03402,240.740740740741,240.740741
403,2016,"Oldenburg (Oldb), Stadt",Polen,Veränderung gegenüber 2005 in Prozent,K03403,83.2167832167832,83.2167832
404,2016,"Osnabrück, Stadt",Polen,Veränderung gegenüber 2005 in Prozent,K03404,147.980613893376,147.980614
405,2016,"Wilhelmshaven, Stadt",Polen,Veränderung gegenüber 2005 in Prozent,K03405,187.383177570093,187.383178
451,2016,"Ammerland",Polen,Veränderung gegenüber 2005 in Prozent,K03451,400,400
452,2016,"Aurich",Polen,Veränderung gegenüber 2005 in Prozent,K03452,384.076433121019,384.076433
453,2016,"Cloppenburg",Polen,Veränderung gegenüber 2005 in Prozent,K03453,328.388746803069,328.388747
454,2016,"Emsland",Polen,Veränderung gegenüber 2005 in Prozent,K03454,296.615384615385,296.615385
455,2016,"Friesland",Polen,Veränderung gegenüber 2005 in Prozent,K03455,127.544910179641,127.54491
456,2016,"Grafschaft Bentheim",Polen,Veränderung gegenüber 2005 in Prozent,K03456,584.451219512195,584.45122
457,2016,"Leer",Polen,Veränderung gegenüber 2005 in Prozent,K03457,170.676691729323,170.676692
458,2016,"Oldenburg",Polen,Veränderung gegenüber 2005 in Prozent,K03458,316.256157635468,316.256158
459,2016,"Osnabrück",Polen,Veränderung gegenüber 2005 in Prozent,K03459,307.643312101911,307.643312
460,2016,"Vechta",Polen,Veränderung gegenüber 2005 in Prozent,K03460,308.388520971302,308.388521
461,2016,"Wesermarsch",Polen,Veränderung gegenüber 2005 in Prozent,K03461,187.921348314607,187.921348
462,2016,"Wittmund",Polen,Veränderung gegenüber 2005 in Prozent,K03462,313.04347826087,313.043478
4,2016,"Statistische Region Weser-Ems",Polen,Veränderung gegenüber 2005 in Prozent,K034,269.78591922313,269.785919
0,2016,"Niedersachsen",Polen,Veränderung gegenüber 2005 in Prozent,K030,178.206275259927,178.206275
101,2017,"Braunschweig, Stadt",Polen,Veränderung gegenüber 2005 in Prozent,K03101,91.8125643666323,91.8125644
102,2017,"Salzgitter, Stadt",Polen,Veränderung gegenüber 2005 in Prozent,K03102,232.412523020258,232.412523
103,2017,"Wolfsburg, Stadt",Polen,Veränderung gegenüber 2005 in Prozent,K03103,119.798657718121,119.798658
151,2017,"Gifhorn",Polen,Veränderung gegenüber 2005 in Prozent,K03151,89.2925430210325,89.292543
153,2017,"Goslar",Polen,Veränderung gegenüber 2005 in Prozent,K03153,97.6744186046512,97.6744186
154,2017,"Helmstedt",Polen,Veränderung gegenüber 2005 in Prozent,K03154,159.493670886076,159.493671
155,2017,"Northeim",Polen,Veränderung gegenüber 2005 in Prozent,K03155,139.583333333333,139.583333
157,2017,"Peine",Polen,Veränderung gegenüber 2005 in Prozent,K03157,187.65690376569,187.656904
158,2017,"Wolfenbüttel",Polen,Veränderung gegenüber 2005 in Prozent,K03158,119.325153374233,119.325153
159,2017,"Göttingen",Polen,Veränderung gegenüber 2005 in Prozent,K03159,42.0626895854398,42.0626896
1,2017,"Statistische Region Braunschweig",Polen,Veränderung gegenüber 2005 in Prozent,K031,113.150177496527,113.150177
241,2017,"Region Hannover",Polen,Veränderung gegenüber 2005 in Prozent,K03241,135.898085942452,135.898086
241001,2017,"dav. Hannover, Lhst.",Polen,Veränderung gegenüber 2005 in Prozent,K03241001,115.502555366269,115.502555
241999,2017,"dav. Hannover, Umland",Polen,Veränderung gegenüber 2005 in Prozent,K03241999,165.894143438772,165.894143
251,2017,"Diepholz",Polen,Veränderung gegenüber 2005 in Prozent,K03251,283.95225464191,283.952255
252,2017,"Hameln-Pyrmont",Polen,Veränderung gegenüber 2005 in Prozent,K03252,68.1338028169014,68.1338028
254,2017,"Hildesheim",Polen,Veränderung gegenüber 2005 in Prozent,K03254,121.144024514811,121.144025
255,2017,"Holzminden",Polen,Veränderung gegenüber 2005 in Prozent,K03255,-16.2011173184358,-16.2011173
256,2017,"Nienburg (Weser)",Polen,Veränderung gegenüber 2005 in Prozent,K03256,251.659751037344,251.659751
257,2017,"Schaumburg",Polen,Veränderung gegenüber 2005 in Prozent,K03257,159.599332220367,159.599332
2,2017,"Statistische Region Hannover",Polen,Veränderung gegenüber 2005 in Prozent,K032,144.71615720524,144.716157
351,2017,"Celle",Polen,Veränderung gegenüber 2005 in Prozent,K03351,247.980997624703,247.980998
352,2017,"Cuxhaven",Polen,Veränderung gegenüber 2005 in Prozent,K03352,208.68544600939,208.685446
353,2017,"Harburg",Polen,Veränderung gegenüber 2005 in Prozent,K03353,168.79271070615,168.792711
354,2017,"Lüchow-Dannenberg",Polen,Veränderung gegenüber 2005 in Prozent,K03354,170.212765957447,170.212766
355,2017,"Lüneburg",Polen,Veränderung gegenüber 2005 in Prozent,K03355,135.897435897436,135.897436
356,2017,"Osterholz",Polen,Veränderung gegenüber 2005 in Prozent,K03356,154.752851711027,154.752852
357,2017,"Rotenburg (Wümme)",Polen,Veränderung gegenüber 2005 in Prozent,K03357,139.069111424542,139.069111
358,2017,"Heidekreis",Polen,Veränderung gegenüber 2005 in Prozent,K03358,329.956896551724,329.956897
359,2017,"Stade",Polen,Veränderung gegenüber 2005 in Prozent,K03359,397.146932952924,397.146933
360,2017,"Uelzen",Polen,Veränderung gegenüber 2005 in Prozent,K03360,204.421768707483,204.421769
361,2017,"Verden",Polen,Veränderung gegenüber 2005 in Prozent,K03361,195.964125560538,195.964126
3,2017,"Statistische Region Lüneburg",Polen,Veränderung gegenüber 2005 in Prozent,K033,217.502766506824,217.502767
401,2017,"Delmenhorst, Stadt",Polen,Veränderung gegenüber 2005 in Prozent,K03401,194.589178356713,194.589178
402,2017,"Emden, Stadt",Polen,Veränderung gegenüber 2005 in Prozent,K03402,257.407407407407,257.407407
403,2017,"Oldenburg (Oldb), Stadt",Polen,Veränderung gegenüber 2005 in Prozent,K03403,79.7202797202797,79.7202797
404,2017,"Osnabrück, Stadt",Polen,Veränderung gegenüber 2005 in Prozent,K03404,155.250403877221,155.250404
405,2017,"Wilhelmshaven, Stadt",Polen,Veränderung gegenüber 2005 in Prozent,K03405,196.728971962617,196.728972
451,2017,"Ammerland",Polen,Veränderung gegenüber 2005 in Prozent,K03451,457.19557195572,457.195572
452,2017,"Aurich",Polen,Veränderung gegenüber 2005 in Prozent,K03452,412.738853503185,412.738854
453,2017,"Cloppenburg",Polen,Veränderung gegenüber 2005 in Prozent,K03453,308.567774936061,308.567775
454,2017,"Emsland",Polen,Veränderung gegenüber 2005 in Prozent,K03454,333.538461538462,333.538462
455,2017,"Friesland",Polen,Veränderung gegenüber 2005 in Prozent,K03455,142.51497005988,142.51497
456,2017,"Grafschaft Bentheim",Polen,Veränderung gegenüber 2005 in Prozent,K03456,636.280487804878,636.280488
457,2017,"Leer",Polen,Veränderung gegenüber 2005 in Prozent,K03457,179.448621553885,179.448622
458,2017,"Oldenburg",Polen,Veränderung gegenüber 2005 in Prozent,K03458,349.507389162562,349.507389
459,2017,"Osnabrück",Polen,Veränderung gegenüber 2005 in Prozent,K03459,333.12101910828,333.121019
460,2017,"Vechta",Polen,Veränderung gegenüber 2005 in Prozent,K03460,333.222958057395,333.222958
461,2017,"Wesermarsch",Polen,Veränderung gegenüber 2005 in Prozent,K03461,185.112359550562,185.11236
462,2017,"Wittmund",Polen,Veränderung gegenüber 2005 in Prozent,K03462,340.217391304348,340.217391
4,2017,"Statistische Region Weser-Ems",Polen,Veränderung gegenüber 2005 in Prozent,K034,288.048995806665,288.048996
0,2017,"Niedersachsen",Polen,Veränderung gegenüber 2005 in Prozent,K030,190.654984111313,190.654984
101,2018,"Braunschweig, Stadt",Polen,Veränderung gegenüber 2005 in Prozent,K03101,94.9021627188466,94.9021627
102,2018,"Salzgitter, Stadt",Polen,Veränderung gegenüber 2005 in Prozent,K03102,226.887661141805,226.887661
103,2018,"Wolfsburg, Stadt",Polen,Veränderung gegenüber 2005 in Prozent,K03103,128.187919463087,128.187919
151,2018,"Gifhorn",Polen,Veränderung gegenüber 2005 in Prozent,K03151,95.0286806883365,95.0286807
153,2018,"Goslar",Polen,Veränderung gegenüber 2005 in Prozent,K03153,104.651162790698,104.651163
154,2018,"Helmstedt",Polen,Veränderung gegenüber 2005 in Prozent,K03154,161.075949367089,161.075949
155,2018,"Northeim",Polen,Veränderung gegenüber 2005 in Prozent,K03155,160.416666666667,160.416667
157,2018,"Peine",Polen,Veränderung gegenüber 2005 in Prozent,K03157,198.117154811715,198.117155
158,2018,"Wolfenbüttel",Polen,Veränderung gegenüber 2005 in Prozent,K03158,128.527607361963,128.527607
159,2018,"Göttingen",Polen,Veränderung gegenüber 2005 in Prozent,K03159,49.6461071789687,49.6461072
1,2018,"Statistische Region Braunschweig",Polen,Veränderung gegenüber 2005 in Prozent,K031,118.552245716932,118.552246
241,2018,"Region Hannover",Polen,Veränderung gegenüber 2005 in Prozent,K03241,134.44035999493,134.44036
241001,2018,"dav. Hannover, Lhst.",Polen,Veränderung gegenüber 2005 in Prozent,K03241001,108.262350936968,108.262351
241999,2018,"dav. Hannover, Umland",Polen,Veränderung gegenüber 2005 in Prozent,K03241999,173.097400563733,173.097401
251,2018,"Diepholz",Polen,Veränderung gegenüber 2005 in Prozent,K03251,319.098143236074,319.098143
252,2018,"Hameln-Pyrmont",Polen,Veränderung gegenüber 2005 in Prozent,K03252,76.9366197183099,76.9366197
254,2018,"Hildesheim",Polen,Veränderung gegenüber 2005 in Prozent,K03254,123.697650663943,123.697651
255,2018,"Holzminden",Polen,Veränderung gegenüber 2005 in Prozent,K03255,-18.9944134078212,-18.9944134
256,2018,"Nienburg (Weser)",Polen,Veränderung gegenüber 2005 in Prozent,K03256,257.883817427386,257.883817
257,2018,"Schaumburg",Polen,Veränderung gegenüber 2005 in Prozent,K03257,176.293823038397,176.293823
2,2018,"Statistische Region Hannover",Polen,Veränderung gegenüber 2005 in Prozent,K032,147.816593886463,147.816594
351,2018,"Celle",Polen,Veränderung gegenüber 2005 in Prozent,K03351,269.358669833729,269.35867
352,2018,"Cuxhaven",Polen,Veränderung gegenüber 2005 in Prozent,K03352,236.854460093897,236.85446
353,2018,"Harburg",Polen,Veränderung gegenüber 2005 in Prozent,K03353,200.113895216401,200.113895
354,2018,"Lüchow-Dannenberg",Polen,Veränderung gegenüber 2005 in Prozent,K03354,170.212765957447,170.212766
355,2018,"Lüneburg",Polen,Veränderung gegenüber 2005 in Prozent,K03355,149.57264957265,149.57265
356,2018,"Osterholz",Polen,Veränderung gegenüber 2005 in Prozent,K03356,160.456273764259,160.456274
357,2018,"Rotenburg (Wümme)",Polen,Veränderung gegenüber 2005 in Prozent,K03357,150.352609308886,150.352609
358,2018,"Heidekreis",Polen,Veränderung gegenüber 2005 in Prozent,K03358,362.284482758621,362.284483
359,2018,"Stade",Polen,Veränderung gegenüber 2005 in Prozent,K03359,424.251069900143,424.25107
360,2018,"Uelzen",Polen,Veränderung gegenüber 2005 in Prozent,K03360,228.231292517007,228.231293
361,2018,"Verden",Polen,Veränderung gegenüber 2005 in Prozent,K03361,220.627802690583,220.627803
3,2018,"Statistische Region Lüneburg",Polen,Veränderung gegenüber 2005 in Prozent,K033,239.265953522685,239.265954
401,2018,"Delmenhorst, Stadt",Polen,Veränderung gegenüber 2005 in Prozent,K03401,197.595190380762,197.59519
402,2018,"Emden, Stadt",Polen,Veränderung gegenüber 2005 in Prozent,K03402,225.925925925926,225.925926
403,2018,"Oldenburg (Oldb), Stadt",Polen,Veränderung gegenüber 2005 in Prozent,K03403,78.3216783216783,78.3216783
404,2018,"Osnabrück, Stadt",Polen,Veränderung gegenüber 2005 in Prozent,K03404,156.058158319871,156.058158
405,2018,"Wilhelmshaven, Stadt",Polen,Veränderung gegenüber 2005 in Prozent,K03405,201.401869158878,201.401869
451,2018,"Ammerland",Polen,Veränderung gegenüber 2005 in Prozent,K03451,479.335793357934,479.335793
452,2018,"Aurich",Polen,Veränderung gegenüber 2005 in Prozent,K03452,427.070063694268,427.070064
453,2018,"Cloppenburg",Polen,Veränderung gegenüber 2005 in Prozent,K03453,339.25831202046,339.258312
454,2018,"Emsland",Polen,Veränderung gegenüber 2005 in Prozent,K03454,358.153846153846,358.153846
455,2018,"Friesland",Polen,Veränderung gegenüber 2005 in Prozent,K03455,169.461077844311,169.461078
456,2018,"Grafschaft Bentheim",Polen,Veränderung gegenüber 2005 in Prozent,K03456,666.768292682927,666.768293
457,2018,"Leer",Polen,Veränderung gegenüber 2005 in Prozent,K03457,185.714285714286,185.714286
458,2018,"Oldenburg",Polen,Veränderung gegenüber 2005 in Prozent,K03458,344.581280788177,344.581281
459,2018,"Osnabrück",Polen,Veränderung gegenüber 2005 in Prozent,K03459,355.414012738854,355.414013
460,2018,"Vechta",Polen,Veränderung gegenüber 2005 in Prozent,K03460,327.152317880795,327.152318
461,2018,"Wesermarsch",Polen,Veränderung gegenüber 2005 in Prozent,K03461,197.752808988764,197.752809
462,2018,"Wittmund",Polen,Veränderung gegenüber 2005 in Prozent,K03462,334.782608695652,334.782609
4,2018,"Statistische Region Weser-Ems",Polen,Veränderung gegenüber 2005 in Prozent,K034,299.635841977488,299.635842
0,2018,"Niedersachsen",Polen,Veränderung gegenüber 2005 in Prozent,K030,199.709992904082,199.709993
101,2019,"Braunschweig, Stadt",Polen,Veränderung gegenüber 2005 in Prozent,K03101,87.178166838311,87.1781668
102,2019,"Salzgitter, Stadt",Polen,Veränderung gegenüber 2005 in Prozent,K03102,209.39226519337,209.392265
103,2019,"Wolfsburg, Stadt",Polen,Veränderung gegenüber 2005 in Prozent,K03103,123.154362416107,123.154362
151,2019,"Gifhorn",Polen,Veränderung gegenüber 2005 in Prozent,K03151,100.764818355641,100.764818
153,2019,"Goslar",Polen,Veränderung gegenüber 2005 in Prozent,K03153,103.488372093023,103.488372
154,2019,"Helmstedt",Polen,Veränderung gegenüber 2005 in Prozent,K03154,172.151898734177,172.151899
155,2019,"Northeim",Polen,Veränderung gegenüber 2005 in Prozent,K03155,166.369047619048,166.369048
157,2019,"Peine",Polen,Veränderung gegenüber 2005 in Prozent,K03157,203.347280334728,203.34728
158,2019,"Wolfenbüttel",Polen,Veränderung gegenüber 2005 in Prozent,K03158,130.061349693252,130.06135
159,2019,"Göttingen",Polen,Veränderung gegenüber 2005 in Prozent,K03159,56.2184024266936,56.2184024
1,2019,"Statistische Region Braunschweig",Polen,Veränderung gegenüber 2005 in Prozent,K031,117.085970057108,117.08597
241,2019,"Region Hannover",Polen,Veränderung gegenüber 2005 in Prozent,K03241,128.989732538978,128.989733
241001,2019,"dav. Hannover, Lhst.",Polen,Veränderung gegenüber 2005 in Prozent,K03241001,101.660988074957,101.660988
241999,2019,"dav. Hannover, Umland",Polen,Veränderung gegenüber 2005 in Prozent,K03241999,169.182586908863,169.182587
251,2019,"Diepholz",Polen,Veränderung gegenüber 2005 in Prozent,K03251,354.907161803714,354.907162
252,2019,"Hameln-Pyrmont",Polen,Veränderung gegenüber 2005 in Prozent,K03252,84.8591549295775,84.8591549
254,2019,"Hildesheim",Polen,Veränderung gegenüber 2005 in Prozent,K03254,136.976506639428,136.976507
255,2019,"Holzminden",Polen,Veränderung gegenüber 2005 in Prozent,K03255,-13.4078212290503,-13.4078212
256,2019,"Nienburg (Weser)",Polen,Veränderung gegenüber 2005 in Prozent,K03256,246.473029045643,246.473029
257,2019,"Schaumburg",Polen,Veränderung gegenüber 2005 in Prozent,K03257,188.81469115192,188.814691
2,2019,"Statistische Region Hannover",Polen,Veränderung gegenüber 2005 in Prozent,K032,148.25327510917,148.253275
351,2019,"Celle",Polen,Veränderung gegenüber 2005 in Prozent,K03351,278.859857482185,278.859857
352,2019,"Cuxhaven",Polen,Veränderung gegenüber 2005 in Prozent,K03352,240.37558685446,240.375587
353,2019,"Harburg",Polen,Veränderung gegenüber 2005 in Prozent,K03353,253.644646924829,253.644647
354,2019,"Lüchow-Dannenberg",Polen,Veränderung gegenüber 2005 in Prozent,K03354,174.468085106383,174.468085
355,2019,"Lüneburg",Polen,Veränderung gegenüber 2005 in Prozent,K03355,150.42735042735,150.42735
356,2019,"Osterholz",Polen,Veränderung gegenüber 2005 in Prozent,K03356,175.665399239544,175.665399
357,2019,"Rotenburg (Wümme)",Polen,Veränderung gegenüber 2005 in Prozent,K03357,159.520451339915,159.520451
358,2019,"Heidekreis",Polen,Veränderung gegenüber 2005 in Prozent,K03358,406.465517241379,406.465517
359,2019,"Stade",Polen,Veränderung gegenüber 2005 in Prozent,K03359,432.810271041369,432.810271
360,2019,"Uelzen",Polen,Veränderung gegenüber 2005 in Prozent,K03360,219.727891156463,219.727891
361,2019,"Verden",Polen,Veränderung gegenüber 2005 in Prozent,K03361,210.538116591928,210.538117
3,2019,"Statistische Region Lüneburg",Polen,Veränderung gegenüber 2005 in Prozent,K033,254.850608631501,254.850609
401,2019,"Delmenhorst, Stadt",Polen,Veränderung gegenüber 2005 in Prozent,K03401,185.571142284569,185.571142
402,2019,"Emden, Stadt",Polen,Veränderung gegenüber 2005 in Prozent,K03402,209.259259259259,209.259259
403,2019,"Oldenburg (Oldb), Stadt",Polen,Veränderung gegenüber 2005 in Prozent,K03403,90.9090909090909,90.9090909
404,2019,"Osnabrück, Stadt",Polen,Veränderung gegenüber 2005 in Prozent,K03404,156.058158319871,156.058158
405,2019,"Wilhelmshaven, Stadt",Polen,Veränderung gegenüber 2005 in Prozent,K03405,217.757009345794,217.757009
451,2019,"Ammerland",Polen,Veränderung gegenüber 2005 in Prozent,K03451,510.70110701107,510.701107
452,2019,"Aurich",Polen,Veränderung gegenüber 2005 in Prozent,K03452,376.114649681529,376.11465
453,2019,"Cloppenburg",Polen,Veränderung gegenüber 2005 in Prozent,K03453,337.340153452685,337.340153
454,2019,"Emsland",Polen,Veränderung gegenüber 2005 in Prozent,K03454,352.923076923077,352.923077
455,2019,"Friesland",Polen,Veränderung gegenüber 2005 in Prozent,K03455,184.431137724551,184.431138
456,2019,"Grafschaft Bentheim",Polen,Veränderung gegenüber 2005 in Prozent,K03456,701.829268292683,701.829268
457,2019,"Leer",Polen,Veränderung gegenüber 2005 in Prozent,K03457,210.77694235589,210.776942
458,2019,"Oldenburg",Polen,Veränderung gegenüber 2005 in Prozent,K03458,348.275862068966,348.275862
459,2019,"Osnabrück",Polen,Veränderung gegenüber 2005 in Prozent,K03459,345.40491355778,345.404914
460,2019,"Vechta",Polen,Veränderung gegenüber 2005 in Prozent,K03460,330.46357615894,330.463576
461,2019,"Wesermarsch",Polen,Veränderung gegenüber 2005 in Prozent,K03461,211.797752808989,211.797753
462,2019,"Wittmund",Polen,Veränderung gegenüber 2005 in Prozent,K03462,329.347826086957,329.347826
4,2019,"Statistische Region Weser-Ems",Polen,Veränderung gegenüber 2005 in Prozent,K034,300.463473846833,300.463474
0,2019,"Niedersachsen",Polen,Veränderung gegenüber 2005 in Prozent,K030,202.394101132262,202.394101
101,2020,"Braunschweig, Stadt",Polen,Veränderung gegenüber 2005 in Prozent,K03101,81.2564366632338,81.2564367
102,2020,"Salzgitter, Stadt",Polen,Veränderung gegenüber 2005 in Prozent,K03102,210.313075506446,210.313076
103,2020,"Wolfsburg, Stadt",Polen,Veränderung gegenüber 2005 in Prozent,K03103,104.697986577181,104.697987
151,2020,"Gifhorn",Polen,Veränderung gegenüber 2005 in Prozent,K03151,110.325047801147,110.325048
153,2020,"Goslar",Polen,Veränderung gegenüber 2005 in Prozent,K03153,119.767441860465,119.767442
154,2020,"Helmstedt",Polen,Veränderung gegenüber 2005 in Prozent,K03154,175.316455696203,175.316456
155,2020,"Northeim",Polen,Veränderung gegenüber 2005 in Prozent,K03155,170.833333333333,170.833333
157,2020,"Peine",Polen,Veränderung gegenüber 2005 in Prozent,K03157,228.451882845188,228.451883
158,2020,"Wolfenbüttel",Polen,Veränderung gegenüber 2005 in Prozent,K03158,150,150
159,2020,"Göttingen",Polen,Veränderung gegenüber 2005 in Prozent,K03159,57.7350859453994,57.7350859
1,2020,"Statistische Region Braunschweig",Polen,Veränderung gegenüber 2005 in Prozent,K031,119.015280135823,119.01528
241,2020,"Region Hannover",Polen,Veränderung gegenüber 2005 in Prozent,K03241,122.651793636709,122.651794
241001,2020,"dav. Hannover, Lhst.",Polen,Veränderung gegenüber 2005 in Prozent,K03241001,91.7589437819421,91.7589438
241999,2020,"dav. Hannover, Umland",Polen,Veränderung gegenüber 2005 in Prozent,K03241999,168.0864390855,168.086439
251,2020,"Diepholz",Polen,Veränderung gegenüber 2005 in Prozent,K03251,378.116710875332,378.116711
252,2020,"Hameln-Pyrmont",Polen,Veränderung gegenüber 2005 in Prozent,K03252,89.2605633802817,89.2605634
254,2020,"Hildesheim",Polen,Veränderung gegenüber 2005 in Prozent,K03254,131.358529111338,131.358529
255,2020,"Holzminden",Polen,Veränderung gegenüber 2005 in Prozent,K03255,0.558659217877095,0.55865922
256,2020,"Nienburg (Weser)",Polen,Veränderung gegenüber 2005 in Prozent,K03256,236.099585062241,236.099585
257,2020,"Schaumburg",Polen,Veränderung gegenüber 2005 in Prozent,K03257,207.178631051753,207.178631
2,2020,"Statistische Region Hannover",Polen,Veränderung gegenüber 2005 in Prozent,K032,145.89519650655,145.895197
351,2020,"Celle",Polen,Veränderung gegenüber 2005 in Prozent,K03351,288.361045130641,288.361045
352,2020,"Cuxhaven",Polen,Veränderung gegenüber 2005 in Prozent,K03352,254.460093896714,254.460094
353,2020,"Harburg",Polen,Veränderung gegenüber 2005 in Prozent,K03353,288.382687927107,288.382688
354,2020,"Lüchow-Dannenberg",Polen,Veränderung gegenüber 2005 in Prozent,K03354,187.234042553192,187.234043
355,2020,"Lüneburg",Polen,Veränderung gegenüber 2005 in Prozent,K03355,141.880341880342,141.880342
356,2020,"Osterholz",Polen,Veränderung gegenüber 2005 in Prozent,K03356,177.566539923954,177.56654
357,2020,"Rotenburg (Wümme)",Polen,Veränderung gegenüber 2005 in Prozent,K03357,167.277856135402,167.277856
358,2020,"Heidekreis",Polen,Veränderung gegenüber 2005 in Prozent,K03358,411.853448275862,411.853448
359,2020,"Stade",Polen,Veränderung gegenüber 2005 in Prozent,K03359,434.950071326676,434.950071
360,2020,"Uelzen",Polen,Veränderung gegenüber 2005 in Prozent,K03360,231.632653061224,231.632653
361,2020,"Verden",Polen,Veränderung gegenüber 2005 in Prozent,K03361,218.385650224215,218.38565
3,2020,"Statistische Region Lüneburg",Polen,Veränderung gegenüber 2005 in Prozent,K033,264.810033198082,264.810033
401,2020,"Delmenhorst, Stadt",Polen,Veränderung gegenüber 2005 in Prozent,K03401,191.583166332665,191.583166
402,2020,"Emden, Stadt",Polen,Veränderung gegenüber 2005 in Prozent,K03402,209.259259259259,209.259259
403,2020,"Oldenburg (Oldb), Stadt",Polen,Veränderung gegenüber 2005 in Prozent,K03403,78.3216783216783,78.3216783
404,2020,"Osnabrück, Stadt",Polen,Veränderung gegenüber 2005 in Prozent,K03404,148.788368336026,148.788368
405,2020,"Wilhelmshaven, Stadt",Polen,Veränderung gegenüber 2005 in Prozent,K03405,178.03738317757,178.037383
451,2020,"Ammerland",Polen,Veränderung gegenüber 2005 in Prozent,K03451,477.490774907749,477.490775
452,2020,"Aurich",Polen,Veränderung gegenüber 2005 in Prozent,K03452,364.968152866242,364.968153
453,2020,"Cloppenburg",Polen,Veränderung gegenüber 2005 in Prozent,K03453,350.127877237852,350.127877
454,2020,"Emsland",Polen,Veränderung gegenüber 2005 in Prozent,K03454,352,352
455,2020,"Friesland",Polen,Veränderung gegenüber 2005 in Prozent,K03455,181.437125748503,181.437126
456,2020,"Grafschaft Bentheim",Polen,Veränderung gegenüber 2005 in Prozent,K03456,717.073170731707,717.073171
457,2020,"Leer",Polen,Veränderung gegenüber 2005 in Prozent,K03457,214.53634085213,214.536341
458,2020,"Oldenburg",Polen,Veränderung gegenüber 2005 in Prozent,K03458,345.812807881773,345.812808
459,2020,"Osnabrück",Polen,Veränderung gegenüber 2005 in Prozent,K03459,360.41856232939,360.418562
460,2020,"Vechta",Polen,Veränderung gegenüber 2005 in Prozent,K03460,328.256070640177,328.256071
461,2020,"Wesermarsch",Polen,Veränderung gegenüber 2005 in Prozent,K03461,204.775280898876,204.775281
462,2020,"Wittmund",Polen,Veränderung gegenüber 2005 in Prozent,K03462,334.782608695652,334.782609
4,2020,"Statistische Region Weser-Ems",Polen,Veränderung gegenüber 2005 in Prozent,K034,299.801368351357,299.801368
0,2020,"Niedersachsen",Polen,Veränderung gegenüber 2005 in Prozent,K030,203.443062968562,203.443063
101,2021,"Braunschweig, Stadt",Polen,Veränderung gegenüber 2005 in Prozent,K03101,82.0288362512873,82.0288363
102,2021,"Salzgitter, Stadt",Polen,Veränderung gegenüber 2005 in Prozent,K03102,214.917127071823,214.917127
103,2021,"Wolfsburg, Stadt",Polen,Veränderung gegenüber 2005 in Prozent,K03103,126.510067114094,126.510067
151,2021,"Gifhorn",Polen,Veränderung gegenüber 2005 in Prozent,K03151,114.14913957935,114.14914
153,2021,"Goslar",Polen,Veränderung gegenüber 2005 in Prozent,K03153,119.767441860465,119.767442
154,2021,"Helmstedt",Polen,Veränderung gegenüber 2005 in Prozent,K03154,173.73417721519,173.734177
155,2021,"Northeim",Polen,Veränderung gegenüber 2005 in Prozent,K03155,173.809523809524,173.809524
157,2021,"Peine",Polen,Veränderung gegenüber 2005 in Prozent,K03157,232.635983263598,232.635983
158,2021,"Wolfenbüttel",Polen,Veränderung gegenüber 2005 in Prozent,K03158,143.865030674847,143.865031
159,2021,"Göttingen",Polen,Veränderung gegenüber 2005 in Prozent,K03159,56.2184024266936,56.2184024
1,2021,"Statistische Region Braunschweig",Polen,Veränderung gegenüber 2005 in Prozent,K031,121.870659052323,121.870659
241,2021,"Region Hannover",Polen,Veränderung gegenüber 2005 in Prozent,K03241,124.996831030549,124.996831
241001,2021,"dav. Hannover, Lhst.",Polen,Veränderung gegenüber 2005 in Prozent,K03241001,96.6567291311755,96.6567291
241999,2021,"dav. Hannover, Umland",Polen,Veränderung gegenüber 2005 in Prozent,K03241999,166.677106169746,166.677106
251,2021,"Diepholz",Polen,Veränderung gegenüber 2005 in Prozent,K03251,405.968169761273,405.96817
252,2021,"Hameln-Pyrmont",Polen,Veränderung gegenüber 2005 in Prozent,K03252,98.0633802816901,98.0633803
254,2021,"Hildesheim",Polen,Veränderung gegenüber 2005 in Prozent,K03254,131.358529111338,131.358529
255,2021,"Holzminden",Polen,Veränderung gegenüber 2005 in Prozent,K03255,8.93854748603352,8.93854749
256,2021,"Nienburg (Weser)",Polen,Veränderung gegenüber 2005 in Prozent,K03256,246.473029045643,246.473029
257,2021,"Schaumburg",Polen,Veränderung gegenüber 2005 in Prozent,K03257,212.186978297162,212.186978
2,2021,"Statistische Region Hannover",Polen,Veränderung gegenüber 2005 in Prozent,K032,150.61135371179,150.611354
351,2021,"Celle",Polen,Veränderung gegenüber 2005 in Prozent,K03351,309.738717339667,309.738717
352,2021,"Cuxhaven",Polen,Veränderung gegenüber 2005 in Prozent,K03352,247.417840375587,247.41784
353,2021,"Harburg",Polen,Veränderung gegenüber 2005 in Prozent,K03353,347.038724373576,347.038724
354,2021,"Lüchow-Dannenberg",Polen,Veränderung gegenüber 2005 in Prozent,K03354,161.702127659574,161.702128
355,2021,"Lüneburg",Polen,Veränderung gegenüber 2005 in Prozent,K03355,141.025641025641,141.025641
356,2021,"Osterholz",Polen,Veränderung gegenüber 2005 in Prozent,K03356,175.665399239544,175.665399
357,2021,"Rotenburg (Wümme)",Polen,Veränderung gegenüber 2005 in Prozent,K03357,172.214386459803,172.214386
358,2021,"Heidekreis",Polen,Veränderung gegenüber 2005 in Prozent,K03358,416.163793103448,416.163793
359,2021,"Stade",Polen,Veränderung gegenüber 2005 in Prozent,K03359,428.530670470756,428.53067
360,2021,"Uelzen",Polen,Veränderung gegenüber 2005 in Prozent,K03360,253.741496598639,253.741497
361,2021,"Verden",Polen,Veränderung gegenüber 2005 in Prozent,K03361,223.991031390135,223.991031
3,2021,"Statistische Region Lüneburg",Polen,Veränderung gegenüber 2005 in Prozent,K033,276.060494282553,276.060494
401,2021,"Delmenhorst, Stadt",Polen,Veränderung gegenüber 2005 in Prozent,K03401,201.603206412826,201.603206
402,2021,"Emden, Stadt",Polen,Veränderung gegenüber 2005 in Prozent,K03402,209.259259259259,209.259259
403,2021,"Oldenburg (Oldb), Stadt",Polen,Veränderung gegenüber 2005 in Prozent,K03403,73.4265734265734,73.4265734
404,2021,"Osnabrück, Stadt",Polen,Veränderung gegenüber 2005 in Prozent,K03404,149.596122778675,149.596123
405,2021,"Wilhelmshaven, Stadt",Polen,Veränderung gegenüber 2005 in Prozent,K03405,187.383177570093,187.383178
451,2021,"Ammerland",Polen,Veränderung gegenüber 2005 in Prozent,K03451,473.80073800738,473.800738
452,2021,"Aurich",Polen,Veränderung gegenüber 2005 in Prozent,K03452,342.675159235669,342.675159
453,2021,"Cloppenburg",Polen,Veränderung gegenüber 2005 in Prozent,K03453,373.785166240409,373.785166
454,2021,"Emsland",Polen,Veränderung gegenüber 2005 in Prozent,K03454,360.615384615385,360.615385
455,2021,"Friesland",Polen,Veränderung gegenüber 2005 in Prozent,K03455,190.419161676647,190.419162
456,2021,"Grafschaft Bentheim",Polen,Veränderung gegenüber 2005 in Prozent,K03456,771.951219512195,771.95122
457,2021,"Leer",Polen,Veränderung gegenüber 2005 in Prozent,K03457,237.092731829574,237.092732
458,2021,"Oldenburg",Polen,Veränderung gegenüber 2005 in Prozent,K03458,344.581280788177,344.581281
459,2021,"Osnabrück",Polen,Veränderung gegenüber 2005 in Prozent,K03459,363.603275705187,363.603276
460,2021,"Vechta",Polen,Veränderung gegenüber 2005 in Prozent,K03460,325.496688741722,325.496689
461,2021,"Wesermarsch",Polen,Veränderung gegenüber 2005 in Prozent,K03461,193.539325842697,193.539326
462,2021,"Wittmund",Polen,Veränderung gegenüber 2005 in Prozent,K03462,329.347826086957,329.347826
4,2021,"Statistische Region Weser-Ems",Polen,Veränderung gegenüber 2005 in Prozent,K034,305.649966894725,305.649967
0,2021,"Niedersachsen",Polen,Veränderung gegenüber 2005 in Prozent,K030,209.196927158856,209.196927
101,2022,"Braunschweig, Stadt",Polen,Veränderung gegenüber 2005 in Prozent,K03101,78.6817713697219,78.6817714
102,2022,"Salzgitter, Stadt",Polen,Veränderung gegenüber 2005 in Prozent,K03102,225.966850828729,225.966851
103,2022,"Wolfsburg, Stadt",Polen,Veränderung gegenüber 2005 in Prozent,K03103,124.832214765101,124.832215
151,2022,"Gifhorn",Polen,Veränderung gegenüber 2005 in Prozent,K03151,107.456978967495,107.456979
153,2022,"Goslar",Polen,Veränderung gegenüber 2005 in Prozent,K03153,125.581395348837,125.581395
154,2022,"Helmstedt",Polen,Veränderung gegenüber 2005 in Prozent,K03154,161.075949367089,161.075949
155,2022,"Northeim",Polen,Veränderung gegenüber 2005 in Prozent,K03155,181.25,181.25
157,2022,"Peine",Polen,Veränderung gegenüber 2005 in Prozent,K03157,243.096234309623,243.096234
158,2022,"Wolfenbüttel",Polen,Veränderung gegenüber 2005 in Prozent,K03158,150,150
159,2022,"Göttingen",Polen,Veränderung gegenüber 2005 in Prozent,K03159,59.2517694641052,59.2517695
1,2022,"Statistische Region Braunschweig",Polen,Veränderung gegenüber 2005 in Prozent,K031,122.873900293255,122.8739
241,2022,"Region Hannover",Polen,Veränderung gegenüber 2005 in Prozent,K03241,125.630624920776,125.630625
241001,2022,"dav. Hannover, Lhst.",Polen,Veränderung gegenüber 2005 in Prozent,K03241001,96.4437819420784,96.4437819
241999,2022,"dav. Hannover, Umland",Polen,Veränderung gegenüber 2005 in Prozent,K03241999,168.556216724084,168.556217
251,2022,"Diepholz",Polen,Veränderung gegenüber 2005 in Prozent,K03251,407.957559681698,407.95756
252,2022,"Hameln-Pyrmont",Polen,Veränderung gegenüber 2005 in Prozent,K03252,109.507042253521,109.507042
254,2022,"Hildesheim",Polen,Veränderung gegenüber 2005 in Prozent,K03254,132.890704800817,132.890705
255,2022,"Holzminden",Polen,Veränderung gegenüber 2005 in Prozent,K03255,3.35195530726257,3.35195531
256,2022,"Nienburg (Weser)",Polen,Veränderung gegenüber 2005 in Prozent,K03256,262.033195020747,262.033195
257,2022,"Schaumburg",Polen,Veränderung gegenüber 2005 in Prozent,K03257,227.212020033389,227.21202
2,2022,"Statistische Region Hannover",Polen,Veränderung gegenüber 2005 in Prozent,K032,153.187772925764,153.187773
351,2022,"Celle",Polen,Veränderung gegenüber 2005 in Prozent,K03351,334.679334916865,334.679335
352,2022,"Cuxhaven",Polen,Veränderung gegenüber 2005 in Prozent,K03352,245.070422535211,245.070423
353,2022,"Harburg",Polen,Veränderung gegenüber 2005 in Prozent,K03353,366.400911161731,366.400911
354,2022,"Lüchow-Dannenberg",Polen,Veränderung gegenüber 2005 in Prozent,K03354,157.446808510638,157.446809
355,2022,"Lüneburg",Polen,Veränderung gegenüber 2005 in Prozent,K03355,159.82905982906,159.82906
356,2022,"Osterholz",Polen,Veränderung gegenüber 2005 in Prozent,K03356,177.566539923954,177.56654
357,2022,"Rotenburg (Wümme)",Polen,Veränderung gegenüber 2005 in Prozent,K03357,171.509167842031,171.509168
358,2022,"Heidekreis",Polen,Veränderung gegenüber 2005 in Prozent,K03358,421.551724137931,421.551724
359,2022,"Stade",Polen,Veränderung gegenüber 2005 in Prozent,K03359,440.656205420827,440.656205
360,2022,"Uelzen",Polen,Veränderung gegenüber 2005 in Prozent,K03360,257.142857142857,257.142857
361,2022,"Verden",Polen,Veränderung gegenüber 2005 in Prozent,K03361,226.233183856502,226.233184
3,2022,"Statistische Region Lüneburg",Polen,Veränderung gegenüber 2005 in Prozent,K033,285.189966801918,285.189967
401,2022,"Delmenhorst, Stadt",Polen,Veränderung gegenüber 2005 in Prozent,K03401,213.627254509018,213.627255
402,2022,"Emden, Stadt",Polen,Veränderung gegenüber 2005 in Prozent,K03402,233.333333333333,233.333333
403,2022,"Oldenburg (Oldb), Stadt",Polen,Veränderung gegenüber 2005 in Prozent,K03403,69.9300699300699,69.9300699
404,2022,"Osnabrück, Stadt",Polen,Veränderung gegenüber 2005 in Prozent,K03404,160.904684975767,160.904685
405,2022,"Wilhelmshaven, Stadt",Polen,Veränderung gegenüber 2005 in Prozent,K03405,192.056074766355,192.056075
451,2022,"Ammerland",Polen,Veränderung gegenüber 2005 in Prozent,K03451,523.616236162362,523.616236
452,2022,"Aurich",Polen,Veränderung gegenüber 2005 in Prozent,K03452,361.783439490446,361.783439
453,2022,"Cloppenburg",Polen,Veränderung gegenüber 2005 in Prozent,K03453,348.849104859335,348.849105
454,2022,"Emsland",Polen,Veränderung gegenüber 2005 in Prozent,K03454,379.076923076923,379.076923
455,2022,"Friesland",Polen,Veränderung gegenüber 2005 in Prozent,K03455,166.467065868263,166.467066
456,2022,"Grafschaft Bentheim",Polen,Veränderung gegenüber 2005 in Prozent,K03456,807.012195121951,807.012195
457,2022,"Leer",Polen,Veränderung gegenüber 2005 in Prozent,K03457,224.561403508772,224.561404
458,2022,"Oldenburg",Polen,Veränderung gegenüber 2005 in Prozent,K03458,345.812807881773,345.812808
459,2022,"Osnabrück",Polen,Veränderung gegenüber 2005 in Prozent,K03459,364.968152866242,364.968153
460,2022,"Vechta",Polen,Veränderung gegenüber 2005 in Prozent,K03460,322.737306843267,322.737307
461,2022,"Wesermarsch",Polen,Veränderung gegenüber 2005 in Prozent,K03461,199.157303370787,199.157303
462,2022,"Wittmund",Polen,Veränderung gegenüber 2005 in Prozent,K03462,372.826086956522,372.826087
4,2022,"Statistische Region Weser-Ems",Polen,Veränderung gegenüber 2005 in Prozent,K034,311.884793643787,311.884794
0,2022,"Niedersachsen",Polen,Veränderung gegenüber 2005 in Prozent,K030,213.562459506988,213.56246
101,2023,"Braunschweig, Stadt",Polen,Veränderung gegenüber 2005 in Prozent,K03101,69.9279093717817,69.9279094
102,2023,"Salzgitter, Stadt",Polen,Veränderung gegenüber 2005 in Prozent,K03102,228.729281767956,228.729282
103,2023,"Wolfsburg, Stadt",Polen,Veränderung gegenüber 2005 in Prozent,K03103,123.154362416107,123.154362
151,2023,"Gifhorn",Polen,Veränderung gegenüber 2005 in Prozent,K03151,132.313575525813,132.313576
153,2023,"Goslar",Polen,Veränderung gegenüber 2005 in Prozent,K03153,126.744186046512,126.744186
154,2023,"Helmstedt",Polen,Veränderung gegenüber 2005 in Prozent,K03154,178.481012658228,178.481013
155,2023,"Northeim",Polen,Veränderung gegenüber 2005 in Prozent,K03155,188.690476190476,188.690476
157,2023,"Peine",Polen,Veränderung gegenüber 2005 in Prozent,K03157,269.246861924686,269.246862
158,2023,"Wolfenbüttel",Polen,Veränderung gegenüber 2005 in Prozent,K03158,160.736196319018,160.736196
159,2023,"Göttingen",Polen,Veränderung gegenüber 2005 in Prozent,K03159,63.8018200202224,63.80182
1,2023,"Statistische Region Braunschweig",Polen,Veränderung gegenüber 2005 in Prozent,K031,126.655348047538,126.655348
241,2023,"Region Hannover",Polen,Veränderung gegenüber 2005 in Prozent,K03241,125.567245531753,125.567246
241001,2023,"dav. Hannover, Lhst.",Polen,Veränderung gegenüber 2005 in Prozent,K03241001,93.675468483816,93.6754685
241999,2023,"dav. Hannover, Umland",Polen,Veränderung gegenüber 2005 in Prozent,K03241999,172.471030378954,172.47103
251,2023,"Diepholz",Polen,Veränderung gegenüber 2005 in Prozent,K03251,415.915119363395,415.915119
252,2023,"Hameln-Pyrmont",Polen,Veränderung gegenüber 2005 in Prozent,K03252,110.387323943662,110.387324
254,2023,"Hildesheim",Polen,Veränderung gegenüber 2005 in Prozent,K03254,137.997957099081,137.997957
255,2023,"Holzminden",Polen,Veränderung gegenüber 2005 in Prozent,K03255,8.93854748603352,8.93854749
256,2023,"Nienburg (Weser)",Polen,Veränderung gegenüber 2005 in Prozent,K03256,272.406639004149,272.406639
257,2023,"Schaumburg",Polen,Veränderung gegenüber 2005 in Prozent,K03257,232.220367278798,232.220367
2,2023,"Statistische Region Hannover",Polen,Veränderung gegenüber 2005 in Prozent,K032,154.934497816594,154.934498
351,2023,"Celle",Polen,Veränderung gegenüber 2005 in Prozent,K03351,353.681710213777,353.68171
352,2023,"Cuxhaven",Polen,Veränderung gegenüber 2005 in Prozent,K03352,259.154929577465,259.15493
353,2023,"Harburg",Polen,Veränderung gegenüber 2005 in Prozent,K03353,364.123006833713,364.123007
354,2023,"Lüchow-Dannenberg",Polen,Veränderung gegenüber 2005 in Prozent,K03354,155.31914893617,155.319149
355,2023,"Lüneburg",Polen,Veränderung gegenüber 2005 in Prozent,K03355,145.299145299145,145.299145
356,2023,"Osterholz",Polen,Veränderung gegenüber 2005 in Prozent,K03356,177.566539923954,177.56654
357,2023,"Rotenburg (Wümme)",Polen,Veränderung gegenüber 2005 in Prozent,K03357,182.087447108604,182.087447
358,2023,"Heidekreis",Polen,Veränderung gegenüber 2005 in Prozent,K03358,440.948275862069,440.948276
359,2023,"Stade",Polen,Veränderung gegenüber 2005 in Prozent,K03359,448.502139800285,448.50214
360,2023,"Uelzen",Polen,Veränderung gegenüber 2005 in Prozent,K03360,257.142857142857,257.142857
361,2023,"Verden",Polen,Veränderung gegenüber 2005 in Prozent,K03361,235.201793721973,235.201794
3,2023,"Statistische Region Lüneburg",Polen,Veränderung gegenüber 2005 in Prozent,K033,290.630763555883,290.630764
401,2023,"Delmenhorst, Stadt",Polen,Veränderung gegenüber 2005 in Prozent,K03401,230.661322645291,230.661323
402,2023,"Emden, Stadt",Polen,Veränderung gegenüber 2005 in Prozent,K03402,250,250
403,2023,"Oldenburg (Oldb), Stadt",Polen,Veränderung gegenüber 2005 in Prozent,K03403,65.7342657342657,65.7342657
404,2023,"Osnabrück, Stadt",Polen,Veränderung gegenüber 2005 in Prozent,K03404,165.751211631664,165.751212
405,2023,"Wilhelmshaven, Stadt",Polen,Veränderung gegenüber 2005 in Prozent,K03405,206.07476635514,206.074766
451,2023,"Ammerland",Polen,Veränderung gegenüber 2005 in Prozent,K03451,481.180811808118,481.180812
452,2023,"Aurich",Polen,Veränderung gegenüber 2005 in Prozent,K03452,382.484076433121,382.484076
453,2023,"Cloppenburg",Polen,Veränderung gegenüber 2005 in Prozent,K03453,374.424552429668,374.424552
454,2023,"Emsland",Polen,Veränderung gegenüber 2005 in Prozent,K03454,375.692307692308,375.692308
455,2023,"Friesland",Polen,Veränderung gegenüber 2005 in Prozent,K03455,175.449101796407,175.449102
456,2023,"Grafschaft Bentheim",Polen,Veränderung gegenüber 2005 in Prozent,K03456,855.792682926829,855.792683
457,2023,"Leer",Polen,Veränderung gegenüber 2005 in Prozent,K03457,220.802005012531,220.802005
458,2023,"Oldenburg",Polen,Veränderung gegenüber 2005 in Prozent,K03458,338.423645320197,338.423645
459,2023,"Osnabrück",Polen,Veränderung gegenüber 2005 in Prozent,K03459,362.238398544131,362.238399
460,2023,"Vechta",Polen,Veränderung gegenüber 2005 in Prozent,K03460,320.529801324503,320.529801
461,2023,"Wesermarsch",Polen,Veränderung gegenüber 2005 in Prozent,K03461,223.033707865169,223.033708
462,2023,"Wittmund",Polen,Veränderung gegenüber 2005 in Prozent,K03462,334.782608695652,334.782609
4,2023,"Statistische Region Weser-Ems",Polen,Veränderung gegenüber 2005 in Prozent,K034,316.078128448466,316.078128
0,2023,"Niedersachsen",Polen,Veränderung gegenüber 2005 in Prozent,K030,217.033289112393,217.033289
101,2024,"Braunschweig, Stadt",Polen,Veränderung gegenüber 2005 in Prozent,K03101,67.0957775489186,67.0957775
102,2024,"Salzgitter, Stadt",Polen,Veränderung gegenüber 2005 in Prozent,K03102,211.233885819521,211.233886
103,2024,"Wolfsburg, Stadt",Polen,Veränderung gegenüber 2005 in Prozent,K03103,101.342281879195,101.342282
151,2024,"Gifhorn",Polen,Veränderung gegenüber 2005 in Prozent,K03151,126.577437858509,126.577438
153,2024,"Goslar",Polen,Veränderung gegenüber 2005 in Prozent,K03153,117.441860465116,117.44186
154,2024,"Helmstedt",Polen,Veränderung gegenüber 2005 in Prozent,K03154,173.73417721519,173.734177
155,2024,"Northeim",Polen,Veränderung gegenüber 2005 in Prozent,K03155,206.547619047619,206.547619
157,2024,"Peine",Polen,Veränderung gegenüber 2005 in Prozent,K03157,270.292887029289,270.292887
158,2024,"Wolfenbüttel",Polen,Veränderung gegenüber 2005 in Prozent,K03158,151.533742331288,151.533742
159,2024,"Göttingen",Polen,Veränderung gegenüber 2005 in Prozent,K03159,63.2962588473205,63.2962588
1,2024,"Statistische Region Braunschweig",Polen,Veränderung gegenüber 2005 in Prozent,K031,121.561969439728,121.561969
241,2024,"Region Hannover",Polen,Veränderung gegenüber 2005 in Prozent,K03241,123.792622639118,123.792623
241001,2024,"dav. Hannover, Lhst.",Polen,Veränderung gegenüber 2005 in Prozent,K03241001,95.3790459965929,95.379046
241999,2024,"dav. Hannover, Umland",Polen,Veränderung gegenüber 2005 in Prozent,K03241999,165.580958346383,165.580958
251,2024,"Diepholz",Polen,Veränderung gegenüber 2005 in Prozent,K03251,415.25198938992,415.251989
252,2024,"Hameln-Pyrmont",Polen,Veränderung gegenüber 2005 in Prozent,K03252,113.028169014085,113.028169
254,2024,"Hildesheim",Polen,Veränderung gegenüber 2005 in Prozent,K03254,124.719101123596,124.719101
255,2024,"Holzminden",Polen,Veränderung gegenüber 2005 in Prozent,K03255,28.4916201117318,28.4916201
256,2024,"Nienburg (Weser)",Polen,Veränderung gegenüber 2005 in Prozent,K03256,253.734439834025,253.73444
257,2024,"Schaumburg",Polen,Veränderung gegenüber 2005 in Prozent,K03257,223.873121869783,223.873122
2,2024,"Statistische Region Hannover",Polen,Veränderung gegenüber 2005 in Prozent,K032,151.74672489083,151.746725
351,2024,"Celle",Polen,Veränderung gegenüber 2005 in Prozent,K03351,351.306413301663,351.306413
352,2024,"Cuxhaven",Polen,Veränderung gegenüber 2005 in Prozent,K03352,249.765258215962,249.765258
353,2024,"Harburg",Polen,Veränderung gegenüber 2005 in Prozent,K03353,343.052391799544,343.052392
354,2024,"Lüchow-Dannenberg",Polen,Veränderung gegenüber 2005 in Prozent,K03354,165.957446808511,165.957447
355,2024,"Lüneburg",Polen,Veränderung gegenüber 2005 in Prozent,K03355,129.91452991453,129.91453
356,2024,"Osterholz",Polen,Veränderung gegenüber 2005 in Prozent,K03356,156.653992395437,156.653992
357,2024,"Rotenburg (Wümme)",Polen,Veränderung gegenüber 2005 in Prozent,K03357,183.497884344147,183.497884
358,2024,"Heidekreis",Polen,Veränderung gegenüber 2005 in Prozent,K03358,436.637931034483,436.637931
359,2024,"Stade",Polen,Veränderung gegenüber 2005 in Prozent,K03359,439.22967189729,439.229672
360,2024,"Uelzen",Polen,Veränderung gegenüber 2005 in Prozent,K03360,233.333333333333,233.333333
361,2024,"Verden",Polen,Veränderung gegenüber 2005 in Prozent,K03361,218.385650224215,218.38565
3,2024,"Statistische Region Lüneburg",Polen,Veränderung gegenüber 2005 in Prozent,K033,279.933603836223,279.933604
401,2024,"Delmenhorst, Stadt",Polen,Veränderung gegenüber 2005 in Prozent,K03401,192.585170340681,192.58517
402,2024,"Emden, Stadt",Polen,Veränderung gegenüber 2005 in Prozent,K03402,222.222222222222,222.222222
403,2024,"Oldenburg (Oldb), Stadt",Polen,Veränderung gegenüber 2005 in Prozent,K03403,58.7412587412587,58.7412587
404,2024,"Osnabrück, Stadt",Polen,Veränderung gegenüber 2005 in Prozent,K03404,160.096930533118,160.096931
405,2024,"Wilhelmshaven, Stadt",Polen,Veränderung gegenüber 2005 in Prozent,K03405,192.056074766355,192.056075
451,2024,"Ammerland",Polen,Veränderung gegenüber 2005 in Prozent,K03451,471.955719557196,471.95572
452,2024,"Aurich",Polen,Veränderung gegenüber 2005 in Prozent,K03452,337.898089171975,337.898089
453,2024,"Cloppenburg",Polen,Veränderung gegenüber 2005 in Prozent,K03453,356.521739130435,356.521739
454,2024,"Emsland",Polen,Veränderung gegenüber 2005 in Prozent,K03454,363.384615384615,363.384615
455,2024,"Friesland",Polen,Veränderung gegenüber 2005 in Prozent,K03455,190.419161676647,190.419162
456,2024,"Grafschaft Bentheim",Polen,Veränderung gegenüber 2005 in Prozent,K03456,837.5,837.5
457,2024,"Leer",Polen,Veränderung gegenüber 2005 in Prozent,K03457,195.739348370927,195.739348
458,2024,"Oldenburg",Polen,Veränderung gegenüber 2005 in Prozent,K03458,312.56157635468,312.561576
459,2024,"Osnabrück",Polen,Veränderung gegenüber 2005 in Prozent,K03459,347.679708826206,347.679709
460,2024,"Vechta",Polen,Veränderung gegenüber 2005 in Prozent,K03460,313.355408388521,313.355408
461,2024,"Wesermarsch",Polen,Veränderung gegenüber 2005 in Prozent,K03461,230.056179775281,230.05618
462,2024,"Wittmund",Polen,Veränderung gegenüber 2005 in Prozent,K03462,340.217391304348,340.217391
4,2024,"Statistische Region Weser-Ems",Polen,Veränderung gegenüber 2005 in Prozent,K034,301.511807548003,301.511808
0,2024,"Niedersachsen",Polen,Veränderung gegenüber 2005 in Prozent,K030,209.027242155925,209.027242
101,2025,"Braunschweig, Stadt",Polen,Veränderung gegenüber 2005 in Prozent,K03101,67.3532440782698,67.3532441
102,2025,"Salzgitter, Stadt",Polen,Veränderung gegenüber 2005 in Prozent,K03102,214.917127071823,214.917127
103,2025,"Wolfsburg, Stadt",Polen,Veränderung gegenüber 2005 in Prozent,K03103,100.503355704698,100.503356
151,2025,"Gifhorn",Polen,Veränderung gegenüber 2005 in Prozent,K03151,106.500956022945,106.500956
153,2025,"Goslar",Polen,Veränderung gegenüber 2005 in Prozent,K03153,100,100
154,2025,"Helmstedt",Polen,Veränderung gegenüber 2005 in Prozent,K03154,167.405063291139,167.405063
155,2025,"Northeim",Polen,Veränderung gegenüber 2005 in Prozent,K03155,197.619047619048,197.619048
157,2025,"Peine",Polen,Veränderung gegenüber 2005 in Prozent,K03157,275.523012552301,275.523013
158,2025,"Wolfenbüttel",Polen,Veränderung gegenüber 2005 in Prozent,K03158,151.533742331288,151.533742
159,2025,"Göttingen",Polen,Veränderung gegenüber 2005 in Prozent,K03159,64.8129423660263,64.8129424
1,2025,"Statistische Region Braunschweig",Polen,Veränderung gegenüber 2005 in Prozent,K031,119.015280135823,119.01528
241,2025,"Region Hannover",Polen,Veränderung gegenüber 2005 in Prozent,K03241,108.264672328559,108.264672
241001,2025,"dav. Hannover, Lhst.",Polen,Veränderung gegenüber 2005 in Prozent,K03241001,71.7419080068143,71.741908
241999,2025,"dav. Hannover, Umland",Polen,Veränderung gegenüber 2005 in Prozent,K03241999,161.979329783902,161.97933
251,2025,"Diepholz",Polen,Veränderung gegenüber 2005 in Prozent,K03251,401.989389920424,401.98939
252,2025,"Hameln-Pyrmont",Polen,Veränderung gegenüber 2005 in Prozent,K03252,108.62676056338,108.626761
254,2025,"Hildesheim",Polen,Veränderung gegenüber 2005 in Prozent,K03254,120.633299284985,120.633299
255,2025,"Holzminden",Polen,Veränderung gegenüber 2005 in Prozent,K03255,25.6983240223464,25.698324
256,2025,"Nienburg (Weser)",Polen,Veränderung gegenüber 2005 in Prozent,K03256,242.323651452282,242.323651
257,2025,"Schaumburg",Polen,Veränderung gegenüber 2005 in Prozent,K03257,212.186978297162,212.186978
2,2025,"Statistische Region Hannover",Polen,Veränderung gegenüber 2005 in Prozent,K032,138.515283842795,138.515284
351,2025,"Celle",Polen,Veränderung gegenüber 2005 in Prozent,K03351,337.054631828979,337.054632
352,2025,"Cuxhaven",Polen,Veränderung gegenüber 2005 in Prozent,K03352,236.854460093897,236.85446
353,2025,"Harburg",Polen,Veränderung gegenüber 2005 in Prozent,K03353,306.036446469248,306.036446
354,2025,"Lüchow-Dannenberg",Polen,Veränderung gegenüber 2005 in Prozent,K03354,151.063829787234,151.06383
355,2025,"Lüneburg",Polen,Veränderung gegenüber 2005 in Prozent,K03355,127.350427350427,127.350427
356,2025,"Osterholz",Polen,Veränderung gegenüber 2005 in Prozent,K03356,149.049429657795,149.04943
357,2025,"Rotenburg (Wümme)",Polen,Veränderung gegenüber 2005 in Prozent,K03357,183.497884344147,183.497884
358,2025,"Heidekreis",Polen,Veränderung gegenüber 2005 in Prozent,K03358,404.310344827586,404.310345
359,2025,"Stade",Polen,Veränderung gegenüber 2005 in Prozent,K03359,418.544935805991,418.544936
360,2025,"Uelzen",Polen,Veränderung gegenüber 2005 in Prozent,K03360,228.231292517007,228.231293
361,2025,"Verden",Polen,Veränderung gegenüber 2005 in Prozent,K03361,213.90134529148,213.901345
3,2025,"Statistische Region Lüneburg",Polen,Veränderung gegenüber 2005 in Prozent,K033,264.625599409812,264.625599
401,2025,"Delmenhorst, Stadt",Polen,Veränderung gegenüber 2005 in Prozent,K03401,189.579158316633,189.579158
402,2025,"Emden, Stadt",Polen,Veränderung gegenüber 2005 in Prozent,K03402,207.407407407407,207.407407
403,2025,"Oldenburg (Oldb), Stadt",Polen,Veränderung gegenüber 2005 in Prozent,K03403,51.7482517482517,51.7482517
404,2025,"Osnabrück, Stadt",Polen,Veränderung gegenüber 2005 in Prozent,K03404,155.250403877221,155.250404
405,2025,"Wilhelmshaven, Stadt",Polen,Veränderung gegenüber 2005 in Prozent,K03405,152.336448598131,152.336449
451,2025,"Ammerland",Polen,Veränderung gegenüber 2005 in Prozent,K03451,475.645756457565,475.645756
452,2025,"Aurich",Polen,Veränderung gegenüber 2005 in Prozent,K03452,321.974522292994,321.974522
453,2025,"Cloppenburg",Polen,Veränderung gegenüber 2005 in Prozent,K03453,329.667519181586,329.667519
454,2025,"Emsland",Polen,Veränderung gegenüber 2005 in Prozent,K03454,356,356
455,2025,"Friesland",Polen,Veränderung gegenüber 2005 in Prozent,K03455,169.461077844311,169.461078
456,2025,"Grafschaft Bentheim",Polen,Veränderung gegenüber 2005 in Prozent,K03456,857.317073170732,857.317073
457,2025,"Leer",Polen,Veränderung gegenüber 2005 in Prozent,K03457,181.954887218045,181.954887
458,2025,"Oldenburg",Polen,Veränderung gegenüber 2005 in Prozent,K03458,295.320197044335,295.320197
459,2025,"Osnabrück",Polen,Veränderung gegenüber 2005 in Prozent,K03459,322.656960873521,322.656961
460,2025,"Vechta",Polen,Veränderung gegenüber 2005 in Prozent,K03460,299.558498896247,299.558499
461,2025,"Wesermarsch",Polen,Veränderung gegenüber 2005 in Prozent,K03461,231.460674157303,231.460674
462,2025,"Wittmund",Polen,Veränderung gegenüber 2005 in Prozent,K03462,280.434782608696,280.434783
4,2025,"Statistische Region Weser-Ems",Polen,Veränderung gegenüber 2005 in Prozent,K034,288.986978591922,288.986979
0,2025,"Niedersachsen",Polen,Veränderung gegenüber 2005 in Prozent,K030,197.766328325055,197.766328
101,2005,"Braunschweig, Stadt",Syrien,Veränderung gegenüber 2005 in Prozent,K03101,0,0
102,2005,"Salzgitter, Stadt",Syrien,Veränderung gegenüber 2005 in Prozent,K03102,0,0
103,2005,"Wolfsburg, Stadt",Syrien,Veränderung gegenüber 2005 in Prozent,K03103,0,0
151,2005,"Gifhorn",Syrien,Veränderung gegenüber 2005 in Prozent,K03151,0,0
153,2005,"Goslar",Syrien,Veränderung gegenüber 2005 in Prozent,K03153,0,0
154,2005,"Helmstedt",Syrien,Veränderung gegenüber 2005 in Prozent,K03154,0,0
155,2005,"Northeim",Syrien,Veränderung gegenüber 2005 in Prozent,K03155,0,0
157,2005,"Peine",Syrien,Veränderung gegenüber 2005 in Prozent,K03157,0,0
158,2005,"Wolfenbüttel",Syrien,Veränderung gegenüber 2005 in Prozent,K03158,0,0
159,2005,"Göttingen",Syrien,Veränderung gegenüber 2005 in Prozent,K03159,0,0
1,2005,"Statistische Region Braunschweig",Syrien,Veränderung gegenüber 2005 in Prozent,K031,0,0
241,2005,"Region Hannover",Syrien,Veränderung gegenüber 2005 in Prozent,K03241,0,0
241001,2005,"dav. Hannover, Lhst.",Syrien,Veränderung gegenüber 2005 in Prozent,K03241001,0,0
241999,2005,"dav. Hannover, Umland",Syrien,Veränderung gegenüber 2005 in Prozent,K03241999,0,0
251,2005,"Diepholz",Syrien,Veränderung gegenüber 2005 in Prozent,K03251,0,0
252,2005,"Hameln-Pyrmont",Syrien,Veränderung gegenüber 2005 in Prozent,K03252,0,0
254,2005,"Hildesheim",Syrien,Veränderung gegenüber 2005 in Prozent,K03254,0,0
255,2005,"Holzminden",Syrien,Veränderung gegenüber 2005 in Prozent,K03255,0,0
256,2005,"Nienburg (Weser)",Syrien,Veränderung gegenüber 2005 in Prozent,K03256,0,0
257,2005,"Schaumburg",Syrien,Veränderung gegenüber 2005 in Prozent,K03257,0,0
2,2005,"Statistische Region Hannover",Syrien,Veränderung gegenüber 2005 in Prozent,K032,0,0
351,2005,"Celle",Syrien,Veränderung gegenüber 2005 in Prozent,K03351,0,0
352,2005,"Cuxhaven",Syrien,Veränderung gegenüber 2005 in Prozent,K03352,0,0
353,2005,"Harburg",Syrien,Veränderung gegenüber 2005 in Prozent,K03353,0,0
354,2005,"Lüchow-Dannenberg",Syrien,Veränderung gegenüber 2005 in Prozent,K03354,0,0
355,2005,"Lüneburg",Syrien,Veränderung gegenüber 2005 in Prozent,K03355,0,0
356,2005,"Osterholz",Syrien,Veränderung gegenüber 2005 in Prozent,K03356,0,0
357,2005,"Rotenburg (Wümme)",Syrien,Veränderung gegenüber 2005 in Prozent,K03357,0,0
358,2005,"Heidekreis",Syrien,Veränderung gegenüber 2005 in Prozent,K03358,0,0
359,2005,"Stade",Syrien,Veränderung gegenüber 2005 in Prozent,K03359,0,0
360,2005,"Uelzen",Syrien,Veränderung gegenüber 2005 in Prozent,K03360,0,0
361,2005,"Verden",Syrien,Veränderung gegenüber 2005 in Prozent,K03361,0,0
3,2005,"Statistische Region Lüneburg",Syrien,Veränderung gegenüber 2005 in Prozent,K033,0,0
401,2005,"Delmenhorst, Stadt",Syrien,Veränderung gegenüber 2005 in Prozent,K03401,0,0
402,2005,"Emden, Stadt",Syrien,Veränderung gegenüber 2005 in Prozent,K03402,0,0
403,2005,"Oldenburg (Oldb), Stadt",Syrien,Veränderung gegenüber 2005 in Prozent,K03403,0,0
404,2005,"Osnabrück, Stadt",Syrien,Veränderung gegenüber 2005 in Prozent,K03404,0,0
405,2005,"Wilhelmshaven, Stadt",Syrien,Veränderung gegenüber 2005 in Prozent,K03405,0,0
451,2005,"Ammerland",Syrien,Veränderung gegenüber 2005 in Prozent,K03451,0,0
452,2005,"Aurich",Syrien,Veränderung gegenüber 2005 in Prozent,K03452,0,0
453,2005,"Cloppenburg",Syrien,Veränderung gegenüber 2005 in Prozent,K03453,0,0
454,2005,"Emsland",Syrien,Veränderung gegenüber 2005 in Prozent,K03454,0,0
455,2005,"Friesland",Syrien,Veränderung gegenüber 2005 in Prozent,K03455,0,0
456,2005,"Grafschaft Bentheim",Syrien,Veränderung gegenüber 2005 in Prozent,K03456,0,0
457,2005,"Leer",Syrien,Veränderung gegenüber 2005 in Prozent,K03457,0,0
458,2005,"Oldenburg",Syrien,Veränderung gegenüber 2005 in Prozent,K03458,0,0
459,2005,"Osnabrück",Syrien,Veränderung gegenüber 2005 in Prozent,K03459,0,0
460,2005,"Vechta",Syrien,Veränderung gegenüber 2005 in Prozent,K03460,0,0
461,2005,"Wesermarsch",Syrien,Veränderung gegenüber 2005 in Prozent,K03461,0,0
462,2005,"Wittmund",Syrien,Veränderung gegenüber 2005 in Prozent,K03462,0,0
4,2005,"Statistische Region Weser-Ems",Syrien,Veränderung gegenüber 2005 in Prozent,K034,0,0
0,2005,"Niedersachsen",Syrien,Veränderung gegenüber 2005 in Prozent,K030,0,0
101,2011,"Braunschweig, Stadt",Syrien,Veränderung gegenüber 2005 in Prozent,K03101,-6.55737704918033,-6.55737705
102,2011,"Salzgitter, Stadt",Syrien,Veränderung gegenüber 2005 in Prozent,K03102,-26.0869565217391,-26.0869565
103,2011,"Wolfsburg, Stadt",Syrien,Veränderung gegenüber 2005 in Prozent,K03103,39.2857142857143,39.2857143
151,2011,"Gifhorn",Syrien,Veränderung gegenüber 2005 in Prozent,K03151,-29.5081967213115,-29.5081967
153,2011,"Goslar",Syrien,Veränderung gegenüber 2005 in Prozent,K03153,8.62068965517241,8.62068966
154,2011,"Helmstedt",Syrien,Veränderung gegenüber 2005 in Prozent,K03154,92.3076923076923,92.3076923
155,2011,"Northeim",Syrien,Veränderung gegenüber 2005 in Prozent,K03155,-5.05050505050505,-5.05050505
157,2011,"Peine",Syrien,Veränderung gegenüber 2005 in Prozent,K03157,21.7821782178218,21.7821782
158,2011,"Wolfenbüttel",Syrien,Veränderung gegenüber 2005 in Prozent,K03158,-4.34782608695652,-4.34782609
159,2011,"Göttingen",Syrien,Veränderung gegenüber 2005 in Prozent,K03159,28.1767955801105,28.1767956
1,2011,"Statistische Region Braunschweig",Syrien,Veränderung gegenüber 2005 in Prozent,K031,8.94941634241245,8.94941634
241,2011,"Region Hannover",Syrien,Veränderung gegenüber 2005 in Prozent,K03241,21.2678936605317,21.2678937
241001,2011,"dav. Hannover, Lhst.",Syrien,Veränderung gegenüber 2005 in Prozent,K03241001,5.23255813953488,5.23255814
241999,2011,"dav. Hannover, Umland",Syrien,Veränderung gegenüber 2005 in Prozent,K03241999,39.1774891774892,39.1774892
251,2011,"Diepholz",Syrien,Veränderung gegenüber 2005 in Prozent,K03251,53.7190082644628,53.7190083
252,2011,"Hameln-Pyrmont",Syrien,Veränderung gegenüber 2005 in Prozent,K03252,-4.92957746478873,-4.92957746
254,2011,"Hildesheim",Syrien,Veränderung gegenüber 2005 in Prozent,K03254,-5.82191780821918,-5.82191781
255,2011,"Holzminden",Syrien,Veränderung gegenüber 2005 in Prozent,K03255,250,250
256,2011,"Nienburg (Weser)",Syrien,Veränderung gegenüber 2005 in Prozent,K03256,4.22960725075529,4.22960725
257,2011,"Schaumburg",Syrien,Veränderung gegenüber 2005 in Prozent,K03257,-6.5359477124183,-6.53594771
2,2011,"Statistische Region Hannover",Syrien,Veränderung gegenüber 2005 in Prozent,K032,15.5653450807636,15.5653451
351,2011,"Celle",Syrien,Veränderung gegenüber 2005 in Prozent,K03351,14.8760330578512,14.8760331
352,2011,"Cuxhaven",Syrien,Veränderung gegenüber 2005 in Prozent,K03352,8.04597701149425,8.04597701
353,2011,"Harburg",Syrien,Veränderung gegenüber 2005 in Prozent,K03353,10.4166666666667,10.4166667
354,2011,"Lüchow-Dannenberg",Syrien,Veränderung gegenüber 2005 in Prozent,K03354,14.2857142857143,14.2857143
355,2011,"Lüneburg",Syrien,Veränderung gegenüber 2005 in Prozent,K03355,-29.0598290598291,-29.0598291
356,2011,"Osterholz",Syrien,Veränderung gegenüber 2005 in Prozent,K03356,14.4578313253012,14.4578313
357,2011,"Rotenburg (Wümme)",Syrien,Veränderung gegenüber 2005 in Prozent,K03357,48.8372093023256,48.8372093
358,2011,"Heidekreis",Syrien,Veränderung gegenüber 2005 in Prozent,K03358,4.3956043956044,4.3956044
359,2011,"Stade",Syrien,Veränderung gegenüber 2005 in Prozent,K03359,35.7142857142857,35.7142857
360,2011,"Uelzen",Syrien,Veränderung gegenüber 2005 in Prozent,K03360,41.1764705882353,41.1764706
361,2011,"Verden",Syrien,Veränderung gegenüber 2005 in Prozent,K03361,40.8602150537634,40.8602151
3,2011,"Statistische Region Lüneburg",Syrien,Veränderung gegenüber 2005 in Prozent,K033,13.7767220902613,13.7767221
401,2011,"Delmenhorst, Stadt",Syrien,Veränderung gegenüber 2005 in Prozent,K03401,-27.8846153846154,-27.8846154
402,2011,"Emden, Stadt",Syrien,Veränderung gegenüber 2005 in Prozent,K03402,500,500
403,2011,"Oldenburg (Oldb), Stadt",Syrien,Veränderung gegenüber 2005 in Prozent,K03403,66.304347826087,66.3043478
404,2011,"Osnabrück, Stadt",Syrien,Veränderung gegenüber 2005 in Prozent,K03404,29.1666666666667,29.1666667
405,2011,"Wilhelmshaven, Stadt",Syrien,Veränderung gegenüber 2005 in Prozent,K03405,-21.4285714285714,-21.4285714
451,2011,"Ammerland",Syrien,Veränderung gegenüber 2005 in Prozent,K03451,20.6185567010309,20.6185567
452,2011,"Aurich",Syrien,Veränderung gegenüber 2005 in Prozent,K03452,-1.14942528735632,-1.14942529
453,2011,"Cloppenburg",Syrien,Veränderung gegenüber 2005 in Prozent,K03453,23.9130434782609,23.9130435
454,2011,"Emsland",Syrien,Veränderung gegenüber 2005 in Prozent,K03454,24.5098039215686,24.5098039
455,2011,"Friesland",Syrien,Veränderung gegenüber 2005 in Prozent,K03455,7.5,7.5
456,2011,"Grafschaft Bentheim",Syrien,Veränderung gegenüber 2005 in Prozent,K03456,-20.6185567010309,-20.6185567
457,2011,"Leer",Syrien,Veränderung gegenüber 2005 in Prozent,K03457,5.40540540540541,5.40540541
458,2011,"Oldenburg",Syrien,Veränderung gegenüber 2005 in Prozent,K03458,-18.4873949579832,-18.487395
459,2011,"Osnabrück",Syrien,Veränderung gegenüber 2005 in Prozent,K03459,5.23255813953488,5.23255814
460,2011,"Vechta",Syrien,Veränderung gegenüber 2005 in Prozent,K03460,4.34782608695652,4.34782609
461,2011,"Wesermarsch",Syrien,Veränderung gegenüber 2005 in Prozent,K03461,30.2325581395349,30.2325581
462,2011,"Wittmund",Syrien,Veränderung gegenüber 2005 in Prozent,K03462,85.7142857142857,85.7142857
4,2011,"Statistische Region Weser-Ems",Syrien,Veränderung gegenüber 2005 in Prozent,K034,8.22006472491909,8.22006472
0,2011,"Niedersachsen",Syrien,Veränderung gegenüber 2005 in Prozent,K030,11.9640894100403,11.9640894
101,2012,"Braunschweig, Stadt",Syrien,Veränderung gegenüber 2005 in Prozent,K03101,-8.19672131147541,-8.19672131
102,2012,"Salzgitter, Stadt",Syrien,Veränderung gegenüber 2005 in Prozent,K03102,76.0869565217391,76.0869565
103,2012,"Wolfsburg, Stadt",Syrien,Veränderung gegenüber 2005 in Prozent,K03103,100.892857142857,100.892857
151,2012,"Gifhorn",Syrien,Veränderung gegenüber 2005 in Prozent,K03151,16.3934426229508,16.3934426
153,2012,"Goslar",Syrien,Veränderung gegenüber 2005 in Prozent,K03153,29.3103448275862,29.3103448
154,2012,"Helmstedt",Syrien,Veränderung gegenüber 2005 in Prozent,K03154,119.230769230769,119.230769
155,2012,"Northeim",Syrien,Veränderung gegenüber 2005 in Prozent,K03155,8.08080808080808,8.08080808
157,2012,"Peine",Syrien,Veränderung gegenüber 2005 in Prozent,K03157,34.6534653465347,34.6534653
158,2012,"Wolfenbüttel",Syrien,Veränderung gegenüber 2005 in Prozent,K03158,14.9068322981366,14.9068323
159,2012,"Göttingen",Syrien,Veränderung gegenüber 2005 in Prozent,K03159,95.0276243093923,95.0276243
1,2012,"Statistische Region Braunschweig",Syrien,Veränderung gegenüber 2005 in Prozent,K031,41.8287937743191,41.8287938
241,2012,"Region Hannover",Syrien,Veränderung gegenüber 2005 in Prozent,K03241,42.2290388548057,42.2290389
241001,2012,"dav. Hannover, Lhst.",Syrien,Veränderung gegenüber 2005 in Prozent,K03241001,18.6046511627907,18.6046512
241999,2012,"dav. Hannover, Umland",Syrien,Veränderung gegenüber 2005 in Prozent,K03241999,68.6147186147186,68.6147186
251,2012,"Diepholz",Syrien,Veränderung gegenüber 2005 in Prozent,K03251,80.9917355371901,80.9917355
252,2012,"Hameln-Pyrmont",Syrien,Veränderung gegenüber 2005 in Prozent,K03252,42.9577464788732,42.9577465
254,2012,"Hildesheim",Syrien,Veränderung gegenüber 2005 in Prozent,K03254,21.5753424657534,21.5753425
255,2012,"Holzminden",Syrien,Veränderung gegenüber 2005 in Prozent,K03255,265.384615384615,265.384615
256,2012,"Nienburg (Weser)",Syrien,Veränderung gegenüber 2005 in Prozent,K03256,13.8972809667674,13.897281
257,2012,"Schaumburg",Syrien,Veränderung gegenüber 2005 in Prozent,K03257,-7.18954248366013,-7.18954248
2,2012,"Statistische Region Hannover",Syrien,Veränderung gegenüber 2005 in Prozent,K032,36.1722956436613,36.1722956
351,2012,"Celle",Syrien,Veränderung gegenüber 2005 in Prozent,K03351,33.8842975206612,33.8842975
352,2012,"Cuxhaven",Syrien,Veränderung gegenüber 2005 in Prozent,K03352,4.59770114942529,4.59770115
353,2012,"Harburg",Syrien,Veränderung gegenüber 2005 in Prozent,K03353,6.25,6.25
354,2012,"Lüchow-Dannenberg",Syrien,Veränderung gegenüber 2005 in Prozent,K03354,171.428571428571,171.428571
355,2012,"Lüneburg",Syrien,Veränderung gegenüber 2005 in Prozent,K03355,-21.3675213675214,-21.3675214
356,2012,"Osterholz",Syrien,Veränderung gegenüber 2005 in Prozent,K03356,-28.9156626506024,-28.9156627
357,2012,"Rotenburg (Wümme)",Syrien,Veränderung gegenüber 2005 in Prozent,K03357,34.8837209302326,34.8837209
358,2012,"Heidekreis",Syrien,Veränderung gegenüber 2005 in Prozent,K03358,41.7582417582418,41.7582418
359,2012,"Stade",Syrien,Veränderung gegenüber 2005 in Prozent,K03359,-15.7142857142857,-15.7142857
360,2012,"Uelzen",Syrien,Veränderung gegenüber 2005 in Prozent,K03360,47.0588235294118,47.0588235
361,2012,"Verden",Syrien,Veränderung gegenüber 2005 in Prozent,K03361,92.4731182795699,92.4731183
3,2012,"Statistische Region Lüneburg",Syrien,Veränderung gegenüber 2005 in Prozent,K033,18.7648456057007,18.7648456
401,2012,"Delmenhorst, Stadt",Syrien,Veränderung gegenüber 2005 in Prozent,K03401,-25,-25
402,2012,"Emden, Stadt",Syrien,Veränderung gegenüber 2005 in Prozent,K03402,1100,1100
403,2012,"Oldenburg (Oldb), Stadt",Syrien,Veränderung gegenüber 2005 in Prozent,K03403,127.173913043478,127.173913
404,2012,"Osnabrück, Stadt",Syrien,Veränderung gegenüber 2005 in Prozent,K03404,48.6111111111111,48.6111111
405,2012,"Wilhelmshaven, Stadt",Syrien,Veränderung gegenüber 2005 in Prozent,K03405,-14.2857142857143,-14.2857143
451,2012,"Ammerland",Syrien,Veränderung gegenüber 2005 in Prozent,K03451,41.2371134020619,41.2371134
452,2012,"Aurich",Syrien,Veränderung gegenüber 2005 in Prozent,K03452,12.6436781609195,12.6436782
453,2012,"Cloppenburg",Syrien,Veränderung gegenüber 2005 in Prozent,K03453,50.7246376811594,50.7246377
454,2012,"Emsland",Syrien,Veränderung gegenüber 2005 in Prozent,K03454,40.1960784313725,40.1960784
455,2012,"Friesland",Syrien,Veränderung gegenüber 2005 in Prozent,K03455,0,0
456,2012,"Grafschaft Bentheim",Syrien,Veränderung gegenüber 2005 in Prozent,K03456,-12.3711340206186,-12.371134
457,2012,"Leer",Syrien,Veränderung gegenüber 2005 in Prozent,K03457,23.4234234234234,23.4234234
458,2012,"Oldenburg",Syrien,Veränderung gegenüber 2005 in Prozent,K03458,-10.0840336134454,-10.0840336
459,2012,"Osnabrück",Syrien,Veränderung gegenüber 2005 in Prozent,K03459,1.16279069767442,1.1627907
460,2012,"Vechta",Syrien,Veränderung gegenüber 2005 in Prozent,K03460,43.4782608695652,43.4782609
461,2012,"Wesermarsch",Syrien,Veränderung gegenüber 2005 in Prozent,K03461,34.8837209302326,34.8837209
462,2012,"Wittmund",Syrien,Veränderung gegenüber 2005 in Prozent,K03462,214.285714285714,214.285714
4,2012,"Statistische Region Weser-Ems",Syrien,Veränderung gegenüber 2005 in Prozent,K034,26.8608414239482,26.8608414
0,2012,"Niedersachsen",Syrien,Veränderung gegenüber 2005 in Prozent,K030,31.916452913155,31.9164529
101,2013,"Braunschweig, Stadt",Syrien,Veränderung gegenüber 2005 in Prozent,K03101,27.8688524590164,27.8688525
102,2013,"Salzgitter, Stadt",Syrien,Veränderung gegenüber 2005 in Prozent,K03102,341.304347826087,341.304348
103,2013,"Wolfsburg, Stadt",Syrien,Veränderung gegenüber 2005 in Prozent,K03103,152.678571428571,152.678571
151,2013,"Gifhorn",Syrien,Veränderung gegenüber 2005 in Prozent,K03151,52.4590163934426,52.4590164
153,2013,"Goslar",Syrien,Veränderung gegenüber 2005 in Prozent,K03153,168.965517241379,168.965517
154,2013,"Helmstedt",Syrien,Veränderung gegenüber 2005 in Prozent,K03154,111.538461538462,111.538462
155,2013,"Northeim",Syrien,Veränderung gegenüber 2005 in Prozent,K03155,36.3636363636364,36.3636364
157,2013,"Peine",Syrien,Veränderung gegenüber 2005 in Prozent,K03157,50.4950495049505,50.4950495
158,2013,"Wolfenbüttel",Syrien,Veränderung gegenüber 2005 in Prozent,K03158,38.5093167701863,38.5093168
159,2013,"Göttingen",Syrien,Veränderung gegenüber 2005 in Prozent,K03159,119.337016574586,119.337017
1,2013,"Statistische Region Braunschweig",Syrien,Veränderung gegenüber 2005 in Prozent,K031,87.84046692607,87.8404669
241,2013,"Region Hannover",Syrien,Veränderung gegenüber 2005 in Prozent,K03241,104.294478527607,104.294479
241001,2013,"dav. Hannover, Lhst.",Syrien,Veränderung gegenüber 2005 in Prozent,K03241001,71.7054263565891,71.7054264
241999,2013,"dav. Hannover, Umland",Syrien,Veränderung gegenüber 2005 in Prozent,K03241999,140.692640692641,140.692641
251,2013,"Diepholz",Syrien,Veränderung gegenüber 2005 in Prozent,K03251,150.413223140496,150.413223
252,2013,"Hameln-Pyrmont",Syrien,Veränderung gegenüber 2005 in Prozent,K03252,61.2676056338028,61.2676056
254,2013,"Hildesheim",Syrien,Veränderung gegenüber 2005 in Prozent,K03254,59.5890410958904,59.5890411
255,2013,"Holzminden",Syrien,Veränderung gegenüber 2005 in Prozent,K03255,323.076923076923,323.076923
256,2013,"Nienburg (Weser)",Syrien,Veränderung gegenüber 2005 in Prozent,K03256,39.8791540785498,39.8791541
257,2013,"Schaumburg",Syrien,Veränderung gegenüber 2005 in Prozent,K03257,7.18954248366013,7.18954248
2,2013,"Statistische Region Hannover",Syrien,Veränderung gegenüber 2005 in Prozent,K032,82.7214880078316,82.721488
351,2013,"Celle",Syrien,Veränderung gegenüber 2005 in Prozent,K03351,104.132231404959,104.132231
352,2013,"Cuxhaven",Syrien,Veränderung gegenüber 2005 in Prozent,K03352,0,0
353,2013,"Harburg",Syrien,Veränderung gegenüber 2005 in Prozent,K03353,22.9166666666667,22.9166667
354,2013,"Lüchow-Dannenberg",Syrien,Veränderung gegenüber 2005 in Prozent,K03354,314.285714285714,314.285714
355,2013,"Lüneburg",Syrien,Veränderung gegenüber 2005 in Prozent,K03355,12.8205128205128,12.8205128
356,2013,"Osterholz",Syrien,Veränderung gegenüber 2005 in Prozent,K03356,10.8433734939759,10.8433735
357,2013,"Rotenburg (Wümme)",Syrien,Veränderung gegenüber 2005 in Prozent,K03357,102.325581395349,102.325581
358,2013,"Heidekreis",Syrien,Veränderung gegenüber 2005 in Prozent,K03358,104.395604395604,104.395604
359,2013,"Stade",Syrien,Veränderung gegenüber 2005 in Prozent,K03359,15.7142857142857,15.7142857
360,2013,"Uelzen",Syrien,Veränderung gegenüber 2005 in Prozent,K03360,117.647058823529,117.647059
361,2013,"Verden",Syrien,Veränderung gegenüber 2005 in Prozent,K03361,122.58064516129,122.580645
3,2013,"Statistische Region Lüneburg",Syrien,Veränderung gegenüber 2005 in Prozent,K033,59.144893111639,59.1448931
401,2013,"Delmenhorst, Stadt",Syrien,Veränderung gegenüber 2005 in Prozent,K03401,8.65384615384615,8.65384615
402,2013,"Emden, Stadt",Syrien,Veränderung gegenüber 2005 in Prozent,K03402,4500,4500
403,2013,"Oldenburg (Oldb), Stadt",Syrien,Veränderung gegenüber 2005 in Prozent,K03403,183.695652173913,183.695652
404,2013,"Osnabrück, Stadt",Syrien,Veränderung gegenüber 2005 in Prozent,K03404,211.111111111111,211.111111
405,2013,"Wilhelmshaven, Stadt",Syrien,Veränderung gegenüber 2005 in Prozent,K03405,10.7142857142857,10.7142857
451,2013,"Ammerland",Syrien,Veränderung gegenüber 2005 in Prozent,K03451,52.5773195876289,52.5773196
452,2013,"Aurich",Syrien,Veränderung gegenüber 2005 in Prozent,K03452,67.816091954023,67.816092
453,2013,"Cloppenburg",Syrien,Veränderung gegenüber 2005 in Prozent,K03453,67.3913043478261,67.3913043
454,2013,"Emsland",Syrien,Veränderung gegenüber 2005 in Prozent,K03454,68.6274509803922,68.627451
455,2013,"Friesland",Syrien,Veränderung gegenüber 2005 in Prozent,K03455,22.5,22.5
456,2013,"Grafschaft Bentheim",Syrien,Veränderung gegenüber 2005 in Prozent,K03456,2.06185567010309,2.06185567
457,2013,"Leer",Syrien,Veränderung gegenüber 2005 in Prozent,K03457,45.9459459459459,45.9459459
458,2013,"Oldenburg",Syrien,Veränderung gegenüber 2005 in Prozent,K03458,13.4453781512605,13.4453782
459,2013,"Osnabrück",Syrien,Veränderung gegenüber 2005 in Prozent,K03459,58.1395348837209,58.1395349
460,2013,"Vechta",Syrien,Veränderung gegenüber 2005 in Prozent,K03460,79.7101449275362,79.7101449
461,2013,"Wesermarsch",Syrien,Veränderung gegenüber 2005 in Prozent,K03461,20.9302325581395,20.9302326
462,2013,"Wittmund",Syrien,Veränderung gegenüber 2005 in Prozent,K03462,385.714285714286,385.714286
4,2013,"Statistische Region Weser-Ems",Syrien,Veränderung gegenüber 2005 in Prozent,K034,66.8608414239482,66.8608414
0,2013,"Niedersachsen",Syrien,Veränderung gegenüber 2005 in Prozent,K030,75.5588127519238,75.5588128
101,2014,"Braunschweig, Stadt",Syrien,Veränderung gegenüber 2005 in Prozent,K03101,126.229508196721,126.229508
102,2014,"Salzgitter, Stadt",Syrien,Veränderung gegenüber 2005 in Prozent,K03102,1032.60869565217,1032.6087
103,2014,"Wolfsburg, Stadt",Syrien,Veränderung gegenüber 2005 in Prozent,K03103,416.964285714286,416.964286
151,2014,"Gifhorn",Syrien,Veränderung gegenüber 2005 in Prozent,K03151,150.819672131148,150.819672
153,2014,"Goslar",Syrien,Veränderung gegenüber 2005 in Prozent,K03153,343.103448275862,343.103448
154,2014,"Helmstedt",Syrien,Veränderung gegenüber 2005 in Prozent,K03154,226.923076923077,226.923077
155,2014,"Northeim",Syrien,Veränderung gegenüber 2005 in Prozent,K03155,128.282828282828,128.282828
157,2014,"Peine",Syrien,Veränderung gegenüber 2005 in Prozent,K03157,154.455445544554,154.455446
158,2014,"Wolfenbüttel",Syrien,Veränderung gegenüber 2005 in Prozent,K03158,95.6521739130435,95.6521739
159,2014,"Göttingen",Syrien,Veränderung gegenüber 2005 in Prozent,K03159,169.060773480663,169.060773
1,2014,"Statistische Region Braunschweig",Syrien,Veränderung gegenüber 2005 in Prozent,K031,220.428015564202,220.428016
241,2014,"Region Hannover",Syrien,Veränderung gegenüber 2005 in Prozent,K03241,253.271983640082,253.271984
241001,2014,"dav. Hannover, Lhst.",Syrien,Veränderung gegenüber 2005 in Prozent,K03241001,184.68992248062,184.689922
241999,2014,"dav. Hannover, Umland",Syrien,Veränderung gegenüber 2005 in Prozent,K03241999,329.87012987013,329.87013
251,2014,"Diepholz",Syrien,Veränderung gegenüber 2005 in Prozent,K03251,290.082644628099,290.082645
252,2014,"Hameln-Pyrmont",Syrien,Veränderung gegenüber 2005 in Prozent,K03252,176.760563380282,176.760563
254,2014,"Hildesheim",Syrien,Veränderung gegenüber 2005 in Prozent,K03254,172.260273972603,172.260274
255,2014,"Holzminden",Syrien,Veränderung gegenüber 2005 in Prozent,K03255,465.384615384615,465.384615
256,2014,"Nienburg (Weser)",Syrien,Veränderung gegenüber 2005 in Prozent,K03256,68.5800604229607,68.5800604
257,2014,"Schaumburg",Syrien,Veränderung gegenüber 2005 in Prozent,K03257,77.7777777777778,77.7777778
2,2014,"Statistische Region Hannover",Syrien,Veränderung gegenüber 2005 in Prozent,K032,198.188937836515,198.188938
351,2014,"Celle",Syrien,Veränderung gegenüber 2005 in Prozent,K03351,254.545454545455,254.545455
352,2014,"Cuxhaven",Syrien,Veränderung gegenüber 2005 in Prozent,K03352,96.551724137931,96.5517241
353,2014,"Harburg",Syrien,Veränderung gegenüber 2005 in Prozent,K03353,151.041666666667,151.041667
354,2014,"Lüchow-Dannenberg",Syrien,Veränderung gegenüber 2005 in Prozent,K03354,957.142857142857,957.142857
355,2014,"Lüneburg",Syrien,Veränderung gegenüber 2005 in Prozent,K03355,165.811965811966,165.811966
356,2014,"Osterholz",Syrien,Veränderung gegenüber 2005 in Prozent,K03356,65.0602409638554,65.060241
357,2014,"Rotenburg (Wümme)",Syrien,Veränderung gegenüber 2005 in Prozent,K03357,183.720930232558,183.72093
358,2014,"Heidekreis",Syrien,Veränderung gegenüber 2005 in Prozent,K03358,215.384615384615,215.384615
359,2014,"Stade",Syrien,Veränderung gegenüber 2005 in Prozent,K03359,107.142857142857,107.142857
360,2014,"Uelzen",Syrien,Veränderung gegenüber 2005 in Prozent,K03360,500,500
361,2014,"Verden",Syrien,Veränderung gegenüber 2005 in Prozent,K03361,191.397849462366,191.397849
3,2014,"Statistische Region Lüneburg",Syrien,Veränderung gegenüber 2005 in Prozent,K033,184.085510688836,184.085511
401,2014,"Delmenhorst, Stadt",Syrien,Veränderung gegenüber 2005 in Prozent,K03401,123.076923076923,123.076923
402,2014,"Emden, Stadt",Syrien,Veränderung gegenüber 2005 in Prozent,K03402,11900,11900
403,2014,"Oldenburg (Oldb), Stadt",Syrien,Veränderung gegenüber 2005 in Prozent,K03403,286.95652173913,286.956522
404,2014,"Osnabrück, Stadt",Syrien,Veränderung gegenüber 2005 in Prozent,K03404,623.611111111111,623.611111
405,2014,"Wilhelmshaven, Stadt",Syrien,Veränderung gegenüber 2005 in Prozent,K03405,98.2142857142857,98.2142857
451,2014,"Ammerland",Syrien,Veränderung gegenüber 2005 in Prozent,K03451,188.659793814433,188.659794
452,2014,"Aurich",Syrien,Veränderung gegenüber 2005 in Prozent,K03452,390.804597701149,390.804598
453,2014,"Cloppenburg",Syrien,Veränderung gegenüber 2005 in Prozent,K03453,163.04347826087,163.043478
454,2014,"Emsland",Syrien,Veränderung gegenüber 2005 in Prozent,K03454,349.019607843137,349.019608
455,2014,"Friesland",Syrien,Veränderung gegenüber 2005 in Prozent,K03455,105,105
456,2014,"Grafschaft Bentheim",Syrien,Veränderung gegenüber 2005 in Prozent,K03456,141.237113402062,141.237113
457,2014,"Leer",Syrien,Veränderung gegenüber 2005 in Prozent,K03457,242.342342342342,242.342342
458,2014,"Oldenburg",Syrien,Veränderung gegenüber 2005 in Prozent,K03458,105.042016806723,105.042017
459,2014,"Osnabrück",Syrien,Veränderung gegenüber 2005 in Prozent,K03459,239.53488372093,239.534884
460,2014,"Vechta",Syrien,Veränderung gegenüber 2005 in Prozent,K03460,222.705314009662,222.705314
461,2014,"Wesermarsch",Syrien,Veränderung gegenüber 2005 in Prozent,K03461,127.906976744186,127.906977
462,2014,"Wittmund",Syrien,Veränderung gegenüber 2005 in Prozent,K03462,1000,1000
4,2014,"Statistische Region Weser-Ems",Syrien,Veränderung gegenüber 2005 in Prozent,K034,238.834951456311,238.834951
0,2014,"Niedersachsen",Syrien,Veränderung gegenüber 2005 in Prozent,K030,211.707585196043,211.707585
101,2015,"Braunschweig, Stadt",Syrien,Veränderung gegenüber 2005 in Prozent,K03101,592.896174863388,592.896175
102,2015,"Salzgitter, Stadt",Syrien,Veränderung gegenüber 2005 in Prozent,K03102,2376.08695652174,2376.08696
103,2015,"Wolfsburg, Stadt",Syrien,Veränderung gegenüber 2005 in Prozent,K03103,721.428571428571,721.428571
151,2015,"Gifhorn",Syrien,Veränderung gegenüber 2005 in Prozent,K03151,409.836065573771,409.836066
153,2015,"Goslar",Syrien,Veränderung gegenüber 2005 in Prozent,K03153,1258.62068965517,1258.62069
154,2015,"Helmstedt",Syrien,Veränderung gegenüber 2005 in Prozent,K03154,1100,1100
155,2015,"Northeim",Syrien,Veränderung gegenüber 2005 in Prozent,K03155,479.79797979798,479.79798
157,2015,"Peine",Syrien,Veränderung gegenüber 2005 in Prozent,K03157,574.257425742574,574.257426
158,2015,"Wolfenbüttel",Syrien,Veränderung gegenüber 2005 in Prozent,K03158,321.11801242236,321.118012
159,2015,"Göttingen",Syrien,Veränderung gegenüber 2005 in Prozent,K03159,643.646408839779,643.646409
1,2015,"Statistische Region Braunschweig",Syrien,Veränderung gegenüber 2005 in Prozent,K031,679.863813229572,679.863813
241,2015,"Region Hannover",Syrien,Veränderung gegenüber 2005 in Prozent,K03241,620.245398773006,620.245399
241001,2015,"dav. Hannover, Lhst.",Syrien,Veränderung gegenüber 2005 in Prozent,K03241001,414.922480620155,414.922481
241999,2015,"dav. Hannover, Umland",Syrien,Veränderung gegenüber 2005 in Prozent,K03241999,849.5670995671,849.5671
251,2015,"Diepholz",Syrien,Veränderung gegenüber 2005 in Prozent,K03251,732.231404958678,732.231405
252,2015,"Hameln-Pyrmont",Syrien,Veränderung gegenüber 2005 in Prozent,K03252,540.140845070423,540.140845
254,2015,"Hildesheim",Syrien,Veränderung gegenüber 2005 in Prozent,K03254,419.178082191781,419.178082
255,2015,"Holzminden",Syrien,Veränderung gegenüber 2005 in Prozent,K03255,1338.46153846154,1338.46154
256,2015,"Nienburg (Weser)",Syrien,Veränderung gegenüber 2005 in Prozent,K03256,178.851963746224,178.851964
257,2015,"Schaumburg",Syrien,Veränderung gegenüber 2005 in Prozent,K03257,273.202614379085,273.202614
2,2015,"Statistische Region Hannover",Syrien,Veränderung gegenüber 2005 in Prozent,K032,504.209495839452,504.209496
351,2015,"Celle",Syrien,Veränderung gegenüber 2005 in Prozent,K03351,668.595041322314,668.595041
352,2015,"Cuxhaven",Syrien,Veränderung gegenüber 2005 in Prozent,K03352,948.275862068965,948.275862
353,2015,"Harburg",Syrien,Veränderung gegenüber 2005 in Prozent,K03353,355.208333333333,355.208333
354,2015,"Lüchow-Dannenberg",Syrien,Veränderung gegenüber 2005 in Prozent,K03354,4171.42857142857,4171.42857
355,2015,"Lüneburg",Syrien,Veränderung gegenüber 2005 in Prozent,K03355,418.803418803419,418.803419
356,2015,"Osterholz",Syrien,Veränderung gegenüber 2005 in Prozent,K03356,465.060240963855,465.060241
357,2015,"Rotenburg (Wümme)",Syrien,Veränderung gegenüber 2005 in Prozent,K03357,1351.16279069767,1351.16279
358,2015,"Heidekreis",Syrien,Veränderung gegenüber 2005 in Prozent,K03358,487.912087912088,487.912088
359,2015,"Stade",Syrien,Veränderung gegenüber 2005 in Prozent,K03359,1675.71428571429,1675.71429
360,2015,"Uelzen",Syrien,Veränderung gegenüber 2005 in Prozent,K03360,823.529411764706,823.529412
361,2015,"Verden",Syrien,Veränderung gegenüber 2005 in Prozent,K03361,794.623655913979,794.623656
3,2015,"Statistische Region Lüneburg",Syrien,Veränderung gegenüber 2005 in Prozent,K033,755.344418052257,755.344418
401,2015,"Delmenhorst, Stadt",Syrien,Veränderung gegenüber 2005 in Prozent,K03401,605.769230769231,605.769231
402,2015,"Emden, Stadt",Syrien,Veränderung gegenüber 2005 in Prozent,K03402,56200,56200
403,2015,"Oldenburg (Oldb), Stadt",Syrien,Veränderung gegenüber 2005 in Prozent,K03403,839.130434782609,839.130435
404,2015,"Osnabrück, Stadt",Syrien,Veränderung gegenüber 2005 in Prozent,K03404,1427.77777777778,1427.77778
405,2015,"Wilhelmshaven, Stadt",Syrien,Veränderung gegenüber 2005 in Prozent,K03405,419.642857142857,419.642857
451,2015,"Ammerland",Syrien,Veränderung gegenüber 2005 in Prozent,K03451,554.639175257732,554.639175
452,2015,"Aurich",Syrien,Veränderung gegenüber 2005 in Prozent,K03452,1249.42528735632,1249.42529
453,2015,"Cloppenburg",Syrien,Veränderung gegenüber 2005 in Prozent,K03453,602.173913043478,602.173913
454,2015,"Emsland",Syrien,Veränderung gegenüber 2005 in Prozent,K03454,1380.39215686275,1380.39216
455,2015,"Friesland",Syrien,Veränderung gegenüber 2005 in Prozent,K03455,807.5,807.5
456,2015,"Grafschaft Bentheim",Syrien,Veränderung gegenüber 2005 in Prozent,K03456,592.783505154639,592.783505
457,2015,"Leer",Syrien,Veränderung gegenüber 2005 in Prozent,K03457,637.837837837838,637.837838
458,2015,"Oldenburg",Syrien,Veränderung gegenüber 2005 in Prozent,K03458,509.243697478992,509.243697
459,2015,"Osnabrück",Syrien,Veränderung gegenüber 2005 in Prozent,K03459,537.790697674419,537.790698
460,2015,"Vechta",Syrien,Veränderung gegenüber 2005 in Prozent,K03460,642.995169082126,642.995169
461,2015,"Wesermarsch",Syrien,Veränderung gegenüber 2005 in Prozent,K03461,820.93023255814,820.930233
462,2015,"Wittmund",Syrien,Veränderung gegenüber 2005 in Prozent,K03462,4342.85714285714,4342.85714
4,2015,"Statistische Region Weser-Ems",Syrien,Veränderung gegenüber 2005 in Prozent,K034,790.679611650485,790.679612
0,2015,"Niedersachsen",Syrien,Veränderung gegenüber 2005 in Prozent,K030,657.127152803225,657.127153
101,2016,"Braunschweig, Stadt",Syrien,Veränderung gegenüber 2005 in Prozent,K03101,796.174863387978,796.174863
102,2016,"Salzgitter, Stadt",Syrien,Veränderung gegenüber 2005 in Prozent,K03102,6323.91304347826,6323.91304
103,2016,"Wolfsburg, Stadt",Syrien,Veränderung gegenüber 2005 in Prozent,K03103,1033.92857142857,1033.92857
151,2016,"Gifhorn",Syrien,Veränderung gegenüber 2005 in Prozent,K03151,1088.52459016393,1088.52459
153,2016,"Goslar",Syrien,Veränderung gegenüber 2005 in Prozent,K03153,2218.96551724138,2218.96552
154,2016,"Helmstedt",Syrien,Veränderung gegenüber 2005 in Prozent,K03154,1880.76923076923,1880.76923
155,2016,"Northeim",Syrien,Veränderung gegenüber 2005 in Prozent,K03155,728.282828282828,728.282828
157,2016,"Peine",Syrien,Veränderung gegenüber 2005 in Prozent,K03157,1063.36633663366,1063.36634
158,2016,"Wolfenbüttel",Syrien,Veränderung gegenüber 2005 in Prozent,K03158,552.173913043478,552.173913
159,2016,"Göttingen",Syrien,Veränderung gegenüber 2005 in Prozent,K03159,1104.41988950276,1104.41989
1,2016,"Statistische Region Braunschweig",Syrien,Veränderung gegenüber 2005 in Prozent,K031,1230.25291828794,1230.25292
241,2016,"Region Hannover",Syrien,Veränderung gegenüber 2005 in Prozent,K03241,972.085889570552,972.08589
241001,2016,"dav. Hannover, Lhst.",Syrien,Veränderung gegenüber 2005 in Prozent,K03241001,663.565891472868,663.565891
241999,2016,"dav. Hannover, Umland",Syrien,Veränderung gegenüber 2005 in Prozent,K03241999,1316.66666666667,1316.66667
251,2016,"Diepholz",Syrien,Veränderung gegenüber 2005 in Prozent,K03251,1114.87603305785,1114.87603
252,2016,"Hameln-Pyrmont",Syrien,Veränderung gegenüber 2005 in Prozent,K03252,928.169014084507,928.169014
254,2016,"Hildesheim",Syrien,Veränderung gegenüber 2005 in Prozent,K03254,619.178082191781,619.178082
255,2016,"Holzminden",Syrien,Veränderung gegenüber 2005 in Prozent,K03255,2361.53846153846,2361.53846
256,2016,"Nienburg (Weser)",Syrien,Veränderung gegenüber 2005 in Prozent,K03256,298.791540785499,298.791541
257,2016,"Schaumburg",Syrien,Veränderung gegenüber 2005 in Prozent,K03257,782.352941176471,782.352941
2,2016,"Statistische Region Hannover",Syrien,Veränderung gegenüber 2005 in Prozent,K032,821.43906020558,821.43906
351,2016,"Celle",Syrien,Veränderung gegenüber 2005 in Prozent,K03351,1081.81818181818,1081.81818
352,2016,"Cuxhaven",Syrien,Veränderung gegenüber 2005 in Prozent,K03352,1762.06896551724,1762.06897
353,2016,"Harburg",Syrien,Veränderung gegenüber 2005 in Prozent,K03353,952.083333333333,952.083333
354,2016,"Lüchow-Dannenberg",Syrien,Veränderung gegenüber 2005 in Prozent,K03354,3757.14285714286,3757.14286
355,2016,"Lüneburg",Syrien,Veränderung gegenüber 2005 in Prozent,K03355,1186.32478632479,1186.32479
356,2016,"Osterholz",Syrien,Veränderung gegenüber 2005 in Prozent,K03356,677.10843373494,677.108434
357,2016,"Rotenburg (Wümme)",Syrien,Veränderung gegenüber 2005 in Prozent,K03357,2586.04651162791,2586.04651
358,2016,"Heidekreis",Syrien,Veränderung gegenüber 2005 in Prozent,K03358,1169.23076923077,1169.23077
359,2016,"Stade",Syrien,Veränderung gegenüber 2005 in Prozent,K03359,2557.14285714286,2557.14286
360,2016,"Uelzen",Syrien,Veränderung gegenüber 2005 in Prozent,K03360,1752.94117647059,1752.94118
361,2016,"Verden",Syrien,Veränderung gegenüber 2005 in Prozent,K03361,1002.15053763441,1002.15054
3,2016,"Statistische Region Lüneburg",Syrien,Veränderung gegenüber 2005 in Prozent,K033,1361.99524940618,1361.99525
401,2016,"Delmenhorst, Stadt",Syrien,Veränderung gegenüber 2005 in Prozent,K03401,1044.23076923077,1044.23077
402,2016,"Emden, Stadt",Syrien,Veränderung gegenüber 2005 in Prozent,K03402,65900,65900
403,2016,"Oldenburg (Oldb), Stadt",Syrien,Veränderung gegenüber 2005 in Prozent,K03403,1438.04347826087,1438.04348
404,2016,"Osnabrück, Stadt",Syrien,Veränderung gegenüber 2005 in Prozent,K03404,3080.55555555556,3080.55556
405,2016,"Wilhelmshaven, Stadt",Syrien,Veränderung gegenüber 2005 in Prozent,K03405,1819.64285714286,1819.64286
451,2016,"Ammerland",Syrien,Veränderung gegenüber 2005 in Prozent,K03451,961.855670103093,961.85567
452,2016,"Aurich",Syrien,Veränderung gegenüber 2005 in Prozent,K03452,1819.54022988506,1819.54023
453,2016,"Cloppenburg",Syrien,Veränderung gegenüber 2005 in Prozent,K03453,1037.68115942029,1037.68116
454,2016,"Emsland",Syrien,Veränderung gegenüber 2005 in Prozent,K03454,2684.3137254902,2684.31373
455,2016,"Friesland",Syrien,Veränderung gegenüber 2005 in Prozent,K03455,2125,2125
456,2016,"Grafschaft Bentheim",Syrien,Veränderung gegenüber 2005 in Prozent,K03456,889.690721649485,889.690722
457,2016,"Leer",Syrien,Veränderung gegenüber 2005 in Prozent,K03457,1188.28828828829,1188.28829
458,2016,"Oldenburg",Syrien,Veränderung gegenüber 2005 in Prozent,K03458,773.949579831933,773.94958
459,2016,"Osnabrück",Syrien,Veränderung gegenüber 2005 in Prozent,K03459,1077.32558139535,1077.32558
460,2016,"Vechta",Syrien,Veränderung gegenüber 2005 in Prozent,K03460,912.07729468599,912.077295
461,2016,"Wesermarsch",Syrien,Veränderung gegenüber 2005 in Prozent,K03461,1411.62790697674,1411.62791
462,2016,"Wittmund",Syrien,Veränderung gegenüber 2005 in Prozent,K03462,4971.42857142857,4971.42857
4,2016,"Statistische Region Weser-Ems",Syrien,Veränderung gegenüber 2005 in Prozent,K034,1401.29449838188,1401.2945
0,2016,"Niedersachsen",Syrien,Veränderung gegenüber 2005 in Prozent,K030,1145.96921949432,1145.96922
101,2017,"Braunschweig, Stadt",Syrien,Veränderung gegenüber 2005 in Prozent,K03101,957.377049180328,957.377049
102,2017,"Salzgitter, Stadt",Syrien,Veränderung gegenüber 2005 in Prozent,K03102,8323.91304347826,8323.91304
103,2017,"Wolfsburg, Stadt",Syrien,Veränderung gegenüber 2005 in Prozent,K03103,1145.53571428571,1145.53571
151,2017,"Gifhorn",Syrien,Veränderung gegenüber 2005 in Prozent,K03151,1113.11475409836,1113.11475
153,2017,"Goslar",Syrien,Veränderung gegenüber 2005 in Prozent,K03153,2503.44827586207,2503.44828
154,2017,"Helmstedt",Syrien,Veränderung gegenüber 2005 in Prozent,K03154,1630.76923076923,1630.76923
155,2017,"Northeim",Syrien,Veränderung gegenüber 2005 in Prozent,K03155,798.989898989899,798.989899
157,2017,"Peine",Syrien,Veränderung gegenüber 2005 in Prozent,K03157,1236.63366336634,1236.63366
158,2017,"Wolfenbüttel",Syrien,Veränderung gegenüber 2005 in Prozent,K03158,539.751552795031,539.751553
159,2017,"Göttingen",Syrien,Veränderung gegenüber 2005 in Prozent,K03159,1308.83977900552,1308.83978
1,2017,"Statistische Region Braunschweig",Syrien,Veränderung gegenüber 2005 in Prozent,K031,1429.66926070039,1429.66926
241,2017,"Region Hannover",Syrien,Veränderung gegenüber 2005 in Prozent,K03241,1144.37627811861,1144.37628
241001,2017,"dav. Hannover, Lhst.",Syrien,Veränderung gegenüber 2005 in Prozent,K03241001,872.868217054264,872.868217
241999,2017,"dav. Hannover, Umland",Syrien,Veränderung gegenüber 2005 in Prozent,K03241999,1447.61904761905,1447.61905
251,2017,"Diepholz",Syrien,Veränderung gegenüber 2005 in Prozent,K03251,1201.65289256198,1201.65289
252,2017,"Hameln-Pyrmont",Syrien,Veränderung gegenüber 2005 in Prozent,K03252,1139.43661971831,1139.43662
254,2017,"Hildesheim",Syrien,Veränderung gegenüber 2005 in Prozent,K03254,660.27397260274,660.273973
255,2017,"Holzminden",Syrien,Veränderung gegenüber 2005 in Prozent,K03255,2707.69230769231,2707.69231
256,2017,"Nienburg (Weser)",Syrien,Veränderung gegenüber 2005 in Prozent,K03256,315.407854984894,315.407855
257,2017,"Schaumburg",Syrien,Veränderung gegenüber 2005 in Prozent,K03257,867.320261437908,867.320261
2,2017,"Statistische Region Hannover",Syrien,Veränderung gegenüber 2005 in Prozent,K032,943.318649045521,943.318649
351,2017,"Celle",Syrien,Veränderung gegenüber 2005 in Prozent,K03351,1209.9173553719,1209.91736
352,2017,"Cuxhaven",Syrien,Veränderung gegenüber 2005 in Prozent,K03352,1744.8275862069,1744.82759
353,2017,"Harburg",Syrien,Veränderung gegenüber 2005 in Prozent,K03353,1030.20833333333,1030.20833
354,2017,"Lüchow-Dannenberg",Syrien,Veränderung gegenüber 2005 in Prozent,K03354,3400,3400
355,2017,"Lüneburg",Syrien,Veränderung gegenüber 2005 in Prozent,K03355,1352.99145299145,1352.99145
356,2017,"Osterholz",Syrien,Veränderung gegenüber 2005 in Prozent,K03356,707.228915662651,707.228916
357,2017,"Rotenburg (Wümme)",Syrien,Veränderung gegenüber 2005 in Prozent,K03357,2469.76744186047,2469.76744
358,2017,"Heidekreis",Syrien,Veränderung gegenüber 2005 in Prozent,K03358,1031.86813186813,1031.86813
359,2017,"Stade",Syrien,Veränderung gegenüber 2005 in Prozent,K03359,2878.57142857143,2878.57143
360,2017,"Uelzen",Syrien,Veränderung gegenüber 2005 in Prozent,K03360,1885.29411764706,1885.29412
361,2017,"Verden",Syrien,Veränderung gegenüber 2005 in Prozent,K03361,1061.29032258065,1061.29032
3,2017,"Statistische Region Lüneburg",Syrien,Veränderung gegenüber 2005 in Prozent,K033,1427.90973871734,1427.90974
401,2017,"Delmenhorst, Stadt",Syrien,Veränderung gegenüber 2005 in Prozent,K03401,1395.19230769231,1395.19231
402,2017,"Emden, Stadt",Syrien,Veränderung gegenüber 2005 in Prozent,K03402,78400,78400
403,2017,"Oldenburg (Oldb), Stadt",Syrien,Veränderung gegenüber 2005 in Prozent,K03403,1726.08695652174,1726.08696
404,2017,"Osnabrück, Stadt",Syrien,Veränderung gegenüber 2005 in Prozent,K03404,3684.72222222222,3684.72222
405,2017,"Wilhelmshaven, Stadt",Syrien,Veränderung gegenüber 2005 in Prozent,K03405,2917.85714285714,2917.85714
451,2017,"Ammerland",Syrien,Veränderung gegenüber 2005 in Prozent,K03451,956.701030927835,956.701031
452,2017,"Aurich",Syrien,Veränderung gegenüber 2005 in Prozent,K03452,1762.06896551724,1762.06897
453,2017,"Cloppenburg",Syrien,Veränderung gegenüber 2005 in Prozent,K03453,961.594202898551,961.594203
454,2017,"Emsland",Syrien,Veränderung gegenüber 2005 in Prozent,K03454,2591.17647058824,2591.17647
455,2017,"Friesland",Syrien,Veränderung gegenüber 2005 in Prozent,K03455,1937.5,1937.5
456,2017,"Grafschaft Bentheim",Syrien,Veränderung gegenüber 2005 in Prozent,K03456,967.010309278351,967.010309
457,2017,"Leer",Syrien,Veränderung gegenüber 2005 in Prozent,K03457,1143.24324324324,1143.24324
458,2017,"Oldenburg",Syrien,Veränderung gegenüber 2005 in Prozent,K03458,698.319327731092,698.319328
459,2017,"Osnabrück",Syrien,Veränderung gegenüber 2005 in Prozent,K03459,1083.13953488372,1083.13953
460,2017,"Vechta",Syrien,Veränderung gegenüber 2005 in Prozent,K03460,1018.35748792271,1018.35749
461,2017,"Wesermarsch",Syrien,Veränderung gegenüber 2005 in Prozent,K03461,1516.27906976744,1516.27907
462,2017,"Wittmund",Syrien,Veränderung gegenüber 2005 in Prozent,K03462,4828.57142857143,4828.57143
4,2017,"Statistische Region Weser-Ems",Syrien,Veränderung gegenüber 2005 in Prozent,K034,1508.73786407767,1508.73786
0,2017,"Niedersachsen",Syrien,Veränderung gegenüber 2005 in Prozent,K030,1269.6408941004,1269.64089
101,2018,"Braunschweig, Stadt",Syrien,Veränderung gegenüber 2005 in Prozent,K03101,1181.42076502732,1181.42077
102,2018,"Salzgitter, Stadt",Syrien,Veränderung gegenüber 2005 in Prozent,K03102,8791.30434782609,8791.30435
103,2018,"Wolfsburg, Stadt",Syrien,Veränderung gegenüber 2005 in Prozent,K03103,1216.96428571429,1216.96429
151,2018,"Gifhorn",Syrien,Veränderung gegenüber 2005 in Prozent,K03151,1268.85245901639,1268.85246
153,2018,"Goslar",Syrien,Veränderung gegenüber 2005 in Prozent,K03153,2512.06896551724,2512.06897
154,2018,"Helmstedt",Syrien,Veränderung gegenüber 2005 in Prozent,K03154,1592.30769230769,1592.30769
155,2018,"Northeim",Syrien,Veränderung gegenüber 2005 in Prozent,K03155,889.89898989899,889.89899
157,2018,"Peine",Syrien,Veränderung gegenüber 2005 in Prozent,K03157,1345.54455445545,1345.54455
158,2018,"Wolfenbüttel",Syrien,Veränderung gegenüber 2005 in Prozent,K03158,521.11801242236,521.118012
159,2018,"Göttingen",Syrien,Veränderung gegenüber 2005 in Prozent,K03159,1386.18784530387,1386.18785
1,2018,"Statistische Region Braunschweig",Syrien,Veränderung gegenüber 2005 in Prozent,K031,1537.15953307393,1537.15953
241,2018,"Region Hannover",Syrien,Veränderung gegenüber 2005 in Prozent,K03241,1290.59304703476,1290.59305
241001,2018,"dav. Hannover, Lhst.",Syrien,Veränderung gegenüber 2005 in Prozent,K03241001,1036.62790697674,1036.62791
241999,2018,"dav. Hannover, Umland",Syrien,Veränderung gegenüber 2005 in Prozent,K03241999,1574.24242424242,1574.24242
251,2018,"Diepholz",Syrien,Veränderung gegenüber 2005 in Prozent,K03251,1321.48760330579,1321.4876
252,2018,"Hameln-Pyrmont",Syrien,Veränderung gegenüber 2005 in Prozent,K03252,1290.84507042254,1290.84507
254,2018,"Hildesheim",Syrien,Veränderung gegenüber 2005 in Prozent,K03254,747.602739726027,747.60274
255,2018,"Holzminden",Syrien,Veränderung gegenüber 2005 in Prozent,K03255,2496.15384615385,2496.15385
256,2018,"Nienburg (Weser)",Syrien,Veränderung gegenüber 2005 in Prozent,K03256,310.876132930514,310.876133
257,2018,"Schaumburg",Syrien,Veränderung gegenüber 2005 in Prozent,K03257,893.464052287582,893.464052
2,2018,"Statistische Region Hannover",Syrien,Veränderung gegenüber 2005 in Prozent,K032,1041.7033773862,1041.70338
351,2018,"Celle",Syrien,Veränderung gegenüber 2005 in Prozent,K03351,1255.37190082645,1255.3719
352,2018,"Cuxhaven",Syrien,Veränderung gegenüber 2005 in Prozent,K03352,1721.83908045977,1721.83908
353,2018,"Harburg",Syrien,Veränderung gegenüber 2005 in Prozent,K03353,1087.5,1087.5
354,2018,"Lüchow-Dannenberg",Syrien,Veränderung gegenüber 2005 in Prozent,K03354,3685.71428571429,3685.71429
355,2018,"Lüneburg",Syrien,Veränderung gegenüber 2005 in Prozent,K03355,1459.82905982906,1459.82906
356,2018,"Osterholz",Syrien,Veränderung gegenüber 2005 in Prozent,K03356,743.373493975904,743.373494
357,2018,"Rotenburg (Wümme)",Syrien,Veränderung gegenüber 2005 in Prozent,K03357,2446.51162790698,2446.51163
358,2018,"Heidekreis",Syrien,Veränderung gegenüber 2005 in Prozent,K03358,1097.8021978022,1097.8022
359,2018,"Stade",Syrien,Veränderung gegenüber 2005 in Prozent,K03359,3242.85714285714,3242.85714
360,2018,"Uelzen",Syrien,Veränderung gegenüber 2005 in Prozent,K03360,1885.29411764706,1885.29412
361,2018,"Verden",Syrien,Veränderung gegenüber 2005 in Prozent,K03361,1082.79569892473,1082.7957
3,2018,"Statistische Region Lüneburg",Syrien,Veränderung gegenüber 2005 in Prozent,K033,1498.57482185273,1498.57482
401,2018,"Delmenhorst, Stadt",Syrien,Veränderung gegenüber 2005 in Prozent,K03401,1520.19230769231,1520.19231
402,2018,"Emden, Stadt",Syrien,Veränderung gegenüber 2005 in Prozent,K03402,83900,83900
403,2018,"Oldenburg (Oldb), Stadt",Syrien,Veränderung gegenüber 2005 in Prozent,K03403,1932.60869565217,1932.6087
404,2018,"Osnabrück, Stadt",Syrien,Veränderung gegenüber 2005 in Prozent,K03404,4101.38888888889,4101.38889
405,2018,"Wilhelmshaven, Stadt",Syrien,Veränderung gegenüber 2005 in Prozent,K03405,3337.5,3337.5
451,2018,"Ammerland",Syrien,Veränderung gegenüber 2005 in Prozent,K03451,992.783505154639,992.783505
452,2018,"Aurich",Syrien,Veränderung gegenüber 2005 in Prozent,K03452,1842.52873563218,1842.52874
453,2018,"Cloppenburg",Syrien,Veränderung gegenüber 2005 in Prozent,K03453,925.36231884058,925.362319
454,2018,"Emsland",Syrien,Veränderung gegenüber 2005 in Prozent,K03454,2596.07843137255,2596.07843
455,2018,"Friesland",Syrien,Veränderung gegenüber 2005 in Prozent,K03455,1900,1900
456,2018,"Grafschaft Bentheim",Syrien,Veränderung gegenüber 2005 in Prozent,K03456,1064.94845360825,1064.94845
457,2018,"Leer",Syrien,Veränderung gegenüber 2005 in Prozent,K03457,1246.84684684685,1246.84685
458,2018,"Oldenburg",Syrien,Veränderung gegenüber 2005 in Prozent,K03458,681.512605042017,681.512605
459,2018,"Osnabrück",Syrien,Veränderung gegenüber 2005 in Prozent,K03459,1158.72093023256,1158.72093
460,2018,"Vechta",Syrien,Veränderung gegenüber 2005 in Prozent,K03460,1119.80676328502,1119.80676
461,2018,"Wesermarsch",Syrien,Veränderung gegenüber 2005 in Prozent,K03461,1574.41860465116,1574.4186
462,2018,"Wittmund",Syrien,Veränderung gegenüber 2005 in Prozent,K03462,4114.28571428571,4114.28571
4,2018,"Statistische Region Weser-Ems",Syrien,Veränderung gegenüber 2005 in Prozent,K034,1603.23624595469,1603.23625
0,2018,"Niedersachsen",Syrien,Veränderung gegenüber 2005 in Prozent,K030,1364.45584463173,1364.45584
101,2019,"Braunschweig, Stadt",Syrien,Veränderung gegenüber 2005 in Prozent,K03101,1345.35519125683,1345.35519
102,2019,"Salzgitter, Stadt",Syrien,Veränderung gegenüber 2005 in Prozent,K03102,9302.17391304348,9302.17391
103,2019,"Wolfsburg, Stadt",Syrien,Veränderung gegenüber 2005 in Prozent,K03103,1350.89285714286,1350.89286
151,2019,"Gifhorn",Syrien,Veränderung gegenüber 2005 in Prozent,K03151,1334.4262295082,1334.42623
153,2019,"Goslar",Syrien,Veränderung gegenüber 2005 in Prozent,K03153,2606.89655172414,2606.89655
154,2019,"Helmstedt",Syrien,Veränderung gegenüber 2005 in Prozent,K03154,1611.53846153846,1611.53846
155,2019,"Northeim",Syrien,Veränderung gegenüber 2005 in Prozent,K03155,975.757575757576,975.757576
157,2019,"Peine",Syrien,Veränderung gegenüber 2005 in Prozent,K03157,1469.30693069307,1469.30693
158,2019,"Wolfenbüttel",Syrien,Veränderung gegenüber 2005 in Prozent,K03158,552.173913043478,552.173913
159,2019,"Göttingen",Syrien,Veränderung gegenüber 2005 in Prozent,K03159,1480.11049723757,1480.1105
1,2019,"Statistische Region Braunschweig",Syrien,Veränderung gegenüber 2005 in Prozent,K031,1655.35019455253,1655.35019
241,2019,"Region Hannover",Syrien,Veränderung gegenüber 2005 in Prozent,K03241,1410.22494887526,1410.22495
241001,2019,"dav. Hannover, Lhst.",Syrien,Veränderung gegenüber 2005 in Prozent,K03241001,1201.35658914729,1201.35659
241999,2019,"dav. Hannover, Umland",Syrien,Veränderung gegenüber 2005 in Prozent,K03241999,1643.50649350649,1643.50649
251,2019,"Diepholz",Syrien,Veränderung gegenüber 2005 in Prozent,K03251,1391.73553719008,1391.73554
252,2019,"Hameln-Pyrmont",Syrien,Veränderung gegenüber 2005 in Prozent,K03252,1428.16901408451,1428.16901
254,2019,"Hildesheim",Syrien,Veränderung gegenüber 2005 in Prozent,K03254,804.109589041096,804.109589
255,2019,"Holzminden",Syrien,Veränderung gegenüber 2005 in Prozent,K03255,2361.53846153846,2361.53846
256,2019,"Nienburg (Weser)",Syrien,Veränderung gegenüber 2005 in Prozent,K03256,315.407854984894,315.407855
257,2019,"Schaumburg",Syrien,Veränderung gegenüber 2005 in Prozent,K03257,913.071895424837,913.071895
2,2019,"Statistische Region Hannover",Syrien,Veränderung gegenüber 2005 in Prozent,K032,1121.24326970142,1121.24327
351,2019,"Celle",Syrien,Veränderung gegenüber 2005 in Prozent,K03351,1271.90082644628,1271.90083
352,2019,"Cuxhaven",Syrien,Veränderung gegenüber 2005 in Prozent,K03352,1716.09195402299,1716.09195
353,2019,"Harburg",Syrien,Veränderung gegenüber 2005 in Prozent,K03353,1139.58333333333,1139.58333
354,2019,"Lüchow-Dannenberg",Syrien,Veränderung gegenüber 2005 in Prozent,K03354,3828.57142857143,3828.57143
355,2019,"Lüneburg",Syrien,Veränderung gegenüber 2005 in Prozent,K03355,1532.47863247863,1532.47863
356,2019,"Osterholz",Syrien,Veränderung gegenüber 2005 in Prozent,K03356,761.44578313253,761.445783
357,2019,"Rotenburg (Wümme)",Syrien,Veränderung gegenüber 2005 in Prozent,K03357,2574.41860465116,2574.4186
358,2019,"Heidekreis",Syrien,Veränderung gegenüber 2005 in Prozent,K03358,1185.71428571429,1185.71429
359,2019,"Stade",Syrien,Veränderung gegenüber 2005 in Prozent,K03359,3457.14285714286,3457.14286
360,2019,"Uelzen",Syrien,Veränderung gegenüber 2005 in Prozent,K03360,1988.23529411765,1988.23529
361,2019,"Verden",Syrien,Veränderung gegenüber 2005 in Prozent,K03361,1131.18279569892,1131.1828
3,2019,"Statistische Region Lüneburg",Syrien,Veränderung gegenüber 2005 in Prozent,K033,1561.52019002375,1561.52019
401,2019,"Delmenhorst, Stadt",Syrien,Veränderung gegenüber 2005 in Prozent,K03401,1606.73076923077,1606.73077
402,2019,"Emden, Stadt",Syrien,Veränderung gegenüber 2005 in Prozent,K03402,94400,94400
403,2019,"Oldenburg (Oldb), Stadt",Syrien,Veränderung gegenüber 2005 in Prozent,K03403,2117.39130434783,2117.3913
404,2019,"Osnabrück, Stadt",Syrien,Veränderung gegenüber 2005 in Prozent,K03404,4483.33333333333,4483.33333
405,2019,"Wilhelmshaven, Stadt",Syrien,Veränderung gegenüber 2005 in Prozent,K03405,3650,3650
451,2019,"Ammerland",Syrien,Veränderung gegenüber 2005 in Prozent,K03451,1023.71134020619,1023.71134
452,2019,"Aurich",Syrien,Veränderung gegenüber 2005 in Prozent,K03452,1859.77011494253,1859.77011
453,2019,"Cloppenburg",Syrien,Veränderung gegenüber 2005 in Prozent,K03453,892.753623188406,892.753623
454,2019,"Emsland",Syrien,Veränderung gegenüber 2005 in Prozent,K03454,2733.33333333333,2733.33333
455,2019,"Friesland",Syrien,Veränderung gegenüber 2005 in Prozent,K03455,1912.5,1912.5
456,2019,"Grafschaft Bentheim",Syrien,Veränderung gegenüber 2005 in Prozent,K03456,1137.11340206186,1137.1134
457,2019,"Leer",Syrien,Veränderung gegenüber 2005 in Prozent,K03457,1390.99099099099,1390.99099
458,2019,"Oldenburg",Syrien,Veränderung gegenüber 2005 in Prozent,K03458,694.117647058824,694.117647
459,2019,"Osnabrück",Syrien,Veränderung gegenüber 2005 in Prozent,K03459,1211.04651162791,1211.04651
460,2019,"Vechta",Syrien,Veränderung gegenüber 2005 in Prozent,K03460,1197.10144927536,1197.10145
461,2019,"Wesermarsch",Syrien,Veränderung gegenüber 2005 in Prozent,K03461,1609.3023255814,1609.30233
462,2019,"Wittmund",Syrien,Veränderung gegenüber 2005 in Prozent,K03462,4542.85714285714,4542.85714
4,2019,"Statistische Region Weser-Ems",Syrien,Veränderung gegenüber 2005 in Prozent,K034,1700.64724919094,1700.64725
0,2019,"Niedersachsen",Syrien,Veränderung gegenüber 2005 in Prozent,K030,1453.77427629168,1453.77428
101,2020,"Braunschweig, Stadt",Syrien,Veränderung gegenüber 2005 in Prozent,K03101,1419.12568306011,1419.12568
102,2020,"Salzgitter, Stadt",Syrien,Veränderung gegenüber 2005 in Prozent,K03102,9595.65217391304,9595.65217
103,2020,"Wolfsburg, Stadt",Syrien,Veränderung gegenüber 2005 in Prozent,K03103,1516.07142857143,1516.07143
151,2020,"Gifhorn",Syrien,Veränderung gegenüber 2005 in Prozent,K03151,1449.18032786885,1449.18033
153,2020,"Goslar",Syrien,Veränderung gegenüber 2005 in Prozent,K03153,2537.93103448276,2537.93103
154,2020,"Helmstedt",Syrien,Veränderung gegenüber 2005 in Prozent,K03154,1630.76923076923,1630.76923
155,2020,"Northeim",Syrien,Veränderung gegenüber 2005 in Prozent,K03155,970.707070707071,970.707071
157,2020,"Peine",Syrien,Veränderung gegenüber 2005 in Prozent,K03157,1593.06930693069,1593.06931
158,2020,"Wolfenbüttel",Syrien,Veränderung gegenüber 2005 in Prozent,K03158,561.490683229814,561.490683
159,2020,"Göttingen",Syrien,Veränderung gegenüber 2005 in Prozent,K03159,1272.92817679558,1272.92818
1,2020,"Statistische Region Braunschweig",Syrien,Veränderung gegenüber 2005 in Prozent,K031,1680.15564202335,1680.15564
241,2020,"Region Hannover",Syrien,Veränderung gegenüber 2005 in Prozent,K03241,1483.33333333333,1483.33333
241001,2020,"dav. Hannover, Lhst.",Syrien,Veränderung gegenüber 2005 in Prozent,K03241001,1281.78294573643,1281.78295
241999,2020,"dav. Hannover, Umland",Syrien,Veränderung gegenüber 2005 in Prozent,K03241999,1708.44155844156,1708.44156
251,2020,"Diepholz",Syrien,Veränderung gegenüber 2005 in Prozent,K03251,1400,1400
252,2020,"Hameln-Pyrmont",Syrien,Veränderung gegenüber 2005 in Prozent,K03252,1480.98591549296,1480.98592
254,2020,"Hildesheim",Syrien,Veränderung gegenüber 2005 in Prozent,K03254,853.767123287671,853.767123
255,2020,"Holzminden",Syrien,Veränderung gegenüber 2005 in Prozent,K03255,2342.30769230769,2342.30769
256,2020,"Nienburg (Weser)",Syrien,Veränderung gegenüber 2005 in Prozent,K03256,322.960725075529,322.960725
257,2020,"Schaumburg",Syrien,Veränderung gegenüber 2005 in Prozent,K03257,968.627450980392,968.627451
2,2020,"Statistische Region Hannover",Syrien,Veränderung gegenüber 2005 in Prozent,K032,1172.39353891336,1172.39354
351,2020,"Celle",Syrien,Veränderung gegenüber 2005 in Prozent,K03351,1209.9173553719,1209.91736
352,2020,"Cuxhaven",Syrien,Veränderung gegenüber 2005 in Prozent,K03352,1727.58620689655,1727.58621
353,2020,"Harburg",Syrien,Veränderung gegenüber 2005 in Prozent,K03353,1217.70833333333,1217.70833
354,2020,"Lüchow-Dannenberg",Syrien,Veränderung gegenüber 2005 in Prozent,K03354,4114.28571428571,4114.28571
355,2020,"Lüneburg",Syrien,Veränderung gegenüber 2005 in Prozent,K03355,1541.02564102564,1541.02564
356,2020,"Osterholz",Syrien,Veränderung gegenüber 2005 in Prozent,K03356,809.638554216867,809.638554
357,2020,"Rotenburg (Wümme)",Syrien,Veränderung gegenüber 2005 in Prozent,K03357,2841.86046511628,2841.86047
358,2020,"Heidekreis",Syrien,Veränderung gegenüber 2005 in Prozent,K03358,1251.64835164835,1251.64835
359,2020,"Stade",Syrien,Veränderung gegenüber 2005 in Prozent,K03359,3742.85714285714,3742.85714
360,2020,"Uelzen",Syrien,Veränderung gegenüber 2005 in Prozent,K03360,2105.88235294118,2105.88235
361,2020,"Verden",Syrien,Veränderung gegenüber 2005 in Prozent,K03361,1115.05376344086,1115.05376
3,2020,"Statistische Region Lüneburg",Syrien,Veränderung gegenüber 2005 in Prozent,K033,1619.12114014252,1619.12114
401,2020,"Delmenhorst, Stadt",Syrien,Veränderung gegenüber 2005 in Prozent,K03401,1707.69230769231,1707.69231
402,2020,"Emden, Stadt",Syrien,Veränderung gegenüber 2005 in Prozent,K03402,99900,99900
403,2020,"Oldenburg (Oldb), Stadt",Syrien,Veränderung gegenüber 2005 in Prozent,K03403,2280.4347826087,2280.43478
404,2020,"Osnabrück, Stadt",Syrien,Veränderung gegenüber 2005 in Prozent,K03404,4719.44444444444,4719.44444
405,2020,"Wilhelmshaven, Stadt",Syrien,Veränderung gegenüber 2005 in Prozent,K03405,3667.85714285714,3667.85714
451,2020,"Ammerland",Syrien,Veränderung gegenüber 2005 in Prozent,K03451,1028.86597938144,1028.86598
452,2020,"Aurich",Syrien,Veränderung gegenüber 2005 in Prozent,K03452,1836.7816091954,1836.78161
453,2020,"Cloppenburg",Syrien,Veränderung gegenüber 2005 in Prozent,K03453,889.130434782609,889.130435
454,2020,"Emsland",Syrien,Veränderung gegenüber 2005 in Prozent,K03454,2821.56862745098,2821.56863
455,2020,"Friesland",Syrien,Veränderung gegenüber 2005 in Prozent,K03455,1950,1950
456,2020,"Grafschaft Bentheim",Syrien,Veränderung gegenüber 2005 in Prozent,K03456,1209.27835051546,1209.27835
457,2020,"Leer",Syrien,Veränderung gegenüber 2005 in Prozent,K03457,1562.16216216216,1562.16216
458,2020,"Oldenburg",Syrien,Veränderung gegenüber 2005 in Prozent,K03458,689.915966386555,689.915966
459,2020,"Osnabrück",Syrien,Veränderung gegenüber 2005 in Prozent,K03459,1245.93023255814,1245.93023
460,2020,"Vechta",Syrien,Veränderung gegenüber 2005 in Prozent,K03460,1242.99516908213,1242.99517
461,2020,"Wesermarsch",Syrien,Veränderung gegenüber 2005 in Prozent,K03461,1725.58139534884,1725.5814
462,2020,"Wittmund",Syrien,Veränderung gegenüber 2005 in Prozent,K03462,5114.28571428571,5114.28571
4,2020,"Statistische Region Weser-Ems",Syrien,Veränderung gegenüber 2005 in Prozent,K034,1770.87378640777,1770.87379
0,2020,"Niedersachsen",Syrien,Veränderung gegenüber 2005 in Prozent,K030,1506.44924880909,1506.44925
101,2021,"Braunschweig, Stadt",Syrien,Veränderung gegenüber 2005 in Prozent,K03101,1386.33879781421,1386.3388
102,2021,"Salzgitter, Stadt",Syrien,Veränderung gegenüber 2005 in Prozent,K03102,10182.6086956522,10182.6087
103,2021,"Wolfsburg, Stadt",Syrien,Veränderung gegenüber 2005 in Prozent,K03103,1658.92857142857,1658.92857
151,2021,"Gifhorn",Syrien,Veränderung gegenüber 2005 in Prozent,K03151,1686.88524590164,1686.88525
153,2021,"Goslar",Syrien,Veränderung gegenüber 2005 in Prozent,K03153,2460.34482758621,2460.34483
154,2021,"Helmstedt",Syrien,Veränderung gegenüber 2005 in Prozent,K03154,1861.53846153846,1861.53846
155,2021,"Northeim",Syrien,Veränderung gegenüber 2005 in Prozent,K03155,1001.0101010101,1001.0101
157,2021,"Peine",Syrien,Veränderung gegenüber 2005 in Prozent,K03157,1711.88118811881,1711.88119
158,2021,"Wolfenbüttel",Syrien,Veränderung gegenüber 2005 in Prozent,K03158,611.180124223602,611.180124
159,2021,"Göttingen",Syrien,Veränderung gegenüber 2005 in Prozent,K03159,1253.59116022099,1253.59116
1,2021,"Statistische Region Braunschweig",Syrien,Veränderung gegenüber 2005 in Prozent,K031,1750.19455252918,1750.19455
241,2021,"Region Hannover",Syrien,Veränderung gegenüber 2005 in Prozent,K03241,1683.23108384458,1683.23108
241001,2021,"dav. Hannover, Lhst.",Syrien,Veränderung gegenüber 2005 in Prozent,K03241001,1366.08527131783,1366.08527
241999,2021,"dav. Hannover, Umland",Syrien,Veränderung gegenüber 2005 in Prozent,K03241999,2037.44588744589,2037.44589
251,2021,"Diepholz",Syrien,Veränderung gegenüber 2005 in Prozent,K03251,1424.79338842975,1424.79339
252,2021,"Hameln-Pyrmont",Syrien,Veränderung gegenüber 2005 in Prozent,K03252,1551.40845070423,1551.40845
254,2021,"Hildesheim",Syrien,Veränderung gegenüber 2005 in Prozent,K03254,889.72602739726,889.726027
255,2021,"Holzminden",Syrien,Veränderung gegenüber 2005 in Prozent,K03255,2592.30769230769,2592.30769
256,2021,"Nienburg (Weser)",Syrien,Veränderung gegenüber 2005 in Prozent,K03256,348.640483383686,348.640483
257,2021,"Schaumburg",Syrien,Veränderung gegenüber 2005 in Prozent,K03257,1004.57516339869,1004.57516
2,2021,"Statistische Region Hannover",Syrien,Veränderung gegenüber 2005 in Prozent,K032,1289.86784140969,1289.86784
351,2021,"Celle",Syrien,Veränderung gegenüber 2005 in Prozent,K03351,1205.78512396694,1205.78512
352,2021,"Cuxhaven",Syrien,Veränderung gegenüber 2005 in Prozent,K03352,1842.52873563218,1842.52874
353,2021,"Harburg",Syrien,Veränderung gegenüber 2005 in Prozent,K03353,1379.16666666667,1379.16667
354,2021,"Lüchow-Dannenberg",Syrien,Veränderung gegenüber 2005 in Prozent,K03354,4257.14285714286,4257.14286
355,2021,"Lüneburg",Syrien,Veränderung gegenüber 2005 in Prozent,K03355,1549.57264957265,1549.57265
356,2021,"Osterholz",Syrien,Veränderung gegenüber 2005 in Prozent,K03356,893.975903614458,893.975904
357,2021,"Rotenburg (Wümme)",Syrien,Veränderung gegenüber 2005 in Prozent,K03357,3086.04651162791,3086.04651
358,2021,"Heidekreis",Syrien,Veränderung gegenüber 2005 in Prozent,K03358,1389.01098901099,1389.01099
359,2021,"Stade",Syrien,Veränderung gegenüber 2005 in Prozent,K03359,3864.28571428571,3864.28571
360,2021,"Uelzen",Syrien,Veränderung gegenüber 2005 in Prozent,K03360,2076.47058823529,2076.47059
361,2021,"Verden",Syrien,Veränderung gegenüber 2005 in Prozent,K03361,1141.93548387097,1141.93548
3,2021,"Statistische Region Lüneburg",Syrien,Veränderung gegenüber 2005 in Prozent,K033,1699.28741092637,1699.28741
401,2021,"Delmenhorst, Stadt",Syrien,Veränderung gegenüber 2005 in Prozent,K03401,1746.15384615385,1746.15385
402,2021,"Emden, Stadt",Syrien,Veränderung gegenüber 2005 in Prozent,K03402,103900,103900
403,2021,"Oldenburg (Oldb), Stadt",Syrien,Veränderung gegenüber 2005 in Prozent,K03403,2264.13043478261,2264.13043
404,2021,"Osnabrück, Stadt",Syrien,Veränderung gegenüber 2005 in Prozent,K03404,4927.77777777778,4927.77778
405,2021,"Wilhelmshaven, Stadt",Syrien,Veränderung gegenüber 2005 in Prozent,K03405,3864.28571428571,3864.28571
451,2021,"Ammerland",Syrien,Veränderung gegenüber 2005 in Prozent,K03451,1106.18556701031,1106.18557
452,2021,"Aurich",Syrien,Veränderung gegenüber 2005 in Prozent,K03452,1951.72413793103,1951.72414
453,2021,"Cloppenburg",Syrien,Veränderung gegenüber 2005 in Prozent,K03453,900,900
454,2021,"Emsland",Syrien,Veränderung gegenüber 2005 in Prozent,K03454,3022.54901960784,3022.54902
455,2021,"Friesland",Syrien,Veränderung gegenüber 2005 in Prozent,K03455,2075,2075
456,2021,"Grafschaft Bentheim",Syrien,Veränderung gegenüber 2005 in Prozent,K03456,1240.20618556701,1240.20619
457,2021,"Leer",Syrien,Veränderung gegenüber 2005 in Prozent,K03457,1728.82882882883,1728.82883
458,2021,"Oldenburg",Syrien,Veränderung gegenüber 2005 in Prozent,K03458,740.336134453781,740.336134
459,2021,"Osnabrück",Syrien,Veränderung gegenüber 2005 in Prozent,K03459,1106.39534883721,1106.39535
460,2021,"Vechta",Syrien,Veränderung gegenüber 2005 in Prozent,K03460,1262.31884057971,1262.31884
461,2021,"Wesermarsch",Syrien,Veränderung gegenüber 2005 in Prozent,K03461,1830.23255813953,1830.23256
462,2021,"Wittmund",Syrien,Veränderung gegenüber 2005 in Prozent,K03462,6185.71428571429,6185.71429
4,2021,"Statistische Region Weser-Ems",Syrien,Veränderung gegenüber 2005 in Prozent,K034,1833.00970873786,1833.00971
0,2021,"Niedersachsen",Syrien,Veränderung gegenüber 2005 in Prozent,K030,1593.47746427263,1593.47746
101,2022,"Braunschweig, Stadt",Syrien,Veränderung gegenüber 2005 in Prozent,K03101,1607.65027322404,1607.65027
102,2022,"Salzgitter, Stadt",Syrien,Veränderung gegenüber 2005 in Prozent,K03102,10410.8695652174,10410.8696
103,2022,"Wolfsburg, Stadt",Syrien,Veränderung gegenüber 2005 in Prozent,K03103,1725.89285714286,1725.89286
151,2022,"Gifhorn",Syrien,Veränderung gegenüber 2005 in Prozent,K03151,1785.24590163934,1785.2459
153,2022,"Goslar",Syrien,Veränderung gegenüber 2005 in Prozent,K03153,2374.13793103448,2374.13793
154,2022,"Helmstedt",Syrien,Veränderung gegenüber 2005 in Prozent,K03154,2053.84615384615,2053.84615
155,2022,"Northeim",Syrien,Veränderung gegenüber 2005 in Prozent,K03155,1051.51515151515,1051.51515
157,2022,"Peine",Syrien,Veränderung gegenüber 2005 in Prozent,K03157,1682.17821782178,1682.17822
158,2022,"Wolfenbüttel",Syrien,Veränderung gegenüber 2005 in Prozent,K03158,639.130434782609,639.130435
159,2022,"Göttingen",Syrien,Veränderung gegenüber 2005 in Prozent,K03159,1134.80662983425,1134.80663
1,2022,"Statistische Region Braunschweig",Syrien,Veränderung gegenüber 2005 in Prozent,K031,1798.34630350195,1798.3463
241,2022,"Region Hannover",Syrien,Veränderung gegenüber 2005 in Prozent,K03241,1902.04498977505,1902.04499
241001,2022,"dav. Hannover, Lhst.",Syrien,Veränderung gegenüber 2005 in Prozent,K03241001,1470.73643410853,1470.73643
241999,2022,"dav. Hannover, Umland",Syrien,Veränderung gegenüber 2005 in Prozent,K03241999,2383.76623376623,2383.76623
251,2022,"Diepholz",Syrien,Veränderung gegenüber 2005 in Prozent,K03251,1391.73553719008,1391.73554
252,2022,"Hameln-Pyrmont",Syrien,Veränderung gegenüber 2005 in Prozent,K03252,1632.39436619718,1632.39437
254,2022,"Hildesheim",Syrien,Veränderung gegenüber 2005 in Prozent,K03254,935.958904109589,935.958904
255,2022,"Holzminden",Syrien,Veränderung gegenüber 2005 in Prozent,K03255,2592.30769230769,2592.30769
256,2022,"Nienburg (Weser)",Syrien,Veränderung gegenüber 2005 in Prozent,K03256,359.214501510574,359.214502
257,2022,"Schaumburg",Syrien,Veränderung gegenüber 2005 in Prozent,K03257,1066.66666666667,1066.66667
2,2022,"Statistische Region Hannover",Syrien,Veränderung gegenüber 2005 in Prozent,K032,1411.50269211943,1411.50269
351,2022,"Celle",Syrien,Veränderung gegenüber 2005 in Prozent,K03351,1185.12396694215,1185.12397
352,2022,"Cuxhaven",Syrien,Veränderung gegenüber 2005 in Prozent,K03352,1842.52873563218,1842.52874
353,2022,"Harburg",Syrien,Veränderung gegenüber 2005 in Prozent,K03353,1530.20833333333,1530.20833
354,2022,"Lüchow-Dannenberg",Syrien,Veränderung gegenüber 2005 in Prozent,K03354,3614.28571428571,3614.28571
355,2022,"Lüneburg",Syrien,Veränderung gegenüber 2005 in Prozent,K03355,1361.53846153846,1361.53846
356,2022,"Osterholz",Syrien,Veränderung gegenüber 2005 in Prozent,K03356,954.21686746988,954.216867
357,2022,"Rotenburg (Wümme)",Syrien,Veränderung gegenüber 2005 in Prozent,K03357,3248.83720930233,3248.83721
358,2022,"Heidekreis",Syrien,Veränderung gegenüber 2005 in Prozent,K03358,1356.04395604396,1356.04396
359,2022,"Stade",Syrien,Veränderung gegenüber 2005 in Prozent,K03359,3928.57142857143,3928.57143
360,2022,"Uelzen",Syrien,Veränderung gegenüber 2005 in Prozent,K03360,2105.88235294118,2105.88235
361,2022,"Verden",Syrien,Veränderung gegenüber 2005 in Prozent,K03361,1270.96774193548,1270.96774
3,2022,"Statistische Region Lüneburg",Syrien,Veränderung gegenüber 2005 in Prozent,K033,1712.94536817102,1712.94537
401,2022,"Delmenhorst, Stadt",Syrien,Veränderung gegenüber 2005 in Prozent,K03401,1789.42307692308,1789.42308
402,2022,"Emden, Stadt",Syrien,Veränderung gegenüber 2005 in Prozent,K03402,106400,106400
403,2022,"Oldenburg (Oldb), Stadt",Syrien,Veränderung gegenüber 2005 in Prozent,K03403,2383.69565217391,2383.69565
404,2022,"Osnabrück, Stadt",Syrien,Veränderung gegenüber 2005 in Prozent,K03404,5170.83333333333,5170.83333
405,2022,"Wilhelmshaven, Stadt",Syrien,Veränderung gegenüber 2005 in Prozent,K03405,3944.64285714286,3944.64286
451,2022,"Ammerland",Syrien,Veränderung gegenüber 2005 in Prozent,K03451,1157.73195876289,1157.73196
452,2022,"Aurich",Syrien,Veränderung gegenüber 2005 in Prozent,K03452,1957.47126436782,1957.47126
453,2022,"Cloppenburg",Syrien,Veränderung gegenüber 2005 in Prozent,K03453,871.014492753623,871.014493
454,2022,"Emsland",Syrien,Veränderung gegenüber 2005 in Prozent,K03454,3306.86274509804,3306.86275
455,2022,"Friesland",Syrien,Veränderung gegenüber 2005 in Prozent,K03455,2137.5,2137.5
456,2022,"Grafschaft Bentheim",Syrien,Veränderung gegenüber 2005 in Prozent,K03456,1214.43298969072,1214.43299
457,2022,"Leer",Syrien,Veränderung gegenüber 2005 in Prozent,K03457,1827.92792792793,1827.92793
458,2022,"Oldenburg",Syrien,Veränderung gegenüber 2005 in Prozent,K03458,782.352941176471,782.352941
459,2022,"Osnabrück",Syrien,Veränderung gegenüber 2005 in Prozent,K03459,1091.86046511628,1091.86047
460,2022,"Vechta",Syrien,Veränderung gegenüber 2005 in Prozent,K03460,1211.59420289855,1211.5942
461,2022,"Wesermarsch",Syrien,Veränderung gegenüber 2005 in Prozent,K03461,1900,1900
462,2022,"Wittmund",Syrien,Veränderung gegenüber 2005 in Prozent,K03462,6828.57142857143,6828.57143
4,2022,"Statistische Region Weser-Ems",Syrien,Veränderung gegenüber 2005 in Prozent,K034,1898.05825242718,1898.05825
0,2022,"Niedersachsen",Syrien,Veränderung gegenüber 2005 in Prozent,K030,1664.93220960059,1664.93221
101,2023,"Braunschweig, Stadt",Syrien,Veränderung gegenüber 2005 in Prozent,K03101,1492.89617486339,1492.89617
102,2023,"Salzgitter, Stadt",Syrien,Veränderung gegenüber 2005 in Prozent,K03102,11106.5217391304,11106.5217
103,2023,"Wolfsburg, Stadt",Syrien,Veränderung gegenüber 2005 in Prozent,K03103,1859.82142857143,1859.82143
151,2023,"Gifhorn",Syrien,Veränderung gegenüber 2005 in Prozent,K03151,2121.31147540984,2121.31148
153,2023,"Goslar",Syrien,Veränderung gegenüber 2005 in Prozent,K03153,2408.62068965517,2408.62069
154,2023,"Helmstedt",Syrien,Veränderung gegenüber 2005 in Prozent,K03154,2650,2650
155,2023,"Northeim",Syrien,Veränderung gegenüber 2005 in Prozent,K03155,1091.91919191919,1091.91919
157,2023,"Peine",Syrien,Veränderung gegenüber 2005 in Prozent,K03157,1865.34653465347,1865.34653
158,2023,"Wolfenbüttel",Syrien,Veränderung gegenüber 2005 in Prozent,K03158,834.782608695652,834.782609
159,2023,"Göttingen",Syrien,Veränderung gegenüber 2005 in Prozent,K03159,1198.34254143646,1198.34254
1,2023,"Statistische Region Braunschweig",Syrien,Veränderung gegenüber 2005 in Prozent,K031,1923.8326848249,1923.83268
241,2023,"Region Hannover",Syrien,Veränderung gegenüber 2005 in Prozent,K03241,1812.0654396728,1812.06544
241001,2023,"dav. Hannover, Lhst.",Syrien,Veränderung gegenüber 2005 in Prozent,K03241001,1598.64341085271,1598.64341
241999,2023,"dav. Hannover, Umland",Syrien,Veränderung gegenüber 2005 in Prozent,K03241999,2050.4329004329,2050.4329
251,2023,"Diepholz",Syrien,Veränderung gegenüber 2005 in Prozent,K03251,1594.21487603306,1594.21488
252,2023,"Hameln-Pyrmont",Syrien,Veränderung gegenüber 2005 in Prozent,K03252,1769.71830985915,1769.71831
254,2023,"Hildesheim",Syrien,Veränderung gegenüber 2005 in Prozent,K03254,1060.95890410959,1060.9589
255,2023,"Holzminden",Syrien,Veränderung gegenüber 2005 in Prozent,K03255,2784.61538461538,2784.61538
256,2023,"Nienburg (Weser)",Syrien,Veränderung gegenüber 2005 in Prozent,K03256,357.703927492447,357.703927
257,2023,"Schaumburg",Syrien,Veränderung gegenüber 2005 in Prozent,K03257,1184.3137254902,1184.31373
2,2023,"Statistische Region Hannover",Syrien,Veränderung gegenüber 2005 in Prozent,K032,1418.60009789525,1418.6001
351,2023,"Celle",Syrien,Veränderung gegenüber 2005 in Prozent,K03351,1313.22314049587,1313.22314
352,2023,"Cuxhaven",Syrien,Veränderung gegenüber 2005 in Prozent,K03352,1790.80459770115,1790.8046
353,2023,"Harburg",Syrien,Veränderung gegenüber 2005 in Prozent,K03353,1681.25,1681.25
354,2023,"Lüchow-Dannenberg",Syrien,Veränderung gegenüber 2005 in Prozent,K03354,3971.42857142857,3971.42857
355,2023,"Lüneburg",Syrien,Veränderung gegenüber 2005 in Prozent,K03355,1395.7264957265,1395.7265
356,2023,"Osterholz",Syrien,Veränderung gegenüber 2005 in Prozent,K03356,1002.40963855422,1002.40964
357,2023,"Rotenburg (Wümme)",Syrien,Veränderung gegenüber 2005 in Prozent,K03357,3760.46511627907,3760.46512
358,2023,"Heidekreis",Syrien,Veränderung gegenüber 2005 in Prozent,K03358,1163.73626373626,1163.73626
359,2023,"Stade",Syrien,Veränderung gegenüber 2005 in Prozent,K03359,4200,4200
360,2023,"Uelzen",Syrien,Veränderung gegenüber 2005 in Prozent,K03360,2194.11764705882,2194.11765
361,2023,"Verden",Syrien,Veränderung gegenüber 2005 in Prozent,K03361,1324.7311827957,1324.73118
3,2023,"Statistische Region Lüneburg",Syrien,Veränderung gegenüber 2005 in Prozent,K033,1792.51781472684,1792.51781
401,2023,"Delmenhorst, Stadt",Syrien,Veränderung gegenüber 2005 in Prozent,K03401,1895.19230769231,1895.19231
402,2023,"Emden, Stadt",Syrien,Veränderung gegenüber 2005 in Prozent,K03402,106900,106900
403,2023,"Oldenburg (Oldb), Stadt",Syrien,Veränderung gegenüber 2005 in Prozent,K03403,2378.26086956522,2378.26087
404,2023,"Osnabrück, Stadt",Syrien,Veränderung gegenüber 2005 in Prozent,K03404,5177.77777777778,5177.77778
405,2023,"Wilhelmshaven, Stadt",Syrien,Veränderung gegenüber 2005 in Prozent,K03405,4382.14285714286,4382.14286
451,2023,"Ammerland",Syrien,Veränderung gegenüber 2005 in Prozent,K03451,1343.29896907216,1343.29897
452,2023,"Aurich",Syrien,Veränderung gegenüber 2005 in Prozent,K03452,2014.94252873563,2014.94253
453,2023,"Cloppenburg",Syrien,Veränderung gegenüber 2005 in Prozent,K03453,1008.69565217391,1008.69565
454,2023,"Emsland",Syrien,Veränderung gegenüber 2005 in Prozent,K03454,3556.86274509804,3556.86275
455,2023,"Friesland",Syrien,Veränderung gegenüber 2005 in Prozent,K03455,2225,2225
456,2023,"Grafschaft Bentheim",Syrien,Veränderung gegenüber 2005 in Prozent,K03456,1188.65979381443,1188.65979
457,2023,"Leer",Syrien,Veränderung gegenüber 2005 in Prozent,K03457,2170.27027027027,2170.27027
458,2023,"Oldenburg",Syrien,Veränderung gegenüber 2005 in Prozent,K03458,937.81512605042,937.815126
459,2023,"Osnabrück",Syrien,Veränderung gegenüber 2005 in Prozent,K03459,1147.09302325581,1147.09302
460,2023,"Vechta",Syrien,Veränderung gegenüber 2005 in Prozent,K03460,1197.10144927536,1197.10145
461,2023,"Wesermarsch",Syrien,Veränderung gegenüber 2005 in Prozent,K03461,2132.55813953488,2132.55814
462,2023,"Wittmund",Syrien,Veränderung gegenüber 2005 in Prozent,K03462,8185.71428571429,8185.71429
4,2023,"Statistische Region Weser-Ems",Syrien,Veränderung gegenüber 2005 in Prozent,K034,2006.47249190939,2006.47249
0,2023,"Niedersachsen",Syrien,Veränderung gegenüber 2005 in Prozent,K030,1737.85269329425,1737.85269
101,2024,"Braunschweig, Stadt",Syrien,Veränderung gegenüber 2005 in Prozent,K03101,1454.64480874317,1454.64481
102,2024,"Salzgitter, Stadt",Syrien,Veränderung gegenüber 2005 in Prozent,K03102,11160.8695652174,11160.8696
103,2024,"Wolfsburg, Stadt",Syrien,Veränderung gegenüber 2005 in Prozent,K03103,1989.28571428571,1989.28571
151,2024,"Gifhorn",Syrien,Veränderung gegenüber 2005 in Prozent,K03151,2211.47540983607,2211.47541
153,2024,"Goslar",Syrien,Veränderung gegenüber 2005 in Prozent,K03153,2236.20689655172,2236.2069
154,2024,"Helmstedt",Syrien,Veränderung gegenüber 2005 in Prozent,K03154,3188.46153846154,3188.46154
155,2024,"Northeim",Syrien,Veränderung gegenüber 2005 in Prozent,K03155,1091.91919191919,1091.91919
157,2024,"Peine",Syrien,Veränderung gegenüber 2005 in Prozent,K03157,1984.15841584158,1984.15842
158,2024,"Wolfenbüttel",Syrien,Veränderung gegenüber 2005 in Prozent,K03158,862.732919254658,862.732919
159,2024,"Göttingen",Syrien,Veränderung gegenüber 2005 in Prozent,K03159,1203.86740331492,1203.8674
1,2024,"Statistische Region Braunschweig",Syrien,Veränderung gegenüber 2005 in Prozent,K031,1961.28404669261,1961.28405
241,2024,"Region Hannover",Syrien,Veränderung gegenüber 2005 in Prozent,K03241,1857.56646216769,1857.56646
241001,2024,"dav. Hannover, Lhst.",Syrien,Veränderung gegenüber 2005 in Prozent,K03241001,1676.16279069767,1676.16279
241999,2024,"dav. Hannover, Umland",Syrien,Veränderung gegenüber 2005 in Prozent,K03241999,2060.17316017316,2060.17316
251,2024,"Diepholz",Syrien,Veränderung gegenüber 2005 in Prozent,K03251,1718.18181818182,1718.18182
252,2024,"Hameln-Pyrmont",Syrien,Veränderung gegenüber 2005 in Prozent,K03252,1836.61971830986,1836.61972
254,2024,"Hildesheim",Syrien,Veränderung gegenüber 2005 in Prozent,K03254,1093.49315068493,1093.49315
255,2024,"Holzminden",Syrien,Veränderung gegenüber 2005 in Prozent,K03255,2726.92307692308,2726.92308
256,2024,"Nienburg (Weser)",Syrien,Veränderung gegenüber 2005 in Prozent,K03256,338.066465256798,338.066465
257,2024,"Schaumburg",Syrien,Veränderung gegenüber 2005 in Prozent,K03257,1099.34640522876,1099.34641
2,2024,"Statistische Region Hannover",Syrien,Veränderung gegenüber 2005 in Prozent,K032,1446.74498286833,1446.74498
351,2024,"Celle",Syrien,Veränderung gegenüber 2005 in Prozent,K03351,1276.03305785124,1276.03306
352,2024,"Cuxhaven",Syrien,Veränderung gegenüber 2005 in Prozent,K03352,1733.33333333333,1733.33333
353,2024,"Harburg",Syrien,Veränderung gegenüber 2005 in Prozent,K03353,1660.41666666667,1660.41667
354,2024,"Lüchow-Dannenberg",Syrien,Veränderung gegenüber 2005 in Prozent,K03354,3900,3900
355,2024,"Lüneburg",Syrien,Veränderung gegenüber 2005 in Prozent,K03355,1528.20512820513,1528.20513
356,2024,"Osterholz",Syrien,Veränderung gegenüber 2005 in Prozent,K03356,912.048192771084,912.048193
357,2024,"Rotenburg (Wümme)",Syrien,Veränderung gegenüber 2005 in Prozent,K03357,3551.16279069767,3551.16279
358,2024,"Heidekreis",Syrien,Veränderung gegenüber 2005 in Prozent,K03358,1015.38461538462,1015.38462
359,2024,"Stade",Syrien,Veränderung gegenüber 2005 in Prozent,K03359,3978.57142857143,3978.57143
360,2024,"Uelzen",Syrien,Veränderung gegenüber 2005 in Prozent,K03360,2150,2150
361,2024,"Verden",Syrien,Veränderung gegenüber 2005 in Prozent,K03361,1362.36559139785,1362.36559
3,2024,"Statistische Region Lüneburg",Syrien,Veränderung gegenüber 2005 in Prozent,K033,1745.01187648456,1745.01188
401,2024,"Delmenhorst, Stadt",Syrien,Veränderung gegenüber 2005 in Prozent,K03401,1890.38461538462,1890.38462
402,2024,"Emden, Stadt",Syrien,Veränderung gegenüber 2005 in Prozent,K03402,107900,107900
403,2024,"Oldenburg (Oldb), Stadt",Syrien,Veränderung gegenüber 2005 in Prozent,K03403,2372.82608695652,2372.82609
404,2024,"Osnabrück, Stadt",Syrien,Veränderung gegenüber 2005 in Prozent,K03404,5031.94444444444,5031.94444
405,2024,"Wilhelmshaven, Stadt",Syrien,Veränderung gegenüber 2005 in Prozent,K03405,4417.85714285714,4417.85714
451,2024,"Ammerland",Syrien,Veränderung gegenüber 2005 in Prozent,K03451,1343.29896907216,1343.29897
452,2024,"Aurich",Syrien,Veränderung gegenüber 2005 in Prozent,K03452,1911.49425287356,1911.49425
453,2024,"Cloppenburg",Syrien,Veränderung gegenüber 2005 in Prozent,K03453,1023.1884057971,1023.18841
454,2024,"Emsland",Syrien,Veränderung gegenüber 2005 in Prozent,K03454,3797.05882352941,3797.05882
455,2024,"Friesland",Syrien,Veränderung gegenüber 2005 in Prozent,K03455,2350,2350
456,2024,"Grafschaft Bentheim",Syrien,Veränderung gegenüber 2005 in Prozent,K03456,1245.36082474227,1245.36082
457,2024,"Leer",Syrien,Veränderung gegenüber 2005 in Prozent,K03457,2372.97297297297,2372.97297
458,2024,"Oldenburg",Syrien,Veränderung gegenüber 2005 in Prozent,K03458,958.823529411765,958.823529
459,2024,"Osnabrück",Syrien,Veränderung gegenüber 2005 in Prozent,K03459,1150,1150
460,2024,"Vechta",Syrien,Veränderung gegenüber 2005 in Prozent,K03460,1090.82125603865,1090.82126
461,2024,"Wesermarsch",Syrien,Veränderung gegenüber 2005 in Prozent,K03461,2353.48837209302,2353.48837
462,2024,"Wittmund",Syrien,Veränderung gegenüber 2005 in Prozent,K03462,8328.57142857143,8328.57143
4,2024,"Statistische Region Weser-Ems",Syrien,Veränderung gegenüber 2005 in Prozent,K034,2028.15533980583,2028.15534
0,2024,"Niedersachsen",Syrien,Veränderung gegenüber 2005 in Prozent,K030,1754.15903261268,1754.15903
101,2025,"Braunschweig, Stadt",Syrien,Veränderung gegenüber 2005 in Prozent,K03101,1476.50273224044,1476.50273
102,2025,"Salzgitter, Stadt",Syrien,Veränderung gegenüber 2005 in Prozent,K03102,10497.8260869565,10497.8261
103,2025,"Wolfsburg, Stadt",Syrien,Veränderung gegenüber 2005 in Prozent,K03103,2051.78571428571,2051.78571
151,2025,"Gifhorn",Syrien,Veränderung gegenüber 2005 in Prozent,K03151,2211.47540983607,2211.47541
153,2025,"Goslar",Syrien,Veränderung gegenüber 2005 in Prozent,K03153,2029.31034482759,2029.31034
154,2025,"Helmstedt",Syrien,Veränderung gegenüber 2005 in Prozent,K03154,3169.23076923077,3169.23077
155,2025,"Northeim",Syrien,Veränderung gegenüber 2005 in Prozent,K03155,965.656565656566,965.656566
157,2025,"Peine",Syrien,Veränderung gegenüber 2005 in Prozent,K03157,1964.35643564356,1964.35644
158,2025,"Wolfenbüttel",Syrien,Veränderung gegenüber 2005 in Prozent,K03158,809.937888198758,809.937888
159,2025,"Göttingen",Syrien,Veränderung gegenüber 2005 in Prozent,K03159,1109.94475138122,1109.94475
1,2025,"Statistische Region Braunschweig",Syrien,Veränderung gegenüber 2005 in Prozent,K031,1890.27237354086,1890.27237
241,2025,"Region Hannover",Syrien,Veränderung gegenüber 2005 in Prozent,K03241,1909.71370143149,1909.7137
241001,2025,"dav. Hannover, Lhst.",Syrien,Veränderung gegenüber 2005 in Prozent,K03241001,1694.57364341085,1694.57364
241999,2025,"dav. Hannover, Umland",Syrien,Veränderung gegenüber 2005 in Prozent,K03241999,2150,2150
251,2025,"Diepholz",Syrien,Veränderung gegenüber 2005 in Prozent,K03251,1619.00826446281,1619.00826
252,2025,"Hameln-Pyrmont",Syrien,Veränderung gegenüber 2005 in Prozent,K03252,1787.32394366197,1787.32394
254,2025,"Hildesheim",Syrien,Veränderung gegenüber 2005 in Prozent,K03254,1050.68493150685,1050.68493
255,2025,"Holzminden",Syrien,Veränderung gegenüber 2005 in Prozent,K03255,2592.30769230769,2592.30769
256,2025,"Nienburg (Weser)",Syrien,Veränderung gegenüber 2005 in Prozent,K03256,304.833836858006,304.833837
257,2025,"Schaumburg",Syrien,Veränderung gegenüber 2005 in Prozent,K03257,1017.64705882353,1017.64706
2,2025,"Statistische Region Hannover",Syrien,Veränderung gegenüber 2005 in Prozent,K032,1443.07391091532,1443.07391
351,2025,"Celle",Syrien,Veränderung gegenüber 2005 in Prozent,K03351,1242.97520661157,1242.97521
352,2025,"Cuxhaven",Syrien,Veränderung gegenüber 2005 in Prozent,K03352,1629.88505747126,1629.88506
353,2025,"Harburg",Syrien,Veränderung gegenüber 2005 in Prozent,K03353,1446.875,1446.875
354,2025,"Lüchow-Dannenberg",Syrien,Veränderung gegenüber 2005 in Prozent,K03354,3685.71428571429,3685.71429
355,2025,"Lüneburg",Syrien,Veränderung gegenüber 2005 in Prozent,K03355,1352.99145299145,1352.99145
356,2025,"Osterholz",Syrien,Veränderung gegenüber 2005 in Prozent,K03356,749.397590361446,749.39759
357,2025,"Rotenburg (Wümme)",Syrien,Veränderung gegenüber 2005 in Prozent,K03357,3086.04651162791,3086.04651
358,2025,"Heidekreis",Syrien,Veränderung gegenüber 2005 in Prozent,K03358,1009.89010989011,1009.89011
359,2025,"Stade",Syrien,Veränderung gegenüber 2005 in Prozent,K03359,3621.42857142857,3621.42857
360,2025,"Uelzen",Syrien,Veränderung gegenüber 2005 in Prozent,K03360,2252.94117647059,2252.94118
361,2025,"Verden",Syrien,Veränderung gegenüber 2005 in Prozent,K03361,1238.70967741935,1238.70968
3,2025,"Statistische Region Lüneburg",Syrien,Veränderung gegenüber 2005 in Prozent,K033,1600.11876484561,1600.11876
401,2025,"Delmenhorst, Stadt",Syrien,Veränderung gegenüber 2005 in Prozent,K03401,1760.57692307692,1760.57692
402,2025,"Emden, Stadt",Syrien,Veränderung gegenüber 2005 in Prozent,K03402,105900,105900
403,2025,"Oldenburg (Oldb), Stadt",Syrien,Veränderung gegenüber 2005 in Prozent,K03403,2361.95652173913,2361.95652
404,2025,"Osnabrück, Stadt",Syrien,Veränderung gegenüber 2005 in Prozent,K03404,5156.94444444444,5156.94444
405,2025,"Wilhelmshaven, Stadt",Syrien,Veränderung gegenüber 2005 in Prozent,K03405,4453.57142857143,4453.57143
451,2025,"Ammerland",Syrien,Veränderung gegenüber 2005 in Prozent,K03451,1131.9587628866,1131.95876
452,2025,"Aurich",Syrien,Veränderung gegenüber 2005 in Prozent,K03452,1819.54022988506,1819.54023
453,2025,"Cloppenburg",Syrien,Veränderung gegenüber 2005 in Prozent,K03453,914.492753623188,914.492754
454,2025,"Emsland",Syrien,Veränderung gegenüber 2005 in Prozent,K03454,3424.50980392157,3424.5098
455,2025,"Friesland",Syrien,Veränderung gegenüber 2005 in Prozent,K03455,2162.5,2162.5
456,2025,"Grafschaft Bentheim",Syrien,Veränderung gegenüber 2005 in Prozent,K03456,1265.9793814433,1265.97938
457,2025,"Leer",Syrien,Veränderung gegenüber 2005 in Prozent,K03457,2368.46846846847,2368.46847
458,2025,"Oldenburg",Syrien,Veränderung gegenüber 2005 in Prozent,K03458,929.411764705882,929.411765
459,2025,"Osnabrück",Syrien,Veränderung gegenüber 2005 in Prozent,K03459,1004.6511627907,1004.65116
460,2025,"Vechta",Syrien,Veränderung gegenüber 2005 in Prozent,K03460,972.463768115942,972.463768
461,2025,"Wesermarsch",Syrien,Veränderung gegenüber 2005 in Prozent,K03461,2353.48837209302,2353.48837
462,2025,"Wittmund",Syrien,Veränderung gegenüber 2005 in Prozent,K03462,7685.71428571429,7685.71429
4,2025,"Statistische Region Weser-Ems",Syrien,Veränderung gegenüber 2005 in Prozent,K034,1931.39158576052,1931.39159
0,2025,"Niedersachsen",Syrien,Veränderung gegenüber 2005 in Prozent,K030,1689.75815316966,1689.75815
101,2005,"Braunschweig, Stadt",Türkei,Veränderung gegenüber 2005 in Prozent,K03101,0,0
102,2005,"Salzgitter, Stadt",Türkei,Veränderung gegenüber 2005 in Prozent,K03102,0,0
103,2005,"Wolfsburg, Stadt",Türkei,Veränderung gegenüber 2005 in Prozent,K03103,0,0
151,2005,"Gifhorn",Türkei,Veränderung gegenüber 2005 in Prozent,K03151,0,0
153,2005,"Goslar",Türkei,Veränderung gegenüber 2005 in Prozent,K03153,0,0
154,2005,"Helmstedt",Türkei,Veränderung gegenüber 2005 in Prozent,K03154,0,0
155,2005,"Northeim",Türkei,Veränderung gegenüber 2005 in Prozent,K03155,0,0
157,2005,"Peine",Türkei,Veränderung gegenüber 2005 in Prozent,K03157,0,0
158,2005,"Wolfenbüttel",Türkei,Veränderung gegenüber 2005 in Prozent,K03158,0,0
159,2005,"Göttingen",Türkei,Veränderung gegenüber 2005 in Prozent,K03159,0,0
1,2005,"Statistische Region Braunschweig",Türkei,Veränderung gegenüber 2005 in Prozent,K031,0,0
241,2005,"Region Hannover",Türkei,Veränderung gegenüber 2005 in Prozent,K03241,0,0
241001,2005,"dav. Hannover, Lhst.",Türkei,Veränderung gegenüber 2005 in Prozent,K03241001,0,0
241999,2005,"dav. Hannover, Umland",Türkei,Veränderung gegenüber 2005 in Prozent,K03241999,0,0
251,2005,"Diepholz",Türkei,Veränderung gegenüber 2005 in Prozent,K03251,0,0
252,2005,"Hameln-Pyrmont",Türkei,Veränderung gegenüber 2005 in Prozent,K03252,0,0
254,2005,"Hildesheim",Türkei,Veränderung gegenüber 2005 in Prozent,K03254,0,0
255,2005,"Holzminden",Türkei,Veränderung gegenüber 2005 in Prozent,K03255,0,0
256,2005,"Nienburg (Weser)",Türkei,Veränderung gegenüber 2005 in Prozent,K03256,0,0
257,2005,"Schaumburg",Türkei,Veränderung gegenüber 2005 in Prozent,K03257,0,0
2,2005,"Statistische Region Hannover",Türkei,Veränderung gegenüber 2005 in Prozent,K032,0,0
351,2005,"Celle",Türkei,Veränderung gegenüber 2005 in Prozent,K03351,0,0
352,2005,"Cuxhaven",Türkei,Veränderung gegenüber 2005 in Prozent,K03352,0,0
353,2005,"Harburg",Türkei,Veränderung gegenüber 2005 in Prozent,K03353,0,0
354,2005,"Lüchow-Dannenberg",Türkei,Veränderung gegenüber 2005 in Prozent,K03354,0,0
355,2005,"Lüneburg",Türkei,Veränderung gegenüber 2005 in Prozent,K03355,0,0
356,2005,"Osterholz",Türkei,Veränderung gegenüber 2005 in Prozent,K03356,0,0
357,2005,"Rotenburg (Wümme)",Türkei,Veränderung gegenüber 2005 in Prozent,K03357,0,0
358,2005,"Heidekreis",Türkei,Veränderung gegenüber 2005 in Prozent,K03358,0,0
359,2005,"Stade",Türkei,Veränderung gegenüber 2005 in Prozent,K03359,0,0
360,2005,"Uelzen",Türkei,Veränderung gegenüber 2005 in Prozent,K03360,0,0
361,2005,"Verden",Türkei,Veränderung gegenüber 2005 in Prozent,K03361,0,0
3,2005,"Statistische Region Lüneburg",Türkei,Veränderung gegenüber 2005 in Prozent,K033,0,0
401,2005,"Delmenhorst, Stadt",Türkei,Veränderung gegenüber 2005 in Prozent,K03401,0,0
402,2005,"Emden, Stadt",Türkei,Veränderung gegenüber 2005 in Prozent,K03402,0,0
403,2005,"Oldenburg (Oldb), Stadt",Türkei,Veränderung gegenüber 2005 in Prozent,K03403,0,0
404,2005,"Osnabrück, Stadt",Türkei,Veränderung gegenüber 2005 in Prozent,K03404,0,0
405,2005,"Wilhelmshaven, Stadt",Türkei,Veränderung gegenüber 2005 in Prozent,K03405,0,0
451,2005,"Ammerland",Türkei,Veränderung gegenüber 2005 in Prozent,K03451,0,0
452,2005,"Aurich",Türkei,Veränderung gegenüber 2005 in Prozent,K03452,0,0
453,2005,"Cloppenburg",Türkei,Veränderung gegenüber 2005 in Prozent,K03453,0,0
454,2005,"Emsland",Türkei,Veränderung gegenüber 2005 in Prozent,K03454,0,0
455,2005,"Friesland",Türkei,Veränderung gegenüber 2005 in Prozent,K03455,0,0
456,2005,"Grafschaft Bentheim",Türkei,Veränderung gegenüber 2005 in Prozent,K03456,0,0
457,2005,"Leer",Türkei,Veränderung gegenüber 2005 in Prozent,K03457,0,0
458,2005,"Oldenburg",Türkei,Veränderung gegenüber 2005 in Prozent,K03458,0,0
459,2005,"Osnabrück",Türkei,Veränderung gegenüber 2005 in Prozent,K03459,0,0
460,2005,"Vechta",Türkei,Veränderung gegenüber 2005 in Prozent,K03460,0,0
461,2005,"Wesermarsch",Türkei,Veränderung gegenüber 2005 in Prozent,K03461,0,0
462,2005,"Wittmund",Türkei,Veränderung gegenüber 2005 in Prozent,K03462,0,0
4,2005,"Statistische Region Weser-Ems",Türkei,Veränderung gegenüber 2005 in Prozent,K034,0,0
0,2005,"Niedersachsen",Türkei,Veränderung gegenüber 2005 in Prozent,K030,0,0
101,2011,"Braunschweig, Stadt",Türkei,Veränderung gegenüber 2005 in Prozent,K03101,-7.63807285546416,-7.63807286
102,2011,"Salzgitter, Stadt",Türkei,Veränderung gegenüber 2005 in Prozent,K03102,-10.379746835443,-10.3797468
103,2011,"Wolfsburg, Stadt",Türkei,Veränderung gegenüber 2005 in Prozent,K03103,6.71256454388984,6.71256454
151,2011,"Gifhorn",Türkei,Veränderung gegenüber 2005 in Prozent,K03151,-12.2438255386232,-12.2438255
153,2011,"Goslar",Türkei,Veränderung gegenüber 2005 in Prozent,K03153,-15.9090909090909,-15.9090909
154,2011,"Helmstedt",Türkei,Veränderung gegenüber 2005 in Prozent,K03154,-15.6195462478185,-15.6195462
155,2011,"Northeim",Türkei,Veränderung gegenüber 2005 in Prozent,K03155,-20.5653021442495,-20.5653021
157,2011,"Peine",Türkei,Veränderung gegenüber 2005 in Prozent,K03157,-11.2355736591989,-11.2355737
158,2011,"Wolfenbüttel",Türkei,Veränderung gegenüber 2005 in Prozent,K03158,-22.6415094339623,-22.6415094
159,2011,"Göttingen",Türkei,Veränderung gegenüber 2005 in Prozent,K03159,-14.1773476327492,-14.1773476
1,2011,"Statistische Region Braunschweig",Türkei,Veränderung gegenüber 2005 in Prozent,K031,-11.779104699032,-11.7791047
241,2011,"Region Hannover",Türkei,Veränderung gegenüber 2005 in Prozent,K03241,-7.29990908784808,-7.29990909
241001,2011,"dav. Hannover, Lhst.",Türkei,Veränderung gegenüber 2005 in Prozent,K03241001,-7.22997416020672,-7.22997416
241999,2011,"dav. Hannover, Umland",Türkei,Veränderung gegenüber 2005 in Prozent,K03241999,-7.43066962991593,-7.43066963
251,2011,"Diepholz",Türkei,Veränderung gegenüber 2005 in Prozent,K03251,-12.5838926174497,-12.5838926
252,2011,"Hameln-Pyrmont",Türkei,Veränderung gegenüber 2005 in Prozent,K03252,-9.56224774914623,-9.56224775
254,2011,"Hildesheim",Türkei,Veränderung gegenüber 2005 in Prozent,K03254,-15.7338457842902,-15.7338458
255,2011,"Holzminden",Türkei,Veränderung gegenüber 2005 in Prozent,K03255,-14.6863468634686,-14.6863469
256,2011,"Nienburg (Weser)",Türkei,Veränderung gegenüber 2005 in Prozent,K03256,-21.0181451612903,-21.0181452
257,2011,"Schaumburg",Türkei,Veränderung gegenüber 2005 in Prozent,K03257,-19.3137254901961,-19.3137255
2,2011,"Statistische Region Hannover",Türkei,Veränderung gegenüber 2005 in Prozent,K032,-10.0795228628231,-10.0795229
351,2011,"Celle",Türkei,Veränderung gegenüber 2005 in Prozent,K03351,-25.889164598842,-25.8891646
352,2011,"Cuxhaven",Türkei,Veränderung gegenüber 2005 in Prozent,K03352,-16.8549087749783,-16.8549088
353,2011,"Harburg",Türkei,Veränderung gegenüber 2005 in Prozent,K03353,-15.0092649783817,-15.009265
354,2011,"Lüchow-Dannenberg",Türkei,Veränderung gegenüber 2005 in Prozent,K03354,1.92307692307692,1.92307692
355,2011,"Lüneburg",Türkei,Veränderung gegenüber 2005 in Prozent,K03355,-12.5628140703518,-12.5628141
356,2011,"Osterholz",Türkei,Veränderung gegenüber 2005 in Prozent,K03356,-13.7896825396825,-13.7896825
357,2011,"Rotenburg (Wümme)",Türkei,Veränderung gegenüber 2005 in Prozent,K03357,-20.5,-20.5
358,2011,"Heidekreis",Türkei,Veränderung gegenüber 2005 in Prozent,K03358,-20.7401696222051,-20.7401696
359,2011,"Stade",Türkei,Veränderung gegenüber 2005 in Prozent,K03359,-4.33452320244773,-4.3345232
360,2011,"Uelzen",Türkei,Veränderung gegenüber 2005 in Prozent,K03360,-28.6516853932584,-28.6516854
361,2011,"Verden",Türkei,Veränderung gegenüber 2005 in Prozent,K03361,-16.9471624266145,-16.9471624
3,2011,"Statistische Region Lüneburg",Türkei,Veränderung gegenüber 2005 in Prozent,K033,-16.7242809734513,-16.724281
401,2011,"Delmenhorst, Stadt",Türkei,Veränderung gegenüber 2005 in Prozent,K03401,-17.5876223555415,-17.5876224
402,2011,"Emden, Stadt",Türkei,Veränderung gegenüber 2005 in Prozent,K03402,-10.9919571045576,-10.9919571
403,2011,"Oldenburg (Oldb), Stadt",Türkei,Veränderung gegenüber 2005 in Prozent,K03403,-17.0800187178287,-17.0800187
404,2011,"Osnabrück, Stadt",Türkei,Veränderung gegenüber 2005 in Prozent,K03404,-8.90133831310302,-8.90133831
405,2011,"Wilhelmshaven, Stadt",Türkei,Veränderung gegenüber 2005 in Prozent,K03405,-18.3791606367583,-18.3791606
451,2011,"Ammerland",Türkei,Veränderung gegenüber 2005 in Prozent,K03451,-19.5290858725762,-19.5290859
452,2011,"Aurich",Türkei,Veränderung gegenüber 2005 in Prozent,K03452,-19.0909090909091,-19.0909091
453,2011,"Cloppenburg",Türkei,Veränderung gegenüber 2005 in Prozent,K03453,-11.4785992217899,-11.4785992
454,2011,"Emsland",Türkei,Veränderung gegenüber 2005 in Prozent,K03454,-14.9501661129568,-14.9501661
455,2011,"Friesland",Türkei,Veränderung gegenüber 2005 in Prozent,K03455,-21.1594202898551,-21.1594203
456,2011,"Grafschaft Bentheim",Türkei,Veränderung gegenüber 2005 in Prozent,K03456,-15.3142857142857,-15.3142857
457,2011,"Leer",Türkei,Veränderung gegenüber 2005 in Prozent,K03457,-34.7417840375587,-34.741784
458,2011,"Oldenburg",Türkei,Veränderung gegenüber 2005 in Prozent,K03458,-20.0956937799043,-20.0956938
459,2011,"Osnabrück",Türkei,Veränderung gegenüber 2005 in Prozent,K03459,-11.0749185667752,-11.0749186
460,2011,"Vechta",Türkei,Veränderung gegenüber 2005 in Prozent,K03460,-8.33598472796691,-8.33598473
461,2011,"Wesermarsch",Türkei,Veränderung gegenüber 2005 in Prozent,K03461,-20.0762388818297,-20.0762389
462,2011,"Wittmund",Türkei,Veränderung gegenüber 2005 in Prozent,K03462,-31.7073170731707,-31.7073171
4,2011,"Statistische Region Weser-Ems",Türkei,Veränderung gegenüber 2005 in Prozent,K034,-14.5616641901932,-14.5616642
0,2011,"Niedersachsen",Türkei,Veränderung gegenüber 2005 in Prozent,K030,-12.3514758329002,-12.3514758
101,2012,"Braunschweig, Stadt",Türkei,Veränderung gegenüber 2005 in Prozent,K03101,-9.68608359912708,-9.6860836
102,2012,"Salzgitter, Stadt",Türkei,Veränderung gegenüber 2005 in Prozent,K03102,-12.3259493670886,-12.3259494
103,2012,"Wolfsburg, Stadt",Türkei,Veränderung gegenüber 2005 in Prozent,K03103,6.88468158347676,6.88468158
151,2012,"Gifhorn",Türkei,Veränderung gegenüber 2005 in Prozent,K03151,-13.0320546505518,-13.0320547
153,2012,"Goslar",Türkei,Veränderung gegenüber 2005 in Prozent,K03153,-16.5289256198347,-16.5289256
154,2012,"Helmstedt",Türkei,Veränderung gegenüber 2005 in Prozent,K03154,-18.760907504363,-18.7609075
155,2012,"Northeim",Türkei,Veränderung gegenüber 2005 in Prozent,K03155,-23.2943469785575,-23.294347
157,2012,"Peine",Türkei,Veränderung gegenüber 2005 in Prozent,K03157,-14.2566191446029,-14.2566191
158,2012,"Wolfenbüttel",Türkei,Veränderung gegenüber 2005 in Prozent,K03158,-24.6037735849057,-24.6037736
159,2012,"Göttingen",Türkei,Veränderung gegenüber 2005 in Prozent,K03159,-16.5053622809312,-16.5053623
1,2012,"Statistische Region Braunschweig",Türkei,Veränderung gegenüber 2005 in Prozent,K031,-13.7781404146423,-13.7781404
241,2012,"Region Hannover",Türkei,Veränderung gegenüber 2005 in Prozent,K03241,-8.41442472810532,-8.41442473
241001,2012,"dav. Hannover, Lhst.",Türkei,Veränderung gegenüber 2005 in Prozent,K03241001,-8.59948320413437,-8.5994832
241999,2012,"dav. Hannover, Umland",Türkei,Veränderung gegenüber 2005 in Prozent,K03241999,-8.06841240699585,-8.06841241
251,2012,"Diepholz",Türkei,Veränderung gegenüber 2005 in Prozent,K03251,-12.0246085011186,-12.0246085
252,2012,"Hameln-Pyrmont",Türkei,Veränderung gegenüber 2005 in Prozent,K03252,-11.611300838249,-11.6113008
254,2012,"Hildesheim",Türkei,Veränderung gegenüber 2005 in Prozent,K03254,-17.8717271198655,-17.8717271
255,2012,"Holzminden",Türkei,Veränderung gegenüber 2005 in Prozent,K03255,-18.5239852398524,-18.5239852
256,2012,"Nienburg (Weser)",Türkei,Veränderung gegenüber 2005 in Prozent,K03256,-23.9415322580645,-23.9415323
257,2012,"Schaumburg",Türkei,Veränderung gegenüber 2005 in Prozent,K03257,-22.2222222222222,-22.2222222
2,2012,"Statistische Region Hannover",Türkei,Veränderung gegenüber 2005 in Prozent,K032,-11.5705765407555,-11.5705765
351,2012,"Celle",Türkei,Veränderung gegenüber 2005 in Prozent,K03351,-28.0397022332506,-28.0397022
352,2012,"Cuxhaven",Türkei,Veränderung gegenüber 2005 in Prozent,K03352,-19.635099913119,-19.6350999
353,2012,"Harburg",Türkei,Veränderung gegenüber 2005 in Prozent,K03353,-15.6269302038295,-15.6269302
354,2012,"Lüchow-Dannenberg",Türkei,Veränderung gegenüber 2005 in Prozent,K03354,-8.65384615384615,-8.65384615
355,2012,"Lüneburg",Türkei,Veränderung gegenüber 2005 in Prozent,K03355,-17.5879396984925,-17.5879397
356,2012,"Osterholz",Türkei,Veränderung gegenüber 2005 in Prozent,K03356,-18.75,-18.75
357,2012,"Rotenburg (Wümme)",Türkei,Veränderung gegenüber 2005 in Prozent,K03357,-22.5,-22.5
358,2012,"Heidekreis",Türkei,Veränderung gegenüber 2005 in Prozent,K03358,-24.2868157286045,-24.2868157
359,2012,"Stade",Türkei,Veränderung gegenüber 2005 in Prozent,K03359,-6.78225395206527,-6.78225395
360,2012,"Uelzen",Türkei,Veränderung gegenüber 2005 in Prozent,K03360,-31.1797752808989,-31.1797753
361,2012,"Verden",Türkei,Veränderung gegenüber 2005 in Prozent,K03361,-20.587084148728,-20.5870841
3,2012,"Statistische Region Lüneburg",Türkei,Veränderung gegenüber 2005 in Prozent,K033,-19.6349557522124,-19.6349558
401,2012,"Delmenhorst, Stadt",Türkei,Veränderung gegenüber 2005 in Prozent,K03401,-19.3874329017998,-19.3874329
402,2012,"Emden, Stadt",Türkei,Veränderung gegenüber 2005 in Prozent,K03402,-9.38337801608579,-9.38337802
403,2012,"Oldenburg (Oldb), Stadt",Türkei,Veränderung gegenüber 2005 in Prozent,K03403,-18.9985961628451,-18.9985962
404,2012,"Osnabrück, Stadt",Türkei,Veränderung gegenüber 2005 in Prozent,K03404,-10.8932461873638,-10.8932462
405,2012,"Wilhelmshaven, Stadt",Türkei,Veränderung gegenüber 2005 in Prozent,K03405,-22.2865412445731,-22.2865412
451,2012,"Ammerland",Türkei,Veränderung gegenüber 2005 in Prozent,K03451,-22.8531855955679,-22.8531856
452,2012,"Aurich",Türkei,Veränderung gegenüber 2005 in Prozent,K03452,-21.1363636363636,-21.1363636
453,2012,"Cloppenburg",Türkei,Veränderung gegenüber 2005 in Prozent,K03453,-15.9533073929961,-15.9533074
454,2012,"Emsland",Türkei,Veränderung gegenüber 2005 in Prozent,K03454,-18.8538205980066,-18.8538206
455,2012,"Friesland",Türkei,Veränderung gegenüber 2005 in Prozent,K03455,-24.3478260869565,-24.3478261
456,2012,"Grafschaft Bentheim",Türkei,Veränderung gegenüber 2005 in Prozent,K03456,-18.8571428571429,-18.8571429
457,2012,"Leer",Türkei,Veränderung gegenüber 2005 in Prozent,K03457,-37.4021909233177,-37.4021909
458,2012,"Oldenburg",Türkei,Veränderung gegenüber 2005 in Prozent,K03458,-22.488038277512,-22.4880383
459,2012,"Osnabrück",Türkei,Veränderung gegenüber 2005 in Prozent,K03459,-13.6807817589577,-13.6807818
460,2012,"Vechta",Türkei,Veränderung gegenüber 2005 in Prozent,K03460,-12.9175946547884,-12.9175947
461,2012,"Wesermarsch",Türkei,Veränderung gegenüber 2005 in Prozent,K03461,-23.0622617534943,-23.0622618
462,2012,"Wittmund",Türkei,Veränderung gegenüber 2005 in Prozent,K03462,-36.5853658536585,-36.5853659
4,2012,"Statistische Region Weser-Ems",Türkei,Veränderung gegenüber 2005 in Prozent,K034,-17.4089394000241,-17.4089394
0,2012,"Niedersachsen",Türkei,Veränderung gegenüber 2005 in Prozent,K030,-14.4518718973458,-14.4518719
101,2013,"Braunschweig, Stadt",Türkei,Veränderung gegenüber 2005 in Prozent,K03101,-10.7100889709585,-10.710089
102,2013,"Salzgitter, Stadt",Türkei,Veränderung gegenüber 2005 in Prozent,K03102,-13.5284810126582,-13.528481
103,2013,"Wolfsburg, Stadt",Türkei,Veränderung gegenüber 2005 in Prozent,K03103,6.54044750430293,6.5404475
151,2013,"Gifhorn",Türkei,Veränderung gegenüber 2005 in Prozent,K03151,-12.7167630057803,-12.716763
153,2013,"Goslar",Türkei,Veränderung gegenüber 2005 in Prozent,K03153,-17.7685950413223,-17.768595
154,2013,"Helmstedt",Türkei,Veränderung gegenüber 2005 in Prozent,K03154,-20.4188481675393,-20.4188482
155,2013,"Northeim",Türkei,Veränderung gegenüber 2005 in Prozent,K03155,-26.9005847953216,-26.9005848
157,2013,"Peine",Türkei,Veränderung gegenüber 2005 in Prozent,K03157,-16.1235573659199,-16.1235574
158,2013,"Wolfenbüttel",Türkei,Veränderung gegenüber 2005 in Prozent,K03158,-26.7924528301887,-26.7924528
159,2013,"Göttingen",Türkei,Veränderung gegenüber 2005 in Prozent,K03159,-17.8917080826576,-17.8917081
1,2013,"Statistische Region Braunschweig",Türkei,Veränderung gegenüber 2005 in Prozent,K031,-15.076215554649,-15.0762156
241,2013,"Region Hannover",Türkei,Veränderung gegenüber 2005 in Prozent,K03241,-9.87238627563218,-9.87238628
241001,2013,"dav. Hannover, Lhst.",Türkei,Veränderung gegenüber 2005 in Prozent,K03241001,-10.4444444444444,-10.4444444
241999,2013,"dav. Hannover, Umland",Türkei,Veränderung gegenüber 2005 in Prozent,K03241999,-8.80278287757271,-8.80278288
251,2013,"Diepholz",Türkei,Veränderung gegenüber 2005 in Prozent,K03251,-13.4787472035794,-13.4787472
252,2013,"Hameln-Pyrmont",Türkei,Veränderung gegenüber 2005 in Prozent,K03252,-13.5051226327228,-13.5051226
254,2013,"Hildesheim",Türkei,Veränderung gegenüber 2005 in Prozent,K03254,-17.6074945952438,-17.6074946
255,2013,"Holzminden",Türkei,Veränderung gegenüber 2005 in Prozent,K03255,-20.8118081180812,-20.8118081
256,2013,"Nienburg (Weser)",Türkei,Veränderung gegenüber 2005 in Prozent,K03256,-26.5625,-26.5625
257,2013,"Schaumburg",Türkei,Veränderung gegenüber 2005 in Prozent,K03257,-23.8562091503268,-23.8562092
2,2013,"Statistische Region Hannover",Türkei,Veränderung gegenüber 2005 in Prozent,K032,-12.9887342611001,-12.9887343
351,2013,"Celle",Türkei,Veränderung gegenüber 2005 in Prozent,K03351,-30.6451612903226,-30.6451613
352,2013,"Cuxhaven",Türkei,Veränderung gegenüber 2005 in Prozent,K03352,-24.4135534317984,-24.4135534
353,2013,"Harburg",Türkei,Veränderung gegenüber 2005 in Prozent,K03353,-15.9975293390982,-15.9975293
354,2013,"Lüchow-Dannenberg",Türkei,Veränderung gegenüber 2005 in Prozent,K03354,0,0
355,2013,"Lüneburg",Türkei,Veränderung gegenüber 2005 in Prozent,K03355,-19.1959798994975,-19.1959799
356,2013,"Osterholz",Türkei,Veränderung gegenüber 2005 in Prozent,K03356,-19.8412698412698,-19.8412698
357,2013,"Rotenburg (Wümme)",Türkei,Veränderung gegenüber 2005 in Prozent,K03357,-24,-24
358,2013,"Heidekreis",Türkei,Veränderung gegenüber 2005 in Prozent,K03358,-26.4456437933693,-26.4456438
359,2013,"Stade",Türkei,Veränderung gegenüber 2005 in Prozent,K03359,-6.9862315145334,-6.98623151
360,2013,"Uelzen",Türkei,Veränderung gegenüber 2005 in Prozent,K03360,-28.9325842696629,-28.9325843
361,2013,"Verden",Türkei,Veränderung gegenüber 2005 in Prozent,K03361,-24.9706457925636,-24.9706458
3,2013,"Statistische Region Lüneburg",Türkei,Veränderung gegenüber 2005 in Prozent,K033,-21.6606747787611,-21.6606748
401,2013,"Delmenhorst, Stadt",Türkei,Veränderung gegenüber 2005 in Prozent,K03401,-21.3135459425324,-21.3135459
402,2013,"Emden, Stadt",Türkei,Veränderung gegenüber 2005 in Prozent,K03402,-9.91957104557641,-9.91957105
403,2013,"Oldenburg (Oldb), Stadt",Türkei,Veränderung gegenüber 2005 in Prozent,K03403,-20.9639681796912,-20.9639682
404,2013,"Osnabrück, Stadt",Türkei,Veränderung gegenüber 2005 in Prozent,K03404,-11.1733582321818,-11.1733582
405,2013,"Wilhelmshaven, Stadt",Türkei,Veränderung gegenüber 2005 in Prozent,K03405,-23.0101302460203,-23.0101302
451,2013,"Ammerland",Türkei,Veränderung gegenüber 2005 in Prozent,K03451,-24.3767313019391,-24.3767313
452,2013,"Aurich",Türkei,Veränderung gegenüber 2005 in Prozent,K03452,-18.8636363636364,-18.8636364
453,2013,"Cloppenburg",Türkei,Veränderung gegenüber 2005 in Prozent,K03453,-18.579766536965,-18.5797665
454,2013,"Emsland",Türkei,Veränderung gegenüber 2005 in Prozent,K03454,-22.093023255814,-22.0930233
455,2013,"Friesland",Türkei,Veränderung gegenüber 2005 in Prozent,K03455,-27.536231884058,-27.5362319
456,2013,"Grafschaft Bentheim",Türkei,Veränderung gegenüber 2005 in Prozent,K03456,-21.1428571428571,-21.1428571
457,2013,"Leer",Türkei,Veränderung gegenüber 2005 in Prozent,K03457,-38.6541471048513,-38.6541471
458,2013,"Oldenburg",Türkei,Veränderung gegenüber 2005 in Prozent,K03458,-26.4752791068581,-26.4752791
459,2013,"Osnabrück",Türkei,Veränderung gegenüber 2005 in Prozent,K03459,-14.6036916395223,-14.6036916
460,2013,"Vechta",Türkei,Veränderung gegenüber 2005 in Prozent,K03460,-15.7811008590519,-15.7811009
461,2013,"Wesermarsch",Türkei,Veränderung gegenüber 2005 in Prozent,K03461,-26.8106734434562,-26.8106734
462,2013,"Wittmund",Türkei,Veränderung gegenüber 2005 in Prozent,K03462,-40.2439024390244,-40.2439024
4,2013,"Statistische Region Weser-Ems",Türkei,Veränderung gegenüber 2005 in Prozent,K034,-19.252238865909,-19.2522389
0,2013,"Niedersachsen",Türkei,Veränderung gegenüber 2005 in Prozent,K030,-16.0146239179914,-16.0146239
101,2014,"Braunschweig, Stadt",Türkei,Veränderung gegenüber 2005 in Prozent,K03101,-11.499076716468,-11.4990767
102,2014,"Salzgitter, Stadt",Türkei,Veränderung gegenüber 2005 in Prozent,K03102,-14.5569620253165,-14.556962
103,2014,"Wolfsburg, Stadt",Türkei,Veränderung gegenüber 2005 in Prozent,K03103,7.74526678141136,7.74526678
151,2014,"Gifhorn",Türkei,Veränderung gegenüber 2005 in Prozent,K03151,-13.7151865475565,-13.7151865
153,2014,"Goslar",Türkei,Veränderung gegenüber 2005 in Prozent,K03153,-19.5764462809917,-19.5764463
154,2014,"Helmstedt",Türkei,Veränderung gegenüber 2005 in Prozent,K03154,-20.8551483420593,-20.8551483
155,2014,"Northeim",Türkei,Veränderung gegenüber 2005 in Prozent,K03155,-29.6296296296296,-29.6296296
157,2014,"Peine",Türkei,Veränderung gegenüber 2005 in Prozent,K03157,-18.7712152070604,-18.7712152
158,2014,"Wolfenbüttel",Türkei,Veränderung gegenüber 2005 in Prozent,K03158,-28.6792452830189,-28.6792453
159,2014,"Göttingen",Türkei,Veränderung gegenüber 2005 in Prozent,K03159,-18.9903217368559,-18.9903217
1,2014,"Statistische Region Braunschweig",Türkei,Veränderung gegenüber 2005 in Prozent,K031,-16.3260764751697,-16.3260765
241,2014,"Region Hannover",Türkei,Veränderung gegenüber 2005 in Prozent,K03241,-10.4313276541298,-10.4313277
241001,2014,"dav. Hannover, Lhst.",Türkei,Veränderung gegenüber 2005 in Prozent,K03241001,-11.1059431524548,-11.1059432
241999,2014,"dav. Hannover, Umland",Türkei,Veränderung gegenüber 2005 in Prozent,K03241999,-9.16996811286115,-9.16996811
251,2014,"Diepholz",Türkei,Veränderung gegenüber 2005 in Prozent,K03251,-17.9530201342282,-17.9530201
252,2014,"Hameln-Pyrmont",Türkei,Veränderung gegenüber 2005 in Prozent,K03252,-13.9708165166097,-13.9708165
254,2014,"Hildesheim",Türkei,Veränderung gegenüber 2005 in Prozent,K03254,-19.4811434061975,-19.4811434
255,2014,"Holzminden",Türkei,Veränderung gegenüber 2005 in Prozent,K03255,-22.9520295202952,-22.9520295
256,2014,"Nienburg (Weser)",Türkei,Veränderung gegenüber 2005 in Prozent,K03256,-28.679435483871,-28.6794355
257,2014,"Schaumburg",Türkei,Veränderung gegenüber 2005 in Prozent,K03257,-25.6535947712418,-25.6535948
2,2014,"Statistische Region Hannover",Türkei,Veränderung gegenüber 2005 in Prozent,K032,-14.0159045725646,-14.0159046
351,2014,"Celle",Türkei,Veränderung gegenüber 2005 in Prozent,K03351,-32.7956989247312,-32.7956989
352,2014,"Cuxhaven",Türkei,Veränderung gegenüber 2005 in Prozent,K03352,-25.629887054735,-25.6298871
353,2014,"Harburg",Türkei,Veränderung gegenüber 2005 in Prozent,K03353,-15.8739962940086,-15.8739963
354,2014,"Lüchow-Dannenberg",Türkei,Veränderung gegenüber 2005 in Prozent,K03354,-0.961538461538462,-0.96153846
355,2014,"Lüneburg",Türkei,Veränderung gegenüber 2005 in Prozent,K03355,-22.0100502512563,-22.0100503
356,2014,"Osterholz",Türkei,Veränderung gegenüber 2005 in Prozent,K03356,-22.718253968254,-22.718254
357,2014,"Rotenburg (Wümme)",Türkei,Veränderung gegenüber 2005 in Prozent,K03357,-26.8,-26.8
358,2014,"Heidekreis",Türkei,Veränderung gegenüber 2005 in Prozent,K03358,-27.7563608326908,-27.7563608
359,2014,"Stade",Türkei,Veränderung gegenüber 2005 in Prozent,K03359,-7.75114737378888,-7.75114737
360,2014,"Uelzen",Türkei,Veränderung gegenüber 2005 in Prozent,K03360,-28.3707865168539,-28.3707865
361,2014,"Verden",Türkei,Veränderung gegenüber 2005 in Prozent,K03361,-27.1624266144814,-27.1624266
3,2014,"Statistische Region Lüneburg",Türkei,Veränderung gegenüber 2005 in Prozent,K033,-23.2923119469027,-23.2923119
401,2014,"Delmenhorst, Stadt",Türkei,Veränderung gegenüber 2005 in Prozent,K03401,-22.2923902747079,-22.2923903
402,2014,"Emden, Stadt",Türkei,Veränderung gegenüber 2005 in Prozent,K03402,-12.3324396782842,-12.3324397
403,2014,"Oldenburg (Oldb), Stadt",Türkei,Veränderung gegenüber 2005 in Prozent,K03403,-23.2101076275152,-23.2101076
404,2014,"Osnabrück, Stadt",Türkei,Veränderung gegenüber 2005 in Prozent,K03404,-12.91627762216,-12.9162776
405,2014,"Wilhelmshaven, Stadt",Türkei,Veränderung gegenüber 2005 in Prozent,K03405,-23.8784370477569,-23.878437
451,2014,"Ammerland",Türkei,Veränderung gegenüber 2005 in Prozent,K03451,-28.5318559556787,-28.531856
452,2014,"Aurich",Türkei,Veränderung gegenüber 2005 in Prozent,K03452,-17.5,-17.5
453,2014,"Cloppenburg",Türkei,Veränderung gegenüber 2005 in Prozent,K03453,-20.3307392996109,-20.3307393
454,2014,"Emsland",Türkei,Veränderung gegenüber 2005 in Prozent,K03454,-23.2558139534884,-23.255814
455,2014,"Friesland",Türkei,Veränderung gegenüber 2005 in Prozent,K03455,-34.4927536231884,-34.4927536
456,2014,"Grafschaft Bentheim",Türkei,Veränderung gegenüber 2005 in Prozent,K03456,-23.3714285714286,-23.3714286
457,2014,"Leer",Türkei,Veränderung gegenüber 2005 in Prozent,K03457,-40.8450704225352,-40.8450704
458,2014,"Oldenburg",Türkei,Veränderung gegenüber 2005 in Prozent,K03458,-31.2599681020734,-31.2599681
459,2014,"Osnabrück",Türkei,Veränderung gegenüber 2005 in Prozent,K03459,-16.9381107491857,-16.9381107
460,2014,"Vechta",Türkei,Veränderung gegenüber 2005 in Prozent,K03460,-16.4174355711104,-16.4174356
461,2014,"Wesermarsch",Türkei,Veränderung gegenüber 2005 in Prozent,K03461,-26.8106734434562,-26.8106734
462,2014,"Wittmund",Türkei,Veränderung gegenüber 2005 in Prozent,K03462,-39.0243902439024,-39.0243902
4,2014,"Statistische Region Weser-Ems",Türkei,Veränderung gegenüber 2005 in Prozent,K034,-20.926870406811,-20.9268704
0,2014,"Niedersachsen",Türkei,Veränderung gegenüber 2005 in Prozent,K030,-17.3184107242065,-17.3184107
101,2015,"Braunschweig, Stadt",Türkei,Veränderung gegenüber 2005 in Prozent,K03101,-13.6981702199094,-13.6981702
102,2015,"Salzgitter, Stadt",Türkei,Veränderung gegenüber 2005 in Prozent,K03102,-15.506329113924,-15.5063291
103,2015,"Wolfsburg, Stadt",Türkei,Veränderung gegenüber 2005 in Prozent,K03103,8.95008605851979,8.95008606
151,2015,"Gifhorn",Türkei,Veränderung gegenüber 2005 in Prozent,K03151,-14.1881240147136,-14.188124
153,2015,"Goslar",Türkei,Veränderung gegenüber 2005 in Prozent,K03153,-20.7128099173554,-20.7128099
154,2015,"Helmstedt",Türkei,Veränderung gegenüber 2005 in Prozent,K03154,-23.5602094240838,-23.5602094
155,2015,"Northeim",Türkei,Veränderung gegenüber 2005 in Prozent,K03155,-30.0194931773879,-30.0194932
157,2015,"Peine",Türkei,Veränderung gegenüber 2005 in Prozent,K03157,-19.1785471826205,-19.1785472
158,2015,"Wolfenbüttel",Türkei,Veränderung gegenüber 2005 in Prozent,K03158,-29.5849056603774,-29.5849057
159,2015,"Göttingen",Türkei,Veränderung gegenüber 2005 in Prozent,K03159,-19.3565262882553,-19.3565263
1,2015,"Statistische Region Braunschweig",Türkei,Veränderung gegenüber 2005 in Prozent,K031,-17.3942068760895,-17.3942069
241,2015,"Region Hannover",Türkei,Veränderung gegenüber 2005 in Prozent,K03241,-11.4515640257248,-11.451564
241001,2015,"dav. Hannover, Lhst.",Türkei,Veränderung gegenüber 2005 in Prozent,K03241001,-12.2170542635659,-12.2170543
241999,2015,"dav. Hannover, Umland",Türkei,Veränderung gegenüber 2005 in Prozent,K03241999,-10.0202918156344,-10.0202918
251,2015,"Diepholz",Türkei,Veränderung gegenüber 2005 in Prozent,K03251,-17.2259507829978,-17.2259508
252,2015,"Hameln-Pyrmont",Türkei,Veränderung gegenüber 2005 in Prozent,K03252,-14.4365104004967,-14.4365104
254,2015,"Hildesheim",Türkei,Veränderung gegenüber 2005 in Prozent,K03254,-20.4900312274802,-20.4900312
255,2015,"Holzminden",Türkei,Veränderung gegenüber 2005 in Prozent,K03255,-24.5018450184502,-24.501845
256,2015,"Nienburg (Weser)",Türkei,Veränderung gegenüber 2005 in Prozent,K03256,-29.7883064516129,-29.7883065
257,2015,"Schaumburg",Türkei,Veränderung gegenüber 2005 in Prozent,K03257,-28.3006535947712,-28.3006536
2,2015,"Statistische Region Hannover",Türkei,Veränderung gegenüber 2005 in Prozent,K032,-15.0563286944997,-15.0563287
351,2015,"Celle",Türkei,Veränderung gegenüber 2005 in Prozent,K03351,-36.0215053763441,-36.0215054
352,2015,"Cuxhaven",Türkei,Veränderung gegenüber 2005 in Prozent,K03352,-25.7167680278019,-25.716768
353,2015,"Harburg",Türkei,Veränderung gegenüber 2005 in Prozent,K03353,-16.2445954292773,-16.2445954
354,2015,"Lüchow-Dannenberg",Türkei,Veränderung gegenüber 2005 in Prozent,K03354,0,0
355,2015,"Lüneburg",Türkei,Veränderung gegenüber 2005 in Prozent,K03355,-22.5125628140704,-22.5125628
356,2015,"Osterholz",Türkei,Veränderung gegenüber 2005 in Prozent,K03356,-26.7857142857143,-26.7857143
357,2015,"Rotenburg (Wümme)",Türkei,Veränderung gegenüber 2005 in Prozent,K03357,-28.6,-28.6
358,2015,"Heidekreis",Türkei,Veränderung gegenüber 2005 in Prozent,K03358,-28.9128758673863,-28.9128759
359,2015,"Stade",Türkei,Veränderung gegenüber 2005 in Prozent,K03359,-8.77103518612953,-8.77103519
360,2015,"Uelzen",Türkei,Veränderung gegenüber 2005 in Prozent,K03360,-27.247191011236,-27.247191
361,2015,"Verden",Türkei,Veränderung gegenüber 2005 in Prozent,K03361,-29.041095890411,-29.0410959
3,2015,"Statistische Region Lüneburg",Türkei,Veränderung gegenüber 2005 in Prozent,K033,-24.8617256637168,-24.8617257
401,2015,"Delmenhorst, Stadt",Türkei,Veränderung gegenüber 2005 in Prozent,K03401,-22.8923271234607,-22.8923271
402,2015,"Emden, Stadt",Türkei,Veränderung gegenüber 2005 in Prozent,K03402,-18.7667560321716,-18.766756
403,2015,"Oldenburg (Oldb), Stadt",Türkei,Veränderung gegenüber 2005 in Prozent,K03403,-25.7838090781469,-25.7838091
404,2015,"Osnabrück, Stadt",Türkei,Veränderung gegenüber 2005 in Prozent,K03404,-14.5347027699969,-14.5347028
405,2015,"Wilhelmshaven, Stadt",Türkei,Veränderung gegenüber 2005 in Prozent,K03405,-27.2069464544139,-27.2069465
451,2015,"Ammerland",Türkei,Veränderung gegenüber 2005 in Prozent,K03451,-29.5013850415512,-29.501385
452,2015,"Aurich",Türkei,Veränderung gegenüber 2005 in Prozent,K03452,-15,-15
453,2015,"Cloppenburg",Türkei,Veränderung gegenüber 2005 in Prozent,K03453,-22.3735408560311,-22.3735409
454,2015,"Emsland",Türkei,Veränderung gegenüber 2005 in Prozent,K03454,-24.1694352159468,-24.1694352
455,2015,"Friesland",Türkei,Veränderung gegenüber 2005 in Prozent,K03455,-38.8405797101449,-38.8405797
456,2015,"Grafschaft Bentheim",Türkei,Veränderung gegenüber 2005 in Prozent,K03456,-25.4285714285714,-25.4285714
457,2015,"Leer",Türkei,Veränderung gegenüber 2005 in Prozent,K03457,-40.3755868544601,-40.3755869
458,2015,"Oldenburg",Türkei,Veränderung gegenüber 2005 in Prozent,K03458,-33.8118022328549,-33.8118022
459,2015,"Osnabrück",Türkei,Veränderung gegenüber 2005 in Prozent,K03459,-18.6210640608035,-18.6210641
460,2015,"Vechta",Türkei,Veränderung gegenüber 2005 in Prozent,K03460,-17.6901049952275,-17.690105
461,2015,"Wesermarsch",Türkei,Veränderung gegenüber 2005 in Prozent,K03461,-26.6200762388818,-26.6200762
462,2015,"Wittmund",Türkei,Veränderung gegenüber 2005 in Prozent,K03462,-43.2926829268293,-43.2926829
4,2015,"Statistische Region Weser-Ems",Türkei,Veränderung gegenüber 2005 in Prozent,K034,-22.4167704108269,-22.4167704
0,2015,"Niedersachsen",Türkei,Veränderung gegenüber 2005 in Prozent,K030,-18.534382336601,-18.5343823
101,2016,"Braunschweig, Stadt",Türkei,Veränderung gegenüber 2005 in Prozent,K03101,-12.3719993285211,-12.3719993
102,2016,"Salzgitter, Stadt",Türkei,Veränderung gegenüber 2005 in Prozent,K03102,-16.376582278481,-16.3765823
103,2016,"Wolfsburg, Stadt",Türkei,Veränderung gegenüber 2005 in Prozent,K03103,8.43373493975904,8.43373494
151,2016,"Gifhorn",Türkei,Veränderung gegenüber 2005 in Prozent,K03151,-13.8202837624803,-13.8202838
153,2016,"Goslar",Türkei,Veränderung gegenüber 2005 in Prozent,K03153,-22.7789256198347,-22.7789256
154,2016,"Helmstedt",Türkei,Veränderung gegenüber 2005 in Prozent,K03154,-22.3385689354276,-22.3385689
155,2016,"Northeim",Türkei,Veränderung gegenüber 2005 in Prozent,K03155,-28.8499025341131,-28.8499025
157,2016,"Peine",Türkei,Veränderung gegenüber 2005 in Prozent,K03157,-19.7216564833673,-19.7216565
158,2016,"Wolfenbüttel",Türkei,Veränderung gegenüber 2005 in Prozent,K03158,-30.5660377358491,-30.5660377
159,2016,"Göttingen",Türkei,Veränderung gegenüber 2005 in Prozent,K03159,-20.6120847501962,-20.6120848
1,2016,"Statistische Region Braunschweig",Türkei,Veränderung gegenüber 2005 in Prozent,K031,-17.5907725401476,-17.5907725
241,2016,"Region Hannover",Türkei,Veränderung gegenüber 2005 in Prozent,K03241,-12.1687598909054,-12.1687599
241001,2016,"dav. Hannover, Lhst.",Türkei,Veränderung gegenüber 2005 in Prozent,K03241001,-13.953488372093,-13.9534884
241999,2016,"dav. Hannover, Umland",Türkei,Veränderung gegenüber 2005 in Prozent,K03241999,-8.8317711856218,-8.83177119
251,2016,"Diepholz",Türkei,Veränderung gegenüber 2005 in Prozent,K03251,-16.1073825503356,-16.1073826
252,2016,"Hameln-Pyrmont",Türkei,Veränderung gegenüber 2005 in Prozent,K03252,-15.0884818379385,-15.0884818
254,2016,"Hildesheim",Türkei,Veränderung gegenüber 2005 in Prozent,K03254,-21.8111938505885,-21.8111939
255,2016,"Holzminden",Türkei,Veränderung gegenüber 2005 in Prozent,K03255,-25.0922509225092,-25.0922509
256,2016,"Nienburg (Weser)",Türkei,Veränderung gegenüber 2005 in Prozent,K03256,-30.695564516129,-30.6955645
257,2016,"Schaumburg",Türkei,Veränderung gegenüber 2005 in Prozent,K03257,-28.7581699346405,-28.7581699
2,2016,"Statistische Region Hannover",Türkei,Veränderung gegenüber 2005 in Prozent,K032,-15.7499447757897,-15.7499448
351,2016,"Celle",Türkei,Veränderung gegenüber 2005 in Prozent,K03351,-38.3788254755997,-38.3788255
352,2016,"Cuxhaven",Türkei,Veränderung gegenüber 2005 in Prozent,K03352,-27.0199826238054,-27.0199826
353,2016,"Harburg",Türkei,Veränderung gegenüber 2005 in Prozent,K03353,-14.1445336627548,-14.1445337
354,2016,"Lüchow-Dannenberg",Türkei,Veränderung gegenüber 2005 in Prozent,K03354,0.961538461538462,0.96153846
355,2016,"Lüneburg",Türkei,Veränderung gegenüber 2005 in Prozent,K03355,-22.6130653266332,-22.6130653
356,2016,"Osterholz",Türkei,Veränderung gegenüber 2005 in Prozent,K03356,-27.5793650793651,-27.5793651
357,2016,"Rotenburg (Wümme)",Türkei,Veränderung gegenüber 2005 in Prozent,K03357,-28,-28
358,2016,"Heidekreis",Türkei,Veränderung gegenüber 2005 in Prozent,K03358,-29.4525828835775,-29.4525829
359,2016,"Stade",Türkei,Veränderung gegenüber 2005 in Prozent,K03359,-9.22998470168281,-9.2299847
360,2016,"Uelzen",Türkei,Veränderung gegenüber 2005 in Prozent,K03360,-25.561797752809,-25.5617978
361,2016,"Verden",Türkei,Veränderung gegenüber 2005 in Prozent,K03361,-31.1154598825832,-31.1154599
3,2016,"Statistische Region Lüneburg",Türkei,Veränderung gegenüber 2005 in Prozent,K033,-25.5738384955752,-25.5738385
401,2016,"Delmenhorst, Stadt",Türkei,Veränderung gegenüber 2005 in Prozent,K03401,-23.9027470792548,-23.9027471
402,2016,"Emden, Stadt",Türkei,Veränderung gegenüber 2005 in Prozent,K03402,-23.5924932975871,-23.5924933
403,2016,"Oldenburg (Oldb), Stadt",Türkei,Veränderung gegenüber 2005 in Prozent,K03403,-27.2344408048666,-27.2344408
404,2016,"Osnabrück, Stadt",Türkei,Veränderung gegenüber 2005 in Prozent,K03404,-15.3439153439153,-15.3439153
405,2016,"Wilhelmshaven, Stadt",Türkei,Veränderung gegenüber 2005 in Prozent,K03405,-27.6410998552822,-27.6410999
451,2016,"Ammerland",Türkei,Veränderung gegenüber 2005 in Prozent,K03451,-30.0554016620499,-30.0554017
452,2016,"Aurich",Türkei,Veränderung gegenüber 2005 in Prozent,K03452,-12.5,-12.5
453,2016,"Cloppenburg",Türkei,Veränderung gegenüber 2005 in Prozent,K03453,-24.124513618677,-24.1245136
454,2016,"Emsland",Türkei,Veränderung gegenüber 2005 in Prozent,K03454,-26.0797342192691,-26.0797342
455,2016,"Friesland",Türkei,Veränderung gegenüber 2005 in Prozent,K03455,-42.0289855072464,-42.0289855
456,2016,"Grafschaft Bentheim",Türkei,Veränderung gegenüber 2005 in Prozent,K03456,-27.1428571428571,-27.1428571
457,2016,"Leer",Türkei,Veränderung gegenüber 2005 in Prozent,K03457,-35.8372456964006,-35.8372457
458,2016,"Oldenburg",Türkei,Veränderung gegenüber 2005 in Prozent,K03458,-33.8118022328549,-33.8118022
459,2016,"Osnabrück",Türkei,Veränderung gegenüber 2005 in Prozent,K03459,-18.7024972855592,-18.7024973
460,2016,"Vechta",Türkei,Veränderung gegenüber 2005 in Prozent,K03460,-19.662742602609,-19.6627426
461,2016,"Wesermarsch",Türkei,Veränderung gegenüber 2005 in Prozent,K03461,-27.5730622617535,-27.5730623
462,2016,"Wittmund",Türkei,Veränderung gegenüber 2005 in Prozent,K03462,-48.1707317073171,-48.1707317
4,2016,"Statistische Region Weser-Ems",Türkei,Veränderung gegenüber 2005 in Prozent,K034,-23.436809766676,-23.4368098
0,2016,"Niedersachsen",Türkei,Veränderung gegenüber 2005 in Prozent,K030,-19.1876198498181,-19.1876198
101,2017,"Braunschweig, Stadt",Türkei,Veränderung gegenüber 2005 in Prozent,K03101,-14.302501259023,-14.3025013
102,2017,"Salzgitter, Stadt",Türkei,Veränderung gegenüber 2005 in Prozent,K03102,-16.6930379746835,-16.693038
103,2017,"Wolfsburg, Stadt",Türkei,Veränderung gegenüber 2005 in Prozent,K03103,14.4578313253012,14.4578313
151,2017,"Gifhorn",Türkei,Veränderung gegenüber 2005 in Prozent,K03151,-13.8202837624803,-13.8202838
153,2017,"Goslar",Türkei,Veränderung gegenüber 2005 in Prozent,K03153,-22.7789256198347,-22.7789256
154,2017,"Helmstedt",Türkei,Veränderung gegenüber 2005 in Prozent,K03154,-23.2111692844677,-23.2111693
155,2017,"Northeim",Türkei,Veränderung gegenüber 2005 in Prozent,K03155,-29.8245614035088,-29.8245614
157,2017,"Peine",Türkei,Veränderung gegenüber 2005 in Prozent,K03157,-20.9097080787509,-20.9097081
158,2017,"Wolfenbüttel",Türkei,Veränderung gegenüber 2005 in Prozent,K03158,-32.4528301886792,-32.4528302
159,2017,"Göttingen",Türkei,Veränderung gegenüber 2005 in Prozent,K03159,-20.3505100706252,-20.3505101
1,2017,"Statistische Region Braunschweig",Türkei,Veränderung gegenüber 2005 in Prozent,K031,-18.2583540407225,-18.258354
241,2017,"Region Hannover",Türkei,Veränderung gegenüber 2005 in Prozent,K03241,-12.7411697363548,-12.7411697
241001,2017,"dav. Hannover, Lhst.",Türkei,Veränderung gegenüber 2005 in Prozent,K03241001,-14.8062015503876,-14.8062016
241999,2017,"dav. Hannover, Umland",Türkei,Veränderung gegenüber 2005 in Prozent,K03241999,-8.88008503237028,-8.88008503
251,2017,"Diepholz",Türkei,Veränderung gegenüber 2005 in Prozent,K03251,-16.1073825503356,-16.1073826
252,2017,"Hameln-Pyrmont",Türkei,Veränderung gegenüber 2005 in Prozent,K03252,-15.3989444271965,-15.3989444
254,2017,"Hildesheim",Türkei,Veränderung gegenüber 2005 in Prozent,K03254,-21.9312995435984,-21.9312995
255,2017,"Holzminden",Türkei,Veränderung gegenüber 2005 in Prozent,K03255,-26.1992619926199,-26.199262
256,2017,"Nienburg (Weser)",Türkei,Veränderung gegenüber 2005 in Prozent,K03256,-31.9556451612903,-31.9556452
257,2017,"Schaumburg",Türkei,Veränderung gegenüber 2005 in Prozent,K03257,-29.5751633986928,-29.5751634
2,2017,"Statistische Region Hannover",Türkei,Veränderung gegenüber 2005 in Prozent,K032,-16.2800971946101,-16.2800972
351,2017,"Celle",Türkei,Veränderung gegenüber 2005 in Prozent,K03351,-39.4127377998346,-39.4127378
352,2017,"Cuxhaven",Türkei,Veränderung gegenüber 2005 in Prozent,K03352,-29.1920069504778,-29.192007
353,2017,"Harburg",Türkei,Veränderung gegenüber 2005 in Prozent,K03353,-10.129709697344,-10.1297097
354,2017,"Lüchow-Dannenberg",Türkei,Veränderung gegenüber 2005 in Prozent,K03354,-3.84615384615385,-3.84615385
355,2017,"Lüneburg",Türkei,Veränderung gegenüber 2005 in Prozent,K03355,-22.1105527638191,-22.1105528
356,2017,"Osterholz",Türkei,Veränderung gegenüber 2005 in Prozent,K03356,-26.5873015873016,-26.5873016
357,2017,"Rotenburg (Wümme)",Türkei,Veränderung gegenüber 2005 in Prozent,K03357,-25.5,-25.5
358,2017,"Heidekreis",Türkei,Veränderung gegenüber 2005 in Prozent,K03358,-30.6090979182729,-30.6090979
359,2017,"Stade",Türkei,Veränderung gegenüber 2005 in Prozent,K03359,-8.72004079551249,-8.7200408
360,2017,"Uelzen",Türkei,Veränderung gegenüber 2005 in Prozent,K03360,-21.3483146067416,-21.3483146
361,2017,"Verden",Türkei,Veränderung gegenüber 2005 in Prozent,K03361,-32.2896281800391,-32.2896282
3,2017,"Statistische Region Lüneburg",Türkei,Veränderung gegenüber 2005 in Prozent,K033,-25.4009955752212,-25.4009956
401,2017,"Delmenhorst, Stadt",Türkei,Veränderung gegenüber 2005 in Prozent,K03401,-24.8500157878118,-24.8500158
402,2017,"Emden, Stadt",Türkei,Veränderung gegenüber 2005 in Prozent,K03402,-24.9329758713137,-24.9329759
403,2017,"Oldenburg (Oldb), Stadt",Türkei,Veränderung gegenüber 2005 in Prozent,K03403,-28.4043051006083,-28.4043051
404,2017,"Osnabrück, Stadt",Türkei,Veränderung gegenüber 2005 in Prozent,K03404,-15.8107687519452,-15.8107688
405,2017,"Wilhelmshaven, Stadt",Türkei,Veränderung gegenüber 2005 in Prozent,K03405,-29.8118668596237,-29.8118669
451,2017,"Ammerland",Türkei,Veränderung gegenüber 2005 in Prozent,K03451,-33.5180055401662,-33.5180055
452,2017,"Aurich",Türkei,Veränderung gegenüber 2005 in Prozent,K03452,-7.95454545454545,-7.95454545
453,2017,"Cloppenburg",Türkei,Veränderung gegenüber 2005 in Prozent,K03453,-25.5836575875486,-25.5836576
454,2017,"Emsland",Türkei,Veränderung gegenüber 2005 in Prozent,K03454,-27.7408637873754,-27.7408638
455,2017,"Friesland",Türkei,Veränderung gegenüber 2005 in Prozent,K03455,-40.5797101449275,-40.5797101
456,2017,"Grafschaft Bentheim",Türkei,Veränderung gegenüber 2005 in Prozent,K03456,-28.5714285714286,-28.5714286
457,2017,"Leer",Türkei,Veränderung gegenüber 2005 in Prozent,K03457,-30.3599374021909,-30.3599374
458,2017,"Oldenburg",Türkei,Veränderung gegenüber 2005 in Prozent,K03458,-36.2041467304625,-36.2041467
459,2017,"Osnabrück",Türkei,Veränderung gegenüber 2005 in Prozent,K03459,-16.6666666666667,-16.6666667
460,2017,"Vechta",Türkei,Veränderung gegenüber 2005 in Prozent,K03460,-21.0944957047407,-21.0944957
461,2017,"Wesermarsch",Türkei,Veränderung gegenüber 2005 in Prozent,K03461,-28.843710292249,-28.8437103
462,2017,"Wittmund",Türkei,Veränderung gegenüber 2005 in Prozent,K03462,-54.2682926829268,-54.2682927
4,2017,"Statistische Region Weser-Ems",Türkei,Veränderung gegenüber 2005 in Prozent,K034,-23.9187181237701,-23.9187181
0,2017,"Niedersachsen",Türkei,Veränderung gegenüber 2005 in Prozent,K030,-19.6446172870482,-19.6446173
101,2018,"Braunschweig, Stadt",Türkei,Veränderung gegenüber 2005 in Prozent,K03101,-14.6382407251972,-14.6382407
102,2018,"Salzgitter, Stadt",Türkei,Veränderung gegenüber 2005 in Prozent,K03102,-18.0379746835443,-18.0379747
103,2018,"Wolfsburg, Stadt",Türkei,Veränderung gegenüber 2005 in Prozent,K03103,20.4819277108434,20.4819277
151,2018,"Gifhorn",Türkei,Veränderung gegenüber 2005 in Prozent,K03151,-12.2438255386232,-12.2438255
153,2018,"Goslar",Türkei,Veränderung gegenüber 2005 in Prozent,K03153,-24.0702479338843,-24.0702479
154,2018,"Helmstedt",Türkei,Veränderung gegenüber 2005 in Prozent,K03154,-23.2111692844677,-23.2111693
155,2018,"Northeim",Türkei,Veränderung gegenüber 2005 in Prozent,K03155,-31.7738791423002,-31.7738791
157,2018,"Peine",Türkei,Veränderung gegenüber 2005 in Prozent,K03157,-21.5885947046843,-21.5885947
158,2018,"Wolfenbüttel",Türkei,Veränderung gegenüber 2005 in Prozent,K03158,-31.6981132075472,-31.6981132
159,2018,"Göttingen",Türkei,Veränderung gegenüber 2005 in Prozent,K03159,-21.3968087889092,-21.3968088
1,2018,"Statistische Region Braunschweig",Türkei,Veränderung gegenüber 2005 in Prozent,K031,-18.7961280272967,-18.796128
241,2018,"Region Hannover",Türkei,Veränderung gegenüber 2005 in Prozent,K03241,-12.5391427320785,-12.5391427
241001,2018,"dav. Hannover, Lhst.",Türkei,Veränderung gegenüber 2005 in Prozent,K03241001,-15.0904392764858,-15.0904393
241999,2018,"dav. Hannover, Umland",Türkei,Veränderung gegenüber 2005 in Prozent,K03241999,-7.76886655715528,-7.76886656
251,2018,"Diepholz",Türkei,Veränderung gegenüber 2005 in Prozent,K03251,-14.4295302013423,-14.4295302
252,2018,"Hameln-Pyrmont",Türkei,Veränderung gegenüber 2005 in Prozent,K03252,-16.4855634895995,-16.4855635
254,2018,"Hildesheim",Türkei,Veränderung gegenüber 2005 in Prozent,K03254,-21.0905596925294,-21.0905597
255,2018,"Holzminden",Türkei,Veränderung gegenüber 2005 in Prozent,K03255,-28.7822878228782,-28.7822878
256,2018,"Nienburg (Weser)",Türkei,Veränderung gegenüber 2005 in Prozent,K03256,-32.2076612903226,-32.2076613
257,2018,"Schaumburg",Türkei,Veränderung gegenüber 2005 in Prozent,K03257,-30.718954248366,-30.7189542
2,2018,"Statistische Region Hannover",Türkei,Veränderung gegenüber 2005 in Prozent,K032,-16.2690523525514,-16.2690524
351,2018,"Celle",Türkei,Veränderung gegenüber 2005 in Prozent,K03351,-41.2737799834574,-41.27378
352,2018,"Cuxhaven",Türkei,Veränderung gegenüber 2005 in Prozent,K03352,-29.6264118158123,-29.6264118
353,2018,"Harburg",Türkei,Veränderung gegenüber 2005 in Prozent,K03353,-7.35021618282891,-7.35021618
354,2018,"Lüchow-Dannenberg",Türkei,Veränderung gegenüber 2005 in Prozent,K03354,0.961538461538462,0.96153846
355,2018,"Lüneburg",Türkei,Veränderung gegenüber 2005 in Prozent,K03355,-22.1105527638191,-22.1105528
356,2018,"Osterholz",Türkei,Veränderung gegenüber 2005 in Prozent,K03356,-26.0912698412698,-26.0912698
357,2018,"Rotenburg (Wümme)",Türkei,Veränderung gegenüber 2005 in Prozent,K03357,-26,-26
358,2018,"Heidekreis",Türkei,Veränderung gegenüber 2005 in Prozent,K03358,-32.9221279876638,-32.922128
359,2018,"Stade",Türkei,Veränderung gegenüber 2005 in Prozent,K03359,-9.9949005609383,-9.99490056
360,2018,"Uelzen",Türkei,Veränderung gegenüber 2005 in Prozent,K03360,-21.3483146067416,-21.3483146
361,2018,"Verden",Türkei,Veränderung gegenüber 2005 in Prozent,K03361,-34.0508806262231,-34.0508806
3,2018,"Statistische Region Lüneburg",Türkei,Veränderung gegenüber 2005 in Prozent,K033,-26.0923672566372,-26.0923673
401,2018,"Delmenhorst, Stadt",Türkei,Veränderung gegenüber 2005 in Prozent,K03401,-25.639406378276,-25.6394064
402,2018,"Emden, Stadt",Türkei,Veränderung gegenüber 2005 in Prozent,K03402,-26.2734584450402,-26.2734584
403,2018,"Oldenburg (Oldb), Stadt",Türkei,Veränderung gegenüber 2005 in Prozent,K03403,-30.5100608329434,-30.5100608
404,2018,"Osnabrück, Stadt",Türkei,Veränderung gegenüber 2005 in Prozent,K03404,-17.5225645813881,-17.5225646
405,2018,"Wilhelmshaven, Stadt",Türkei,Veränderung gegenüber 2005 in Prozent,K03405,-30.5354558610709,-30.5354559
451,2018,"Ammerland",Türkei,Veränderung gegenüber 2005 in Prozent,K03451,-30.7479224376731,-30.7479224
452,2018,"Aurich",Türkei,Veränderung gegenüber 2005 in Prozent,K03452,-6.81818181818182,-6.81818182
453,2018,"Cloppenburg",Türkei,Veränderung gegenüber 2005 in Prozent,K03453,-26.556420233463,-26.5564202
454,2018,"Emsland",Türkei,Veränderung gegenüber 2005 in Prozent,K03454,-27.7408637873754,-27.7408638
455,2018,"Friesland",Türkei,Veränderung gegenüber 2005 in Prozent,K03455,-37.6811594202899,-37.6811594
456,2018,"Grafschaft Bentheim",Türkei,Veränderung gegenüber 2005 in Prozent,K03456,-29.7142857142857,-29.7142857
457,2018,"Leer",Türkei,Veränderung gegenüber 2005 in Prozent,K03457,-25.6651017214398,-25.6651017
458,2018,"Oldenburg",Türkei,Veränderung gegenüber 2005 in Prozent,K03458,-37.799043062201,-37.7990431
459,2018,"Osnabrück",Türkei,Veränderung gegenüber 2005 in Prozent,K03459,-16.8023887079262,-16.8023887
460,2018,"Vechta",Türkei,Veränderung gegenüber 2005 in Prozent,K03460,-22.6853324848871,-22.6853325
461,2018,"Wesermarsch",Türkei,Veränderung gegenüber 2005 in Prozent,K03461,-28.5260482846252,-28.5260483
462,2018,"Wittmund",Türkei,Veränderung gegenüber 2005 in Prozent,K03462,-54.2682926829268,-54.2682927
4,2018,"Statistische Region Weser-Ems",Türkei,Veränderung gegenüber 2005 in Prozent,K034,-24.5612625998956,-24.5612626
0,2018,"Niedersachsen",Türkei,Veränderung gegenüber 2005 in Prozent,K030,-20.0030466495815,-20.0030466
101,2019,"Braunschweig, Stadt",Türkei,Veränderung gegenüber 2005 in Prozent,K03101,-14.1346315259359,-14.1346315
102,2019,"Salzgitter, Stadt",Türkei,Veränderung gegenüber 2005 in Prozent,K03102,-19.3829113924051,-19.3829114
103,2019,"Wolfsburg, Stadt",Türkei,Veränderung gegenüber 2005 in Prozent,K03103,20.4819277108434,20.4819277
151,2019,"Gifhorn",Türkei,Veränderung gegenüber 2005 in Prozent,K03151,-13.0320546505518,-13.0320547
153,2019,"Goslar",Türkei,Veränderung gegenüber 2005 in Prozent,K03153,-25.103305785124,-25.1033058
154,2019,"Helmstedt",Türkei,Veränderung gegenüber 2005 in Prozent,K03154,-24.5200698080279,-24.5200698
155,2019,"Northeim",Türkei,Veränderung gegenüber 2005 in Prozent,K03155,-32.7485380116959,-32.748538
157,2019,"Peine",Türkei,Veränderung gegenüber 2005 in Prozent,K03157,-23.7949762389681,-23.7949762
158,2019,"Wolfenbüttel",Türkei,Veränderung gegenüber 2005 in Prozent,K03158,-30.9433962264151,-30.9433962
159,2019,"Göttingen",Türkei,Veränderung gegenüber 2005 in Prozent,K03159,-21.5275961286947,-21.5275961
1,2019,"Statistische Region Braunschweig",Türkei,Veränderung gegenüber 2005 in Prozent,K031,-19.4266216667285,-19.4266217
241,2019,"Region Hannover",Türkei,Veränderung gegenüber 2005 in Prozent,K03241,-13.0273746590794,-13.0273747
241001,2019,"dav. Hannover, Lhst.",Türkei,Veränderung gegenüber 2005 in Prozent,K03241001,-15.8914728682171,-15.8914729
241999,2019,"dav. Hannover, Umland",Türkei,Veränderung gegenüber 2005 in Prozent,K03241999,-7.67223886365832,-7.67223886
251,2019,"Diepholz",Türkei,Veränderung gegenüber 2005 in Prozent,K03251,-13.8702460850112,-13.8702461
252,2019,"Hameln-Pyrmont",Türkei,Veränderung gegenüber 2005 in Prozent,K03252,-17.1064886681155,-17.1064887
254,2019,"Hildesheim",Türkei,Veränderung gegenüber 2005 in Prozent,K03254,-22.2916166226279,-22.2916166
255,2019,"Holzminden",Türkei,Veränderung gegenüber 2005 in Prozent,K03255,-28.7822878228782,-28.7822878
256,2019,"Nienburg (Weser)",Türkei,Veränderung gegenüber 2005 in Prozent,K03256,-33.7197580645161,-33.7197581
257,2019,"Schaumburg",Türkei,Veränderung gegenüber 2005 in Prozent,K03257,-31.8627450980392,-31.8627451
2,2019,"Statistische Region Hannover",Türkei,Veränderung gegenüber 2005 in Prozent,K032,-16.8654738237243,-16.8654738
351,2019,"Celle",Türkei,Veränderung gegenüber 2005 in Prozent,K03351,-43.3416046319272,-43.3416046
352,2019,"Cuxhaven",Türkei,Veränderung gegenüber 2005 in Prozent,K03352,-31.3640312771503,-31.3640313
353,2019,"Harburg",Türkei,Veränderung gegenüber 2005 in Prozent,K03353,-3.33539221741816,-3.33539222
354,2019,"Lüchow-Dannenberg",Türkei,Veränderung gegenüber 2005 in Prozent,K03354,5.76923076923077,5.76923077
355,2019,"Lüneburg",Türkei,Veränderung gegenüber 2005 in Prozent,K03355,-22.1105527638191,-22.1105528
356,2019,"Osterholz",Türkei,Veränderung gegenüber 2005 in Prozent,K03356,-25.5952380952381,-25.5952381
357,2019,"Rotenburg (Wümme)",Türkei,Veränderung gegenüber 2005 in Prozent,K03357,-27.5,-27.5
358,2019,"Heidekreis",Türkei,Veränderung gegenüber 2005 in Prozent,K03358,-29.8380878951426,-29.8380879
359,2019,"Stade",Türkei,Veränderung gegenüber 2005 in Prozent,K03359,-9.48495665476798,-9.48495665
360,2019,"Uelzen",Türkei,Veränderung gegenüber 2005 in Prozent,K03360,-21.3483146067416,-21.3483146
361,2019,"Verden",Türkei,Veränderung gegenüber 2005 in Prozent,K03361,-35.0293542074364,-35.0293542
3,2019,"Statistische Region Lüneburg",Türkei,Veränderung gegenüber 2005 in Prozent,K033,-25.954092920354,-25.9540929
401,2019,"Delmenhorst, Stadt",Türkei,Veränderung gegenüber 2005 in Prozent,K03401,-27.2181875592043,-27.2181876
402,2019,"Emden, Stadt",Türkei,Veränderung gegenüber 2005 in Prozent,K03402,-27.6139410187668,-27.613941
403,2019,"Oldenburg (Oldb), Stadt",Türkei,Veränderung gegenüber 2005 in Prozent,K03403,-32.6158165652784,-32.6158166
404,2019,"Osnabrück, Stadt",Türkei,Veränderung gegenüber 2005 in Prozent,K03404,-17.8338001867414,-17.8338002
405,2019,"Wilhelmshaven, Stadt",Türkei,Veränderung gegenüber 2005 in Prozent,K03405,-31.2590448625181,-31.2590449
451,2019,"Ammerland",Türkei,Veränderung gegenüber 2005 in Prozent,K03451,-30.7479224376731,-30.7479224
452,2019,"Aurich",Türkei,Veränderung gegenüber 2005 in Prozent,K03452,-3.40909090909091,-3.40909091
453,2019,"Cloppenburg",Türkei,Veränderung gegenüber 2005 in Prozent,K03453,-27.5291828793774,-27.5291829
454,2019,"Emsland",Türkei,Veränderung gegenüber 2005 in Prozent,K03454,-25.2491694352159,-25.2491694
455,2019,"Friesland",Türkei,Veränderung gegenüber 2005 in Prozent,K03455,-34.7826086956522,-34.7826087
456,2019,"Grafschaft Bentheim",Türkei,Veränderung gegenüber 2005 in Prozent,K03456,-30.5714285714286,-30.5714286
457,2019,"Leer",Türkei,Veränderung gegenüber 2005 in Prozent,K03457,-22.5352112676056,-22.5352113
458,2019,"Oldenburg",Türkei,Veränderung gegenüber 2005 in Prozent,K03458,-37.799043062201,-37.7990431
459,2019,"Osnabrück",Türkei,Veränderung gegenüber 2005 in Prozent,K03459,-16.8023887079262,-16.8023887
460,2019,"Vechta",Türkei,Veränderung gegenüber 2005 in Prozent,K03460,-24.2761692650334,-24.2761693
461,2019,"Wesermarsch",Türkei,Veränderung gegenüber 2005 in Prozent,K03461,-29.4790343074968,-29.4790343
462,2019,"Wittmund",Türkei,Veränderung gegenüber 2005 in Prozent,K03462,-54.2682926829268,-54.2682927
4,2019,"Statistische Region Weser-Ems",Türkei,Veränderung gegenüber 2005 in Prozent,K034,-25.0632504718686,-25.0632505
0,2019,"Niedersachsen",Türkei,Veränderung gegenüber 2005 in Prozent,K030,-20.4869262890016,-20.4869263
101,2020,"Braunschweig, Stadt",Türkei,Veränderung gegenüber 2005 in Prozent,K03101,-15.0579150579151,-15.0579151
102,2020,"Salzgitter, Stadt",Türkei,Veränderung gegenüber 2005 in Prozent,K03102,-20.0158227848101,-20.0158228
103,2020,"Wolfsburg, Stadt",Türkei,Veränderung gegenüber 2005 in Prozent,K03103,23.0636833046472,23.0636833
151,2020,"Gifhorn",Türkei,Veränderung gegenüber 2005 in Prozent,K03151,-11.1928533893852,-11.1928534
153,2020,"Goslar",Türkei,Veränderung gegenüber 2005 in Prozent,K03153,-27.6859504132231,-27.6859504
154,2020,"Helmstedt",Türkei,Veränderung gegenüber 2005 in Prozent,K03154,-23.6474694589878,-23.6474695
155,2020,"Northeim",Türkei,Veränderung gegenüber 2005 in Prozent,K03155,-33.7231968810916,-33.7231969
157,2020,"Peine",Türkei,Veränderung gegenüber 2005 in Prozent,K03157,-23.1160896130346,-23.1160896
158,2020,"Wolfenbüttel",Türkei,Veränderung gegenüber 2005 in Prozent,K03158,-31.6981132075472,-31.6981132
159,2020,"Göttingen",Türkei,Veränderung gegenüber 2005 in Prozent,K03159,-21.1352341093382,-21.1352341
1,2020,"Statistische Region Braunschweig",Türkei,Veränderung gegenüber 2005 in Prozent,K031,-19.6306049030152,-19.6306049
241,2020,"Region Hannover",Türkei,Veränderung gegenüber 2005 in Prozent,K03241,-14.3068790194956,-14.306879
241001,2020,"dav. Hannover, Lhst.",Türkei,Veränderung gegenüber 2005 in Prozent,K03241001,-18.1912144702842,-18.1912145
241999,2020,"dav. Hannover, Umland",Türkei,Veränderung gegenüber 2005 in Prozent,K03241999,-7.04415885592811,-7.04415886
251,2020,"Diepholz",Türkei,Veränderung gegenüber 2005 in Prozent,K03251,-15.5480984340045,-15.5480984
252,2020,"Hameln-Pyrmont",Türkei,Veränderung gegenüber 2005 in Prozent,K03252,-18.1931077305185,-18.1931077
254,2020,"Hildesheim",Türkei,Veränderung gegenüber 2005 in Prozent,K03254,-22.6519337016575,-22.6519337
255,2020,"Holzminden",Türkei,Veränderung gegenüber 2005 in Prozent,K03255,-29.1512915129151,-29.1512915
256,2020,"Nienburg (Weser)",Türkei,Veränderung gegenüber 2005 in Prozent,K03256,-34.2237903225806,-34.2237903
257,2020,"Schaumburg",Türkei,Veränderung gegenüber 2005 in Prozent,K03257,-32.6797385620915,-32.6797386
2,2020,"Statistische Region Hannover",Türkei,Veränderung gegenüber 2005 in Prozent,K032,-17.9589131875414,-17.9589132
351,2020,"Celle",Türkei,Veränderung gegenüber 2005 in Prozent,K03351,-44.3755169561621,-44.375517
352,2020,"Cuxhaven",Türkei,Veränderung gegenüber 2005 in Prozent,K03352,-31.7984361424848,-31.7984361
353,2020,"Harburg",Türkei,Veränderung gegenüber 2005 in Prozent,K03353,-0.555898702903027,-0.5558987
354,2020,"Lüchow-Dannenberg",Türkei,Veränderung gegenüber 2005 in Prozent,K03354,15.3846153846154,15.3846154
355,2020,"Lüneburg",Türkei,Veränderung gegenüber 2005 in Prozent,K03355,-21.105527638191,-21.1055276
356,2020,"Osterholz",Türkei,Veränderung gegenüber 2005 in Prozent,K03356,-22.1230158730159,-22.1230159
357,2020,"Rotenburg (Wümme)",Türkei,Veränderung gegenüber 2005 in Prozent,K03357,-27.5,-27.5
358,2020,"Heidekreis",Türkei,Veränderung gegenüber 2005 in Prozent,K03358,-29.0670778720123,-29.0670779
359,2020,"Stade",Türkei,Veränderung gegenüber 2005 in Prozent,K03359,-9.22998470168281,-9.2299847
360,2020,"Uelzen",Türkei,Veränderung gegenüber 2005 in Prozent,K03360,-21.3483146067416,-21.3483146
361,2020,"Verden",Türkei,Veränderung gegenüber 2005 in Prozent,K03361,-35.812133072407,-35.8121331
3,2020,"Statistische Region Lüneburg",Türkei,Veränderung gegenüber 2005 in Prozent,K033,-25.5047013274336,-25.5047013
401,2020,"Delmenhorst, Stadt",Türkei,Veränderung gegenüber 2005 in Prozent,K03401,-28.481212503947,-28.4812125
402,2020,"Emden, Stadt",Türkei,Veränderung gegenüber 2005 in Prozent,K03402,-27.6139410187668,-27.613941
403,2020,"Oldenburg (Oldb), Stadt",Türkei,Veränderung gegenüber 2005 in Prozent,K03403,-33.3177351427234,-33.3177351
404,2020,"Osnabrück, Stadt",Türkei,Veränderung gegenüber 2005 in Prozent,K03404,-19.234360410831,-19.2343604
405,2020,"Wilhelmshaven, Stadt",Türkei,Veränderung gegenüber 2005 in Prozent,K03405,-32.7062228654124,-32.7062229
451,2020,"Ammerland",Türkei,Veränderung gegenüber 2005 in Prozent,K03451,-28.6703601108033,-28.6703601
452,2020,"Aurich",Türkei,Veränderung gegenüber 2005 in Prozent,K03452,0,0
453,2020,"Cloppenburg",Türkei,Veränderung gegenüber 2005 in Prozent,K03453,-26.556420233463,-26.5564202
454,2020,"Emsland",Türkei,Veränderung gegenüber 2005 in Prozent,K03454,-24.8338870431894,-24.833887
455,2020,"Friesland",Türkei,Veränderung gegenüber 2005 in Prozent,K03455,-30.4347826086957,-30.4347826
456,2020,"Grafschaft Bentheim",Türkei,Veränderung gegenüber 2005 in Prozent,K03456,-29.7142857142857,-29.7142857
457,2020,"Leer",Türkei,Veränderung gegenüber 2005 in Prozent,K03457,-21.7527386541471,-21.7527387
458,2020,"Oldenburg",Türkei,Veränderung gegenüber 2005 in Prozent,K03458,-37.799043062201,-37.7990431
459,2020,"Osnabrück",Türkei,Veränderung gegenüber 2005 in Prozent,K03459,-17.0738327904452,-17.0738328
460,2020,"Vechta",Türkei,Veränderung gegenüber 2005 in Prozent,K03460,-25.3897550111359,-25.389755
461,2020,"Wesermarsch",Türkei,Veränderung gegenüber 2005 in Prozent,K03461,-34.561626429479,-34.5616264
462,2020,"Wittmund",Türkei,Veränderung gegenüber 2005 in Prozent,K03462,-48.1707317073171,-48.1707317
4,2020,"Statistische Region Weser-Ems",Türkei,Veränderung gegenüber 2005 in Prozent,K034,-25.6857154331151,-25.6857154
0,2020,"Niedersachsen",Türkei,Veränderung gegenüber 2005 in Prozent,K030,-21.0693740031183,-21.069374
101,2021,"Braunschweig, Stadt",Türkei,Veränderung gegenüber 2005 in Prozent,K03101,-16.4008729226121,-16.4008729
102,2021,"Salzgitter, Stadt",Türkei,Veränderung gegenüber 2005 in Prozent,K03102,-20.4113924050633,-20.4113924
103,2021,"Wolfsburg, Stadt",Türkei,Veränderung gegenüber 2005 in Prozent,K03103,22.2030981067126,22.2030981
151,2021,"Gifhorn",Türkei,Veränderung gegenüber 2005 in Prozent,K03151,-11.1928533893852,-11.1928534
153,2021,"Goslar",Türkei,Veränderung gegenüber 2005 in Prozent,K03153,-27.1694214876033,-27.1694215
154,2021,"Helmstedt",Türkei,Veränderung gegenüber 2005 in Prozent,K03154,-20.1570680628272,-20.1570681
155,2021,"Northeim",Türkei,Veränderung gegenüber 2005 in Prozent,K03155,-33.2358674463938,-33.2358674
157,2021,"Peine",Türkei,Veränderung gegenüber 2005 in Prozent,K03157,-22.9463679565513,-22.946368
158,2021,"Wolfenbüttel",Türkei,Veränderung gegenüber 2005 in Prozent,K03158,-31.6981132075472,-31.6981132
159,2021,"Göttingen",Türkei,Veränderung gegenüber 2005 in Prozent,K03159,-21.9199581480513,-21.9199581
1,2021,"Statistische Region Braunschweig",Türkei,Veränderung gegenüber 2005 in Prozent,K031,-19.9458517227311,-19.9458517
241,2021,"Region Hannover",Türkei,Veränderung gegenüber 2005 in Prozent,K03241,-13.4314286676319,-13.4314287
241001,2021,"dav. Hannover, Lhst.",Türkei,Veränderung gegenüber 2005 in Prozent,K03241001,-18.7080103359173,-18.7080103
241999,2021,"dav. Hannover, Umland",Türkei,Veränderung gegenüber 2005 in Prozent,K03241999,-3.56556189003768,-3.56556189
251,2021,"Diepholz",Türkei,Veränderung gegenüber 2005 in Prozent,K03251,-14.4295302013423,-14.4295302
252,2021,"Hameln-Pyrmont",Türkei,Veränderung gegenüber 2005 in Prozent,K03252,-18.0378764358895,-18.0378764
254,2021,"Hildesheim",Türkei,Veränderung gegenüber 2005 in Prozent,K03254,-22.8921450876772,-22.8921451
255,2021,"Holzminden",Türkei,Veränderung gegenüber 2005 in Prozent,K03255,-29.520295202952,-29.5202952
256,2021,"Nienburg (Weser)",Türkei,Veränderung gegenüber 2005 in Prozent,K03256,-35.4838709677419,-35.483871
257,2021,"Schaumburg",Türkei,Veränderung gegenüber 2005 in Prozent,K03257,-33.0065359477124,-33.0065359
2,2021,"Statistische Region Hannover",Türkei,Veränderung gegenüber 2005 in Prozent,K032,-17.4508504528385,-17.4508505
351,2021,"Celle",Türkei,Veränderung gegenüber 2005 in Prozent,K03351,-46.2365591397849,-46.2365591
352,2021,"Cuxhaven",Türkei,Veränderung gegenüber 2005 in Prozent,K03352,-30.9296264118158,-30.9296264
353,2021,"Harburg",Türkei,Veränderung gegenüber 2005 in Prozent,K03353,6.23841877702285,6.23841878
354,2021,"Lüchow-Dannenberg",Türkei,Veränderung gegenüber 2005 in Prozent,K03354,15.3846153846154,15.3846154
355,2021,"Lüneburg",Türkei,Veränderung gegenüber 2005 in Prozent,K03355,-19.0954773869347,-19.0954774
356,2021,"Osterholz",Türkei,Veränderung gegenüber 2005 in Prozent,K03356,-21.1309523809524,-21.1309524
357,2021,"Rotenburg (Wümme)",Türkei,Veränderung gegenüber 2005 in Prozent,K03357,-26.5,-26.5
358,2021,"Heidekreis",Türkei,Veränderung gegenüber 2005 in Prozent,K03358,-27.9105628373169,-27.9105628
359,2021,"Stade",Türkei,Veränderung gegenüber 2005 in Prozent,K03359,-9.22998470168281,-9.2299847
360,2021,"Uelzen",Türkei,Veränderung gegenüber 2005 in Prozent,K03360,-15.7303370786517,-15.7303371
361,2021,"Verden",Türkei,Veränderung gegenüber 2005 in Prozent,K03361,-34.8336594911937,-34.8336595
3,2021,"Statistische Region Lüneburg",Türkei,Veränderung gegenüber 2005 in Prozent,K033,-24.2948008849558,-24.2948009
401,2021,"Delmenhorst, Stadt",Türkei,Veränderung gegenüber 2005 in Prozent,K03401,-28.7969687401326,-28.7969687
402,2021,"Emden, Stadt",Türkei,Veränderung gegenüber 2005 in Prozent,K03402,-24.9329758713137,-24.9329759
403,2021,"Oldenburg (Oldb), Stadt",Türkei,Veränderung gegenüber 2005 in Prozent,K03403,-32.8497894244268,-32.8497894
404,2021,"Osnabrück, Stadt",Türkei,Veränderung gegenüber 2005 in Prozent,K03404,-19.7012138188609,-19.7012138
405,2021,"Wilhelmshaven, Stadt",Türkei,Veränderung gegenüber 2005 in Prozent,K03405,-34.876989869754,-34.8769899
451,2021,"Ammerland",Türkei,Veränderung gegenüber 2005 in Prozent,K03451,-28.6703601108033,-28.6703601
452,2021,"Aurich",Türkei,Veränderung gegenüber 2005 in Prozent,K03452,3.40909090909091,3.40909091
453,2021,"Cloppenburg",Türkei,Veränderung gegenüber 2005 in Prozent,K03453,-25.5836575875486,-25.5836576
454,2021,"Emsland",Türkei,Veränderung gegenüber 2005 in Prozent,K03454,-22.7574750830565,-22.7574751
455,2021,"Friesland",Türkei,Veränderung gegenüber 2005 in Prozent,K03455,-34.7826086956522,-34.7826087
456,2021,"Grafschaft Bentheim",Türkei,Veränderung gegenüber 2005 in Prozent,K03456,-29.1428571428571,-29.1428571
457,2021,"Leer",Türkei,Veränderung gegenüber 2005 in Prozent,K03457,-18.622848200313,-18.6228482
458,2021,"Oldenburg",Türkei,Veränderung gegenüber 2005 in Prozent,K03458,-39.3939393939394,-39.3939394
459,2021,"Osnabrück",Türkei,Veränderung gegenüber 2005 in Prozent,K03459,-17.7524429967427,-17.752443
460,2021,"Vechta",Türkei,Veränderung gegenüber 2005 in Prozent,K03460,-26.9805917912822,-26.9805918
461,2021,"Wesermarsch",Türkei,Veränderung gegenüber 2005 in Prozent,K03461,-35.5146124523507,-35.5146125
462,2021,"Wittmund",Türkei,Veränderung gegenüber 2005 in Prozent,K03462,-42.0731707317073,-42.0731707
4,2021,"Statistische Region Weser-Ems",Türkei,Veränderung gegenüber 2005 in Prozent,K034,-25.8262720372676,-25.826272
0,2021,"Niedersachsen",Türkei,Veränderung gegenüber 2005 in Prozent,K030,-20.8095127152816,-20.8095127
101,2022,"Braunschweig, Stadt",Türkei,Veränderung gegenüber 2005 in Prozent,K03101,-13.9667617928488,-13.9667618
102,2022,"Salzgitter, Stadt",Türkei,Veränderung gegenüber 2005 in Prozent,K03102,-21.8354430379747,-21.835443
103,2022,"Wolfsburg, Stadt",Türkei,Veränderung gegenüber 2005 in Prozent,K03103,33.3907056798623,33.3907057
151,2022,"Gifhorn",Türkei,Veränderung gegenüber 2005 in Prozent,K03151,-8.56542301629007,-8.56542302
153,2022,"Goslar",Türkei,Veränderung gegenüber 2005 in Prozent,K03153,-26.1363636363636,-26.1363636
154,2022,"Helmstedt",Türkei,Veränderung gegenüber 2005 in Prozent,K03154,-19.7207678883072,-19.7207679
155,2022,"Northeim",Türkei,Veränderung gegenüber 2005 in Prozent,K03155,-33.7231968810916,-33.7231969
157,2022,"Peine",Türkei,Veränderung gegenüber 2005 in Prozent,K03157,-22.7766463000679,-22.7766463
158,2022,"Wolfenbüttel",Türkei,Veränderung gegenüber 2005 in Prozent,K03158,-31.3207547169811,-31.3207547
159,2022,"Göttingen",Türkei,Veränderung gegenüber 2005 in Prozent,K03159,-20.7428720899817,-20.7428721
1,2022,"Statistische Region Braunschweig",Türkei,Veränderung gegenüber 2005 in Prozent,K031,-19.0742869858695,-19.074287
241,2022,"Region Hannover",Türkei,Veränderung gegenüber 2005 in Prozent,K03241,-10.0811475133843,-10.0811475
241001,2022,"dav. Hannover, Lhst.",Türkei,Veränderung gegenüber 2005 in Prozent,K03241001,-18.062015503876,-18.0620155
241999,2022,"dav. Hannover, Umland",Türkei,Veränderung gegenüber 2005 in Prozent,K03241999,4.84104744419751,4.84104744
251,2022,"Diepholz",Türkei,Veränderung gegenüber 2005 in Prozent,K03251,-10.5145413870246,-10.5145414
252,2022,"Hameln-Pyrmont",Türkei,Veränderung gegenüber 2005 in Prozent,K03252,-17.1064886681155,-17.1064887
254,2022,"Hildesheim",Türkei,Veränderung gegenüber 2005 in Prozent,K03254,-21.9312995435984,-21.9312995
255,2022,"Holzminden",Türkei,Veränderung gegenüber 2005 in Prozent,K03255,-30.6273062730627,-30.6273063
256,2022,"Nienburg (Weser)",Türkei,Veränderung gegenüber 2005 in Prozent,K03256,-34.7278225806452,-34.7278226
257,2022,"Schaumburg",Türkei,Veränderung gegenüber 2005 in Prozent,K03257,-31.6993464052288,-31.6993464
2,2022,"Statistische Region Hannover",Türkei,Veränderung gegenüber 2005 in Prozent,K032,-14.8442677269715,-14.8442677
351,2022,"Celle",Türkei,Veränderung gegenüber 2005 in Prozent,K03351,-46.4433416046319,-46.4433416
352,2022,"Cuxhaven",Türkei,Veränderung gegenüber 2005 in Prozent,K03352,-28.7576020851434,-28.7576021
353,2022,"Harburg",Türkei,Veränderung gegenüber 2005 in Prozent,K03353,17.6652254478073,17.6652254
354,2022,"Lüchow-Dannenberg",Türkei,Veränderung gegenüber 2005 in Prozent,K03354,34.6153846153846,34.6153846
355,2022,"Lüneburg",Türkei,Veränderung gegenüber 2005 in Prozent,K03355,-12.0603015075377,-12.0603015
356,2022,"Osterholz",Türkei,Veränderung gegenüber 2005 in Prozent,K03356,-20.1388888888889,-20.1388889
357,2022,"Rotenburg (Wümme)",Türkei,Veränderung gegenüber 2005 in Prozent,K03357,-27.5,-27.5
358,2022,"Heidekreis",Türkei,Veränderung gegenüber 2005 in Prozent,K03358,-22.8989976869699,-22.8989977
359,2022,"Stade",Türkei,Veränderung gegenüber 2005 in Prozent,K03359,-5.40540540540541,-5.40540541
360,2022,"Uelzen",Türkei,Veränderung gegenüber 2005 in Prozent,K03360,-17.1348314606742,-17.1348315
361,2022,"Verden",Türkei,Veränderung gegenüber 2005 in Prozent,K03361,-33.4637964774951,-33.4637965
3,2022,"Statistische Region Lüneburg",Türkei,Veränderung gegenüber 2005 in Prozent,K033,-21.0799225663717,-21.0799226
401,2022,"Delmenhorst, Stadt",Türkei,Veränderung gegenüber 2005 in Prozent,K03401,-28.9548468582255,-28.9548469
402,2022,"Emden, Stadt",Türkei,Veränderung gegenüber 2005 in Prozent,K03402,-22.2520107238606,-22.2520107
403,2022,"Oldenburg (Oldb), Stadt",Türkei,Veränderung gegenüber 2005 in Prozent,K03403,-27.7023865231633,-27.7023865
404,2022,"Osnabrück, Stadt",Türkei,Veränderung gegenüber 2005 in Prozent,K03404,-19.7012138188609,-19.7012138
405,2022,"Wilhelmshaven, Stadt",Türkei,Veränderung gegenüber 2005 in Prozent,K03405,-35.6005788712012,-35.6005789
451,2022,"Ammerland",Türkei,Veränderung gegenüber 2005 in Prozent,K03451,-27.9778393351801,-27.9778393
452,2022,"Aurich",Türkei,Veränderung gegenüber 2005 in Prozent,K03452,25,25
453,2022,"Cloppenburg",Türkei,Veränderung gegenüber 2005 in Prozent,K03453,-23.1517509727626,-23.151751
454,2022,"Emsland",Türkei,Veränderung gegenüber 2005 in Prozent,K03454,-21.5116279069767,-21.5116279
455,2022,"Friesland",Türkei,Veränderung gegenüber 2005 in Prozent,K03455,-24.6376811594203,-24.6376812
456,2022,"Grafschaft Bentheim",Türkei,Veränderung gegenüber 2005 in Prozent,K03456,-30,-30
457,2022,"Leer",Türkei,Veränderung gegenüber 2005 in Prozent,K03457,-12.3630672926448,-12.3630673
458,2022,"Oldenburg",Türkei,Veränderung gegenüber 2005 in Prozent,K03458,-31.4194577352472,-31.4194577
459,2022,"Osnabrück",Türkei,Veränderung gegenüber 2005 in Prozent,K03459,-16.8023887079262,-16.8023887
460,2022,"Vechta",Türkei,Veränderung gegenüber 2005 in Prozent,K03460,-28.0941775373847,-28.0941775
461,2022,"Wesermarsch",Türkei,Veränderung gegenüber 2005 in Prozent,K03461,-35.8322744599746,-35.8322745
462,2022,"Wittmund",Türkei,Veränderung gegenüber 2005 in Prozent,K03462,-39.0243902439024,-39.0243902
4,2022,"Statistische Region Weser-Ems",Türkei,Veränderung gegenüber 2005 in Prozent,K034,-24.3805469659853,-24.380547
0,2022,"Niedersachsen",Türkei,Veränderung gegenüber 2005 in Prozent,K030,-18.8023082850947,-18.8023083
101,2023,"Braunschweig, Stadt",Türkei,Veränderung gegenüber 2005 in Prozent,K03101,-11.8683901292597,-11.8683901
102,2023,"Salzgitter, Stadt",Türkei,Veränderung gegenüber 2005 in Prozent,K03102,-20.6487341772152,-20.6487342
103,2023,"Wolfsburg, Stadt",Türkei,Veränderung gegenüber 2005 in Prozent,K03103,68.6746987951807,68.6746988
151,2023,"Gifhorn",Türkei,Veränderung gegenüber 2005 in Prozent,K03151,5.88544403573305,5.88544404
153,2023,"Goslar",Türkei,Veränderung gegenüber 2005 in Prozent,K03153,-18.3884297520661,-18.3884298
154,2023,"Helmstedt",Türkei,Veränderung gegenüber 2005 in Prozent,K03154,-14.4851657940663,-14.4851658
155,2023,"Northeim",Türkei,Veränderung gegenüber 2005 in Prozent,K03155,-23.0019493177388,-23.0019493
157,2023,"Peine",Türkei,Veränderung gegenüber 2005 in Prozent,K03157,-19.2124915139172,-19.2124915
158,2023,"Wolfenbüttel",Türkei,Veränderung gegenüber 2005 in Prozent,K03158,-20,-20
159,2023,"Göttingen",Türkei,Veränderung gegenüber 2005 in Prozent,K03159,-15.7729531781324,-15.7729532
1,2023,"Statistische Region Braunschweig",Türkei,Veränderung gegenüber 2005 in Prozent,K031,-13.7150910506991,-13.7150911
241,2023,"Region Hannover",Türkei,Veränderung gegenüber 2005 in Prozent,K03241,-10.7714064446614,-10.7714064
241001,2023,"dav. Hannover, Lhst.",Türkei,Veränderung gegenüber 2005 in Prozent,K03241001,-17.8811369509044,-17.881137
241999,2023,"dav. Hannover, Umland",Türkei,Veränderung gegenüber 2005 in Prozent,K03241999,2.52198280027056,2.5219828
251,2023,"Diepholz",Türkei,Veränderung gegenüber 2005 in Prozent,K03251,-2.96420581655481,-2.96420582
252,2023,"Hameln-Pyrmont",Türkei,Veränderung gegenüber 2005 in Prozent,K03252,-11.5181620614716,-11.5181621
254,2023,"Hildesheim",Türkei,Veränderung gegenüber 2005 in Prozent,K03254,-12.9233725678597,-12.9233726
255,2023,"Holzminden",Türkei,Veränderung gegenüber 2005 in Prozent,K03255,-25.830258302583,-25.8302583
256,2023,"Nienburg (Weser)",Türkei,Veränderung gegenüber 2005 in Prozent,K03256,-22.3790322580645,-22.3790323
257,2023,"Schaumburg",Türkei,Veränderung gegenüber 2005 in Prozent,K03257,-23.0392156862745,-23.0392157
2,2023,"Statistische Region Hannover",Türkei,Veränderung gegenüber 2005 in Prozent,K032,-12.4917163684559,-12.4917164
351,2023,"Celle",Türkei,Veränderung gegenüber 2005 in Prozent,K03351,-43.5483870967742,-43.5483871
352,2023,"Cuxhaven",Türkei,Veränderung gegenüber 2005 in Prozent,K03352,-17.0286707211121,-17.0286707
353,2023,"Harburg",Türkei,Veränderung gegenüber 2005 in Prozent,K03353,38.0481778875849,38.0481779
354,2023,"Lüchow-Dannenberg",Türkei,Veränderung gegenüber 2005 in Prozent,K03354,39.4230769230769,39.4230769
355,2023,"Lüneburg",Türkei,Veränderung gegenüber 2005 in Prozent,K03355,4.02010050251256,4.0201005
356,2023,"Osterholz",Türkei,Veränderung gegenüber 2005 in Prozent,K03356,-9.72222222222222,-9.72222222
357,2023,"Rotenburg (Wümme)",Türkei,Veränderung gegenüber 2005 in Prozent,K03357,-14.5,-14.5
358,2023,"Heidekreis",Türkei,Veränderung gegenüber 2005 in Prozent,K03358,-27.9105628373169,-27.9105628
359,2023,"Stade",Türkei,Veränderung gegenüber 2005 in Prozent,K03359,5.30341662417134,5.30341662
360,2023,"Uelzen",Türkei,Veränderung gegenüber 2005 in Prozent,K03360,-8.70786516853933,-8.70786517
361,2023,"Verden",Türkei,Veränderung gegenüber 2005 in Prozent,K03361,-31.3111545988258,-31.3111546
3,2023,"Statistische Region Lüneburg",Türkei,Veränderung gegenüber 2005 in Prozent,K033,-12.9908738938053,-12.9908739
401,2023,"Delmenhorst, Stadt",Türkei,Veränderung gegenüber 2005 in Prozent,K03401,-25.639406378276,-25.6394064
402,2023,"Emden, Stadt",Türkei,Veränderung gegenüber 2005 in Prozent,K03402,-8.84718498659517,-8.84718499
403,2023,"Oldenburg (Oldb), Stadt",Türkei,Veränderung gegenüber 2005 in Prozent,K03403,-26.5325222274216,-26.5325222
404,2023,"Osnabrück, Stadt",Türkei,Veränderung gegenüber 2005 in Prozent,K03404,-14.4102085278556,-14.4102085
405,2023,"Wilhelmshaven, Stadt",Türkei,Veränderung gegenüber 2005 in Prozent,K03405,-29.0882778581766,-29.0882779
451,2023,"Ammerland",Türkei,Veränderung gegenüber 2005 in Prozent,K03451,-11.3573407202216,-11.3573407
452,2023,"Aurich",Türkei,Veränderung gegenüber 2005 in Prozent,K03452,80.6818181818182,80.6818182
453,2023,"Cloppenburg",Türkei,Veränderung gegenüber 2005 in Prozent,K03453,-8.07392996108949,-8.07392996
454,2023,"Emsland",Türkei,Veränderung gegenüber 2005 in Prozent,K03454,-7.39202657807309,-7.39202658
455,2023,"Friesland",Türkei,Veränderung gegenüber 2005 in Prozent,K03455,-4.34782608695652,-4.34782609
456,2023,"Grafschaft Bentheim",Türkei,Veränderung gegenüber 2005 in Prozent,K03456,-26,-26
457,2023,"Leer",Türkei,Veränderung gegenüber 2005 in Prozent,K03457,27.5430359937402,27.543036
458,2023,"Oldenburg",Türkei,Veränderung gegenüber 2005 in Prozent,K03458,2.87081339712919,2.8708134
459,2023,"Osnabrück",Türkei,Veränderung gegenüber 2005 in Prozent,K03459,-13.9522258414767,-13.9522258
460,2023,"Vechta",Türkei,Veränderung gegenüber 2005 in Prozent,K03460,-24.912503977092,-24.912504
461,2023,"Wesermarsch",Türkei,Veränderung gegenüber 2005 in Prozent,K03461,-25.9847522236341,-25.9847522
462,2023,"Wittmund",Türkei,Veränderung gegenüber 2005 in Prozent,K03462,0.609756097560976,0.6097561
4,2023,"Statistische Region Weser-Ems",Türkei,Veränderung gegenüber 2005 in Prozent,K034,-15.9069916870808,-15.9069917
0,2023,"Niedersachsen",Türkei,Veränderung gegenüber 2005 in Prozent,K030,-13.6140432624241,-13.6140433
101,2024,"Braunschweig, Stadt",Türkei,Veränderung gegenüber 2005 in Prozent,K03101,-13.8828269263052,-13.8828269
102,2024,"Salzgitter, Stadt",Türkei,Veränderung gegenüber 2005 in Prozent,K03102,-22.4683544303797,-22.4683544
103,2024,"Wolfsburg, Stadt",Türkei,Veränderung gegenüber 2005 in Prozent,K03103,73.8382099827883,73.83821
151,2024,"Gifhorn",Türkei,Veränderung gegenüber 2005 in Prozent,K03151,10.3520756699947,10.3520757
153,2024,"Goslar",Türkei,Veränderung gegenüber 2005 in Prozent,K03153,-17.3553719008264,-17.3553719
154,2024,"Helmstedt",Türkei,Veränderung gegenüber 2005 in Prozent,K03154,-15.7940663176265,-15.7940663
155,2024,"Northeim",Türkei,Veränderung gegenüber 2005 in Prozent,K03155,-18.1286549707602,-18.128655
157,2024,"Peine",Türkei,Veränderung gegenüber 2005 in Prozent,K03157,-19.3822131704005,-19.3822132
158,2024,"Wolfenbüttel",Türkei,Veränderung gegenüber 2005 in Prozent,K03158,-16.6037735849057,-16.6037736
159,2024,"Göttingen",Türkei,Veränderung gegenüber 2005 in Prozent,K03159,-15.3805911587758,-15.3805912
1,2024,"Statistische Region Braunschweig",Türkei,Veränderung gegenüber 2005 in Prozent,K031,-13.7336349812706,-13.733635
241,2024,"Region Hannover",Türkei,Veränderung gegenüber 2005 in Prozent,K03241,-10.1316542644533,-10.1316543
241001,2024,"dav. Hannover, Lhst.",Türkei,Veränderung gegenüber 2005 in Prozent,K03241001,-18.5271317829457,-18.5271318
241999,2024,"dav. Hannover, Umland",Türkei,Veränderung gegenüber 2005 in Prozent,K03241999,5.56575514542468,5.56575515
251,2024,"Diepholz",Türkei,Veränderung gegenüber 2005 in Prozent,K03251,2.3489932885906,2.34899329
252,2024,"Hameln-Pyrmont",Türkei,Veränderung gegenüber 2005 in Prozent,K03252,-11.2076994722136,-11.2076995
254,2024,"Hildesheim",Türkei,Veränderung gegenüber 2005 in Prozent,K03254,-13.523901032909,-13.523901
255,2024,"Holzminden",Türkei,Veränderung gegenüber 2005 in Prozent,K03255,-26.1992619926199,-26.199262
256,2024,"Nienburg (Weser)",Türkei,Veränderung gegenüber 2005 in Prozent,K03256,-22.883064516129,-22.8830645
257,2024,"Schaumburg",Türkei,Veränderung gegenüber 2005 in Prozent,K03257,-21.8954248366013,-21.8954248
2,2024,"Statistische Region Hannover",Türkei,Veränderung gegenüber 2005 in Prozent,K032,-11.8621603711067,-11.8621604
351,2024,"Celle",Türkei,Veränderung gegenüber 2005 in Prozent,K03351,-42.7212572373863,-42.7212572
352,2024,"Cuxhaven",Türkei,Veränderung gegenüber 2005 in Prozent,K03352,-13.1190269331017,-13.1190269
353,2024,"Harburg",Türkei,Veränderung gegenüber 2005 in Prozent,K03353,40.5188387893762,40.5188388
354,2024,"Lüchow-Dannenberg",Türkei,Veränderung gegenüber 2005 in Prozent,K03354,49.0384615384615,49.0384615
355,2024,"Lüneburg",Türkei,Veränderung gegenüber 2005 in Prozent,K03355,9.54773869346734,9.54773869
356,2024,"Osterholz",Türkei,Veränderung gegenüber 2005 in Prozent,K03356,-9.72222222222222,-9.72222222
357,2024,"Rotenburg (Wümme)",Türkei,Veränderung gegenüber 2005 in Prozent,K03357,-12,-12
358,2024,"Heidekreis",Türkei,Veränderung gegenüber 2005 in Prozent,K03358,-34.0786430223593,-34.078643
359,2024,"Stade",Türkei,Veränderung gegenüber 2005 in Prozent,K03359,6.83324834268231,6.83324834
360,2024,"Uelzen",Türkei,Veränderung gegenüber 2005 in Prozent,K03360,-7.30337078651685,-7.30337079
361,2024,"Verden",Türkei,Veränderung gegenüber 2005 in Prozent,K03361,-32.4853228962818,-32.4853229
3,2024,"Statistische Region Lüneburg",Türkei,Veränderung gegenüber 2005 in Prozent,K033,-12.195796460177,-12.1957965
401,2024,"Delmenhorst, Stadt",Türkei,Veränderung gegenüber 2005 in Prozent,K03401,-25.3236501420903,-25.3236501
402,2024,"Emden, Stadt",Türkei,Veränderung gegenüber 2005 in Prozent,K03402,-19.5710455764075,-19.5710456
403,2024,"Oldenburg (Oldb), Stadt",Türkei,Veränderung gegenüber 2005 in Prozent,K03403,-29.57416939635,-29.5741694
404,2024,"Osnabrück, Stadt",Türkei,Veränderung gegenüber 2005 in Prozent,K03404,-14.7214441332088,-14.7214441
405,2024,"Wilhelmshaven, Stadt",Türkei,Veränderung gegenüber 2005 in Prozent,K03405,-30.5354558610709,-30.5354559
451,2024,"Ammerland",Türkei,Veränderung gegenüber 2005 in Prozent,K03451,-12.7423822714681,-12.7423823
452,2024,"Aurich",Türkei,Veränderung gegenüber 2005 in Prozent,K03452,118.181818181818,118.181818
453,2024,"Cloppenburg",Türkei,Veränderung gegenüber 2005 in Prozent,K03453,-9.04669260700389,-9.04669261
454,2024,"Emsland",Türkei,Veränderung gegenüber 2005 in Prozent,K03454,-3.23920265780731,-3.23920266
455,2024,"Friesland",Türkei,Veränderung gegenüber 2005 in Prozent,K03455,-7.2463768115942,-7.24637681
456,2024,"Grafschaft Bentheim",Türkei,Veränderung gegenüber 2005 in Prozent,K03456,-24.5714285714286,-24.5714286
457,2024,"Leer",Türkei,Veränderung gegenüber 2005 in Prozent,K03457,29.8904538341158,29.8904538
458,2024,"Oldenburg",Türkei,Veränderung gegenüber 2005 in Prozent,K03458,0.478468899521531,0.4784689
459,2024,"Osnabrück",Türkei,Veränderung gegenüber 2005 in Prozent,K03459,-15.7166123778502,-15.7166124
460,2024,"Vechta",Türkei,Veränderung gegenüber 2005 in Prozent,K03460,-27.1396754692969,-27.1396755
461,2024,"Wesermarsch",Türkei,Veränderung gegenüber 2005 in Prozent,K03461,-25.0317662007624,-25.0317662
462,2024,"Wittmund",Türkei,Veränderung gegenüber 2005 in Prozent,K03462,-2.4390243902439,-2.43902439
4,2024,"Statistische Region Weser-Ems",Türkei,Veränderung gegenüber 2005 in Prozent,K034,-15.9873097465965,-15.9873097
0,2024,"Niedersachsen",Türkei,Veränderung gegenüber 2005 in Prozent,K030,-13.278015735049,-13.2780157
101,2025,"Braunschweig, Stadt",Türkei,Veränderung gegenüber 2005 in Prozent,K03101,-15.8133288568071,-15.8133289
102,2025,"Salzgitter, Stadt",Türkei,Veränderung gegenüber 2005 in Prozent,K03102,-23.3386075949367,-23.3386076
103,2025,"Wolfsburg, Stadt",Türkei,Veränderung gegenüber 2005 in Prozent,K03103,71.2564543889845,71.2564544
151,2025,"Gifhorn",Türkei,Veränderung gegenüber 2005 in Prozent,K03151,8.77561744613768,8.77561745
153,2025,"Goslar",Türkei,Veränderung gegenüber 2005 in Prozent,K03153,-24.0702479338843,-24.0702479
154,2025,"Helmstedt",Türkei,Veränderung gegenüber 2005 in Prozent,K03154,-17.9755671902269,-17.9755672
155,2025,"Northeim",Türkei,Veränderung gegenüber 2005 in Prozent,K03155,-22.0272904483431,-22.0272904
157,2025,"Peine",Türkei,Veränderung gegenüber 2005 in Prozent,K03157,-21.2491513917176,-21.2491514
158,2025,"Wolfenbüttel",Türkei,Veränderung gegenüber 2005 in Prozent,K03158,-17.7358490566038,-17.7358491
159,2025,"Göttingen",Türkei,Veränderung gegenüber 2005 in Prozent,K03159,-18.257912634057,-18.2579126
1,2025,"Statistische Region Braunschweig",Türkei,Veränderung gegenüber 2005 in Prozent,K031,-15.9032748581389,-15.9032749
241,2025,"Region Hannover",Türkei,Veränderung gegenüber 2005 in Prozent,K03241,-11.9162261355601,-11.9162261
241001,2025,"dav. Hannover, Lhst.",Türkei,Veränderung gegenüber 2005 in Prozent,K03241001,-21.8604651162791,-21.8604651
241999,2025,"dav. Hannover, Umland",Türkei,Veränderung gegenüber 2005 in Prozent,K03241999,6.67697362063968,6.67697362
251,2025,"Diepholz",Türkei,Veränderung gegenüber 2005 in Prozent,K03251,-2.96420581655481,-2.96420582
252,2025,"Hameln-Pyrmont",Türkei,Veränderung gegenüber 2005 in Prozent,K03252,-13.5361688916486,-13.5361689
254,2025,"Hildesheim",Türkei,Veränderung gegenüber 2005 in Prozent,K03254,-16.2863319721355,-16.286332
255,2025,"Holzminden",Türkei,Veränderung gegenüber 2005 in Prozent,K03255,-29.1512915129151,-29.1512915
256,2025,"Nienburg (Weser)",Türkei,Veränderung gegenüber 2005 in Prozent,K03256,-24.8991935483871,-24.8991935
257,2025,"Schaumburg",Türkei,Veränderung gegenüber 2005 in Prozent,K03257,-23.8562091503268,-23.8562092
2,2025,"Statistische Region Hannover",Türkei,Veränderung gegenüber 2005 in Prozent,K032,-13.9606803622708,-13.9606804
351,2025,"Celle",Türkei,Veränderung gegenüber 2005 in Prozent,K03351,-43.7551695616212,-43.7551696
352,2025,"Cuxhaven",Türkei,Veränderung gegenüber 2005 in Prozent,K03352,-12.2502172024327,-12.2502172
353,2025,"Harburg",Türkei,Veränderung gegenüber 2005 in Prozent,K03353,33.7245213094503,33.7245213
354,2025,"Lüchow-Dannenberg",Türkei,Veränderung gegenüber 2005 in Prozent,K03354,44.2307692307692,44.2307692
355,2025,"Lüneburg",Türkei,Veränderung gegenüber 2005 in Prozent,K03355,8.04020100502512,8.04020101
356,2025,"Osterholz",Türkei,Veränderung gegenüber 2005 in Prozent,K03356,-12.202380952381,-12.202381
357,2025,"Rotenburg (Wümme)",Türkei,Veränderung gegenüber 2005 in Prozent,K03357,-17,-17
358,2025,"Heidekreis",Türkei,Veränderung gegenüber 2005 in Prozent,K03358,-37.1626831148805,-37.1626831
359,2025,"Stade",Türkei,Veränderung gegenüber 2005 in Prozent,K03359,6.83324834268231,6.83324834
360,2025,"Uelzen",Türkei,Veränderung gegenüber 2005 in Prozent,K03360,-0.280898876404494,-0.28089888
361,2025,"Verden",Türkei,Veränderung gegenüber 2005 in Prozent,K03361,-34.4422700587084,-34.4422701
3,2025,"Statistische Region Lüneburg",Türkei,Veränderung gegenüber 2005 in Prozent,K033,-14.2007743362832,-14.2007743
401,2025,"Delmenhorst, Stadt",Türkei,Veränderung gegenüber 2005 in Prozent,K03401,-26.2709188506473,-26.2709189
402,2025,"Emden, Stadt",Türkei,Veränderung gegenüber 2005 in Prozent,K03402,-26.2734584450402,-26.2734584
403,2025,"Oldenburg (Oldb), Stadt",Türkei,Veränderung gegenüber 2005 in Prozent,K03403,-29.57416939635,-29.5741694
404,2025,"Osnabrück, Stadt",Türkei,Veränderung gegenüber 2005 in Prozent,K03404,-13.009648303766,-13.0096483
405,2025,"Wilhelmshaven, Stadt",Türkei,Veränderung gegenüber 2005 in Prozent,K03405,-32.7062228654124,-32.7062229
451,2025,"Ammerland",Türkei,Veränderung gegenüber 2005 in Prozent,K03451,-14.1274238227147,-14.1274238
452,2025,"Aurich",Türkei,Veränderung gegenüber 2005 in Prozent,K03452,106.818181818182,106.818182
453,2025,"Cloppenburg",Türkei,Veränderung gegenüber 2005 in Prozent,K03453,-8.56031128404669,-8.56031128
454,2025,"Emsland",Türkei,Veränderung gegenüber 2005 in Prozent,K03454,-7.80730897009967,-7.80730897
455,2025,"Friesland",Türkei,Veränderung gegenüber 2005 in Prozent,K03455,-8.69565217391304,-8.69565217
456,2025,"Grafschaft Bentheim",Türkei,Veränderung gegenüber 2005 in Prozent,K03456,-29.7142857142857,-29.7142857
457,2025,"Leer",Türkei,Veränderung gegenüber 2005 in Prozent,K03457,37.7151799687011,37.71518
458,2025,"Oldenburg",Türkei,Veränderung gegenüber 2005 in Prozent,K03458,-1.11642743221691,-1.11642743
459,2025,"Osnabrück",Türkei,Veränderung gegenüber 2005 in Prozent,K03459,-18.2953311617807,-18.2953312
460,2025,"Vechta",Türkei,Veränderung gegenüber 2005 in Prozent,K03460,-31.7531021317213,-31.7531021
461,2025,"Wesermarsch",Türkei,Veränderung gegenüber 2005 in Prozent,K03461,-27.8907242693774,-27.8907243
462,2025,"Wittmund",Türkei,Veränderung gegenüber 2005 in Prozent,K03462,-8.53658536585366,-8.53658537
4,2025,"Statistische Region Weser-Ems",Türkei,Veränderung gegenüber 2005 in Prozent,K034,-17.894863660094,-17.8948637
0,2025,"Niedersachsen",Türkei,Veränderung gegenüber 2005 in Prozent,K030,-15.3434649366476,-15.3434649
101,2005,"Braunschweig, Stadt",Rumänien,Veränderung gegenüber 2005 in Prozent,K03101,0,0
102,2005,"Salzgitter, Stadt",Rumänien,Veränderung gegenüber 2005 in Prozent,K03102,0,0
103,2005,"Wolfsburg, Stadt",Rumänien,Veränderung gegenüber 2005 in Prozent,K03103,0,0
151,2005,"Gifhorn",Rumänien,Veränderung gegenüber 2005 in Prozent,K03151,0,0
153,2005,"Goslar",Rumänien,Veränderung gegenüber 2005 in Prozent,K03153,0,0
154,2005,"Helmstedt",Rumänien,Veränderung gegenüber 2005 in Prozent,K03154,0,0
155,2005,"Northeim",Rumänien,Veränderung gegenüber 2005 in Prozent,K03155,0,0
157,2005,"Peine",Rumänien,Veränderung gegenüber 2005 in Prozent,K03157,0,0
158,2005,"Wolfenbüttel",Rumänien,Veränderung gegenüber 2005 in Prozent,K03158,0,0
159,2005,"Göttingen",Rumänien,Veränderung gegenüber 2005 in Prozent,K03159,0,0
1,2005,"Statistische Region Braunschweig",Rumänien,Veränderung gegenüber 2005 in Prozent,K031,0,0
241,2005,"Region Hannover",Rumänien,Veränderung gegenüber 2005 in Prozent,K03241,0,0
241001,2005,"dav. Hannover, Lhst.",Rumänien,Veränderung gegenüber 2005 in Prozent,K03241001,0,0
241999,2005,"dav. Hannover, Umland",Rumänien,Veränderung gegenüber 2005 in Prozent,K03241999,0,0
251,2005,"Diepholz",Rumänien,Veränderung gegenüber 2005 in Prozent,K03251,0,0
252,2005,"Hameln-Pyrmont",Rumänien,Veränderung gegenüber 2005 in Prozent,K03252,0,0
254,2005,"Hildesheim",Rumänien,Veränderung gegenüber 2005 in Prozent,K03254,0,0
255,2005,"Holzminden",Rumänien,Veränderung gegenüber 2005 in Prozent,K03255,0,0
256,2005,"Nienburg (Weser)",Rumänien,Veränderung gegenüber 2005 in Prozent,K03256,0,0
257,2005,"Schaumburg",Rumänien,Veränderung gegenüber 2005 in Prozent,K03257,0,0
2,2005,"Statistische Region Hannover",Rumänien,Veränderung gegenüber 2005 in Prozent,K032,0,0
351,2005,"Celle",Rumänien,Veränderung gegenüber 2005 in Prozent,K03351,0,0
352,2005,"Cuxhaven",Rumänien,Veränderung gegenüber 2005 in Prozent,K03352,0,0
353,2005,"Harburg",Rumänien,Veränderung gegenüber 2005 in Prozent,K03353,0,0
354,2005,"Lüchow-Dannenberg",Rumänien,Veränderung gegenüber 2005 in Prozent,K03354,0,0
355,2005,"Lüneburg",Rumänien,Veränderung gegenüber 2005 in Prozent,K03355,0,0
356,2005,"Osterholz",Rumänien,Veränderung gegenüber 2005 in Prozent,K03356,0,0
357,2005,"Rotenburg (Wümme)",Rumänien,Veränderung gegenüber 2005 in Prozent,K03357,0,0
358,2005,"Heidekreis",Rumänien,Veränderung gegenüber 2005 in Prozent,K03358,0,0
359,2005,"Stade",Rumänien,Veränderung gegenüber 2005 in Prozent,K03359,0,0
360,2005,"Uelzen",Rumänien,Veränderung gegenüber 2005 in Prozent,K03360,0,0
361,2005,"Verden",Rumänien,Veränderung gegenüber 2005 in Prozent,K03361,0,0
3,2005,"Statistische Region Lüneburg",Rumänien,Veränderung gegenüber 2005 in Prozent,K033,0,0
401,2005,"Delmenhorst, Stadt",Rumänien,Veränderung gegenüber 2005 in Prozent,K03401,0,0
402,2005,"Emden, Stadt",Rumänien,Veränderung gegenüber 2005 in Prozent,K03402,0,0
403,2005,"Oldenburg (Oldb), Stadt",Rumänien,Veränderung gegenüber 2005 in Prozent,K03403,0,0
404,2005,"Osnabrück, Stadt",Rumänien,Veränderung gegenüber 2005 in Prozent,K03404,0,0
405,2005,"Wilhelmshaven, Stadt",Rumänien,Veränderung gegenüber 2005 in Prozent,K03405,0,0
451,2005,"Ammerland",Rumänien,Veränderung gegenüber 2005 in Prozent,K03451,0,0
452,2005,"Aurich",Rumänien,Veränderung gegenüber 2005 in Prozent,K03452,0,0
453,2005,"Cloppenburg",Rumänien,Veränderung gegenüber 2005 in Prozent,K03453,0,0
454,2005,"Emsland",Rumänien,Veränderung gegenüber 2005 in Prozent,K03454,0,0
455,2005,"Friesland",Rumänien,Veränderung gegenüber 2005 in Prozent,K03455,0,0
456,2005,"Grafschaft Bentheim",Rumänien,Veränderung gegenüber 2005 in Prozent,K03456,0,0
457,2005,"Leer",Rumänien,Veränderung gegenüber 2005 in Prozent,K03457,0,0
458,2005,"Oldenburg",Rumänien,Veränderung gegenüber 2005 in Prozent,K03458,0,0
459,2005,"Osnabrück",Rumänien,Veränderung gegenüber 2005 in Prozent,K03459,0,0
460,2005,"Vechta",Rumänien,Veränderung gegenüber 2005 in Prozent,K03460,0,0
461,2005,"Wesermarsch",Rumänien,Veränderung gegenüber 2005 in Prozent,K03461,0,0
462,2005,"Wittmund",Rumänien,Veränderung gegenüber 2005 in Prozent,K03462,0,0
4,2005,"Statistische Region Weser-Ems",Rumänien,Veränderung gegenüber 2005 in Prozent,K034,0,0
0,2005,"Niedersachsen",Rumänien,Veränderung gegenüber 2005 in Prozent,K030,0,0
101,2011,"Braunschweig, Stadt",Rumänien,Veränderung gegenüber 2005 in Prozent,K03101,-16.8067226890756,-16.8067227
102,2011,"Salzgitter, Stadt",Rumänien,Veränderung gegenüber 2005 in Prozent,K03102,16.6666666666667,16.6666667
103,2011,"Wolfsburg, Stadt",Rumänien,Veränderung gegenüber 2005 in Prozent,K03103,10.2564102564103,10.2564103
151,2011,"Gifhorn",Rumänien,Veränderung gegenüber 2005 in Prozent,K03151,50,50
153,2011,"Goslar",Rumänien,Veränderung gegenüber 2005 in Prozent,K03153,123.913043478261,123.913043
154,2011,"Helmstedt",Rumänien,Veränderung gegenüber 2005 in Prozent,K03154,66.6666666666667,66.6666667
155,2011,"Northeim",Rumänien,Veränderung gegenüber 2005 in Prozent,K03155,120.512820512821,120.512821
157,2011,"Peine",Rumänien,Veränderung gegenüber 2005 in Prozent,K03157,56.25,56.25
158,2011,"Wolfenbüttel",Rumänien,Veränderung gegenüber 2005 in Prozent,K03158,108.333333333333,108.333333
159,2011,"Göttingen",Rumänien,Veränderung gegenüber 2005 in Prozent,K03159,23.8993710691824,23.8993711
1,2011,"Statistische Region Braunschweig",Rumänien,Veränderung gegenüber 2005 in Prozent,K031,26.3613861386139,26.3613861
241,2011,"Region Hannover",Rumänien,Veränderung gegenüber 2005 in Prozent,K03241,81.8306010928962,81.8306011
241001,2011,"dav. Hannover, Lhst.",Rumänien,Veränderung gegenüber 2005 in Prozent,K03241001,172.835820895522,172.835821
241999,2011,"dav. Hannover, Umland",Rumänien,Veränderung gegenüber 2005 in Prozent,K03241999,5.03778337531486,5.03778338
251,2011,"Diepholz",Rumänien,Veränderung gegenüber 2005 in Prozent,K03251,113.559322033898,113.559322
252,2011,"Hameln-Pyrmont",Rumänien,Veränderung gegenüber 2005 in Prozent,K03252,190.909090909091,190.909091
254,2011,"Hildesheim",Rumänien,Veränderung gegenüber 2005 in Prozent,K03254,23.0769230769231,23.0769231
255,2011,"Holzminden",Rumänien,Veränderung gegenüber 2005 in Prozent,K03255,71.4285714285714,71.4285714
256,2011,"Nienburg (Weser)",Rumänien,Veränderung gegenüber 2005 in Prozent,K03256,315.151515151515,315.151515
257,2011,"Schaumburg",Rumänien,Veränderung gegenüber 2005 in Prozent,K03257,8.47457627118644,8.47457627
2,2011,"Statistische Region Hannover",Rumänien,Veränderung gegenüber 2005 in Prozent,K032,85.0277264325323,85.0277264
351,2011,"Celle",Rumänien,Veränderung gegenüber 2005 in Prozent,K03351,46.6666666666667,46.6666667
352,2011,"Cuxhaven",Rumänien,Veränderung gegenüber 2005 in Prozent,K03352,46.1538461538462,46.1538462
353,2011,"Harburg",Rumänien,Veränderung gegenüber 2005 in Prozent,K03353,51.5873015873016,51.5873016
354,2011,"Lüchow-Dannenberg",Rumänien,Veränderung gegenüber 2005 in Prozent,K03354,612.5,612.5
355,2011,"Lüneburg",Rumänien,Veränderung gegenüber 2005 in Prozent,K03355,108.108108108108,108.108108
356,2011,"Osterholz",Rumänien,Veränderung gegenüber 2005 in Prozent,K03356,100,100
357,2011,"Rotenburg (Wümme)",Rumänien,Veränderung gegenüber 2005 in Prozent,K03357,151.785714285714,151.785714
358,2011,"Heidekreis",Rumänien,Veränderung gegenüber 2005 in Prozent,K03358,41.4634146341463,41.4634146
359,2011,"Stade",Rumänien,Veränderung gegenüber 2005 in Prozent,K03359,78.8235294117647,78.8235294
360,2011,"Uelzen",Rumänien,Veränderung gegenüber 2005 in Prozent,K03360,131.818181818182,131.818182
361,2011,"Verden",Rumänien,Veränderung gegenüber 2005 in Prozent,K03361,92.8571428571429,92.8571429
3,2011,"Statistische Region Lüneburg",Rumänien,Veränderung gegenüber 2005 in Prozent,K033,84.3351548269581,84.3351548
401,2011,"Delmenhorst, Stadt",Rumänien,Veränderung gegenüber 2005 in Prozent,K03401,80.7692307692308,80.7692308
402,2011,"Emden, Stadt",Rumänien,Veränderung gegenüber 2005 in Prozent,K03402,105.128205128205,105.128205
403,2011,"Oldenburg (Oldb), Stadt",Rumänien,Veränderung gegenüber 2005 in Prozent,K03403,40.8695652173913,40.8695652
404,2011,"Osnabrück, Stadt",Rumänien,Veränderung gegenüber 2005 in Prozent,K03404,345.762711864407,345.762712
405,2011,"Wilhelmshaven, Stadt",Rumänien,Veränderung gegenüber 2005 in Prozent,K03405,393.333333333333,393.333333
451,2011,"Ammerland",Rumänien,Veränderung gegenüber 2005 in Prozent,K03451,272,272
452,2011,"Aurich",Rumänien,Veränderung gegenüber 2005 in Prozent,K03452,138.709677419355,138.709677
453,2011,"Cloppenburg",Rumänien,Veränderung gegenüber 2005 in Prozent,K03453,3161.76470588235,3161.76471
454,2011,"Emsland",Rumänien,Veränderung gegenüber 2005 in Prozent,K03454,1196.05263157895,1196.05263
455,2011,"Friesland",Rumänien,Veränderung gegenüber 2005 in Prozent,K03455,95.6521739130435,95.6521739
456,2011,"Grafschaft Bentheim",Rumänien,Veränderung gegenüber 2005 in Prozent,K03456,381.081081081081,381.081081
457,2011,"Leer",Rumänien,Veränderung gegenüber 2005 in Prozent,K03457,67.2131147540984,67.2131148
458,2011,"Oldenburg",Rumänien,Veränderung gegenüber 2005 in Prozent,K03458,583.333333333333,583.333333
459,2011,"Osnabrück",Rumänien,Veränderung gegenüber 2005 in Prozent,K03459,451.908396946565,451.908397
460,2011,"Vechta",Rumänien,Veränderung gegenüber 2005 in Prozent,K03460,645.348837209302,645.348837
461,2011,"Wesermarsch",Rumänien,Veränderung gegenüber 2005 in Prozent,K03461,50,50
462,2011,"Wittmund",Rumänien,Veränderung gegenüber 2005 in Prozent,K03462,175,175
4,2011,"Statistische Region Weser-Ems",Rumänien,Veränderung gegenüber 2005 in Prozent,K034,437.221633085896,437.221633
0,2011,"Niedersachsen",Rumänien,Veränderung gegenüber 2005 in Prozent,K030,169.101123595506,169.101124
101,2012,"Braunschweig, Stadt",Rumänien,Veränderung gegenüber 2005 in Prozent,K03101,0.420168067226891,0.42016807
102,2012,"Salzgitter, Stadt",Rumänien,Veränderung gegenüber 2005 in Prozent,K03102,40.8333333333333,40.8333333
103,2012,"Wolfsburg, Stadt",Rumänien,Veränderung gegenüber 2005 in Prozent,K03103,62.8205128205128,62.8205128
151,2012,"Gifhorn",Rumänien,Veränderung gegenüber 2005 in Prozent,K03151,90.7407407407407,90.7407407
153,2012,"Goslar",Rumänien,Veränderung gegenüber 2005 in Prozent,K03153,158.695652173913,158.695652
154,2012,"Helmstedt",Rumänien,Veränderung gegenüber 2005 in Prozent,K03154,222.222222222222,222.222222
155,2012,"Northeim",Rumänien,Veränderung gegenüber 2005 in Prozent,K03155,123.076923076923,123.076923
157,2012,"Peine",Rumänien,Veränderung gegenüber 2005 in Prozent,K03157,81.25,81.25
158,2012,"Wolfenbüttel",Rumänien,Veränderung gegenüber 2005 in Prozent,K03158,137.5,137.5
159,2012,"Göttingen",Rumänien,Veränderung gegenüber 2005 in Prozent,K03159,54.7169811320755,54.7169811
1,2012,"Statistische Region Braunschweig",Rumänien,Veränderung gegenüber 2005 in Prozent,K031,56.3118811881188,56.3118812
241,2012,"Region Hannover",Rumänien,Veränderung gegenüber 2005 in Prozent,K03241,139.890710382514,139.89071
241001,2012,"dav. Hannover, Lhst.",Rumänien,Veränderung gegenüber 2005 in Prozent,K03241001,263.283582089552,263.283582
241999,2012,"dav. Hannover, Umland",Rumänien,Veränderung gegenüber 2005 in Prozent,K03241999,35.7682619647355,35.768262
251,2012,"Diepholz",Rumänien,Veränderung gegenüber 2005 in Prozent,K03251,442.372881355932,442.372881
252,2012,"Hameln-Pyrmont",Rumänien,Veränderung gegenüber 2005 in Prozent,K03252,241.818181818182,241.818182
254,2012,"Hildesheim",Rumänien,Veränderung gegenüber 2005 in Prozent,K03254,70.7692307692308,70.7692308
255,2012,"Holzminden",Rumänien,Veränderung gegenüber 2005 in Prozent,K03255,92.8571428571429,92.8571429
256,2012,"Nienburg (Weser)",Rumänien,Veränderung gegenüber 2005 in Prozent,K03256,384.848484848485,384.848485
257,2012,"Schaumburg",Rumänien,Veränderung gegenüber 2005 in Prozent,K03257,40.6779661016949,40.6779661
2,2012,"Statistische Region Hannover",Rumänien,Veränderung gegenüber 2005 in Prozent,K032,154.713493530499,154.713494
351,2012,"Celle",Rumänien,Veränderung gegenüber 2005 in Prozent,K03351,90.6666666666667,90.6666667
352,2012,"Cuxhaven",Rumänien,Veränderung gegenüber 2005 in Prozent,K03352,56.4102564102564,56.4102564
353,2012,"Harburg",Rumänien,Veränderung gegenüber 2005 in Prozent,K03353,71.4285714285714,71.4285714
354,2012,"Lüchow-Dannenberg",Rumänien,Veränderung gegenüber 2005 in Prozent,K03354,1225,1225
355,2012,"Lüneburg",Rumänien,Veränderung gegenüber 2005 in Prozent,K03355,248.648648648649,248.648649
356,2012,"Osterholz",Rumänien,Veränderung gegenüber 2005 in Prozent,K03356,118.75,118.75
357,2012,"Rotenburg (Wümme)",Rumänien,Veränderung gegenüber 2005 in Prozent,K03357,232.142857142857,232.142857
358,2012,"Heidekreis",Rumänien,Veränderung gegenüber 2005 in Prozent,K03358,109.756097560976,109.756098
359,2012,"Stade",Rumänien,Veränderung gegenüber 2005 in Prozent,K03359,130.588235294118,130.588235
360,2012,"Uelzen",Rumänien,Veränderung gegenüber 2005 in Prozent,K03360,190.909090909091,190.909091
361,2012,"Verden",Rumänien,Veränderung gegenüber 2005 in Prozent,K03361,171.428571428571,171.428571
3,2012,"Statistische Region Lüneburg",Rumänien,Veränderung gegenüber 2005 in Prozent,K033,142.805100182149,142.8051
401,2012,"Delmenhorst, Stadt",Rumänien,Veränderung gegenüber 2005 in Prozent,K03401,230.769230769231,230.769231
402,2012,"Emden, Stadt",Rumänien,Veränderung gegenüber 2005 in Prozent,K03402,161.538461538462,161.538462
403,2012,"Oldenburg (Oldb), Stadt",Rumänien,Veränderung gegenüber 2005 in Prozent,K03403,73.0434782608696,73.0434783
404,2012,"Osnabrück, Stadt",Rumänien,Veränderung gegenüber 2005 in Prozent,K03404,603.389830508475,603.389831
405,2012,"Wilhelmshaven, Stadt",Rumänien,Veränderung gegenüber 2005 in Prozent,K03405,553.333333333333,553.333333
451,2012,"Ammerland",Rumänien,Veränderung gegenüber 2005 in Prozent,K03451,444,444
452,2012,"Aurich",Rumänien,Veränderung gegenüber 2005 in Prozent,K03452,225.806451612903,225.806452
453,2012,"Cloppenburg",Rumänien,Veränderung gegenüber 2005 in Prozent,K03453,3997.05882352941,3997.05882
454,2012,"Emsland",Rumänien,Veränderung gegenüber 2005 in Prozent,K03454,1756.57894736842,1756.57895
455,2012,"Friesland",Rumänien,Veränderung gegenüber 2005 in Prozent,K03455,104.347826086957,104.347826
456,2012,"Grafschaft Bentheim",Rumänien,Veränderung gegenüber 2005 in Prozent,K03456,435.135135135135,435.135135
457,2012,"Leer",Rumänien,Veränderung gegenüber 2005 in Prozent,K03457,123.770491803279,123.770492
458,2012,"Oldenburg",Rumänien,Veränderung gegenüber 2005 in Prozent,K03458,1038.88888888889,1038.88889
459,2012,"Osnabrück",Rumänien,Veränderung gegenüber 2005 in Prozent,K03459,727.480916030534,727.480916
460,2012,"Vechta",Rumänien,Veränderung gegenüber 2005 in Prozent,K03460,794.186046511628,794.186047
461,2012,"Wesermarsch",Rumänien,Veränderung gegenüber 2005 in Prozent,K03461,57.5,57.5
462,2012,"Wittmund",Rumänien,Veränderung gegenüber 2005 in Prozent,K03462,362.5,362.5
4,2012,"Statistische Region Weser-Ems",Rumänien,Veränderung gegenüber 2005 in Prozent,K034,630.116648992577,630.116649
0,2012,"Niedersachsen",Rumänien,Veränderung gegenüber 2005 in Prozent,K030,261.827321111768,261.827321
101,2013,"Braunschweig, Stadt",Rumänien,Veränderung gegenüber 2005 in Prozent,K03101,13.0252100840336,13.0252101
102,2013,"Salzgitter, Stadt",Rumänien,Veränderung gegenüber 2005 in Prozent,K03102,102.5,102.5
103,2013,"Wolfsburg, Stadt",Rumänien,Veränderung gegenüber 2005 in Prozent,K03103,107.692307692308,107.692308
151,2013,"Gifhorn",Rumänien,Veränderung gegenüber 2005 in Prozent,K03151,140.740740740741,140.740741
153,2013,"Goslar",Rumänien,Veränderung gegenüber 2005 in Prozent,K03153,171.739130434783,171.73913
154,2013,"Helmstedt",Rumänien,Veränderung gegenüber 2005 in Prozent,K03154,255.555555555556,255.555556
155,2013,"Northeim",Rumänien,Veränderung gegenüber 2005 in Prozent,K03155,284.615384615385,284.615385
157,2013,"Peine",Rumänien,Veränderung gegenüber 2005 in Prozent,K03157,140.625,140.625
158,2013,"Wolfenbüttel",Rumänien,Veränderung gegenüber 2005 in Prozent,K03158,245.833333333333,245.833333
159,2013,"Göttingen",Rumänien,Veränderung gegenüber 2005 in Prozent,K03159,75.4716981132076,75.4716981
1,2013,"Statistische Region Braunschweig",Rumänien,Veränderung gegenüber 2005 in Prozent,K031,95.7920792079208,95.7920792
241,2013,"Region Hannover",Rumänien,Veränderung gegenüber 2005 in Prozent,K03241,219.398907103825,219.398907
241001,2013,"dav. Hannover, Lhst.",Rumänien,Veränderung gegenüber 2005 in Prozent,K03241001,367.761194029851,367.761194
241999,2013,"dav. Hannover, Umland",Rumänien,Veränderung gegenüber 2005 in Prozent,K03241999,94.2065491183879,94.2065491
251,2013,"Diepholz",Rumänien,Veränderung gegenüber 2005 in Prozent,K03251,1137.28813559322,1137.28814
252,2013,"Hameln-Pyrmont",Rumänien,Veränderung gegenüber 2005 in Prozent,K03252,521.818181818182,521.818182
254,2013,"Hildesheim",Rumänien,Veränderung gegenüber 2005 in Prozent,K03254,134.615384615385,134.615385
255,2013,"Holzminden",Rumänien,Veränderung gegenüber 2005 in Prozent,K03255,42.8571428571429,42.8571429
256,2013,"Nienburg (Weser)",Rumänien,Veränderung gegenüber 2005 in Prozent,K03256,627.272727272727,627.272727
257,2013,"Schaumburg",Rumänien,Veränderung gegenüber 2005 in Prozent,K03257,88.135593220339,88.1355932
2,2013,"Statistische Region Hannover",Rumänien,Veränderung gegenüber 2005 in Prozent,K032,277.634011090573,277.634011
351,2013,"Celle",Rumänien,Veränderung gegenüber 2005 in Prozent,K03351,148,148
352,2013,"Cuxhaven",Rumänien,Veränderung gegenüber 2005 in Prozent,K03352,117.948717948718,117.948718
353,2013,"Harburg",Rumänien,Veränderung gegenüber 2005 in Prozent,K03353,63.4920634920635,63.4920635
354,2013,"Lüchow-Dannenberg",Rumänien,Veränderung gegenüber 2005 in Prozent,K03354,1787.5,1787.5
355,2013,"Lüneburg",Rumänien,Veränderung gegenüber 2005 in Prozent,K03355,294.594594594595,294.594595
356,2013,"Osterholz",Rumänien,Veränderung gegenüber 2005 in Prozent,K03356,153.125,153.125
357,2013,"Rotenburg (Wümme)",Rumänien,Veränderung gegenüber 2005 in Prozent,K03357,305.357142857143,305.357143
358,2013,"Heidekreis",Rumänien,Veränderung gegenüber 2005 in Prozent,K03358,253.658536585366,253.658537
359,2013,"Stade",Rumänien,Veränderung gegenüber 2005 in Prozent,K03359,255.294117647059,255.294118
360,2013,"Uelzen",Rumänien,Veränderung gegenüber 2005 in Prozent,K03360,440.909090909091,440.909091
361,2013,"Verden",Rumänien,Veränderung gegenüber 2005 in Prozent,K03361,339.285714285714,339.285714
3,2013,"Statistische Region Lüneburg",Rumänien,Veränderung gegenüber 2005 in Prozent,K033,222.586520947177,222.586521
401,2013,"Delmenhorst, Stadt",Rumänien,Veränderung gegenüber 2005 in Prozent,K03401,250,250
402,2013,"Emden, Stadt",Rumänien,Veränderung gegenüber 2005 in Prozent,K03402,369.230769230769,369.230769
403,2013,"Oldenburg (Oldb), Stadt",Rumänien,Veränderung gegenüber 2005 in Prozent,K03403,115.652173913043,115.652174
404,2013,"Osnabrück, Stadt",Rumänien,Veränderung gegenüber 2005 in Prozent,K03404,672.881355932203,672.881356
405,2013,"Wilhelmshaven, Stadt",Rumänien,Veränderung gegenüber 2005 in Prozent,K03405,766.666666666667,766.666667
451,2013,"Ammerland",Rumänien,Veränderung gegenüber 2005 in Prozent,K03451,544,544
452,2013,"Aurich",Rumänien,Veränderung gegenüber 2005 in Prozent,K03452,461.290322580645,461.290323
453,2013,"Cloppenburg",Rumänien,Veränderung gegenüber 2005 in Prozent,K03453,4317.64705882353,4317.64706
454,2013,"Emsland",Rumänien,Veränderung gegenüber 2005 in Prozent,K03454,2146.05263157895,2146.05263
455,2013,"Friesland",Rumänien,Veränderung gegenüber 2005 in Prozent,K03455,178.260869565217,178.26087
456,2013,"Grafschaft Bentheim",Rumänien,Veränderung gegenüber 2005 in Prozent,K03456,418.918918918919,418.918919
457,2013,"Leer",Rumänien,Veränderung gegenüber 2005 in Prozent,K03457,227.049180327869,227.04918
458,2013,"Oldenburg",Rumänien,Veränderung gegenüber 2005 in Prozent,K03458,1386.11111111111,1386.11111
459,2013,"Osnabrück",Rumänien,Veränderung gegenüber 2005 in Prozent,K03459,890.076335877863,890.076336
460,2013,"Vechta",Rumänien,Veränderung gegenüber 2005 in Prozent,K03460,867.441860465116,867.44186
461,2013,"Wesermarsch",Rumänien,Veränderung gegenüber 2005 in Prozent,K03461,92.5,92.5
462,2013,"Wittmund",Rumänien,Veränderung gegenüber 2005 in Prozent,K03462,525,525
4,2013,"Statistische Region Weser-Ems",Rumänien,Veränderung gegenüber 2005 in Prozent,K034,766.914103923648,766.914104
0,2013,"Niedersachsen",Rumänien,Veränderung gegenüber 2005 in Prozent,K030,361.679479597871,361.67948
101,2014,"Braunschweig, Stadt",Rumänien,Veränderung gegenüber 2005 in Prozent,K03101,25.2100840336134,25.210084
102,2014,"Salzgitter, Stadt",Rumänien,Veränderung gegenüber 2005 in Prozent,K03102,242.5,242.5
103,2014,"Wolfsburg, Stadt",Rumänien,Veränderung gegenüber 2005 in Prozent,K03103,224.358974358974,224.358974
151,2014,"Gifhorn",Rumänien,Veränderung gegenüber 2005 in Prozent,K03151,285.185185185185,285.185185
153,2014,"Goslar",Rumänien,Veränderung gegenüber 2005 in Prozent,K03153,260.869565217391,260.869565
154,2014,"Helmstedt",Rumänien,Veränderung gegenüber 2005 in Prozent,K03154,361.111111111111,361.111111
155,2014,"Northeim",Rumänien,Veränderung gegenüber 2005 in Prozent,K03155,364.102564102564,364.102564
157,2014,"Peine",Rumänien,Veränderung gegenüber 2005 in Prozent,K03157,284.375,284.375
158,2014,"Wolfenbüttel",Rumänien,Veränderung gegenüber 2005 in Prozent,K03158,229.166666666667,229.166667
159,2014,"Göttingen",Rumänien,Veränderung gegenüber 2005 in Prozent,K03159,155.345911949686,155.345912
1,2014,"Statistische Region Braunschweig",Rumänien,Veränderung gegenüber 2005 in Prozent,K031,173.267326732673,173.267327
241,2014,"Region Hannover",Rumänien,Veränderung gegenüber 2005 in Prozent,K03241,335.245901639344,335.245902
241001,2014,"dav. Hannover, Lhst.",Rumänien,Veränderung gegenüber 2005 in Prozent,K03241001,521.194029850746,521.19403
241999,2014,"dav. Hannover, Umland",Rumänien,Veränderung gegenüber 2005 in Prozent,K03241999,178.337531486146,178.337531
251,2014,"Diepholz",Rumänien,Veränderung gegenüber 2005 in Prozent,K03251,1237.28813559322,1237.28814
252,2014,"Hameln-Pyrmont",Rumänien,Veränderung gegenüber 2005 in Prozent,K03252,967.272727272727,967.272727
254,2014,"Hildesheim",Rumänien,Veränderung gegenüber 2005 in Prozent,K03254,247.692307692308,247.692308
255,2014,"Holzminden",Rumänien,Veränderung gegenüber 2005 in Prozent,K03255,42.8571428571429,42.8571429
256,2014,"Nienburg (Weser)",Rumänien,Veränderung gegenüber 2005 in Prozent,K03256,987.878787878788,987.878788
257,2014,"Schaumburg",Rumänien,Veränderung gegenüber 2005 in Prozent,K03257,293.220338983051,293.220339
2,2014,"Statistische Region Hannover",Rumänien,Veränderung gegenüber 2005 in Prozent,K032,419.870609981516,419.87061
351,2014,"Celle",Rumänien,Veränderung gegenüber 2005 in Prozent,K03351,405.333333333333,405.333333
352,2014,"Cuxhaven",Rumänien,Veränderung gegenüber 2005 in Prozent,K03352,525.641025641026,525.641026
353,2014,"Harburg",Rumänien,Veränderung gegenüber 2005 in Prozent,K03353,90.4761904761905,90.4761905
354,2014,"Lüchow-Dannenberg",Rumänien,Veränderung gegenüber 2005 in Prozent,K03354,1700,1700
355,2014,"Lüneburg",Rumänien,Veränderung gegenüber 2005 in Prozent,K03355,456.756756756757,456.756757
356,2014,"Osterholz",Rumänien,Veränderung gegenüber 2005 in Prozent,K03356,265.625,265.625
357,2014,"Rotenburg (Wümme)",Rumänien,Veränderung gegenüber 2005 in Prozent,K03357,419.642857142857,419.642857
358,2014,"Heidekreis",Rumänien,Veränderung gegenüber 2005 in Prozent,K03358,351.219512195122,351.219512
359,2014,"Stade",Rumänien,Veränderung gegenüber 2005 in Prozent,K03359,416.470588235294,416.470588
360,2014,"Uelzen",Rumänien,Veränderung gegenüber 2005 in Prozent,K03360,563.636363636364,563.636364
361,2014,"Verden",Rumänien,Veränderung gegenüber 2005 in Prozent,K03361,557.142857142857,557.142857
3,2014,"Statistische Region Lüneburg",Rumänien,Veränderung gegenüber 2005 in Prozent,K033,369.034608378871,369.034608
401,2014,"Delmenhorst, Stadt",Rumänien,Veränderung gegenüber 2005 in Prozent,K03401,900,900
402,2014,"Emden, Stadt",Rumänien,Veränderung gegenüber 2005 in Prozent,K03402,569.230769230769,569.230769
403,2014,"Oldenburg (Oldb), Stadt",Rumänien,Veränderung gegenüber 2005 in Prozent,K03403,199.130434782609,199.130435
404,2014,"Osnabrück, Stadt",Rumänien,Veränderung gegenüber 2005 in Prozent,K03404,849.152542372881,849.152542
405,2014,"Wilhelmshaven, Stadt",Rumänien,Veränderung gegenüber 2005 in Prozent,K03405,1273.33333333333,1273.33333
451,2014,"Ammerland",Rumänien,Veränderung gegenüber 2005 in Prozent,K03451,960,960
452,2014,"Aurich",Rumänien,Veränderung gegenüber 2005 in Prozent,K03452,967.741935483871,967.741935
453,2014,"Cloppenburg",Rumänien,Veränderung gegenüber 2005 in Prozent,K03453,6470.58823529412,6470.58824
454,2014,"Emsland",Rumänien,Veränderung gegenüber 2005 in Prozent,K03454,2673.68421052632,2673.68421
455,2014,"Friesland",Rumänien,Veränderung gegenüber 2005 in Prozent,K03455,291.304347826087,291.304348
456,2014,"Grafschaft Bentheim",Rumänien,Veränderung gegenüber 2005 in Prozent,K03456,616.216216216216,616.216216
457,2014,"Leer",Rumänien,Veränderung gegenüber 2005 in Prozent,K03457,376.229508196721,376.229508
458,2014,"Oldenburg",Rumänien,Veränderung gegenüber 2005 in Prozent,K03458,2000,2000
459,2014,"Osnabrück",Rumänien,Veränderung gegenüber 2005 in Prozent,K03459,1234.35114503817,1234.35115
460,2014,"Vechta",Rumänien,Veränderung gegenüber 2005 in Prozent,K03460,1300,1300
461,2014,"Wesermarsch",Rumänien,Veränderung gegenüber 2005 in Prozent,K03461,130,130
462,2014,"Wittmund",Rumänien,Veränderung gegenüber 2005 in Prozent,K03462,1000,1000
4,2014,"Statistische Region Weser-Ems",Rumänien,Veränderung gegenüber 2005 in Prozent,K034,1117.92152704136,1117.92153
0,2014,"Niedersachsen",Rumänien,Veränderung gegenüber 2005 in Prozent,K030,547.338852749852,547.338853
101,2015,"Braunschweig, Stadt",Rumänien,Veränderung gegenüber 2005 in Prozent,K03101,77.7310924369748,77.7310924
102,2015,"Salzgitter, Stadt",Rumänien,Veränderung gegenüber 2005 in Prozent,K03102,382.5,382.5
103,2015,"Wolfsburg, Stadt",Rumänien,Veränderung gegenüber 2005 in Prozent,K03103,305.128205128205,305.128205
151,2015,"Gifhorn",Rumänien,Veränderung gegenüber 2005 in Prozent,K03151,420.37037037037,420.37037
153,2015,"Goslar",Rumänien,Veränderung gegenüber 2005 in Prozent,K03153,389.130434782609,389.130435
154,2015,"Helmstedt",Rumänien,Veränderung gegenüber 2005 in Prozent,K03154,855.555555555556,855.555556
155,2015,"Northeim",Rumänien,Veränderung gegenüber 2005 in Prozent,K03155,538.461538461538,538.461538
157,2015,"Peine",Rumänien,Veränderung gegenüber 2005 in Prozent,K03157,590.625,590.625
158,2015,"Wolfenbüttel",Rumänien,Veränderung gegenüber 2005 in Prozent,K03158,358.333333333333,358.333333
159,2015,"Göttingen",Rumänien,Veränderung gegenüber 2005 in Prozent,K03159,252.201257861635,252.201258
1,2015,"Statistische Region Braunschweig",Rumänien,Veränderung gegenüber 2005 in Prozent,K031,288.118811881188,288.118812
241,2015,"Region Hannover",Rumänien,Veränderung gegenüber 2005 in Prozent,K03241,495.355191256831,495.355191
241001,2015,"dav. Hannover, Lhst.",Rumänien,Veränderung gegenüber 2005 in Prozent,K03241001,692.835820895522,692.835821
241999,2015,"dav. Hannover, Umland",Rumänien,Veränderung gegenüber 2005 in Prozent,K03241999,328.715365239295,328.715365
251,2015,"Diepholz",Rumänien,Veränderung gegenüber 2005 in Prozent,K03251,1581.35593220339,1581.35593
252,2015,"Hameln-Pyrmont",Rumänien,Veränderung gegenüber 2005 in Prozent,K03252,1234.54545454545,1234.54545
254,2015,"Hildesheim",Rumänien,Veränderung gegenüber 2005 in Prozent,K03254,373.076923076923,373.076923
255,2015,"Holzminden",Rumänien,Veränderung gegenüber 2005 in Prozent,K03255,50,50
256,2015,"Nienburg (Weser)",Rumänien,Veränderung gegenüber 2005 in Prozent,K03256,1300,1300
257,2015,"Schaumburg",Rumänien,Veränderung gegenüber 2005 in Prozent,K03257,474.576271186441,474.576271
2,2015,"Statistische Region Hannover",Rumänien,Veränderung gegenüber 2005 in Prozent,K032,595.101663585952,595.101664
351,2015,"Celle",Rumänien,Veränderung gegenüber 2005 in Prozent,K03351,492,492
352,2015,"Cuxhaven",Rumänien,Veränderung gegenüber 2005 in Prozent,K03352,571.794871794872,571.794872
353,2015,"Harburg",Rumänien,Veränderung gegenüber 2005 in Prozent,K03353,103.968253968254,103.968254
354,2015,"Lüchow-Dannenberg",Rumänien,Veränderung gegenüber 2005 in Prozent,K03354,750,750
355,2015,"Lüneburg",Rumänien,Veränderung gegenüber 2005 in Prozent,K03355,543.243243243243,543.243243
356,2015,"Osterholz",Rumänien,Veränderung gegenüber 2005 in Prozent,K03356,325,325
357,2015,"Rotenburg (Wümme)",Rumänien,Veränderung gegenüber 2005 in Prozent,K03357,505.357142857143,505.357143
358,2015,"Heidekreis",Rumänien,Veränderung gegenüber 2005 in Prozent,K03358,595.121951219512,595.121951
359,2015,"Stade",Rumänien,Veränderung gegenüber 2005 in Prozent,K03359,556.470588235294,556.470588
360,2015,"Uelzen",Rumänien,Veränderung gegenüber 2005 in Prozent,K03360,709.090909090909,709.090909
361,2015,"Verden",Rumänien,Veränderung gegenüber 2005 in Prozent,K03361,775,775
3,2015,"Statistische Region Lüneburg",Rumänien,Veränderung gegenüber 2005 in Prozent,K033,448.269581056466,448.269581
401,2015,"Delmenhorst, Stadt",Rumänien,Veränderung gegenüber 2005 in Prozent,K03401,1853.84615384615,1853.84615
402,2015,"Emden, Stadt",Rumänien,Veränderung gegenüber 2005 in Prozent,K03402,779.487179487179,779.487179
403,2015,"Oldenburg (Oldb), Stadt",Rumänien,Veränderung gegenüber 2005 in Prozent,K03403,346.95652173913,346.956522
404,2015,"Osnabrück, Stadt",Rumänien,Veränderung gegenüber 2005 in Prozent,K03404,1061.01694915254,1061.01695
405,2015,"Wilhelmshaven, Stadt",Rumänien,Veränderung gegenüber 2005 in Prozent,K03405,1766.66666666667,1766.66667
451,2015,"Ammerland",Rumänien,Veränderung gegenüber 2005 in Prozent,K03451,1348,1348
452,2015,"Aurich",Rumänien,Veränderung gegenüber 2005 in Prozent,K03452,1500,1500
453,2015,"Cloppenburg",Rumänien,Veränderung gegenüber 2005 in Prozent,K03453,7473.52941176471,7473.52941
454,2015,"Emsland",Rumänien,Veränderung gegenüber 2005 in Prozent,K03454,3738.15789473684,3738.15789
455,2015,"Friesland",Rumänien,Veränderung gegenüber 2005 in Prozent,K03455,404.347826086957,404.347826
456,2015,"Grafschaft Bentheim",Rumänien,Veränderung gegenüber 2005 in Prozent,K03456,900,900
457,2015,"Leer",Rumänien,Veränderung gegenüber 2005 in Prozent,K03457,557.377049180328,557.377049
458,2015,"Oldenburg",Rumänien,Veränderung gegenüber 2005 in Prozent,K03458,2525,2525
459,2015,"Osnabrück",Rumänien,Veränderung gegenüber 2005 in Prozent,K03459,1848.09160305344,1848.0916
460,2015,"Vechta",Rumänien,Veränderung gegenüber 2005 in Prozent,K03460,1722.09302325581,1722.09302
461,2015,"Wesermarsch",Rumänien,Veränderung gegenüber 2005 in Prozent,K03461,190,190
462,2015,"Wittmund",Rumänien,Veränderung gegenüber 2005 in Prozent,K03462,1575,1575
4,2015,"Statistische Region Weser-Ems",Rumänien,Veränderung gegenüber 2005 in Prozent,K034,1532.87380699894,1532.87381
0,2015,"Niedersachsen",Rumänien,Veränderung gegenüber 2005 in Prozent,K030,759.402720283856,759.40272
101,2016,"Braunschweig, Stadt",Rumänien,Veränderung gegenüber 2005 in Prozent,K03101,101.680672268908,101.680672
102,2016,"Salzgitter, Stadt",Rumänien,Veränderung gegenüber 2005 in Prozent,K03102,587.5,587.5
103,2016,"Wolfsburg, Stadt",Rumänien,Veränderung gegenüber 2005 in Prozent,K03103,374.358974358974,374.358974
151,2016,"Gifhorn",Rumänien,Veränderung gegenüber 2005 in Prozent,K03151,474.074074074074,474.074074
153,2016,"Goslar",Rumänien,Veränderung gegenüber 2005 in Prozent,K03153,541.304347826087,541.304348
154,2016,"Helmstedt",Rumänien,Veränderung gegenüber 2005 in Prozent,K03154,1233.33333333333,1233.33333
155,2016,"Northeim",Rumänien,Veränderung gegenüber 2005 in Prozent,K03155,758.974358974359,758.974359
157,2016,"Peine",Rumänien,Veränderung gegenüber 2005 in Prozent,K03157,837.5,837.5
158,2016,"Wolfenbüttel",Rumänien,Veränderung gegenüber 2005 in Prozent,K03158,337.5,337.5
159,2016,"Göttingen",Rumänien,Veränderung gegenüber 2005 in Prozent,K03159,283.647798742138,283.647799
1,2016,"Statistische Region Braunschweig",Rumänien,Veränderung gegenüber 2005 in Prozent,K031,379.579207920792,379.579208
241,2016,"Region Hannover",Rumänien,Veränderung gegenüber 2005 in Prozent,K03241,665.027322404372,665.027322
241001,2016,"dav. Hannover, Lhst.",Rumänien,Veränderung gegenüber 2005 in Prozent,K03241001,925.373134328358,925.373134
241999,2016,"dav. Hannover, Umland",Rumänien,Veränderung gegenüber 2005 in Prozent,K03241999,445.340050377834,445.34005
251,2016,"Diepholz",Rumänien,Veränderung gegenüber 2005 in Prozent,K03251,1586.4406779661,1586.44068
252,2016,"Hameln-Pyrmont",Rumänien,Veränderung gegenüber 2005 in Prozent,K03252,1709.09090909091,1709.09091
254,2016,"Hildesheim",Rumänien,Veränderung gegenüber 2005 in Prozent,K03254,465.384615384615,465.384615
255,2016,"Holzminden",Rumänien,Veränderung gegenüber 2005 in Prozent,K03255,78.5714285714286,78.5714286
256,2016,"Nienburg (Weser)",Rumänien,Veränderung gegenüber 2005 in Prozent,K03256,2460.60606060606,2460.60606
257,2016,"Schaumburg",Rumänien,Veränderung gegenüber 2005 in Prozent,K03257,561.016949152542,561.016949
2,2016,"Statistische Region Hannover",Rumänien,Veränderung gegenüber 2005 in Prozent,K032,785.859519408503,785.859519
351,2016,"Celle",Rumänien,Veränderung gegenüber 2005 in Prozent,K03351,560,560
352,2016,"Cuxhaven",Rumänien,Veränderung gegenüber 2005 in Prozent,K03352,1156.41025641026,1156.41026
353,2016,"Harburg",Rumänien,Veränderung gegenüber 2005 in Prozent,K03353,257.142857142857,257.142857
354,2016,"Lüchow-Dannenberg",Rumänien,Veränderung gegenüber 2005 in Prozent,K03354,1462.5,1462.5
355,2016,"Lüneburg",Rumänien,Veränderung gegenüber 2005 in Prozent,K03355,859.459459459459,859.459459
356,2016,"Osterholz",Rumänien,Veränderung gegenüber 2005 in Prozent,K03356,337.5,337.5
357,2016,"Rotenburg (Wümme)",Rumänien,Veränderung gegenüber 2005 in Prozent,K03357,685.714285714286,685.714286
358,2016,"Heidekreis",Rumänien,Veränderung gegenüber 2005 in Prozent,K03358,826.829268292683,826.829268
359,2016,"Stade",Rumänien,Veränderung gegenüber 2005 in Prozent,K03359,894.117647058824,894.117647
360,2016,"Uelzen",Rumänien,Veränderung gegenüber 2005 in Prozent,K03360,900,900
361,2016,"Verden",Rumänien,Veränderung gegenüber 2005 in Prozent,K03361,1114.28571428571,1114.28571
3,2016,"Statistische Region Lüneburg",Rumänien,Veränderung gegenüber 2005 in Prozent,K033,678.688524590164,678.688525
401,2016,"Delmenhorst, Stadt",Rumänien,Veränderung gegenüber 2005 in Prozent,K03401,2400,2400
402,2016,"Emden, Stadt",Rumänien,Veränderung gegenüber 2005 in Prozent,K03402,951.282051282051,951.282051
403,2016,"Oldenburg (Oldb), Stadt",Rumänien,Veränderung gegenüber 2005 in Prozent,K03403,386.95652173913,386.956522
404,2016,"Osnabrück, Stadt",Rumänien,Veränderung gegenüber 2005 in Prozent,K03404,1120.33898305085,1120.33898
405,2016,"Wilhelmshaven, Stadt",Rumänien,Veränderung gegenüber 2005 in Prozent,K03405,1933.33333333333,1933.33333
451,2016,"Ammerland",Rumänien,Veränderung gegenüber 2005 in Prozent,K03451,1800,1800
452,2016,"Aurich",Rumänien,Veränderung gegenüber 2005 in Prozent,K03452,1851.61290322581,1851.6129
453,2016,"Cloppenburg",Rumänien,Veränderung gegenüber 2005 in Prozent,K03453,10076.4705882353,10076.4706
454,2016,"Emsland",Rumänien,Veränderung gegenüber 2005 in Prozent,K03454,4636.84210526316,4636.84211
455,2016,"Friesland",Rumänien,Veränderung gegenüber 2005 in Prozent,K03455,421.739130434783,421.73913
456,2016,"Grafschaft Bentheim",Rumänien,Veränderung gegenüber 2005 in Prozent,K03456,1332.43243243243,1332.43243
457,2016,"Leer",Rumänien,Veränderung gegenüber 2005 in Prozent,K03457,666.393442622951,666.393443
458,2016,"Oldenburg",Rumänien,Veränderung gegenüber 2005 in Prozent,K03458,3830.55555555556,3830.55556
459,2016,"Osnabrück",Rumänien,Veränderung gegenüber 2005 in Prozent,K03459,2506.87022900763,2506.87023
460,2016,"Vechta",Rumänien,Veränderung gegenüber 2005 in Prozent,K03460,2086.04651162791,2086.04651
461,2016,"Wesermarsch",Rumänien,Veränderung gegenüber 2005 in Prozent,K03461,256.25,256.25
462,2016,"Wittmund",Rumänien,Veränderung gegenüber 2005 in Prozent,K03462,1712.5,1712.5
4,2016,"Statistische Region Weser-Ems",Rumänien,Veränderung gegenüber 2005 in Prozent,K034,1969.4591728526,1969.45917
0,2016,"Niedersachsen",Rumänien,Veränderung gegenüber 2005 in Prozent,K030,1001.41927853341,1001.41928
101,2017,"Braunschweig, Stadt",Rumänien,Veränderung gegenüber 2005 in Prozent,K03101,112.18487394958,112.184874
102,2017,"Salzgitter, Stadt",Rumänien,Veränderung gegenüber 2005 in Prozent,K03102,870.833333333333,870.833333
103,2017,"Wolfsburg, Stadt",Rumänien,Veränderung gegenüber 2005 in Prozent,K03103,444.871794871795,444.871795
151,2017,"Gifhorn",Rumänien,Veränderung gegenüber 2005 in Prozent,K03151,585.185185185185,585.185185
153,2017,"Goslar",Rumänien,Veränderung gegenüber 2005 in Prozent,K03153,726.086956521739,726.086957
154,2017,"Helmstedt",Rumänien,Veränderung gegenüber 2005 in Prozent,K03154,1788.88888888889,1788.88889
155,2017,"Northeim",Rumänien,Veränderung gegenüber 2005 in Prozent,K03155,771.794871794872,771.794872
157,2017,"Peine",Rumänien,Veränderung gegenüber 2005 in Prozent,K03157,1040.625,1040.625
158,2017,"Wolfenbüttel",Rumänien,Veränderung gegenüber 2005 in Prozent,K03158,441.666666666667,441.666667
159,2017,"Göttingen",Rumänien,Veränderung gegenüber 2005 in Prozent,K03159,296.22641509434,296.226415
1,2017,"Statistische Region Braunschweig",Rumänien,Veränderung gegenüber 2005 in Prozent,K031,475.49504950495,475.49505
241,2017,"Region Hannover",Rumänien,Veränderung gegenüber 2005 in Prozent,K03241,739.48087431694,739.480874
241001,2017,"dav. Hannover, Lhst.",Rumänien,Veränderung gegenüber 2005 in Prozent,K03241001,974.626865671642,974.626866
241999,2017,"dav. Hannover, Umland",Rumänien,Veränderung gegenüber 2005 in Prozent,K03241999,541.057934508816,541.057935
251,2017,"Diepholz",Rumänien,Veränderung gegenüber 2005 in Prozent,K03251,1722.03389830508,1722.0339
252,2017,"Hameln-Pyrmont",Rumänien,Veränderung gegenüber 2005 in Prozent,K03252,1936.36363636364,1936.36364
254,2017,"Hildesheim",Rumänien,Veränderung gegenüber 2005 in Prozent,K03254,576.923076923077,576.923077
255,2017,"Holzminden",Rumänien,Veränderung gegenüber 2005 in Prozent,K03255,114.285714285714,114.285714
256,2017,"Nienburg (Weser)",Rumänien,Veränderung gegenüber 2005 in Prozent,K03256,3081.81818181818,3081.81818
257,2017,"Schaumburg",Rumänien,Veränderung gegenüber 2005 in Prozent,K03257,705.084745762712,705.084746
2,2017,"Statistische Region Hannover",Rumänien,Veränderung gegenüber 2005 in Prozent,K032,895.841035120148,895.841035
351,2017,"Celle",Rumänien,Veränderung gegenüber 2005 in Prozent,K03351,660,660
352,2017,"Cuxhaven",Rumänien,Veränderung gegenüber 2005 in Prozent,K03352,1323.07692307692,1323.07692
353,2017,"Harburg",Rumänien,Veränderung gegenüber 2005 in Prozent,K03353,431.746031746032,431.746032
354,2017,"Lüchow-Dannenberg",Rumänien,Veränderung gegenüber 2005 in Prozent,K03354,1400,1400
355,2017,"Lüneburg",Rumänien,Veränderung gegenüber 2005 in Prozent,K03355,886.486486486486,886.486486
356,2017,"Osterholz",Rumänien,Veränderung gegenüber 2005 in Prozent,K03356,509.375,509.375
357,2017,"Rotenburg (Wümme)",Rumänien,Veränderung gegenüber 2005 in Prozent,K03357,846.428571428571,846.428571
358,2017,"Heidekreis",Rumänien,Veränderung gegenüber 2005 in Prozent,K03358,960.975609756098,960.97561
359,2017,"Stade",Rumänien,Veränderung gegenüber 2005 in Prozent,K03359,1135.29411764706,1135.29412
360,2017,"Uelzen",Rumänien,Veränderung gegenüber 2005 in Prozent,K03360,1195.45454545455,1195.45455
361,2017,"Verden",Rumänien,Veränderung gegenüber 2005 in Prozent,K03361,1400,1400
3,2017,"Statistische Region Lüneburg",Rumänien,Veränderung gegenüber 2005 in Prozent,K033,848.087431693989,848.087432
401,2017,"Delmenhorst, Stadt",Rumänien,Veränderung gegenüber 2005 in Prozent,K03401,3438.46153846154,3438.46154
402,2017,"Emden, Stadt",Rumänien,Veränderung gegenüber 2005 in Prozent,K03402,1169.23076923077,1169.23077
403,2017,"Oldenburg (Oldb), Stadt",Rumänien,Veränderung gegenüber 2005 in Prozent,K03403,465.217391304348,465.217391
404,2017,"Osnabrück, Stadt",Rumänien,Veränderung gegenüber 2005 in Prozent,K03404,1315.25423728814,1315.25424
405,2017,"Wilhelmshaven, Stadt",Rumänien,Veränderung gegenüber 2005 in Prozent,K03405,2266.66666666667,2266.66667
451,2017,"Ammerland",Rumänien,Veränderung gegenüber 2005 in Prozent,K03451,2340,2340
452,2017,"Aurich",Rumänien,Veränderung gegenüber 2005 in Prozent,K03452,2545.16129032258,2545.16129
453,2017,"Cloppenburg",Rumänien,Veränderung gegenüber 2005 in Prozent,K03453,9591.17647058824,9591.17647
454,2017,"Emsland",Rumänien,Veränderung gegenüber 2005 in Prozent,K03454,6005.26315789474,6005.26316
455,2017,"Friesland",Rumänien,Veränderung gegenüber 2005 in Prozent,K03455,660.869565217391,660.869565
456,2017,"Grafschaft Bentheim",Rumänien,Veränderung gegenüber 2005 in Prozent,K03456,1481.08108108108,1481.08108
457,2017,"Leer",Rumänien,Veränderung gegenüber 2005 in Prozent,K03457,854.918032786885,854.918033
458,2017,"Oldenburg",Rumänien,Veränderung gegenüber 2005 in Prozent,K03458,4608.33333333333,4608.33333
459,2017,"Osnabrück",Rumänien,Veränderung gegenüber 2005 in Prozent,K03459,3159.54198473282,3159.54198
460,2017,"Vechta",Rumänien,Veränderung gegenüber 2005 in Prozent,K03460,2458.13953488372,2458.13953
461,2017,"Wesermarsch",Rumänien,Veränderung gegenüber 2005 in Prozent,K03461,337.5,337.5
462,2017,"Wittmund",Rumänien,Veränderung gegenüber 2005 in Prozent,K03462,2150,2150
4,2017,"Statistische Region Weser-Ems",Rumänien,Veränderung gegenüber 2005 in Prozent,K034,2363.94485683987,2363.94486
0,2017,"Niedersachsen",Rumänien,Veränderung gegenüber 2005 in Prozent,K030,1196.86575990538,1196.86576
101,2018,"Braunschweig, Stadt",Rumänien,Veränderung gegenüber 2005 in Prozent,K03101,135.294117647059,135.294118
102,2018,"Salzgitter, Stadt",Rumänien,Veränderung gegenüber 2005 in Prozent,K03102,1254.16666666667,1254.16667
103,2018,"Wolfsburg, Stadt",Rumänien,Veränderung gegenüber 2005 in Prozent,K03103,476.923076923077,476.923077
151,2018,"Gifhorn",Rumänien,Veränderung gegenüber 2005 in Prozent,K03151,779.62962962963,779.62963
153,2018,"Goslar",Rumänien,Veränderung gegenüber 2005 in Prozent,K03153,780.434782608696,780.434783
154,2018,"Helmstedt",Rumänien,Veränderung gegenüber 2005 in Prozent,K03154,1761.11111111111,1761.11111
155,2018,"Northeim",Rumänien,Veränderung gegenüber 2005 in Prozent,K03155,912.820512820513,912.820513
157,2018,"Peine",Rumänien,Veränderung gegenüber 2005 in Prozent,K03157,1353.125,1353.125
158,2018,"Wolfenbüttel",Rumänien,Veränderung gegenüber 2005 in Prozent,K03158,441.666666666667,441.666667
159,2018,"Göttingen",Rumänien,Veränderung gegenüber 2005 in Prozent,K03159,409.433962264151,409.433962
1,2018,"Statistische Region Braunschweig",Rumänien,Veränderung gegenüber 2005 in Prozent,K031,599.257425742574,599.257426
241,2018,"Region Hannover",Rumänien,Veränderung gegenüber 2005 in Prozent,K03241,783.196721311475,783.196721
241001,2018,"dav. Hannover, Lhst.",Rumänien,Veränderung gegenüber 2005 in Prozent,K03241001,991.044776119403,991.044776
241999,2018,"dav. Hannover, Umland",Rumänien,Veränderung gegenüber 2005 in Prozent,K03241999,607.808564231738,607.808564
251,2018,"Diepholz",Rumänien,Veränderung gegenüber 2005 in Prozent,K03251,2188.13559322034,2188.13559
252,2018,"Hameln-Pyrmont",Rumänien,Veränderung gegenüber 2005 in Prozent,K03252,2263.63636363636,2263.63636
254,2018,"Hildesheim",Rumänien,Veränderung gegenüber 2005 in Prozent,K03254,684.615384615385,684.615385
255,2018,"Holzminden",Rumänien,Veränderung gegenüber 2005 in Prozent,K03255,257.142857142857,257.142857
256,2018,"Nienburg (Weser)",Rumänien,Veränderung gegenüber 2005 in Prozent,K03256,3793.93939393939,3793.93939
257,2018,"Schaumburg",Rumänien,Veränderung gegenüber 2005 in Prozent,K03257,823.728813559322,823.728814
2,2018,"Statistische Region Hannover",Rumänien,Veränderung gegenüber 2005 in Prozent,K032,1010.44362292052,1010.44362
351,2018,"Celle",Rumänien,Veränderung gegenüber 2005 in Prozent,K03351,940,940
352,2018,"Cuxhaven",Rumänien,Veränderung gegenüber 2005 in Prozent,K03352,1387.17948717949,1387.17949
353,2018,"Harburg",Rumänien,Veränderung gegenüber 2005 in Prozent,K03353,709.52380952381,709.52381
354,2018,"Lüchow-Dannenberg",Rumänien,Veränderung gegenüber 2005 in Prozent,K03354,1525,1525
355,2018,"Lüneburg",Rumänien,Veränderung gegenüber 2005 in Prozent,K03355,1224.32432432432,1224.32432
356,2018,"Osterholz",Rumänien,Veränderung gegenüber 2005 in Prozent,K03356,509.375,509.375
357,2018,"Rotenburg (Wümme)",Rumänien,Veränderung gegenüber 2005 in Prozent,K03357,989.285714285714,989.285714
358,2018,"Heidekreis",Rumänien,Veränderung gegenüber 2005 in Prozent,K03358,1400,1400
359,2018,"Stade",Rumänien,Veränderung gegenüber 2005 in Prozent,K03359,1400,1400
360,2018,"Uelzen",Rumänien,Veränderung gegenüber 2005 in Prozent,K03360,1377.27272727273,1377.27273
361,2018,"Verden",Rumänien,Veränderung gegenüber 2005 in Prozent,K03361,1614.28571428571,1614.28571
3,2018,"Statistische Region Lüneburg",Rumänien,Veränderung gegenüber 2005 in Prozent,K033,1084.88160291439,1084.8816
401,2018,"Delmenhorst, Stadt",Rumänien,Veränderung gegenüber 2005 in Prozent,K03401,4034.61538461538,4034.61538
402,2018,"Emden, Stadt",Rumänien,Veränderung gegenüber 2005 in Prozent,K03402,1297.4358974359,1297.4359
403,2018,"Oldenburg (Oldb), Stadt",Rumänien,Veränderung gegenüber 2005 in Prozent,K03403,586.95652173913,586.956522
404,2018,"Osnabrück, Stadt",Rumänien,Veränderung gegenüber 2005 in Prozent,K03404,1357.62711864407,1357.62712
405,2018,"Wilhelmshaven, Stadt",Rumänien,Veränderung gegenüber 2005 in Prozent,K03405,2666.66666666667,2666.66667
451,2018,"Ammerland",Rumänien,Veränderung gegenüber 2005 in Prozent,K03451,2660,2660
452,2018,"Aurich",Rumänien,Veränderung gegenüber 2005 in Prozent,K03452,2980.64516129032,2980.64516
453,2018,"Cloppenburg",Rumänien,Veränderung gegenüber 2005 in Prozent,K03453,13635.2941176471,13635.2941
454,2018,"Emsland",Rumänien,Veränderung gegenüber 2005 in Prozent,K03454,7880.26315789474,7880.26316
455,2018,"Friesland",Rumänien,Veränderung gegenüber 2005 in Prozent,K03455,834.782608695652,834.782609
456,2018,"Grafschaft Bentheim",Rumänien,Veränderung gegenüber 2005 in Prozent,K03456,1589.18918918919,1589.18919
457,2018,"Leer",Rumänien,Veränderung gegenüber 2005 in Prozent,K03457,1043.44262295082,1043.44262
458,2018,"Oldenburg",Rumänien,Veränderung gegenüber 2005 in Prozent,K03458,4719.44444444444,4719.44444
459,2018,"Osnabrück",Rumänien,Veränderung gegenüber 2005 in Prozent,K03459,3858.01526717557,3858.01527
460,2018,"Vechta",Rumänien,Veränderung gegenüber 2005 in Prozent,K03460,3056.97674418605,3056.97674
461,2018,"Wesermarsch",Rumänien,Veränderung gegenüber 2005 in Prozent,K03461,312.5,312.5
462,2018,"Wittmund",Rumänien,Veränderung gegenüber 2005 in Prozent,K03462,2337.5,2337.5
4,2018,"Statistische Region Weser-Ems",Rumänien,Veränderung gegenüber 2005 in Prozent,K034,2918.55779427359,2918.55779
0,2018,"Niedersachsen",Rumänien,Veränderung gegenüber 2005 in Prozent,K030,1456.3276167948,1456.32762
101,2019,"Braunschweig, Stadt",Rumänien,Veränderung gegenüber 2005 in Prozent,K03101,156.302521008403,156.302521
102,2019,"Salzgitter, Stadt",Rumänien,Veränderung gegenüber 2005 in Prozent,K03102,1262.5,1262.5
103,2019,"Wolfsburg, Stadt",Rumänien,Veränderung gegenüber 2005 in Prozent,K03103,521.794871794872,521.794872
151,2019,"Gifhorn",Rumänien,Veränderung gegenüber 2005 in Prozent,K03151,1057.40740740741,1057.40741
153,2019,"Goslar",Rumänien,Veränderung gegenüber 2005 in Prozent,K03153,943.478260869565,943.478261
154,2019,"Helmstedt",Rumänien,Veränderung gegenüber 2005 in Prozent,K03154,1650,1650
155,2019,"Northeim",Rumänien,Veränderung gegenüber 2005 in Prozent,K03155,1169.23076923077,1169.23077
157,2019,"Peine",Rumänien,Veränderung gegenüber 2005 in Prozent,K03157,1525,1525
158,2019,"Wolfenbüttel",Rumänien,Veränderung gegenüber 2005 in Prozent,K03158,420.833333333333,420.833333
159,2019,"Göttingen",Rumänien,Veränderung gegenüber 2005 in Prozent,K03159,613.836477987421,613.836478
1,2019,"Statistische Region Braunschweig",Rumänien,Veränderung gegenüber 2005 in Prozent,K031,695.792079207921,695.792079
241,2019,"Region Hannover",Rumänien,Veränderung gegenüber 2005 in Prozent,K03241,838.524590163934,838.52459
241001,2019,"dav. Hannover, Lhst.",Rumänien,Veränderung gegenüber 2005 in Prozent,K03241001,1008.9552238806,1008.95522
241999,2019,"dav. Hannover, Umland",Rumänien,Veränderung gegenüber 2005 in Prozent,K03241999,694.710327455919,694.710327
251,2019,"Diepholz",Rumänien,Veränderung gegenüber 2005 in Prozent,K03251,2916.94915254237,2916.94915
252,2019,"Hameln-Pyrmont",Rumänien,Veränderung gegenüber 2005 in Prozent,K03252,2254.54545454545,2254.54545
254,2019,"Hildesheim",Rumänien,Veränderung gegenüber 2005 in Prozent,K03254,838.461538461538,838.461538
255,2019,"Holzminden",Rumänien,Veränderung gegenüber 2005 in Prozent,K03255,364.285714285714,364.285714
256,2019,"Nienburg (Weser)",Rumänien,Veränderung gegenüber 2005 in Prozent,K03256,3475.75757575758,3475.75758
257,2019,"Schaumburg",Rumänien,Veränderung gegenüber 2005 in Prozent,K03257,959.322033898305,959.322034
2,2019,"Statistische Region Hannover",Rumänien,Veränderung gegenüber 2005 in Prozent,K032,1104.7134935305,1104.71349
351,2019,"Celle",Rumänien,Veränderung gegenüber 2005 in Prozent,K03351,1120,1120
352,2019,"Cuxhaven",Rumänien,Veränderung gegenüber 2005 in Prozent,K03352,1387.17948717949,1387.17949
353,2019,"Harburg",Rumänien,Veränderung gegenüber 2005 in Prozent,K03353,1201.5873015873,1201.5873
354,2019,"Lüchow-Dannenberg",Rumänien,Veränderung gegenüber 2005 in Prozent,K03354,1587.5,1587.5
355,2019,"Lüneburg",Rumänien,Veränderung gegenüber 2005 in Prozent,K03355,1400,1400
356,2019,"Osterholz",Rumänien,Veränderung gegenüber 2005 in Prozent,K03356,493.75,493.75
357,2019,"Rotenburg (Wümme)",Rumänien,Veränderung gegenüber 2005 in Prozent,K03357,1194.64285714286,1194.64286
358,2019,"Heidekreis",Rumänien,Veränderung gegenüber 2005 in Prozent,K03358,1717.07317073171,1717.07317
359,2019,"Stade",Rumänien,Veränderung gegenüber 2005 in Prozent,K03359,1688.23529411765,1688.23529
360,2019,"Uelzen",Rumänien,Veränderung gegenüber 2005 in Prozent,K03360,1468.18181818182,1468.18182
361,2019,"Verden",Rumänien,Veränderung gegenüber 2005 in Prozent,K03361,1989.28571428571,1989.28571
3,2019,"Statistische Region Lüneburg",Rumänien,Veränderung gegenüber 2005 in Prozent,K033,1344.44444444444,1344.44444
401,2019,"Delmenhorst, Stadt",Rumänien,Veränderung gegenüber 2005 in Prozent,K03401,4207.69230769231,4207.69231
402,2019,"Emden, Stadt",Rumänien,Veränderung gegenüber 2005 in Prozent,K03402,1361.53846153846,1361.53846
403,2019,"Oldenburg (Oldb), Stadt",Rumänien,Veränderung gegenüber 2005 in Prozent,K03403,739.130434782609,739.130435
404,2019,"Osnabrück, Stadt",Rumänien,Veränderung gegenüber 2005 in Prozent,K03404,1552.54237288136,1552.54237
405,2019,"Wilhelmshaven, Stadt",Rumänien,Veränderung gegenüber 2005 in Prozent,K03405,3400,3400
451,2019,"Ammerland",Rumänien,Veränderung gegenüber 2005 in Prozent,K03451,3040,3040
452,2019,"Aurich",Rumänien,Veränderung gegenüber 2005 in Prozent,K03452,3367.74193548387,3367.74194
453,2019,"Cloppenburg",Rumänien,Veränderung gegenüber 2005 in Prozent,K03453,13179.4117647059,13179.4118
454,2019,"Emsland",Rumänien,Veränderung gegenüber 2005 in Prozent,K03454,8946.05263157895,8946.05263
455,2019,"Friesland",Rumänien,Veränderung gegenüber 2005 in Prozent,K03455,704.347826086957,704.347826
456,2019,"Grafschaft Bentheim",Rumänien,Veränderung gegenüber 2005 in Prozent,K03456,1859.45945945946,1859.45946
457,2019,"Leer",Rumänien,Veränderung gegenüber 2005 in Prozent,K03457,1240.16393442623,1240.16393
458,2019,"Oldenburg",Rumänien,Veränderung gegenüber 2005 in Prozent,K03458,6580.55555555556,6580.55556
459,2019,"Osnabrück",Rumänien,Veränderung gegenüber 2005 in Prozent,K03459,4144.27480916031,4144.27481
460,2019,"Vechta",Rumänien,Veränderung gegenüber 2005 in Prozent,K03460,3411.62790697674,3411.62791
461,2019,"Wesermarsch",Rumänien,Veränderung gegenüber 2005 in Prozent,K03461,418.75,418.75
462,2019,"Wittmund",Rumänien,Veränderung gegenüber 2005 in Prozent,K03462,2712.5,2712.5
4,2019,"Statistische Region Weser-Ems",Rumänien,Veränderung gegenüber 2005 in Prozent,K034,3248.88653234358,3248.88653
0,2019,"Niedersachsen",Rumänien,Veränderung gegenüber 2005 in Prozent,K030,1643.93849793022,1643.9385
101,2020,"Braunschweig, Stadt",Rumänien,Veränderung gegenüber 2005 in Prozent,K03101,139.495798319328,139.495798
102,2020,"Salzgitter, Stadt",Rumänien,Veränderung gegenüber 2005 in Prozent,K03102,1333.33333333333,1333.33333
103,2020,"Wolfsburg, Stadt",Rumänien,Veränderung gegenüber 2005 in Prozent,K03103,508.974358974359,508.974359
151,2020,"Gifhorn",Rumänien,Veränderung gegenüber 2005 in Prozent,K03151,1362.96296296296,1362.96296
153,2020,"Goslar",Rumänien,Veränderung gegenüber 2005 in Prozent,K03153,1280.4347826087,1280.43478
154,2020,"Helmstedt",Rumänien,Veränderung gegenüber 2005 in Prozent,K03154,2094.44444444444,2094.44444
155,2020,"Northeim",Rumänien,Veränderung gegenüber 2005 in Prozent,K03155,1169.23076923077,1169.23077
157,2020,"Peine",Rumänien,Veränderung gegenüber 2005 in Prozent,K03157,1806.25,1806.25
158,2020,"Wolfenbüttel",Rumänien,Veränderung gegenüber 2005 in Prozent,K03158,545.833333333333,545.833333
159,2020,"Göttingen",Rumänien,Veränderung gegenüber 2005 in Prozent,K03159,761.635220125786,761.63522
1,2020,"Statistische Region Braunschweig",Rumänien,Veränderung gegenüber 2005 in Prozent,K031,792.945544554455,792.945545
241,2020,"Region Hannover",Rumänien,Veränderung gegenüber 2005 in Prozent,K03241,853.551912568306,853.551913
241001,2020,"dav. Hannover, Lhst.",Rumänien,Veränderung gegenüber 2005 in Prozent,K03241001,968.656716417911,968.656716
241999,2020,"dav. Hannover, Umland",Rumänien,Veränderung gegenüber 2005 in Prozent,K03241999,756.423173803526,756.423174
251,2020,"Diepholz",Rumänien,Veränderung gegenüber 2005 in Prozent,K03251,3366.10169491525,3366.10169
252,2020,"Hameln-Pyrmont",Rumänien,Veränderung gegenüber 2005 in Prozent,K03252,2554.54545454545,2554.54545
254,2020,"Hildesheim",Rumänien,Veränderung gegenüber 2005 in Prozent,K03254,953.846153846154,953.846154
255,2020,"Holzminden",Rumänien,Veränderung gegenüber 2005 in Prozent,K03255,971.428571428571,971.428571
256,2020,"Nienburg (Weser)",Rumänien,Veränderung gegenüber 2005 in Prozent,K03256,3460.60606060606,3460.60606
257,2020,"Schaumburg",Rumänien,Veränderung gegenüber 2005 in Prozent,K03257,1111.86440677966,1111.86441
2,2020,"Statistische Region Hannover",Rumänien,Veränderung gegenüber 2005 in Prozent,K032,1184.19593345656,1184.19593
351,2020,"Celle",Rumänien,Veränderung gegenüber 2005 in Prozent,K03351,1106.66666666667,1106.66667
352,2020,"Cuxhaven",Rumänien,Veränderung gegenüber 2005 in Prozent,K03352,1400,1400
353,2020,"Harburg",Rumänien,Veränderung gegenüber 2005 in Prozent,K03353,1376.19047619048,1376.19048
354,2020,"Lüchow-Dannenberg",Rumänien,Veränderung gegenüber 2005 in Prozent,K03354,1775,1775
355,2020,"Lüneburg",Rumänien,Veränderung gegenüber 2005 in Prozent,K03355,1386.48648648649,1386.48649
356,2020,"Osterholz",Rumänien,Veränderung gegenüber 2005 in Prozent,K03356,509.375,509.375
357,2020,"Rotenburg (Wümme)",Rumänien,Veränderung gegenüber 2005 in Prozent,K03357,1328.57142857143,1328.57143
358,2020,"Heidekreis",Rumänien,Veränderung gegenüber 2005 in Prozent,K03358,2253.65853658537,2253.65854
359,2020,"Stade",Rumänien,Veränderung gegenüber 2005 in Prozent,K03359,1711.76470588235,1711.76471
360,2020,"Uelzen",Rumänien,Veränderung gegenüber 2005 in Prozent,K03360,1490.90909090909,1490.90909
361,2020,"Verden",Rumänien,Veränderung gegenüber 2005 in Prozent,K03361,2346.42857142857,2346.42857
3,2020,"Statistische Region Lüneburg",Rumänien,Veränderung gegenüber 2005 in Prozent,K033,1463.75227686703,1463.75228
401,2020,"Delmenhorst, Stadt",Rumänien,Veränderung gegenüber 2005 in Prozent,K03401,4573.07692307692,4573.07692
402,2020,"Emden, Stadt",Rumänien,Veränderung gegenüber 2005 in Prozent,K03402,1476.92307692308,1476.92308
403,2020,"Oldenburg (Oldb), Stadt",Rumänien,Veränderung gegenüber 2005 in Prozent,K03403,886.95652173913,886.956522
404,2020,"Osnabrück, Stadt",Rumänien,Veränderung gegenüber 2005 in Prozent,K03404,1645.76271186441,1645.76271
405,2020,"Wilhelmshaven, Stadt",Rumänien,Veränderung gegenüber 2005 in Prozent,K03405,3566.66666666667,3566.66667
451,2020,"Ammerland",Rumänien,Veränderung gegenüber 2005 in Prozent,K03451,3580,3580
452,2020,"Aurich",Rumänien,Veränderung gegenüber 2005 in Prozent,K03452,3480.64516129032,3480.64516
453,2020,"Cloppenburg",Rumänien,Veränderung gegenüber 2005 in Prozent,K03453,16532.3529411765,16532.3529
454,2020,"Emsland",Rumänien,Veränderung gegenüber 2005 in Prozent,K03454,9215.78947368421,9215.78947
455,2020,"Friesland",Rumänien,Veränderung gegenüber 2005 in Prozent,K03455,791.304347826087,791.304348
456,2020,"Grafschaft Bentheim",Rumänien,Veränderung gegenüber 2005 in Prozent,K03456,2183.78378378378,2183.78378
457,2020,"Leer",Rumänien,Veränderung gegenüber 2005 in Prozent,K03457,1231.96721311475,1231.96721
458,2020,"Oldenburg",Rumänien,Veränderung gegenüber 2005 in Prozent,K03458,6844.44444444444,6844.44444
459,2020,"Osnabrück",Rumänien,Veränderung gegenüber 2005 in Prozent,K03459,4842.74809160305,4842.74809
460,2020,"Vechta",Rumänien,Veränderung gegenüber 2005 in Prozent,K03460,3731.39534883721,3731.39535
461,2020,"Wesermarsch",Rumänien,Veränderung gegenüber 2005 in Prozent,K03461,468.75,468.75
462,2020,"Wittmund",Rumänien,Veränderung gegenüber 2005 in Prozent,K03462,3275,3275
4,2020,"Statistische Region Weser-Ems",Rumänien,Veränderung gegenüber 2005 in Prozent,K034,3609.43796394486,3609.43796
0,2020,"Niedersachsen",Rumänien,Veränderung gegenüber 2005 in Prozent,K030,1812.32998225902,1812.32998
101,2021,"Braunschweig, Stadt",Rumänien,Veränderung gegenüber 2005 in Prozent,K03101,173.109243697479,173.109244
102,2021,"Salzgitter, Stadt",Rumänien,Veränderung gegenüber 2005 in Prozent,K03102,1375,1375
103,2021,"Wolfsburg, Stadt",Rumänien,Veränderung gegenüber 2005 in Prozent,K03103,496.153846153846,496.153846
151,2021,"Gifhorn",Rumänien,Veränderung gegenüber 2005 in Prozent,K03151,1557.40740740741,1557.40741
153,2021,"Goslar",Rumänien,Veränderung gegenüber 2005 in Prozent,K03153,1280.4347826087,1280.43478
154,2021,"Helmstedt",Rumänien,Veränderung gegenüber 2005 in Prozent,K03154,2288.88888888889,2288.88889
155,2021,"Northeim",Rumänien,Veränderung gegenüber 2005 in Prozent,K03155,1143.58974358974,1143.58974
157,2021,"Peine",Rumänien,Veränderung gegenüber 2005 in Prozent,K03157,1946.875,1946.875
158,2021,"Wolfenbüttel",Rumänien,Veränderung gegenüber 2005 in Prozent,K03158,545.833333333333,545.833333
159,2021,"Göttingen",Rumänien,Veränderung gegenüber 2005 in Prozent,K03159,846.540880503145,846.540881
1,2021,"Statistische Region Braunschweig",Rumänien,Veränderung gegenüber 2005 in Prozent,K031,845.544554455446,845.544554
241,2021,"Region Hannover",Rumänien,Veränderung gegenüber 2005 in Prozent,K03241,943.032786885246,943.032787
241001,2021,"dav. Hannover, Lhst.",Rumänien,Veränderung gegenüber 2005 in Prozent,K03241001,1102.98507462687,1102.98507
241999,2021,"dav. Hannover, Umland",Rumänien,Veränderung gegenüber 2005 in Prozent,K03241999,808.060453400504,808.060453
251,2021,"Diepholz",Rumänien,Veränderung gegenüber 2005 in Prozent,K03251,3772.8813559322,3772.88136
252,2021,"Hameln-Pyrmont",Rumänien,Veränderung gegenüber 2005 in Prozent,K03252,2727.27272727273,2727.27273
254,2021,"Hildesheim",Rumänien,Veränderung gegenüber 2005 in Prozent,K03254,1046.15384615385,1046.15385
255,2021,"Holzminden",Rumänien,Veränderung gegenüber 2005 in Prozent,K03255,1507.14285714286,1507.14286
256,2021,"Nienburg (Weser)",Rumänien,Veränderung gegenüber 2005 in Prozent,K03256,3945.45454545455,3945.45455
257,2021,"Schaumburg",Rumänien,Veränderung gegenüber 2005 in Prozent,K03257,1137.28813559322,1137.28814
2,2021,"Statistische Region Hannover",Rumänien,Veränderung gegenüber 2005 in Prozent,K032,1309.88909426987,1309.88909
351,2021,"Celle",Rumänien,Veränderung gegenüber 2005 in Prozent,K03351,1286.66666666667,1286.66667
352,2021,"Cuxhaven",Rumänien,Veränderung gegenüber 2005 in Prozent,K03352,1605.12820512821,1605.12821
353,2021,"Harburg",Rumänien,Veränderung gegenüber 2005 in Prozent,K03353,1618.25396825397,1618.25397
354,2021,"Lüchow-Dannenberg",Rumänien,Veränderung gegenüber 2005 in Prozent,K03354,2150,2150
355,2021,"Lüneburg",Rumänien,Veränderung gegenüber 2005 in Prozent,K03355,1454.05405405405,1454.05405
356,2021,"Osterholz",Rumänien,Veränderung gegenüber 2005 in Prozent,K03356,665.625,665.625
357,2021,"Rotenburg (Wümme)",Rumänien,Veränderung gegenüber 2005 in Prozent,K03357,1551.78571428571,1551.78571
358,2021,"Heidekreis",Rumänien,Veränderung gegenüber 2005 in Prozent,K03358,2607.31707317073,2607.31707
359,2021,"Stade",Rumänien,Veränderung gegenüber 2005 in Prozent,K03359,1764.70588235294,1764.70588
360,2021,"Uelzen",Rumänien,Veränderung gegenüber 2005 in Prozent,K03360,1672.72727272727,1672.72727
361,2021,"Verden",Rumänien,Veränderung gegenüber 2005 in Prozent,K03361,2828.57142857143,2828.57143
3,2021,"Statistische Region Lüneburg",Rumänien,Veränderung gegenüber 2005 in Prozent,K033,1667.75956284153,1667.75956
401,2021,"Delmenhorst, Stadt",Rumänien,Veränderung gegenüber 2005 in Prozent,K03401,5111.53846153846,5111.53846
402,2021,"Emden, Stadt",Rumänien,Veränderung gegenüber 2005 in Prozent,K03402,1348.71794871795,1348.71795
403,2021,"Oldenburg (Oldb), Stadt",Rumänien,Veränderung gegenüber 2005 in Prozent,K03403,1017.39130434783,1017.3913
404,2021,"Osnabrück, Stadt",Rumänien,Veränderung gegenüber 2005 in Prozent,K03404,1764.40677966102,1764.40678
405,2021,"Wilhelmshaven, Stadt",Rumänien,Veränderung gegenüber 2005 in Prozent,K03405,4000,4000
451,2021,"Ammerland",Rumänien,Veränderung gegenüber 2005 in Prozent,K03451,3040,3040
452,2021,"Aurich",Rumänien,Veränderung gegenüber 2005 in Prozent,K03452,3641.93548387097,3641.93548
453,2021,"Cloppenburg",Rumänien,Veränderung gegenüber 2005 in Prozent,K03453,21341.1764705882,21341.1765
454,2021,"Emsland",Rumänien,Veränderung gegenüber 2005 in Prozent,K03454,9972.36842105263,9972.36842
455,2021,"Friesland",Rumänien,Veränderung gegenüber 2005 in Prozent,K03455,943.478260869565,943.478261
456,2021,"Grafschaft Bentheim",Rumänien,Veränderung gegenüber 2005 in Prozent,K03456,2535.13513513514,2535.13514
457,2021,"Leer",Rumänien,Veränderung gegenüber 2005 in Prozent,K03457,1285.24590163934,1285.2459
458,2021,"Oldenburg",Rumänien,Veränderung gegenüber 2005 in Prozent,K03458,7358.33333333333,7358.33333
459,2021,"Osnabrück",Rumänien,Veränderung gegenüber 2005 in Prozent,K03459,5422.90076335878,5422.90076
460,2021,"Vechta",Rumänien,Veränderung gegenüber 2005 in Prozent,K03460,4051.16279069767,4051.16279
461,2021,"Wesermarsch",Rumänien,Veränderung gegenüber 2005 in Prozent,K03461,487.5,487.5
462,2021,"Wittmund",Rumänien,Veränderung gegenüber 2005 in Prozent,K03462,3212.5,3212.5
4,2021,"Statistische Region Weser-Ems",Rumänien,Veränderung gegenüber 2005 in Prozent,K034,4029.37433722163,4029.37434
0,2021,"Niedersachsen",Rumänien,Veränderung gegenüber 2005 in Prozent,K030,2015.31638083974,2015.31638
101,2022,"Braunschweig, Stadt",Rumänien,Veränderung gegenüber 2005 in Prozent,K03101,166.806722689076,166.806723
102,2022,"Salzgitter, Stadt",Rumänien,Veränderung gegenüber 2005 in Prozent,K03102,1416.66666666667,1416.66667
103,2022,"Wolfsburg, Stadt",Rumänien,Veränderung gegenüber 2005 in Prozent,K03103,566.666666666667,566.666667
151,2022,"Gifhorn",Rumänien,Veränderung gegenüber 2005 in Prozent,K03151,1548.14814814815,1548.14815
153,2022,"Goslar",Rumänien,Veränderung gegenüber 2005 in Prozent,K03153,1345.65217391304,1345.65217
154,2022,"Helmstedt",Rumänien,Veränderung gegenüber 2005 in Prozent,K03154,2177.77777777778,2177.77778
155,2022,"Northeim",Rumänien,Veränderung gegenüber 2005 in Prozent,K03155,1233.33333333333,1233.33333
157,2022,"Peine",Rumänien,Veränderung gegenüber 2005 in Prozent,K03157,2103.125,2103.125
158,2022,"Wolfenbüttel",Rumänien,Veränderung gegenüber 2005 in Prozent,K03158,712.5,712.5
159,2022,"Göttingen",Rumänien,Veränderung gegenüber 2005 in Prozent,K03159,909.433962264151,909.433962
1,2022,"Statistische Region Braunschweig",Rumänien,Veränderung gegenüber 2005 in Prozent,K031,886.386138613861,886.386139
241,2022,"Region Hannover",Rumänien,Veränderung gegenüber 2005 in Prozent,K03241,1000.40983606557,1000.40984
241001,2022,"dav. Hannover, Lhst.",Rumänien,Veränderung gegenüber 2005 in Prozent,K03241001,1129.85074626866,1129.85075
241999,2022,"dav. Hannover, Umland",Rumänien,Veränderung gegenüber 2005 in Prozent,K03241999,891.183879093199,891.183879
251,2022,"Diepholz",Rumänien,Veränderung gegenüber 2005 in Prozent,K03251,3891.52542372881,3891.52542
252,2022,"Hameln-Pyrmont",Rumänien,Veränderung gegenüber 2005 in Prozent,K03252,2690.90909090909,2690.90909
254,2022,"Hildesheim",Rumänien,Veränderung gegenüber 2005 in Prozent,K03254,1126.92307692308,1126.92308
255,2022,"Holzminden",Rumänien,Veränderung gegenüber 2005 in Prozent,K03255,1471.42857142857,1471.42857
256,2022,"Nienburg (Weser)",Rumänien,Veränderung gegenüber 2005 in Prozent,K03256,4021.21212121212,4021.21212
257,2022,"Schaumburg",Rumänien,Veränderung gegenüber 2005 in Prozent,K03257,1264.40677966102,1264.40678
2,2022,"Statistische Region Hannover",Rumänien,Veränderung gegenüber 2005 in Prozent,K032,1371.81146025878,1371.81146
351,2022,"Celle",Rumänien,Veränderung gegenüber 2005 in Prozent,K03351,1446.66666666667,1446.66667
352,2022,"Cuxhaven",Rumänien,Veränderung gegenüber 2005 in Prozent,K03352,1758.97435897436,1758.97436
353,2022,"Harburg",Rumänien,Veränderung gegenüber 2005 in Prozent,K03353,1626.19047619048,1626.19048
354,2022,"Lüchow-Dannenberg",Rumänien,Veränderung gegenüber 2005 in Prozent,K03354,2087.5,2087.5
355,2022,"Lüneburg",Rumänien,Veränderung gegenüber 2005 in Prozent,K03355,1818.91891891892,1818.91892
356,2022,"Osterholz",Rumänien,Veränderung gegenüber 2005 in Prozent,K03356,728.125,728.125
357,2022,"Rotenburg (Wümme)",Rumänien,Veränderung gegenüber 2005 in Prozent,K03357,1667.85714285714,1667.85714
358,2022,"Heidekreis",Rumänien,Veränderung gegenüber 2005 in Prozent,K03358,2765.85365853659,2765.85366
359,2022,"Stade",Rumänien,Veränderung gegenüber 2005 in Prozent,K03359,1858.82352941176,1858.82353
360,2022,"Uelzen",Rumänien,Veränderung gegenüber 2005 in Prozent,K03360,1740.90909090909,1740.90909
361,2022,"Verden",Rumänien,Veränderung gegenüber 2005 in Prozent,K03361,3150,3150
3,2022,"Statistische Region Lüneburg",Rumänien,Veränderung gegenüber 2005 in Prozent,K033,1784.33515482696,1784.33515
401,2022,"Delmenhorst, Stadt",Rumänien,Veränderung gegenüber 2005 in Prozent,K03401,5842.30769230769,5842.30769
402,2022,"Emden, Stadt",Rumänien,Veränderung gegenüber 2005 in Prozent,K03402,1528.20512820513,1528.20513
403,2022,"Oldenburg (Oldb), Stadt",Rumänien,Veränderung gegenüber 2005 in Prozent,K03403,1082.60869565217,1082.6087
404,2022,"Osnabrück, Stadt",Rumänien,Veränderung gegenüber 2005 in Prozent,K03404,1908.47457627119,1908.47458
405,2022,"Wilhelmshaven, Stadt",Rumänien,Veränderung gegenüber 2005 in Prozent,K03405,4600,4600
451,2022,"Ammerland",Rumänien,Veränderung gegenüber 2005 in Prozent,K03451,3140,3140
452,2022,"Aurich",Rumänien,Veränderung gegenüber 2005 in Prozent,K03452,4061.29032258065,4061.29032
453,2022,"Cloppenburg",Rumänien,Veränderung gegenüber 2005 in Prozent,K03453,20429.4117647059,20429.4118
454,2022,"Emsland",Rumänien,Veränderung gegenüber 2005 in Prozent,K03454,10571.0526315789,10571.0526
455,2022,"Friesland",Rumänien,Veränderung gegenüber 2005 in Prozent,K03455,813.04347826087,813.043478
456,2022,"Grafschaft Bentheim",Rumänien,Veränderung gegenüber 2005 in Prozent,K03456,3075.67567567568,3075.67568
457,2022,"Leer",Rumänien,Veränderung gegenüber 2005 in Prozent,K03457,1326.22950819672,1326.22951
458,2022,"Oldenburg",Rumänien,Veränderung gegenüber 2005 in Prozent,K03458,7066.66666666667,7066.66667
459,2022,"Osnabrück",Rumänien,Veränderung gegenüber 2005 in Prozent,K03459,5808.39694656489,5808.39695
460,2022,"Vechta",Rumänien,Veränderung gegenüber 2005 in Prozent,K03460,4231.39534883721,4231.39535
461,2022,"Wesermarsch",Rumänien,Veränderung gegenüber 2005 in Prozent,K03461,512.5,512.5
462,2022,"Wittmund",Rumänien,Veränderung gegenüber 2005 in Prozent,K03462,3650,3650
4,2022,"Statistische Region Weser-Ems",Rumänien,Veränderung gegenüber 2005 in Prozent,K034,4201.6967126193,4201.69671
0,2022,"Niedersachsen",Rumänien,Veränderung gegenüber 2005 in Prozent,K030,2111.85688941455,2111.85689
101,2023,"Braunschweig, Stadt",Rumänien,Veränderung gegenüber 2005 in Prozent,K03101,179.411764705882,179.411765
102,2023,"Salzgitter, Stadt",Rumänien,Veränderung gegenüber 2005 in Prozent,K03102,1545.83333333333,1545.83333
103,2023,"Wolfsburg, Stadt",Rumänien,Veränderung gegenüber 2005 in Prozent,K03103,656.410256410256,656.410256
151,2023,"Gifhorn",Rumänien,Veränderung gegenüber 2005 in Prozent,K03151,1937.03703703704,1937.03704
153,2023,"Goslar",Rumänien,Veränderung gegenüber 2005 in Prozent,K03153,1323.91304347826,1323.91304
154,2023,"Helmstedt",Rumänien,Veränderung gegenüber 2005 in Prozent,K03154,2372.22222222222,2372.22222
155,2023,"Northeim",Rumänien,Veränderung gegenüber 2005 in Prozent,K03155,1476.92307692308,1476.92308
157,2023,"Peine",Rumänien,Veränderung gegenüber 2005 in Prozent,K03157,2087.5,2087.5
158,2023,"Wolfenbüttel",Rumänien,Veränderung gegenüber 2005 in Prozent,K03158,650,650
159,2023,"Göttingen",Rumänien,Veränderung gegenüber 2005 in Prozent,K03159,1044.65408805031,1044.65409
1,2023,"Statistische Region Braunschweig",Rumänien,Veränderung gegenüber 2005 in Prozent,K031,982.30198019802,982.30198
241,2023,"Region Hannover",Rumänien,Veränderung gegenüber 2005 in Prozent,K03241,1028.41530054645,1028.4153
241001,2023,"dav. Hannover, Lhst.",Rumänien,Veränderung gegenüber 2005 in Prozent,K03241001,1147.76119402985,1147.76119
241999,2023,"dav. Hannover, Umland",Rumänien,Veränderung gegenüber 2005 in Prozent,K03241999,927.707808564232,927.707809
251,2023,"Diepholz",Rumänien,Veränderung gegenüber 2005 in Prozent,K03251,4205.08474576271,4205.08475
252,2023,"Hameln-Pyrmont",Rumänien,Veränderung gegenüber 2005 in Prozent,K03252,2709.09090909091,2709.09091
254,2023,"Hildesheim",Rumänien,Veränderung gegenüber 2005 in Prozent,K03254,1176.92307692308,1176.92308
255,2023,"Holzminden",Rumänien,Veränderung gegenüber 2005 in Prozent,K03255,1757.14285714286,1757.14286
256,2023,"Nienburg (Weser)",Rumänien,Veränderung gegenüber 2005 in Prozent,K03256,4400,4400
257,2023,"Schaumburg",Rumänien,Veränderung gegenüber 2005 in Prozent,K03257,1306.77966101695,1306.77966
2,2023,"Statistische Region Hannover",Rumänien,Veränderung gegenüber 2005 in Prozent,K032,1432.34750462107,1432.3475
351,2023,"Celle",Rumänien,Veränderung gegenüber 2005 in Prozent,K03351,1553.33333333333,1553.33333
352,2023,"Cuxhaven",Rumänien,Veränderung gegenüber 2005 in Prozent,K03352,2028.20512820513,2028.20513
353,2023,"Harburg",Rumänien,Veränderung gegenüber 2005 in Prozent,K03353,1709.52380952381,1709.52381
354,2023,"Lüchow-Dannenberg",Rumänien,Veränderung gegenüber 2005 in Prozent,K03354,1712.5,1712.5
355,2023,"Lüneburg",Rumänien,Veränderung gegenüber 2005 in Prozent,K03355,1562.16216216216,1562.16216
356,2023,"Osterholz",Rumänien,Veränderung gegenüber 2005 in Prozent,K03356,775,775
357,2023,"Rotenburg (Wümme)",Rumänien,Veränderung gegenüber 2005 in Prozent,K03357,1864.28571428571,1864.28571
358,2023,"Heidekreis",Rumänien,Veränderung gegenüber 2005 in Prozent,K03358,2973.17073170732,2973.17073
359,2023,"Stade",Rumänien,Veränderung gegenüber 2005 in Prozent,K03359,2000,2000
360,2023,"Uelzen",Rumänien,Veränderung gegenüber 2005 in Prozent,K03360,1672.72727272727,1672.72727
361,2023,"Verden",Rumänien,Veränderung gegenüber 2005 in Prozent,K03361,3257.14285714286,3257.14286
3,2023,"Statistische Region Lüneburg",Rumänien,Veränderung gegenüber 2005 in Prozent,K033,1879.05282331512,1879.05282
401,2023,"Delmenhorst, Stadt",Rumänien,Veränderung gegenüber 2005 in Prozent,K03401,6669.23076923077,6669.23077
402,2023,"Emden, Stadt",Rumänien,Veränderung gegenüber 2005 in Prozent,K03402,1810.25641025641,1810.25641
403,2023,"Oldenburg (Oldb), Stadt",Rumänien,Veränderung gegenüber 2005 in Prozent,K03403,1147.82608695652,1147.82609
404,2023,"Osnabrück, Stadt",Rumänien,Veränderung gegenüber 2005 in Prozent,K03404,2044.06779661017,2044.0678
405,2023,"Wilhelmshaven, Stadt",Rumänien,Veränderung gegenüber 2005 in Prozent,K03405,5333.33333333333,5333.33333
451,2023,"Ammerland",Rumänien,Veränderung gegenüber 2005 in Prozent,K03451,3220,3220
452,2023,"Aurich",Rumänien,Veränderung gegenüber 2005 in Prozent,K03452,4400,4400
453,2023,"Cloppenburg",Rumänien,Veränderung gegenüber 2005 in Prozent,K03453,23605.8823529412,23605.8824
454,2023,"Emsland",Rumänien,Veränderung gegenüber 2005 in Prozent,K03454,11347.3684210526,11347.3684
455,2023,"Friesland",Rumänien,Veränderung gegenüber 2005 in Prozent,K03455,921.739130434783,921.73913
456,2023,"Grafschaft Bentheim",Rumänien,Veränderung gegenüber 2005 in Prozent,K03456,3521.62162162162,3521.62162
457,2023,"Leer",Rumänien,Veränderung gegenüber 2005 in Prozent,K03457,1354.91803278689,1354.91803
458,2023,"Oldenburg",Rumänien,Veränderung gegenüber 2005 in Prozent,K03458,7038.88888888889,7038.88889
459,2023,"Osnabrück",Rumänien,Veränderung gegenüber 2005 in Prozent,K03459,6048.85496183206,6048.85496
460,2023,"Vechta",Rumänien,Veränderung gegenüber 2005 in Prozent,K03460,4423.25581395349,4423.25581
461,2023,"Wesermarsch",Rumänien,Veränderung gegenüber 2005 in Prozent,K03461,587.5,587.5
462,2023,"Wittmund",Rumänien,Veränderung gegenüber 2005 in Prozent,K03462,3400,3400
4,2023,"Statistische Region Weser-Ems",Rumänien,Veränderung gegenüber 2005 in Prozent,K034,4533.61611876988,4533.61612
0,2023,"Niedersachsen",Rumänien,Veränderung gegenüber 2005 in Prozent,K030,2262.2117090479,2262.21171
101,2024,"Braunschweig, Stadt",Rumänien,Veränderung gegenüber 2005 in Prozent,K03101,158.403361344538,158.403361
102,2024,"Salzgitter, Stadt",Rumänien,Veränderung gegenüber 2005 in Prozent,K03102,1704.16666666667,1704.16667
103,2024,"Wolfsburg, Stadt",Rumänien,Veränderung gegenüber 2005 in Prozent,K03103,726.923076923077,726.923077
151,2024,"Gifhorn",Rumänien,Veränderung gegenüber 2005 in Prozent,K03151,1909.25925925926,1909.25926
153,2024,"Goslar",Rumänien,Veränderung gegenüber 2005 in Prozent,K03153,1334.78260869565,1334.78261
154,2024,"Helmstedt",Rumänien,Veränderung gegenüber 2005 in Prozent,K03154,2372.22222222222,2372.22222
155,2024,"Northeim",Rumänien,Veränderung gegenüber 2005 in Prozent,K03155,1964.10256410256,1964.10256
157,2024,"Peine",Rumänien,Veränderung gegenüber 2005 in Prozent,K03157,2228.125,2228.125
158,2024,"Wolfenbüttel",Rumänien,Veränderung gegenüber 2005 in Prozent,K03158,608.333333333333,608.333333
159,2024,"Göttingen",Rumänien,Veränderung gegenüber 2005 in Prozent,K03159,1164.15094339623,1164.15094
1,2024,"Statistische Region Braunschweig",Rumänien,Veränderung gegenüber 2005 in Prozent,K031,1057.17821782178,1057.17822
241,2024,"Region Hannover",Rumänien,Veränderung gegenüber 2005 in Prozent,K03241,1079.64480874317,1079.64481
241001,2024,"dav. Hannover, Lhst.",Rumänien,Veränderung gegenüber 2005 in Prozent,K03241001,1228.35820895522,1228.35821
241999,2024,"dav. Hannover, Umland",Rumänien,Veränderung gegenüber 2005 in Prozent,K03241999,954.156171284635,954.156171
251,2024,"Diepholz",Rumänien,Veränderung gegenüber 2005 in Prozent,K03251,4094.91525423729,4094.91525
252,2024,"Hameln-Pyrmont",Rumänien,Veränderung gegenüber 2005 in Prozent,K03252,2600,2600
254,2024,"Hildesheim",Rumänien,Veränderung gegenüber 2005 in Prozent,K03254,1138.46153846154,1138.46154
255,2024,"Holzminden",Rumänien,Veränderung gegenüber 2005 in Prozent,K03255,2257.14285714286,2257.14286
256,2024,"Nienburg (Weser)",Rumänien,Veränderung gegenüber 2005 in Prozent,K03256,4081.81818181818,4081.81818
257,2024,"Schaumburg",Rumänien,Veränderung gegenüber 2005 in Prozent,K03257,1391.52542372881,1391.52542
2,2024,"Statistische Region Hannover",Rumänien,Veränderung gegenüber 2005 in Prozent,K032,1452.21811460259,1452.21811
351,2024,"Celle",Rumänien,Veränderung gegenüber 2005 in Prozent,K03351,1613.33333333333,1613.33333
352,2024,"Cuxhaven",Rumänien,Veränderung gegenüber 2005 in Prozent,K03352,1964.10256410256,1964.10256
353,2024,"Harburg",Rumänien,Veränderung gegenüber 2005 in Prozent,K03353,1737.30158730159,1737.30159
354,2024,"Lüchow-Dannenberg",Rumänien,Veränderung gegenüber 2005 in Prozent,K03354,1900,1900
355,2024,"Lüneburg",Rumänien,Veränderung gegenüber 2005 in Prozent,K03355,1427.02702702703,1427.02703
356,2024,"Osterholz",Rumänien,Veränderung gegenüber 2005 in Prozent,K03356,759.375,759.375
357,2024,"Rotenburg (Wümme)",Rumänien,Veränderung gegenüber 2005 in Prozent,K03357,1792.85714285714,1792.85714
358,2024,"Heidekreis",Rumänien,Veränderung gegenüber 2005 in Prozent,K03358,2826.82926829268,2826.82927
359,2024,"Stade",Rumänien,Veränderung gegenüber 2005 in Prozent,K03359,2147.05882352941,2147.05882
360,2024,"Uelzen",Rumänien,Veränderung gegenüber 2005 in Prozent,K03360,1672.72727272727,1672.72727
361,2024,"Verden",Rumänien,Veränderung gegenüber 2005 in Prozent,K03361,3221.42857142857,3221.42857
3,2024,"Statistische Region Lüneburg",Rumänien,Veränderung gegenüber 2005 in Prozent,K033,1884.51730418944,1884.5173
401,2024,"Delmenhorst, Stadt",Rumänien,Veränderung gegenüber 2005 in Prozent,K03401,6707.69230769231,6707.69231
402,2024,"Emden, Stadt",Rumänien,Veränderung gegenüber 2005 in Prozent,K03402,1784.61538461538,1784.61538
403,2024,"Oldenburg (Oldb), Stadt",Rumänien,Veränderung gegenüber 2005 in Prozent,K03403,1121.73913043478,1121.73913
404,2024,"Osnabrück, Stadt",Rumänien,Veränderung gegenüber 2005 in Prozent,K03404,1942.37288135593,1942.37288
405,2024,"Wilhelmshaven, Stadt",Rumänien,Veränderung gegenüber 2005 in Prozent,K03405,5233.33333333333,5233.33333
451,2024,"Ammerland",Rumänien,Veränderung gegenüber 2005 in Prozent,K03451,3100,3100
452,2024,"Aurich",Rumänien,Veränderung gegenüber 2005 in Prozent,K03452,4093.54838709677,4093.54839
453,2024,"Cloppenburg",Rumänien,Veränderung gegenüber 2005 in Prozent,K03453,24194.1176470588,24194.1176
454,2024,"Emsland",Rumänien,Veränderung gegenüber 2005 in Prozent,K03454,11669.7368421053,11669.7368
455,2024,"Friesland",Rumänien,Veränderung gegenüber 2005 in Prozent,K03455,965.217391304348,965.217391
456,2024,"Grafschaft Bentheim",Rumänien,Veränderung gegenüber 2005 in Prozent,K03456,3562.16216216216,3562.16216
457,2024,"Leer",Rumänien,Veränderung gegenüber 2005 in Prozent,K03457,1346.72131147541,1346.72131
458,2024,"Oldenburg",Rumänien,Veränderung gegenüber 2005 in Prozent,K03458,6844.44444444444,6844.44444
459,2024,"Osnabrück",Rumänien,Veränderung gegenüber 2005 in Prozent,K03459,6090.83969465649,6090.83969
460,2024,"Vechta",Rumänien,Veränderung gegenüber 2005 in Prozent,K03460,4341.86046511628,4341.86047
461,2024,"Wesermarsch",Rumänien,Veränderung gegenüber 2005 in Prozent,K03461,618.75,618.75
462,2024,"Wittmund",Rumänien,Veränderung gegenüber 2005 in Prozent,K03462,3587.5,3587.5
4,2024,"Statistische Region Weser-Ems",Rumänien,Veränderung gegenüber 2005 in Prozent,K034,4554.2948038176,4554.2948
0,2024,"Niedersachsen",Rumänien,Veränderung gegenüber 2005 in Prozent,K030,2293.11058545239,2293.11059
101,2025,"Braunschweig, Stadt",Rumänien,Veränderung gegenüber 2005 in Prozent,K03101,175.210084033613,175.210084
102,2025,"Salzgitter, Stadt",Rumänien,Veränderung gegenüber 2005 in Prozent,K03102,1854.16666666667,1854.16667
103,2025,"Wolfsburg, Stadt",Rumänien,Veränderung gegenüber 2005 in Prozent,K03103,688.461538461538,688.461538
151,2025,"Gifhorn",Rumänien,Veränderung gegenüber 2005 in Prozent,K03151,1788.88888888889,1788.88889
153,2025,"Goslar",Rumänien,Veränderung gegenüber 2005 in Prozent,K03153,1258.69565217391,1258.69565
154,2025,"Helmstedt",Rumänien,Veränderung gegenüber 2005 in Prozent,K03154,2511.11111111111,2511.11111
155,2025,"Northeim",Rumänien,Veränderung gegenüber 2005 in Prozent,K03155,1733.33333333333,1733.33333
157,2025,"Peine",Rumänien,Veränderung gegenüber 2005 in Prozent,K03157,2212.5,2212.5
158,2025,"Wolfenbüttel",Rumänien,Veränderung gegenüber 2005 in Prozent,K03158,629.166666666667,629.166667
159,2025,"Göttingen",Rumänien,Veränderung gegenüber 2005 in Prozent,K03159,1208.17610062893,1208.1761
1,2025,"Statistische Region Braunschweig",Rumänien,Veränderung gegenüber 2005 in Prozent,K031,1068.31683168317,1068.31683
241,2025,"Region Hannover",Rumänien,Veränderung gegenüber 2005 in Prozent,K03241,999.043715846995,999.043716
241001,2025,"dav. Hannover, Lhst.",Rumänien,Veränderung gegenüber 2005 in Prozent,K03241001,1097.01492537313,1097.01493
241999,2025,"dav. Hannover, Umland",Rumänien,Veränderung gegenüber 2005 in Prozent,K03241999,916.372795969773,916.372796
251,2025,"Diepholz",Rumänien,Veränderung gegenüber 2005 in Prozent,K03251,4154.23728813559,4154.23729
252,2025,"Hameln-Pyrmont",Rumänien,Veränderung gegenüber 2005 in Prozent,K03252,2645.45454545455,2645.45455
254,2025,"Hildesheim",Rumänien,Veränderung gegenüber 2005 in Prozent,K03254,1150,1150
255,2025,"Holzminden",Rumänien,Veränderung gegenüber 2005 in Prozent,K03255,2507.14285714286,2507.14286
256,2025,"Nienburg (Weser)",Rumänien,Veränderung gegenüber 2005 in Prozent,K03256,3930.30303030303,3930.30303
257,2025,"Schaumburg",Rumänien,Veränderung gegenüber 2005 in Prozent,K03257,1332.20338983051,1332.20339
2,2025,"Statistische Region Hannover",Rumänien,Veränderung gegenüber 2005 in Prozent,K032,1400,1400
351,2025,"Celle",Rumänien,Veränderung gegenüber 2005 in Prozent,K03351,1606.66666666667,1606.66667
352,2025,"Cuxhaven",Rumänien,Veränderung gegenüber 2005 in Prozent,K03352,1938.46153846154,1938.46154
353,2025,"Harburg",Rumänien,Veränderung gegenüber 2005 in Prozent,K03353,1590.47619047619,1590.47619
354,2025,"Lüchow-Dannenberg",Rumänien,Veränderung gegenüber 2005 in Prozent,K03354,2025,2025
355,2025,"Lüneburg",Rumänien,Veränderung gegenüber 2005 in Prozent,K03355,1413.51351351351,1413.51351
356,2025,"Osterholz",Rumänien,Veränderung gegenüber 2005 in Prozent,K03356,665.625,665.625
357,2025,"Rotenburg (Wümme)",Rumänien,Veränderung gegenüber 2005 in Prozent,K03357,1855.35714285714,1855.35714
358,2025,"Heidekreis",Rumänien,Veränderung gegenüber 2005 in Prozent,K03358,2875.60975609756,2875.60976
359,2025,"Stade",Rumänien,Veränderung gegenüber 2005 in Prozent,K03359,2094.11764705882,2094.11765
360,2025,"Uelzen",Rumänien,Veränderung gegenüber 2005 in Prozent,K03360,1763.63636363636,1763.63636
361,2025,"Verden",Rumänien,Veränderung gegenüber 2005 in Prozent,K03361,3453.57142857143,3453.57143
3,2025,"Statistische Region Lüneburg",Rumänien,Veränderung gegenüber 2005 in Prozent,K033,1861.74863387978,1861.74863
401,2025,"Delmenhorst, Stadt",Rumänien,Veränderung gegenüber 2005 in Prozent,K03401,6976.92307692308,6976.92308
402,2025,"Emden, Stadt",Rumänien,Veränderung gegenüber 2005 in Prozent,K03402,1656.41025641026,1656.41026
403,2025,"Oldenburg (Oldb), Stadt",Rumänien,Veränderung gegenüber 2005 in Prozent,K03403,1060.86956521739,1060.86957
404,2025,"Osnabrück, Stadt",Rumänien,Veränderung gegenüber 2005 in Prozent,K03404,1874.57627118644,1874.57627
405,2025,"Wilhelmshaven, Stadt",Rumänien,Veränderung gegenüber 2005 in Prozent,K03405,5466.66666666667,5466.66667
451,2025,"Ammerland",Rumänien,Veränderung gegenüber 2005 in Prozent,K03451,3640,3640
452,2025,"Aurich",Rumänien,Veränderung gegenüber 2005 in Prozent,K03452,4238.70967741936,4238.70968
453,2025,"Cloppenburg",Rumänien,Veränderung gegenüber 2005 in Prozent,K03453,22208.8235294118,22208.8235
454,2025,"Emsland",Rumänien,Veränderung gegenüber 2005 in Prozent,K03454,11946.0526315789,11946.0526
455,2025,"Friesland",Rumänien,Veränderung gegenüber 2005 in Prozent,K03455,1117.39130434783,1117.3913
456,2025,"Grafschaft Bentheim",Rumänien,Veränderung gegenüber 2005 in Prozent,K03456,3845.94594594595,3845.94595
457,2025,"Leer",Rumänien,Veränderung gegenüber 2005 in Prozent,K03457,1363.11475409836,1363.11475
458,2025,"Oldenburg",Rumänien,Veränderung gegenüber 2005 in Prozent,K03458,6302.77777777778,6302.77778
459,2025,"Osnabrück",Rumänien,Veränderung gegenüber 2005 in Prozent,K03459,6094.65648854962,6094.65649
460,2025,"Vechta",Rumänien,Veränderung gegenüber 2005 in Prozent,K03460,4411.62790697674,4411.62791
461,2025,"Wesermarsch",Rumänien,Veränderung gegenüber 2005 in Prozent,K03461,668.75,668.75
462,2025,"Wittmund",Rumänien,Veränderung gegenüber 2005 in Prozent,K03462,3087.5,3087.5
4,2025,"Statistische Region Weser-Ems",Rumänien,Veränderung gegenüber 2005 in Prozent,K034,4520.3605514316,4520.36055
0,2025,"Niedersachsen",Rumänien,Veränderung gegenüber 2005 in Prozent,K030,2265.75990538143,2265.75991
