Year,Gebietseinheit,Land der Staatsangehörigkeit,Units,GeoCode,Value_2,Value
2005,"Braunschweig, Stadt",Ukraine,Anzahl,K03101,352.0,352.0
2005,"Salzgitter, Stadt",Ukraine,Anzahl,K03102,68.0,68.0
2005,"Wolfsburg, Stadt",Ukraine,Anzahl,K03103,91.0,91.0
2005,Gifhorn,Ukraine,Anzahl,K03151,96.0,96.0
2005,Goslar,Ukraine,Anzahl,K03153,92.0,92.0
2005,Helmstedt,Ukraine,Anzahl,K03154,45.0,45.0
2005,Northeim,Ukraine,Anzahl,K03155,59.0,59.0
2005,Peine,Ukraine,Anzahl,K03157,37.0,37.0
2005,Wolfenbüttel,Ukraine,Anzahl,K03158,53.0,53.0
2005,Göttingen,Ukraine,Anzahl,K03159,528.0,528.0
2005,Statistische Region Braunschweig,Ukraine,Anzahl,K031,1421.0,1421.0
2005,Region Hannover,Ukraine,Anzahl,K03241,5859.0,5859.0
2005,"dav. Hannover, Lhst.",Ukraine,Anzahl,K03241001,4768.0,4768.0
2005,"dav. Hannover, Umland",Ukraine,Anzahl,K03241999,1091.0,1091.0
2005,Diepholz,Ukraine,Anzahl,K03251,118.0,118.0
2005,Hameln-Pyrmont,Ukraine,Anzahl,K03252,508.0,508.0
2005,Hildesheim,Ukraine,Anzahl,K03254,188.0,188.0
2005,Holzminden,Ukraine,Anzahl,K03255,23.0,23.0
2005,Nienburg (Weser),Ukraine,Anzahl,K03256,58.0,58.0
2005,Schaumburg,Ukraine,Anzahl,K03257,109.0,109.0
2005,Statistische Region Hannover,Ukraine,Anzahl,K032,6863.0,6863.0
2005,Celle,Ukraine,Anzahl,K03351,113.0,113.0
2005,Cuxhaven,Ukraine,Anzahl,K03352,67.0,67.0
2005,Harburg,Ukraine,Anzahl,K03353,123.0,123.0
2005,Lüchow-Dannenberg,Ukraine,Anzahl,K03354,20.0,20.0
2005,Lüneburg,Ukraine,Anzahl,K03355,88.0,88.0
2005,Osterholz,Ukraine,Anzahl,K03356,52.0,52.0
2005,Rotenburg (Wümme),Ukraine,Anzahl,K03357,77.0,77.0
2005,Heidekreis,Ukraine,Anzahl,K03358,91.0,91.0
2005,Stade,Ukraine,Anzahl,K03359,109.0,109.0
2005,Uelzen,Ukraine,Anzahl,K03360,33.0,33.0
2005,Verden,Ukraine,Anzahl,K03361,64.0,64.0
2005,Statistische Region Lüneburg,Ukraine,Anzahl,K033,837.0,837.0
2005,"Delmenhorst, Stadt",Ukraine,Anzahl,K03401,270.0,270.0
2005,"Emden, Stadt",Ukraine,Anzahl,K03402,32.0,32.0
2005,"Oldenburg (Oldb), Stadt",Ukraine,Anzahl,K03403,247.0,247.0
2005,"Osnabrück, Stadt",Ukraine,Anzahl,K03404,952.0,952.0
2005,"Wilhelmshaven, Stadt",Ukraine,Anzahl,K03405,54.0,54.0
2005,Ammerland,Ukraine,Anzahl,K03451,32.0,32.0
2005,Aurich,Ukraine,Anzahl,K03452,39.0,39.0
2005,Cloppenburg,Ukraine,Anzahl,K03453,105.0,105.0
2005,Emsland,Ukraine,Anzahl,K03454,122.0,122.0
2005,Friesland,Ukraine,Anzahl,K03455,27.0,27.0
2005,Grafschaft Bentheim,Ukraine,Anzahl,K03456,47.0,47.0
2005,Leer,Ukraine,Anzahl,K03457,62.0,62.0
2005,Oldenburg,Ukraine,Anzahl,K03458,38.0,38.0
2005,Osnabrück,Ukraine,Anzahl,K03459,260.0,260.0
2005,Vechta,Ukraine,Anzahl,K03460,123.0,123.0
2005,Wesermarsch,Ukraine,Anzahl,K03461,70.0,70.0
2005,Wittmund,Ukraine,Anzahl,K03462,11.0,11.0
2005,Statistische Region Weser-Ems,Ukraine,Anzahl,K034,2491.0,2491.0
2005,Niedersachsen,Ukraine,Anzahl,K030,11612.0,11612.0
2011,"Braunschweig, Stadt",Ukraine,Anzahl,K03101,373.0,373.0
2011,"Salzgitter, Stadt",Ukraine,Anzahl,K03102,71.0,71.0
2011,"Wolfsburg, Stadt",Ukraine,Anzahl,K03103,102.0,102.0
2011,Gifhorn,Ukraine,Anzahl,K03151,83.0,83.0
2011,Goslar,Ukraine,Anzahl,K03153,97.0,97.0
2011,Helmstedt,Ukraine,Anzahl,K03154,39.0,39.0
2011,Northeim,Ukraine,Anzahl,K03155,71.0,71.0
2011,Peine,Ukraine,Anzahl,K03157,54.0,54.0
2011,Wolfenbüttel,Ukraine,Anzahl,K03158,44.0,44.0
2011,Göttingen,Ukraine,Anzahl,K03159,436.0,436.0
2011,Statistische Region Braunschweig,Ukraine,Anzahl,K031,1370.0,1370.0
2011,Region Hannover,Ukraine,Anzahl,K03241,4842.0,4842.0
2011,"dav. Hannover, Lhst.",Ukraine,Anzahl,K03241001,3859.0,3859.0
2011,"dav. Hannover, Umland",Ukraine,Anzahl,K03241999,983.0,983.0
2011,Diepholz,Ukraine,Anzahl,K03251,134.0,134.0
2011,Hameln-Pyrmont,Ukraine,Anzahl,K03252,375.0,375.0
2011,Hildesheim,Ukraine,Anzahl,K03254,190.0,190.0
2011,Holzminden,Ukraine,Anzahl,K03255,29.0,29.0
2011,Nienburg (Weser),Ukraine,Anzahl,K03256,61.0,61.0
2011,Schaumburg,Ukraine,Anzahl,K03257,111.0,111.0
2011,Statistische Region Hannover,Ukraine,Anzahl,K032,5742.0,5742.0
2011,Celle,Ukraine,Anzahl,K03351,107.0,107.0
2011,Cuxhaven,Ukraine,Anzahl,K03352,73.0,73.0
2011,Harburg,Ukraine,Anzahl,K03353,144.0,144.0
2011,Lüchow-Dannenberg,Ukraine,Anzahl,K03354,20.0,20.0
2011,Lüneburg,Ukraine,Anzahl,K03355,97.0,97.0
2011,Osterholz,Ukraine,Anzahl,K03356,48.0,48.0
2011,Rotenburg (Wümme),Ukraine,Anzahl,K03357,71.0,71.0
2011,Heidekreis,Ukraine,Anzahl,K03358,81.0,81.0
2011,Stade,Ukraine,Anzahl,K03359,105.0,105.0
2011,Uelzen,Ukraine,Anzahl,K03360,36.0,36.0
2011,Verden,Ukraine,Anzahl,K03361,62.0,62.0
2011,Statistische Region Lüneburg,Ukraine,Anzahl,K033,844.0,844.0
2011,"Delmenhorst, Stadt",Ukraine,Anzahl,K03401,220.0,220.0
2011,"Emden, Stadt",Ukraine,Anzahl,K03402,28.0,28.0
2011,"Oldenburg (Oldb), Stadt",Ukraine,Anzahl,K03403,221.0,221.0
2011,"Osnabrück, Stadt",Ukraine,Anzahl,K03404,665.0,665.0
2011,"Wilhelmshaven, Stadt",Ukraine,Anzahl,K03405,36.0,36.0
2011,Ammerland,Ukraine,Anzahl,K03451,41.0,41.0
2011,Aurich,Ukraine,Anzahl,K03452,35.0,35.0
2011,Cloppenburg,Ukraine,Anzahl,K03453,118.0,118.0
2011,Emsland,Ukraine,Anzahl,K03454,154.0,154.0
2011,Friesland,Ukraine,Anzahl,K03455,37.0,37.0
2011,Grafschaft Bentheim,Ukraine,Anzahl,K03456,59.0,59.0
2011,Leer,Ukraine,Anzahl,K03457,81.0,81.0
2011,Oldenburg,Ukraine,Anzahl,K03458,40.0,40.0
2011,Osnabrück,Ukraine,Anzahl,K03459,264.0,264.0
2011,Vechta,Ukraine,Anzahl,K03460,115.0,115.0
2011,Wesermarsch,Ukraine,Anzahl,K03461,53.0,53.0
2011,Wittmund,Ukraine,Anzahl,K03462,13.0,13.0
2011,Statistische Region Weser-Ems,Ukraine,Anzahl,K034,2180.0,2180.0
2011,Niedersachsen,Ukraine,Anzahl,K030,10136.0,10136.0
2012,"Braunschweig, Stadt",Ukraine,Anzahl,K03101,360.0,360.0
2012,"Salzgitter, Stadt",Ukraine,Anzahl,K03102,82.0,82.0
2012,"Wolfsburg, Stadt",Ukraine,Anzahl,K03103,119.0,119.0
2012,Gifhorn,Ukraine,Anzahl,K03151,81.0,81.0
2012,Goslar,Ukraine,Anzahl,K03153,94.0,94.0
2012,Helmstedt,Ukraine,Anzahl,K03154,41.0,41.0
2012,Northeim,Ukraine,Anzahl,K03155,68.0,68.0
2012,Peine,Ukraine,Anzahl,K03157,57.0,57.0
2012,Wolfenbüttel,Ukraine,Anzahl,K03158,41.0,41.0
2012,Göttingen,Ukraine,Anzahl,K03159,412.0,412.0
2012,Statistische Region Braunschweig,Ukraine,Anzahl,K031,1355.0,1355.0
2012,Region Hannover,Ukraine,Anzahl,K03241,4700.0,4700.0
2012,"dav. Hannover, Lhst.",Ukraine,Anzahl,K03241001,3724.0,3724.0
2012,"dav. Hannover, Umland",Ukraine,Anzahl,K03241999,976.0,976.0
2012,Diepholz,Ukraine,Anzahl,K03251,148.0,148.0
2012,Hameln-Pyrmont,Ukraine,Anzahl,K03252,360.0,360.0
2012,Hildesheim,Ukraine,Anzahl,K03254,187.0,187.0
2012,Holzminden,Ukraine,Anzahl,K03255,35.0,35.0
2012,Nienburg (Weser),Ukraine,Anzahl,K03256,63.0,63.0
2012,Schaumburg,Ukraine,Anzahl,K03257,105.0,105.0
2012,Statistische Region Hannover,Ukraine,Anzahl,K032,5598.0,5598.0
2012,Celle,Ukraine,Anzahl,K03351,111.0,111.0
2012,Cuxhaven,Ukraine,Anzahl,K03352,68.0,68.0
2012,Harburg,Ukraine,Anzahl,K03353,145.0,145.0
2012,Lüchow-Dannenberg,Ukraine,Anzahl,K03354,18.0,18.0
2012,Lüneburg,Ukraine,Anzahl,K03355,100.0,100.0
2012,Osterholz,Ukraine,Anzahl,K03356,49.0,49.0
2012,Rotenburg (Wümme),Ukraine,Anzahl,K03357,73.0,73.0
2012,Heidekreis,Ukraine,Anzahl,K03358,82.0,82.0
2012,Stade,Ukraine,Anzahl,K03359,114.0,114.0
2012,Uelzen,Ukraine,Anzahl,K03360,36.0,36.0
2012,Verden,Ukraine,Anzahl,K03361,62.0,62.0
2012,Statistische Region Lüneburg,Ukraine,Anzahl,K033,858.0,858.0
2012,"Delmenhorst, Stadt",Ukraine,Anzahl,K03401,214.0,214.0
2012,"Emden, Stadt",Ukraine,Anzahl,K03402,31.0,31.0
2012,"Oldenburg (Oldb), Stadt",Ukraine,Anzahl,K03403,237.0,237.0
2012,"Osnabrück, Stadt",Ukraine,Anzahl,K03404,656.0,656.0
2012,"Wilhelmshaven, Stadt",Ukraine,Anzahl,K03405,36.0,36.0
2012,Ammerland,Ukraine,Anzahl,K03451,42.0,42.0
2012,Aurich,Ukraine,Anzahl,K03452,36.0,36.0
2012,Cloppenburg,Ukraine,Anzahl,K03453,123.0,123.0
2012,Emsland,Ukraine,Anzahl,K03454,134.0,134.0
2012,Friesland,Ukraine,Anzahl,K03455,31.0,31.0
2012,Grafschaft Bentheim,Ukraine,Anzahl,K03456,64.0,64.0
2012,Leer,Ukraine,Anzahl,K03457,78.0,78.0
2012,Oldenburg,Ukraine,Anzahl,K03458,37.0,37.0
2012,Osnabrück,Ukraine,Anzahl,K03459,260.0,260.0
2012,Vechta,Ukraine,Anzahl,K03460,118.0,118.0
2012,Wesermarsch,Ukraine,Anzahl,K03461,55.0,55.0
2012,Wittmund,Ukraine,Anzahl,K03462,11.0,11.0
2012,Statistische Region Weser-Ems,Ukraine,Anzahl,K034,2163.0,2163.0
2012,Niedersachsen,Ukraine,Anzahl,K030,9974.0,9974.0
2013,"Braunschweig, Stadt",Ukraine,Anzahl,K03101,378.0,378.0
2013,"Salzgitter, Stadt",Ukraine,Anzahl,K03102,77.0,77.0
2013,"Wolfsburg, Stadt",Ukraine,Anzahl,K03103,123.0,123.0
2013,Gifhorn,Ukraine,Anzahl,K03151,89.0,89.0
2013,Goslar,Ukraine,Anzahl,K03153,98.0,98.0
2013,Helmstedt,Ukraine,Anzahl,K03154,39.0,39.0
2013,Northeim,Ukraine,Anzahl,K03155,84.0,84.0
2013,Peine,Ukraine,Anzahl,K03157,56.0,56.0
2013,Wolfenbüttel,Ukraine,Anzahl,K03158,42.0,42.0
2013,Göttingen,Ukraine,Anzahl,K03159,424.0,424.0
2013,Statistische Region Braunschweig,Ukraine,Anzahl,K031,1410.0,1410.0
2013,Region Hannover,Ukraine,Anzahl,K03241,4601.0,4601.0
2013,"dav. Hannover, Lhst.",Ukraine,Anzahl,K03241001,3619.0,3619.0
2013,"dav. Hannover, Umland",Ukraine,Anzahl,K03241999,982.0,982.0
2013,Diepholz,Ukraine,Anzahl,K03251,154.0,154.0
2013,Hameln-Pyrmont,Ukraine,Anzahl,K03252,338.0,338.0
2013,Hildesheim,Ukraine,Anzahl,K03254,191.0,191.0
2013,Holzminden,Ukraine,Anzahl,K03255,39.0,39.0
2013,Nienburg (Weser),Ukraine,Anzahl,K03256,68.0,68.0
2013,Schaumburg,Ukraine,Anzahl,K03257,87.0,87.0
2013,Statistische Region Hannover,Ukraine,Anzahl,K032,5478.0,5478.0
2013,Celle,Ukraine,Anzahl,K03351,112.0,112.0
2013,Cuxhaven,Ukraine,Anzahl,K03352,68.0,68.0
2013,Harburg,Ukraine,Anzahl,K03353,164.0,164.0
2013,Lüchow-Dannenberg,Ukraine,Anzahl,K03354,23.0,23.0
2013,Lüneburg,Ukraine,Anzahl,K03355,91.0,91.0
2013,Osterholz,Ukraine,Anzahl,K03356,44.0,44.0
2013,Rotenburg (Wümme),Ukraine,Anzahl,K03357,84.0,84.0
2013,Heidekreis,Ukraine,Anzahl,K03358,87.0,87.0
2013,Stade,Ukraine,Anzahl,K03359,115.0,115.0
2013,Uelzen,Ukraine,Anzahl,K03360,41.0,41.0
2013,Verden,Ukraine,Anzahl,K03361,57.0,57.0
2013,Statistische Region Lüneburg,Ukraine,Anzahl,K033,886.0,886.0
2013,"Delmenhorst, Stadt",Ukraine,Anzahl,K03401,201.0,201.0
2013,"Emden, Stadt",Ukraine,Anzahl,K03402,32.0,32.0
2013,"Oldenburg (Oldb), Stadt",Ukraine,Anzahl,K03403,235.0,235.0
2013,"Osnabrück, Stadt",Ukraine,Anzahl,K03404,619.0,619.0
2013,"Wilhelmshaven, Stadt",Ukraine,Anzahl,K03405,41.0,41.0
2013,Ammerland,Ukraine,Anzahl,K03451,37.0,37.0
2013,Aurich,Ukraine,Anzahl,K03452,33.0,33.0
2013,Cloppenburg,Ukraine,Anzahl,K03453,123.0,123.0
2013,Emsland,Ukraine,Anzahl,K03454,107.0,107.0
2013,Friesland,Ukraine,Anzahl,K03455,29.0,29.0
2013,Grafschaft Bentheim,Ukraine,Anzahl,K03456,90.0,90.0
2013,Leer,Ukraine,Anzahl,K03457,76.0,76.0
2013,Oldenburg,Ukraine,Anzahl,K03458,44.0,44.0
2013,Osnabrück,Ukraine,Anzahl,K03459,268.0,268.0
2013,Vechta,Ukraine,Anzahl,K03460,114.0,114.0
2013,Wesermarsch,Ukraine,Anzahl,K03461,54.0,54.0
2013,Wittmund,Ukraine,Anzahl,K03462,7.0,7.0
2013,Statistische Region Weser-Ems,Ukraine,Anzahl,K034,2110.0,2110.0
2013,Niedersachsen,Ukraine,Anzahl,K030,9884.0,9884.0
2014,"Braunschweig, Stadt",Ukraine,Anzahl,K03101,406.0,406.0
2014,"Salzgitter, Stadt",Ukraine,Anzahl,K03102,82.0,82.0
2014,"Wolfsburg, Stadt",Ukraine,Anzahl,K03103,135.0,135.0
2014,Gifhorn,Ukraine,Anzahl,K03151,92.0,92.0
2014,Goslar,Ukraine,Anzahl,K03153,100.0,100.0
2014,Helmstedt,Ukraine,Anzahl,K03154,44.0,44.0
2014,Northeim,Ukraine,Anzahl,K03155,76.0,76.0
2014,Peine,Ukraine,Anzahl,K03157,63.0,63.0
2014,Wolfenbüttel,Ukraine,Anzahl,K03158,45.0,45.0
2014,Göttingen,Ukraine,Anzahl,K03159,423.0,423.0
2014,Statistische Region Braunschweig,Ukraine,Anzahl,K031,1466.0,1466.0
2014,Region Hannover,Ukraine,Anzahl,K03241,4617.0,4617.0
2014,"dav. Hannover, Lhst.",Ukraine,Anzahl,K03241001,3616.0,3616.0
2014,"dav. Hannover, Umland",Ukraine,Anzahl,K03241999,1001.0,1001.0
2014,Diepholz,Ukraine,Anzahl,K03251,163.0,163.0
2014,Hameln-Pyrmont,Ukraine,Anzahl,K03252,354.0,354.0
2014,Hildesheim,Ukraine,Anzahl,K03254,197.0,197.0
2014,Holzminden,Ukraine,Anzahl,K03255,42.0,42.0
2014,Nienburg (Weser),Ukraine,Anzahl,K03256,74.0,74.0
2014,Schaumburg,Ukraine,Anzahl,K03257,98.0,98.0
2014,Statistische Region Hannover,Ukraine,Anzahl,K032,5545.0,5545.0
2014,Celle,Ukraine,Anzahl,K03351,115.0,115.0
2014,Cuxhaven,Ukraine,Anzahl,K03352,72.0,72.0
2014,Harburg,Ukraine,Anzahl,K03353,168.0,168.0
2014,Lüchow-Dannenberg,Ukraine,Anzahl,K03354,26.0,26.0
2014,Lüneburg,Ukraine,Anzahl,K03355,104.0,104.0
2014,Osterholz,Ukraine,Anzahl,K03356,64.0,64.0
2014,Rotenburg (Wümme),Ukraine,Anzahl,K03357,83.0,83.0
2014,Heidekreis,Ukraine,Anzahl,K03358,106.0,106.0
2014,Stade,Ukraine,Anzahl,K03359,122.0,122.0
2014,Uelzen,Ukraine,Anzahl,K03360,49.0,49.0
2014,Verden,Ukraine,Anzahl,K03361,66.0,66.0
2014,Statistische Region Lüneburg,Ukraine,Anzahl,K033,975.0,975.0
2014,"Delmenhorst, Stadt",Ukraine,Anzahl,K03401,206.0,206.0
2014,"Emden, Stadt",Ukraine,Anzahl,K03402,37.0,37.0
2014,"Oldenburg (Oldb), Stadt",Ukraine,Anzahl,K03403,248.0,248.0
2014,"Osnabrück, Stadt",Ukraine,Anzahl,K03404,596.0,596.0
2014,"Wilhelmshaven, Stadt",Ukraine,Anzahl,K03405,47.0,47.0
2014,Ammerland,Ukraine,Anzahl,K03451,47.0,47.0
2014,Aurich,Ukraine,Anzahl,K03452,39.0,39.0
2014,Cloppenburg,Ukraine,Anzahl,K03453,138.0,138.0
2014,Emsland,Ukraine,Anzahl,K03454,125.0,125.0
2014,Friesland,Ukraine,Anzahl,K03455,25.0,25.0
2014,Grafschaft Bentheim,Ukraine,Anzahl,K03456,95.0,95.0
2014,Leer,Ukraine,Anzahl,K03457,78.0,78.0
2014,Oldenburg,Ukraine,Anzahl,K03458,59.0,59.0
2014,Osnabrück,Ukraine,Anzahl,K03459,283.0,283.0
2014,Vechta,Ukraine,Anzahl,K03460,128.0,128.0
2014,Wesermarsch,Ukraine,Anzahl,K03461,53.0,53.0
2014,Wittmund,Ukraine,Anzahl,K03462,10.0,10.0
2014,Statistische Region Weser-Ems,Ukraine,Anzahl,K034,2214.0,2214.0
2014,Niedersachsen,Ukraine,Anzahl,K030,10200.0,10200.0
2015,"Braunschweig, Stadt",Ukraine,Anzahl,K03101,398.0,398.0
2015,"Salzgitter, Stadt",Ukraine,Anzahl,K03102,81.0,81.0
2015,"Wolfsburg, Stadt",Ukraine,Anzahl,K03103,153.0,153.0
2015,Gifhorn,Ukraine,Anzahl,K03151,103.0,103.0
2015,Goslar,Ukraine,Anzahl,K03153,101.0,101.0
2015,Helmstedt,Ukraine,Anzahl,K03154,44.0,44.0
2015,Northeim,Ukraine,Anzahl,K03155,75.0,75.0
2015,Peine,Ukraine,Anzahl,K03157,68.0,68.0
2015,Wolfenbüttel,Ukraine,Anzahl,K03158,45.0,45.0
2015,Göttingen,Ukraine,Anzahl,K03159,446.0,446.0
2015,Statistische Region Braunschweig,Ukraine,Anzahl,K031,1514.0,1514.0
2015,Region Hannover,Ukraine,Anzahl,K03241,4489.0,4489.0
2015,"dav. Hannover, Lhst.",Ukraine,Anzahl,K03241001,3514.0,3514.0
2015,"dav. Hannover, Umland",Ukraine,Anzahl,K03241999,975.0,975.0
2015,Diepholz,Ukraine,Anzahl,K03251,167.0,167.0
2015,Hameln-Pyrmont,Ukraine,Anzahl,K03252,377.0,377.0
2015,Hildesheim,Ukraine,Anzahl,K03254,214.0,214.0
2015,Holzminden,Ukraine,Anzahl,K03255,45.0,45.0
2015,Nienburg (Weser),Ukraine,Anzahl,K03256,66.0,66.0
2015,Schaumburg,Ukraine,Anzahl,K03257,98.0,98.0
2015,Statistische Region Hannover,Ukraine,Anzahl,K032,5456.0,5456.0
2015,Celle,Ukraine,Anzahl,K03351,125.0,125.0
2015,Cuxhaven,Ukraine,Anzahl,K03352,87.0,87.0
2015,Harburg,Ukraine,Anzahl,K03353,173.0,173.0
2015,Lüchow-Dannenberg,Ukraine,Anzahl,K03354,24.0,24.0
2015,Lüneburg,Ukraine,Anzahl,K03355,103.0,103.0
2015,Osterholz,Ukraine,Anzahl,K03356,62.0,62.0
2015,Rotenburg (Wümme),Ukraine,Anzahl,K03357,89.0,89.0
2015,Heidekreis,Ukraine,Anzahl,K03358,121.0,121.0
2015,Stade,Ukraine,Anzahl,K03359,127.0,127.0
2015,Uelzen,Ukraine,Anzahl,K03360,52.0,52.0
2015,Verden,Ukraine,Anzahl,K03361,70.0,70.0
2015,Statistische Region Lüneburg,Ukraine,Anzahl,K033,1033.0,1033.0
2015,"Delmenhorst, Stadt",Ukraine,Anzahl,K03401,214.0,214.0
2015,"Emden, Stadt",Ukraine,Anzahl,K03402,38.0,38.0
2015,"Oldenburg (Oldb), Stadt",Ukraine,Anzahl,K03403,233.0,233.0
2015,"Osnabrück, Stadt",Ukraine,Anzahl,K03404,584.0,584.0
2015,"Wilhelmshaven, Stadt",Ukraine,Anzahl,K03405,48.0,48.0
2015,Ammerland,Ukraine,Anzahl,K03451,49.0,49.0
2015,Aurich,Ukraine,Anzahl,K03452,50.0,50.0
2015,Cloppenburg,Ukraine,Anzahl,K03453,148.0,148.0
2015,Emsland,Ukraine,Anzahl,K03454,152.0,152.0
2015,Friesland,Ukraine,Anzahl,K03455,36.0,36.0
2015,Grafschaft Bentheim,Ukraine,Anzahl,K03456,85.0,85.0
2015,Leer,Ukraine,Anzahl,K03457,84.0,84.0
2015,Oldenburg,Ukraine,Anzahl,K03458,76.0,76.0
2015,Osnabrück,Ukraine,Anzahl,K03459,295.0,295.0
2015,Vechta,Ukraine,Anzahl,K03460,127.0,127.0
2015,Wesermarsch,Ukraine,Anzahl,K03461,60.0,60.0
2015,Wittmund,Ukraine,Anzahl,K03462,13.0,13.0
2015,Statistische Region Weser-Ems,Ukraine,Anzahl,K034,2292.0,2292.0
2015,Niedersachsen,Ukraine,Anzahl,K030,10295.0,10295.0
2016,"Braunschweig, Stadt",Ukraine,Anzahl,K03101,395.0,395.0
2016,"Salzgitter, Stadt",Ukraine,Anzahl,K03102,95.0,95.0
2016,"Wolfsburg, Stadt",Ukraine,Anzahl,K03103,145.0,145.0
2016,Gifhorn,Ukraine,Anzahl,K03151,110.0,110.0
2016,Goslar,Ukraine,Anzahl,K03153,105.0,105.0
2016,Helmstedt,Ukraine,Anzahl,K03154,55.0,55.0
2016,Northeim,Ukraine,Anzahl,K03155,95.0,95.0
2016,Peine,Ukraine,Anzahl,K03157,70.0,70.0
2016,Wolfenbüttel,Ukraine,Anzahl,K03158,50.0,50.0
2016,Göttingen,Ukraine,Anzahl,K03159,460.0,460.0
2016,Statistische Region Braunschweig,Ukraine,Anzahl,K031,1585.0,1585.0
2016,Region Hannover,Ukraine,Anzahl,K03241,4385.0,4385.0
2016,"dav. Hannover, Lhst.",Ukraine,Anzahl,K03241001,3400.0,3400.0
2016,"dav. Hannover, Umland",Ukraine,Anzahl,K03241999,985.0,985.0
2016,Diepholz,Ukraine,Anzahl,K03251,160.0,160.0
2016,Hameln-Pyrmont,Ukraine,Anzahl,K03252,375.0,375.0
2016,Hildesheim,Ukraine,Anzahl,K03254,235.0,235.0
2016,Holzminden,Ukraine,Anzahl,K03255,45.0,45.0
2016,Nienburg (Weser),Ukraine,Anzahl,K03256,65.0,65.0
2016,Schaumburg,Ukraine,Anzahl,K03257,90.0,90.0
2016,Statistische Region Hannover,Ukraine,Anzahl,K032,5360.0,5360.0
2016,Celle,Ukraine,Anzahl,K03351,120.0,120.0
2016,Cuxhaven,Ukraine,Anzahl,K03352,95.0,95.0
2016,Harburg,Ukraine,Anzahl,K03353,180.0,180.0
2016,Lüchow-Dannenberg,Ukraine,Anzahl,K03354,25.0,25.0
2016,Lüneburg,Ukraine,Anzahl,K03355,100.0,100.0
2016,Osterholz,Ukraine,Anzahl,K03356,60.0,60.0
2016,Rotenburg (Wümme),Ukraine,Anzahl,K03357,90.0,90.0
2016,Heidekreis,Ukraine,Anzahl,K03358,120.0,120.0
2016,Stade,Ukraine,Anzahl,K03359,145.0,145.0
2016,Uelzen,Ukraine,Anzahl,K03360,55.0,55.0
2016,Verden,Ukraine,Anzahl,K03361,75.0,75.0
2016,Statistische Region Lüneburg,Ukraine,Anzahl,K033,1060.0,1060.0
2016,"Delmenhorst, Stadt",Ukraine,Anzahl,K03401,205.0,205.0
2016,"Emden, Stadt",Ukraine,Anzahl,K03402,40.0,40.0
2016,"Oldenburg (Oldb), Stadt",Ukraine,Anzahl,K03403,210.0,210.0
2016,"Osnabrück, Stadt",Ukraine,Anzahl,K03404,570.0,570.0
2016,"Wilhelmshaven, Stadt",Ukraine,Anzahl,K03405,55.0,55.0
2016,Ammerland,Ukraine,Anzahl,K03451,60.0,60.0
2016,Aurich,Ukraine,Anzahl,K03452,60.0,60.0
2016,Cloppenburg,Ukraine,Anzahl,K03453,190.0,190.0
2016,Emsland,Ukraine,Anzahl,K03454,160.0,160.0
2016,Friesland,Ukraine,Anzahl,K03455,25.0,25.0
2016,Grafschaft Bentheim,Ukraine,Anzahl,K03456,100.0,100.0
2016,Leer,Ukraine,Anzahl,K03457,80.0,80.0
2016,Oldenburg,Ukraine,Anzahl,K03458,100.0,100.0
2016,Osnabrück,Ukraine,Anzahl,K03459,305.0,305.0
2016,Vechta,Ukraine,Anzahl,K03460,145.0,145.0
2016,Wesermarsch,Ukraine,Anzahl,K03461,65.0,65.0
2016,Wittmund,Ukraine,Anzahl,K03462,10.0,10.0
2016,Statistische Region Weser-Ems,Ukraine,Anzahl,K034,2385.0,2385.0
2016,Niedersachsen,Ukraine,Anzahl,K030,10390.0,10390.0
2017,"Braunschweig, Stadt",Ukraine,Anzahl,K03101,385.0,385.0
2017,"Salzgitter, Stadt",Ukraine,Anzahl,K03102,95.0,95.0
2017,"Wolfsburg, Stadt",Ukraine,Anzahl,K03103,150.0,150.0
2017,Gifhorn,Ukraine,Anzahl,K03151,115.0,115.0
2017,Goslar,Ukraine,Anzahl,K03153,110.0,110.0
2017,Helmstedt,Ukraine,Anzahl,K03154,50.0,50.0
2017,Northeim,Ukraine,Anzahl,K03155,90.0,90.0
2017,Peine,Ukraine,Anzahl,K03157,70.0,70.0
2017,Wolfenbüttel,Ukraine,Anzahl,K03158,55.0,55.0
2017,Göttingen,Ukraine,Anzahl,K03159,485.0,485.0
2017,Statistische Region Braunschweig,Ukraine,Anzahl,K031,1605.0,1605.0
2017,Region Hannover,Ukraine,Anzahl,K03241,4395.0,4395.0
2017,"dav. Hannover, Lhst.",Ukraine,Anzahl,K03241001,3400.0,3400.0
2017,"dav. Hannover, Umland",Ukraine,Anzahl,K03241999,995.0,995.0
2017,Diepholz,Ukraine,Anzahl,K03251,165.0,165.0
2017,Hameln-Pyrmont,Ukraine,Anzahl,K03252,380.0,380.0
2017,Hildesheim,Ukraine,Anzahl,K03254,265.0,265.0
2017,Holzminden,Ukraine,Anzahl,K03255,40.0,40.0
2017,Nienburg (Weser),Ukraine,Anzahl,K03256,70.0,70.0
2017,Schaumburg,Ukraine,Anzahl,K03257,90.0,90.0
2017,Statistische Region Hannover,Ukraine,Anzahl,K032,5405.0,5405.0
2017,Celle,Ukraine,Anzahl,K03351,125.0,125.0
2017,Cuxhaven,Ukraine,Anzahl,K03352,95.0,95.0
2017,Harburg,Ukraine,Anzahl,K03353,180.0,180.0
2017,Lüchow-Dannenberg,Ukraine,Anzahl,K03354,30.0,30.0
2017,Lüneburg,Ukraine,Anzahl,K03355,100.0,100.0
2017,Osterholz,Ukraine,Anzahl,K03356,60.0,60.0
2017,Rotenburg (Wümme),Ukraine,Anzahl,K03357,90.0,90.0
2017,Heidekreis,Ukraine,Anzahl,K03358,125.0,125.0
2017,Stade,Ukraine,Anzahl,K03359,145.0,145.0
2017,Uelzen,Ukraine,Anzahl,K03360,55.0,55.0
2017,Verden,Ukraine,Anzahl,K03361,75.0,75.0
2017,Statistische Region Lüneburg,Ukraine,Anzahl,K033,1090.0,1090.0
2017,"Delmenhorst, Stadt",Ukraine,Anzahl,K03401,210.0,210.0
2017,"Emden, Stadt",Ukraine,Anzahl,K03402,50.0,50.0
2017,"Oldenburg (Oldb), Stadt",Ukraine,Anzahl,K03403,215.0,215.0
2017,"Osnabrück, Stadt",Ukraine,Anzahl,K03404,565.0,565.0
2017,"Wilhelmshaven, Stadt",Ukraine,Anzahl,K03405,50.0,50.0
2017,Ammerland,Ukraine,Anzahl,K03451,60.0,60.0
2017,Aurich,Ukraine,Anzahl,K03452,70.0,70.0
2017,Cloppenburg,Ukraine,Anzahl,K03453,225.0,225.0
2017,Emsland,Ukraine,Anzahl,K03454,180.0,180.0
2017,Friesland,Ukraine,Anzahl,K03455,30.0,30.0
2017,Grafschaft Bentheim,Ukraine,Anzahl,K03456,90.0,90.0
2017,Leer,Ukraine,Anzahl,K03457,85.0,85.0
2017,Oldenburg,Ukraine,Anzahl,K03458,110.0,110.0
2017,Osnabrück,Ukraine,Anzahl,K03459,325.0,325.0
2017,Vechta,Ukraine,Anzahl,K03460,150.0,150.0
2017,Wesermarsch,Ukraine,Anzahl,K03461,60.0,60.0
2017,Wittmund,Ukraine,Anzahl,K03462,10.0,10.0
2017,Statistische Region Weser-Ems,Ukraine,Anzahl,K034,2495.0,2495.0
2017,Niedersachsen,Ukraine,Anzahl,K030,10595.0,10595.0
2018,"Braunschweig, Stadt",Ukraine,Anzahl,K03101,395.0,395.0
2018,"Salzgitter, Stadt",Ukraine,Anzahl,K03102,100.0,100.0
2018,"Wolfsburg, Stadt",Ukraine,Anzahl,K03103,165.0,165.0
2018,Gifhorn,Ukraine,Anzahl,K03151,130.0,130.0
2018,Goslar,Ukraine,Anzahl,K03153,120.0,120.0
2018,Helmstedt,Ukraine,Anzahl,K03154,55.0,55.0
2018,Northeim,Ukraine,Anzahl,K03155,105.0,105.0
2018,Peine,Ukraine,Anzahl,K03157,80.0,80.0
2018,Wolfenbüttel,Ukraine,Anzahl,K03158,55.0,55.0
2018,Göttingen,Ukraine,Anzahl,K03159,495.0,495.0
2018,Statistische Region Braunschweig,Ukraine,Anzahl,K031,1705.0,1705.0
2018,Region Hannover,Ukraine,Anzahl,K03241,4440.0,4440.0
2018,"dav. Hannover, Lhst.",Ukraine,Anzahl,K03241001,3410.0,3410.0
2018,"dav. Hannover, Umland",Ukraine,Anzahl,K03241999,1030.0,1030.0
2018,Diepholz,Ukraine,Anzahl,K03251,165.0,165.0
2018,Hameln-Pyrmont,Ukraine,Anzahl,K03252,360.0,360.0
2018,Hildesheim,Ukraine,Anzahl,K03254,285.0,285.0
2018,Holzminden,Ukraine,Anzahl,K03255,50.0,50.0
2018,Nienburg (Weser),Ukraine,Anzahl,K03256,75.0,75.0
2018,Schaumburg,Ukraine,Anzahl,K03257,95.0,95.0
2018,Statistische Region Hannover,Ukraine,Anzahl,K032,5475.0,5475.0
2018,Celle,Ukraine,Anzahl,K03351,135.0,135.0
2018,Cuxhaven,Ukraine,Anzahl,K03352,125.0,125.0
2018,Harburg,Ukraine,Anzahl,K03353,205.0,205.0
2018,Lüchow-Dannenberg,Ukraine,Anzahl,K03354,35.0,35.0
2018,Lüneburg,Ukraine,Anzahl,K03355,110.0,110.0
2018,Osterholz,Ukraine,Anzahl,K03356,60.0,60.0
2018,Rotenburg (Wümme),Ukraine,Anzahl,K03357,100.0,100.0
2018,Heidekreis,Ukraine,Anzahl,K03358,135.0,135.0
2018,Stade,Ukraine,Anzahl,K03359,145.0,145.0
2018,Uelzen,Ukraine,Anzahl,K03360,55.0,55.0
2018,Verden,Ukraine,Anzahl,K03361,85.0,85.0
2018,Statistische Region Lüneburg,Ukraine,Anzahl,K033,1190.0,1190.0
2018,"Delmenhorst, Stadt",Ukraine,Anzahl,K03401,205.0,205.0
2018,"Emden, Stadt",Ukraine,Anzahl,K03402,50.0,50.0
2018,"Oldenburg (Oldb), Stadt",Ukraine,Anzahl,K03403,215.0,215.0
2018,"Osnabrück, Stadt",Ukraine,Anzahl,K03404,560.0,560.0
2018,"Wilhelmshaven, Stadt",Ukraine,Anzahl,K03405,55.0,55.0
2018,Ammerland,Ukraine,Anzahl,K03451,65.0,65.0
2018,Aurich,Ukraine,Anzahl,K03452,70.0,70.0
2018,Cloppenburg,Ukraine,Anzahl,K03453,275.0,275.0
2018,Emsland,Ukraine,Anzahl,K03454,220.0,220.0
2018,Friesland,Ukraine,Anzahl,K03455,30.0,30.0
2018,Grafschaft Bentheim,Ukraine,Anzahl,K03456,100.0,100.0
2018,Leer,Ukraine,Anzahl,K03457,85.0,85.0
2018,Oldenburg,Ukraine,Anzahl,K03458,120.0,120.0
2018,Osnabrück,Ukraine,Anzahl,K03459,365.0,365.0
2018,Vechta,Ukraine,Anzahl,K03460,170.0,170.0
2018,Wesermarsch,Ukraine,Anzahl,K03461,55.0,55.0
2018,Wittmund,Ukraine,Anzahl,K03462,15.0,15.0
2018,Statistische Region Weser-Ems,Ukraine,Anzahl,K034,2660.0,2660.0
2018,Niedersachsen,Ukraine,Anzahl,K030,11030.0,11030.0
2019,"Braunschweig, Stadt",Ukraine,Anzahl,K03101,425.0,425.0
2019,"Salzgitter, Stadt",Ukraine,Anzahl,K03102,115.0,115.0
2019,"Wolfsburg, Stadt",Ukraine,Anzahl,K03103,175.0,175.0
2019,Gifhorn,Ukraine,Anzahl,K03151,135.0,135.0
2019,Goslar,Ukraine,Anzahl,K03153,135.0,135.0
2019,Helmstedt,Ukraine,Anzahl,K03154,60.0,60.0
2019,Northeim,Ukraine,Anzahl,K03155,115.0,115.0
2019,Peine,Ukraine,Anzahl,K03157,85.0,85.0
2019,Wolfenbüttel,Ukraine,Anzahl,K03158,55.0,55.0
2019,Göttingen,Ukraine,Anzahl,K03159,485.0,485.0
2019,Statistische Region Braunschweig,Ukraine,Anzahl,K031,1785.0,1785.0
2019,Region Hannover,Ukraine,Anzahl,K03241,4460.0,4460.0
2019,"dav. Hannover, Lhst.",Ukraine,Anzahl,K03241001,3455.0,3455.0
2019,"dav. Hannover, Umland",Ukraine,Anzahl,K03241999,1005.0,1005.0
2019,Diepholz,Ukraine,Anzahl,K03251,180.0,180.0
2019,Hameln-Pyrmont,Ukraine,Anzahl,K03252,375.0,375.0
2019,Hildesheim,Ukraine,Anzahl,K03254,285.0,285.0
2019,Holzminden,Ukraine,Anzahl,K03255,55.0,55.0
2019,Nienburg (Weser),Ukraine,Anzahl,K03256,70.0,70.0
2019,Schaumburg,Ukraine,Anzahl,K03257,100.0,100.0
2019,Statistische Region Hannover,Ukraine,Anzahl,K032,5520.0,5520.0
2019,Celle,Ukraine,Anzahl,K03351,140.0,140.0
2019,Cuxhaven,Ukraine,Anzahl,K03352,120.0,120.0
2019,Harburg,Ukraine,Anzahl,K03353,240.0,240.0
2019,Lüchow-Dannenberg,Ukraine,Anzahl,K03354,30.0,30.0
2019,Lüneburg,Ukraine,Anzahl,K03355,110.0,110.0
2019,Osterholz,Ukraine,Anzahl,K03356,60.0,60.0
2019,Rotenburg (Wümme),Ukraine,Anzahl,K03357,115.0,115.0
2019,Heidekreis,Ukraine,Anzahl,K03358,155.0,155.0
2019,Stade,Ukraine,Anzahl,K03359,140.0,140.0
2019,Uelzen,Ukraine,Anzahl,K03360,70.0,70.0
2019,Verden,Ukraine,Anzahl,K03361,90.0,90.0
2019,Statistische Region Lüneburg,Ukraine,Anzahl,K033,1275.0,1275.0
2019,"Delmenhorst, Stadt",Ukraine,Anzahl,K03401,220.0,220.0
2019,"Emden, Stadt",Ukraine,Anzahl,K03402,55.0,55.0
2019,"Oldenburg (Oldb), Stadt",Ukraine,Anzahl,K03403,215.0,215.0
2019,"Osnabrück, Stadt",Ukraine,Anzahl,K03404,545.0,545.0
2019,"Wilhelmshaven, Stadt",Ukraine,Anzahl,K03405,65.0,65.0
2019,Ammerland,Ukraine,Anzahl,K03451,70.0,70.0
2019,Aurich,Ukraine,Anzahl,K03452,80.0,80.0
2019,Cloppenburg,Ukraine,Anzahl,K03453,265.0,265.0
2019,Emsland,Ukraine,Anzahl,K03454,255.0,255.0
2019,Friesland,Ukraine,Anzahl,K03455,35.0,35.0
2019,Grafschaft Bentheim,Ukraine,Anzahl,K03456,105.0,105.0
2019,Leer,Ukraine,Anzahl,K03457,130.0,130.0
2019,Oldenburg,Ukraine,Anzahl,K03458,70.0,70.0
2019,Osnabrück,Ukraine,Anzahl,K03459,410.0,410.0
2019,Vechta,Ukraine,Anzahl,K03460,160.0,160.0
2019,Wesermarsch,Ukraine,Anzahl,K03461,65.0,65.0
2019,Wittmund,Ukraine,Anzahl,K03462,10.0,10.0
2019,Statistische Region Weser-Ems,Ukraine,Anzahl,K034,2765.0,2765.0
2019,Niedersachsen,Ukraine,Anzahl,K030,11345.0,11345.0
2020,"Braunschweig, Stadt",Ukraine,Anzahl,K03101,415.0,415.0
2020,"Salzgitter, Stadt",Ukraine,Anzahl,K03102,140.0,140.0
2020,"Wolfsburg, Stadt",Ukraine,Anzahl,K03103,175.0,175.0
2020,Gifhorn,Ukraine,Anzahl,K03151,155.0,155.0
2020,Goslar,Ukraine,Anzahl,K03153,145.0,145.0
2020,Helmstedt,Ukraine,Anzahl,K03154,70.0,70.0
2020,Northeim,Ukraine,Anzahl,K03155,105.0,105.0
2020,Peine,Ukraine,Anzahl,K03157,85.0,85.0
2020,Wolfenbüttel,Ukraine,Anzahl,K03158,60.0,60.0
2020,Göttingen,Ukraine,Anzahl,K03159,485.0,485.0
2020,Statistische Region Braunschweig,Ukraine,Anzahl,K031,1835.0,1835.0
2020,Region Hannover,Ukraine,Anzahl,K03241,4325.0,4325.0
2020,"dav. Hannover, Lhst.",Ukraine,Anzahl,K03241001,3300.0,3300.0
2020,"dav. Hannover, Umland",Ukraine,Anzahl,K03241999,1020.0,1020.0
2020,Diepholz,Ukraine,Anzahl,K03251,185.0,185.0
2020,Hameln-Pyrmont,Ukraine,Anzahl,K03252,380.0,380.0
2020,Hildesheim,Ukraine,Anzahl,K03254,285.0,285.0
2020,Holzminden,Ukraine,Anzahl,K03255,45.0,45.0
2020,Nienburg (Weser),Ukraine,Anzahl,K03256,90.0,90.0
2020,Schaumburg,Ukraine,Anzahl,K03257,110.0,110.0
2020,Statistische Region Hannover,Ukraine,Anzahl,K032,5410.0,5410.0
2020,Celle,Ukraine,Anzahl,K03351,140.0,140.0
2020,Cuxhaven,Ukraine,Anzahl,K03352,130.0,130.0
2020,Harburg,Ukraine,Anzahl,K03353,250.0,250.0
2020,Lüchow-Dannenberg,Ukraine,Anzahl,K03354,55.0,55.0
2020,Lüneburg,Ukraine,Anzahl,K03355,115.0,115.0
2020,Osterholz,Ukraine,Anzahl,K03356,70.0,70.0
2020,Rotenburg (Wümme),Ukraine,Anzahl,K03357,115.0,115.0
2020,Heidekreis,Ukraine,Anzahl,K03358,145.0,145.0
2020,Stade,Ukraine,Anzahl,K03359,140.0,140.0
2020,Uelzen,Ukraine,Anzahl,K03360,80.0,80.0
2020,Verden,Ukraine,Anzahl,K03361,95.0,95.0
2020,Statistische Region Lüneburg,Ukraine,Anzahl,K033,1335.0,1335.0
2020,"Delmenhorst, Stadt",Ukraine,Anzahl,K03401,225.0,225.0
2020,"Emden, Stadt",Ukraine,Anzahl,K03402,65.0,65.0
2020,"Oldenburg (Oldb), Stadt",Ukraine,Anzahl,K03403,225.0,225.0
2020,"Osnabrück, Stadt",Ukraine,Anzahl,K03404,540.0,540.0
2020,"Wilhelmshaven, Stadt",Ukraine,Anzahl,K03405,65.0,65.0
2020,Ammerland,Ukraine,Anzahl,K03451,85.0,85.0
2020,Aurich,Ukraine,Anzahl,K03452,90.0,90.0
2020,Cloppenburg,Ukraine,Anzahl,K03453,255.0,255.0
2020,Emsland,Ukraine,Anzahl,K03454,265.0,265.0
2020,Friesland,Ukraine,Anzahl,K03455,45.0,45.0
2020,Grafschaft Bentheim,Ukraine,Anzahl,K03456,110.0,110.0
2020,Leer,Ukraine,Anzahl,K03457,120.0,120.0
2020,Oldenburg,Ukraine,Anzahl,K03458,75.0,75.0
2020,Osnabrück,Ukraine,Anzahl,K03459,425.0,425.0
2020,Vechta,Ukraine,Anzahl,K03460,165.0,165.0
2020,Wesermarsch,Ukraine,Anzahl,K03461,55.0,55.0
2020,Wittmund,Ukraine,Anzahl,K03462,15.0,15.0
2020,Statistische Region Weser-Ems,Ukraine,Anzahl,K034,2830.0,2830.0
2020,Niedersachsen,Ukraine,Anzahl,K030,11410.0,11410.0
2021,"Braunschweig, Stadt",Ukraine,Anzahl,K03101,430.0,430.0
2021,"Salzgitter, Stadt",Ukraine,Anzahl,K03102,150.0,150.0
2021,"Wolfsburg, Stadt",Ukraine,Anzahl,K03103,180.0,180.0
2021,Gifhorn,Ukraine,Anzahl,K03151,160.0,160.0
2021,Goslar,Ukraine,Anzahl,K03153,140.0,140.0
2021,Helmstedt,Ukraine,Anzahl,K03154,75.0,75.0
2021,Northeim,Ukraine,Anzahl,K03155,115.0,115.0
2021,Peine,Ukraine,Anzahl,K03157,95.0,95.0
2021,Wolfenbüttel,Ukraine,Anzahl,K03158,70.0,70.0
2021,Göttingen,Ukraine,Anzahl,K03159,495.0,495.0
2021,Statistische Region Braunschweig,Ukraine,Anzahl,K031,1905.0,1905.0
2021,Region Hannover,Ukraine,Anzahl,K03241,4380.0,4380.0
2021,"dav. Hannover, Lhst.",Ukraine,Anzahl,K03241001,3295.0,3295.0
2021,"dav. Hannover, Umland",Ukraine,Anzahl,K03241999,1085.0,1085.0
2021,Diepholz,Ukraine,Anzahl,K03251,220.0,220.0
2021,Hameln-Pyrmont,Ukraine,Anzahl,K03252,390.0,390.0
2021,Hildesheim,Ukraine,Anzahl,K03254,310.0,310.0
2021,Holzminden,Ukraine,Anzahl,K03255,55.0,55.0
2021,Nienburg (Weser),Ukraine,Anzahl,K03256,85.0,85.0
2021,Schaumburg,Ukraine,Anzahl,K03257,125.0,125.0
2021,Statistische Region Hannover,Ukraine,Anzahl,K032,5560.0,5560.0
2021,Celle,Ukraine,Anzahl,K03351,145.0,145.0
2021,Cuxhaven,Ukraine,Anzahl,K03352,155.0,155.0
2021,Harburg,Ukraine,Anzahl,K03353,275.0,275.0
2021,Lüchow-Dannenberg,Ukraine,Anzahl,K03354,30.0,30.0
2021,Lüneburg,Ukraine,Anzahl,K03355,120.0,120.0
2021,Osterholz,Ukraine,Anzahl,K03356,85.0,85.0
2021,Rotenburg (Wümme),Ukraine,Anzahl,K03357,140.0,140.0
2021,Heidekreis,Ukraine,Anzahl,K03358,165.0,165.0
2021,Stade,Ukraine,Anzahl,K03359,155.0,155.0
2021,Uelzen,Ukraine,Anzahl,K03360,80.0,80.0
2021,Verden,Ukraine,Anzahl,K03361,95.0,95.0
2021,Statistische Region Lüneburg,Ukraine,Anzahl,K033,1440.0,1440.0
2021,"Delmenhorst, Stadt",Ukraine,Anzahl,K03401,235.0,235.0
2021,"Emden, Stadt",Ukraine,Anzahl,K03402,70.0,70.0
2021,"Oldenburg (Oldb), Stadt",Ukraine,Anzahl,K03403,240.0,240.0
2021,"Osnabrück, Stadt",Ukraine,Anzahl,K03404,545.0,545.0
2021,"Wilhelmshaven, Stadt",Ukraine,Anzahl,K03405,70.0,70.0
2021,Ammerland,Ukraine,Anzahl,K03451,85.0,85.0
2021,Aurich,Ukraine,Anzahl,K03452,95.0,95.0
2021,Cloppenburg,Ukraine,Anzahl,K03453,240.0,240.0
2021,Emsland,Ukraine,Anzahl,K03454,285.0,285.0
2021,Friesland,Ukraine,Anzahl,K03455,45.0,45.0
2021,Grafschaft Bentheim,Ukraine,Anzahl,K03456,150.0,150.0
2021,Leer,Ukraine,Anzahl,K03457,130.0,130.0
2021,Oldenburg,Ukraine,Anzahl,K03458,85.0,85.0
2021,Osnabrück,Ukraine,Anzahl,K03459,445.0,445.0
2021,Vechta,Ukraine,Anzahl,K03460,180.0,180.0
2021,Wesermarsch,Ukraine,Anzahl,K03461,55.0,55.0
2021,Wittmund,Ukraine,Anzahl,K03462,25.0,25.0
2021,Statistische Region Weser-Ems,Ukraine,Anzahl,K034,2980.0,2980.0
2021,Niedersachsen,Ukraine,Anzahl,K030,11890.0,11890.0
2022,"Braunschweig, Stadt",Ukraine,Anzahl,K03101,3565.0,3565.0
2022,"Salzgitter, Stadt",Ukraine,Anzahl,K03102,1385.0,1385.0
2022,"Wolfsburg, Stadt",Ukraine,Anzahl,K03103,2210.0,2210.0
2022,Gifhorn,Ukraine,Anzahl,K03151,2165.0,2165.0
2022,Goslar,Ukraine,Anzahl,K03153,1845.0,1845.0
2022,Helmstedt,Ukraine,Anzahl,K03154,1475.0,1475.0
2022,Northeim,Ukraine,Anzahl,K03155,2680.0,2680.0
2022,Peine,Ukraine,Anzahl,K03157,1830.0,1830.0
2022,Wolfenbüttel,Ukraine,Anzahl,K03158,1690.0,1690.0
2022,Göttingen,Ukraine,Anzahl,K03159,4390.0,4390.0
2022,Statistische Region Braunschweig,Ukraine,Anzahl,K031,23235.0,23235.0
2022,Region Hannover,Ukraine,Anzahl,K03241,22700.0,22700.0
2022,"dav. Hannover, Lhst.",Ukraine,Anzahl,K03241001,10175.0,10175.0
2022,"dav. Hannover, Umland",Ukraine,Anzahl,K03241999,12525.0,12525.0
2022,Diepholz,Ukraine,Anzahl,K03251,2850.0,2850.0
2022,Hameln-Pyrmont,Ukraine,Anzahl,K03252,2755.0,2755.0
2022,Hildesheim,Ukraine,Anzahl,K03254,4310.0,4310.0
2022,Holzminden,Ukraine,Anzahl,K03255,1305.0,1305.0
2022,Nienburg (Weser),Ukraine,Anzahl,K03256,1780.0,1780.0
2022,Schaumburg,Ukraine,Anzahl,K03257,1995.0,1995.0
2022,Statistische Region Hannover,Ukraine,Anzahl,K032,37695.0,37695.0
2022,Celle,Ukraine,Anzahl,K03351,2270.0,2270.0
2022,Cuxhaven,Ukraine,Anzahl,K03352,2390.0,2390.0
2022,Harburg,Ukraine,Anzahl,K03353,3150.0,3150.0
2022,Lüchow-Dannenberg,Ukraine,Anzahl,K03354,775.0,775.0
2022,Lüneburg,Ukraine,Anzahl,K03355,1945.0,1945.0
2022,Osterholz,Ukraine,Anzahl,K03356,1485.0,1485.0
2022,Rotenburg (Wümme),Ukraine,Anzahl,K03357,2110.0,2110.0
2022,Heidekreis,Ukraine,Anzahl,K03358,3445.0,3445.0
2022,Stade,Ukraine,Anzahl,K03359,2945.0,2945.0
2022,Uelzen,Ukraine,Anzahl,K03360,1515.0,1515.0
2022,Verden,Ukraine,Anzahl,K03361,1730.0,1730.0
2022,Statistische Region Lüneburg,Ukraine,Anzahl,K033,23760.0,23760.0
2022,"Delmenhorst, Stadt",Ukraine,Anzahl,K03401,1175.0,1175.0
2022,"Emden, Stadt",Ukraine,Anzahl,K03402,975.0,975.0
2022,"Oldenburg (Oldb), Stadt",Ukraine,Anzahl,K03403,2015.0,2015.0
2022,"Osnabrück, Stadt",Ukraine,Anzahl,K03404,2900.0,2900.0
2022,"Wilhelmshaven, Stadt",Ukraine,Anzahl,K03405,1100.0,1100.0
2022,Ammerland,Ukraine,Anzahl,K03451,1520.0,1520.0
2022,Aurich,Ukraine,Anzahl,K03452,1780.0,1780.0
2022,Cloppenburg,Ukraine,Anzahl,K03453,2910.0,2910.0
2022,Emsland,Ukraine,Anzahl,K03454,3980.0,3980.0
2022,Friesland,Ukraine,Anzahl,K03455,1245.0,1245.0
2022,Grafschaft Bentheim,Ukraine,Anzahl,K03456,2115.0,2115.0
2022,Leer,Ukraine,Anzahl,K03457,2040.0,2040.0
2022,Oldenburg,Ukraine,Anzahl,K03458,1340.0,1340.0
2022,Osnabrück,Ukraine,Anzahl,K03459,5010.0,5010.0
2022,Vechta,Ukraine,Anzahl,K03460,2225.0,2225.0
2022,Wesermarsch,Ukraine,Anzahl,K03461,1300.0,1300.0
2022,Wittmund,Ukraine,Anzahl,K03462,905.0,905.0
2022,Statistische Region Weser-Ems,Ukraine,Anzahl,K034,34540.0,34540.0
2022,Niedersachsen,Ukraine,Anzahl,K030,119230.0,119230.0
2023,"Braunschweig, Stadt",Ukraine,Anzahl,K03101,3765.0,3765.0
2023,"Salzgitter, Stadt",Ukraine,Anzahl,K03102,1385.0,1385.0
2023,"Wolfsburg, Stadt",Ukraine,Anzahl,K03103,2170.0,2170.0
2023,Gifhorn,Ukraine,Anzahl,K03151,1845.0,1845.0
2023,Goslar,Ukraine,Anzahl,K03153,2265.0,2265.0
2023,Helmstedt,Ukraine,Anzahl,K03154,1555.0,1555.0
2023,Northeim,Ukraine,Anzahl,K03155,2615.0,2615.0
2023,Peine,Ukraine,Anzahl,K03157,1980.0,1980.0
2023,Wolfenbüttel,Ukraine,Anzahl,K03158,1630.0,1630.0
2023,Göttingen,Ukraine,Anzahl,K03159,4720.0,4720.0
2023,Statistische Region Braunschweig,Ukraine,Anzahl,K031,23925.0,23925.0
2023,Region Hannover,Ukraine,Anzahl,K03241,19975.0,19975.0
2023,"dav. Hannover, Lhst.",Ukraine,Anzahl,K03241001,11260.0,11260.0
2023,"dav. Hannover, Umland",Ukraine,Anzahl,K03241999,8715.0,8715.0
2023,Diepholz,Ukraine,Anzahl,K03251,2940.0,2940.0
2023,Hameln-Pyrmont,Ukraine,Anzahl,K03252,2975.0,2975.0
2023,Hildesheim,Ukraine,Anzahl,K03254,4030.0,4030.0
2023,Holzminden,Ukraine,Anzahl,K03255,1480.0,1480.0
2023,Nienburg (Weser),Ukraine,Anzahl,K03256,1915.0,1915.0
2023,Schaumburg,Ukraine,Anzahl,K03257,2070.0,2070.0
2023,Statistische Region Hannover,Ukraine,Anzahl,K032,35385.0,35385.0
2023,Celle,Ukraine,Anzahl,K03351,2440.0,2440.0
2023,Cuxhaven,Ukraine,Anzahl,K03352,2460.0,2460.0
2023,Harburg,Ukraine,Anzahl,K03353,2975.0,2975.0
2023,Lüchow-Dannenberg,Ukraine,Anzahl,K03354,765.0,765.0
2023,Lüneburg,Ukraine,Anzahl,K03355,1910.0,1910.0
2023,Osterholz,Ukraine,Anzahl,K03356,1550.0,1550.0
2023,Rotenburg (Wümme),Ukraine,Anzahl,K03357,2090.0,2090.0
2023,Heidekreis,Ukraine,Anzahl,K03358,3120.0,3120.0
2023,Stade,Ukraine,Anzahl,K03359,3445.0,3445.0
2023,Uelzen,Ukraine,Anzahl,K03360,1535.0,1535.0
2023,Verden,Ukraine,Anzahl,K03361,1850.0,1850.0
2023,Statistische Region Lüneburg,Ukraine,Anzahl,K033,24140.0,24140.0
2023,"Delmenhorst, Stadt",Ukraine,Anzahl,K03401,1275.0,1275.0
2023,"Emden, Stadt",Ukraine,Anzahl,K03402,1025.0,1025.0
2023,"Oldenburg (Oldb), Stadt",Ukraine,Anzahl,K03403,2590.0,2590.0
2023,"Osnabrück, Stadt",Ukraine,Anzahl,K03404,3235.0,3235.0
2023,"Wilhelmshaven, Stadt",Ukraine,Anzahl,K03405,1440.0,1440.0
2023,Ammerland,Ukraine,Anzahl,K03451,1450.0,1450.0
2023,Aurich,Ukraine,Anzahl,K03452,1855.0,1855.0
2023,Cloppenburg,Ukraine,Anzahl,K03453,3020.0,3020.0
2023,Emsland,Ukraine,Anzahl,K03454,4535.0,4535.0
2023,Friesland,Ukraine,Anzahl,K03455,1245.0,1245.0
2023,Grafschaft Bentheim,Ukraine,Anzahl,K03456,2195.0,2195.0
2023,Leer,Ukraine,Anzahl,K03457,1940.0,1940.0
2023,Oldenburg,Ukraine,Anzahl,K03458,1310.0,1310.0
2023,Osnabrück,Ukraine,Anzahl,K03459,5320.0,5320.0
2023,Vechta,Ukraine,Anzahl,K03460,2375.0,2375.0
2023,Wesermarsch,Ukraine,Anzahl,K03461,1245.0,1245.0
2023,Wittmund,Ukraine,Anzahl,K03462,830.0,830.0
2023,Statistische Region Weser-Ems,Ukraine,Anzahl,K034,36880.0,36880.0
2023,Niedersachsen,Ukraine,Anzahl,K030,120325.0,120325.0
2024,"Braunschweig, Stadt",Ukraine,Anzahl,K03101,3650.0,3650.0
2024,"Salzgitter, Stadt",Ukraine,Anzahl,K03102,1485.0,1485.0
2024,"Wolfsburg, Stadt",Ukraine,Anzahl,K03103,2225.0,2225.0
2024,Gifhorn,Ukraine,Anzahl,K03151,1860.0,1860.0
2024,Goslar,Ukraine,Anzahl,K03153,2215.0,2215.0
2024,Helmstedt,Ukraine,Anzahl,K03154,1480.0,1480.0
2024,Northeim,Ukraine,Anzahl,K03155,2670.0,2670.0
2024,Peine,Ukraine,Anzahl,K03157,1980.0,1980.0
2024,Wolfenbüttel,Ukraine,Anzahl,K03158,1540.0,1540.0
2024,Göttingen,Ukraine,Anzahl,K03159,4635.0,4635.0
2024,Statistische Region Braunschweig,Ukraine,Anzahl,K031,23740.0,23740.0
2024,Region Hannover,Ukraine,Anzahl,K03241,20720.0,20720.0
2024,"dav. Hannover, Lhst.",Ukraine,Anzahl,K03241001,12065.0,12065.0
2024,"dav. Hannover, Umland",Ukraine,Anzahl,K03241999,8655.0,8655.0
2024,Diepholz,Ukraine,Anzahl,K03251,3145.0,3145.0
2024,Hameln-Pyrmont,Ukraine,Anzahl,K03252,2910.0,2910.0
2024,Hildesheim,Ukraine,Anzahl,K03254,3835.0,3835.0
2024,Holzminden,Ukraine,Anzahl,K03255,1575.0,1575.0
2024,Nienburg (Weser),Ukraine,Anzahl,K03256,2165.0,2165.0
2024,Schaumburg,Ukraine,Anzahl,K03257,2135.0,2135.0
2024,Statistische Region Hannover,Ukraine,Anzahl,K032,36485.0,36485.0
2024,Celle,Ukraine,Anzahl,K03351,2460.0,2460.0
2024,Cuxhaven,Ukraine,Anzahl,K03352,2310.0,2310.0
2024,Harburg,Ukraine,Anzahl,K03353,2915.0,2915.0
2024,Lüchow-Dannenberg,Ukraine,Anzahl,K03354,695.0,695.0
2024,Lüneburg,Ukraine,Anzahl,K03355,1880.0,1880.0
2024,Osterholz,Ukraine,Anzahl,K03356,1475.0,1475.0
2024,Rotenburg (Wümme),Ukraine,Anzahl,K03357,2010.0,2010.0
2024,Heidekreis,Ukraine,Anzahl,K03358,2400.0,2400.0
2024,Stade,Ukraine,Anzahl,K03359,3430.0,3430.0
2024,Uelzen,Ukraine,Anzahl,K03360,1415.0,1415.0
2024,Verden,Ukraine,Anzahl,K03361,1985.0,1985.0
2024,Statistische Region Lüneburg,Ukraine,Anzahl,K033,22970.0,22970.0
2024,"Delmenhorst, Stadt",Ukraine,Anzahl,K03401,1265.0,1265.0
2024,"Emden, Stadt",Ukraine,Anzahl,K03402,1030.0,1030.0
2024,"Oldenburg (Oldb), Stadt",Ukraine,Anzahl,K03403,2790.0,2790.0
2024,"Osnabrück, Stadt",Ukraine,Anzahl,K03404,3350.0,3350.0
2024,"Wilhelmshaven, Stadt",Ukraine,Anzahl,K03405,1465.0,1465.0
2024,Ammerland,Ukraine,Anzahl,K03451,1455.0,1455.0
2024,Aurich,Ukraine,Anzahl,K03452,1815.0,1815.0
2024,Cloppenburg,Ukraine,Anzahl,K03453,3030.0,3030.0
2024,Emsland,Ukraine,Anzahl,K03454,5090.0,5090.0
2024,Friesland,Ukraine,Anzahl,K03455,1205.0,1205.0
2024,Grafschaft Bentheim,Ukraine,Anzahl,K03456,2120.0,2120.0
2024,Leer,Ukraine,Anzahl,K03457,1895.0,1895.0
2024,Oldenburg,Ukraine,Anzahl,K03458,1250.0,1250.0
2024,Osnabrück,Ukraine,Anzahl,K03459,5235.0,5235.0
2024,Vechta,Ukraine,Anzahl,K03460,2560.0,2560.0
2024,Wesermarsch,Ukraine,Anzahl,K03461,1150.0,1150.0
2024,Wittmund,Ukraine,Anzahl,K03462,745.0,745.0
2024,Statistische Region Weser-Ems,Ukraine,Anzahl,K034,37440.0,37440.0
2024,Niedersachsen,Ukraine,Anzahl,K030,120635.0,120635.0
2025,"Braunschweig, Stadt",Ukraine,Anzahl,K03101,3705.0,3705.0
2025,"Salzgitter, Stadt",Ukraine,Anzahl,K03102,1490.0,1490.0
2025,"Wolfsburg, Stadt",Ukraine,Anzahl,K03103,2415.0,2415.0
2025,Gifhorn,Ukraine,Anzahl,K03151,1985.0,1985.0
2025,Goslar,Ukraine,Anzahl,K03153,2265.0,2265.0
2025,Helmstedt,Ukraine,Anzahl,K03154,1700.0,1700.0
2025,Northeim,Ukraine,Anzahl,K03155,2585.0,2585.0
2025,Peine,Ukraine,Anzahl,K03157,2150.0,2150.0
2025,Wolfenbüttel,Ukraine,Anzahl,K03158,1590.0,1590.0
2025,Göttingen,Ukraine,Anzahl,K03159,5005.0,5005.0
2025,Statistische Region Braunschweig,Ukraine,Anzahl,K031,24895.0,24895.0
2025,Region Hannover,Ukraine,Anzahl,K03241,21475.0,21475.0
2025,"dav. Hannover, Lhst.",Ukraine,Anzahl,K03241001,13175.0,13175.0
2025,"dav. Hannover, Umland",Ukraine,Anzahl,K03241999,8300.0,8300.0
2025,Diepholz,Ukraine,Anzahl,K03251,3355.0,3355.0
2025,Hameln-Pyrmont,Ukraine,Anzahl,K03252,2985.0,2985.0
2025,Hildesheim,Ukraine,Anzahl,K03254,4115.0,4115.0
2025,Holzminden,Ukraine,Anzahl,K03255,1710.0,1710.0
2025,Nienburg (Weser),Ukraine,Anzahl,K03256,2235.0,2235.0
2025,Schaumburg,Ukraine,Anzahl,K03257,2195.0,2195.0
2025,Statistische Region Hannover,Ukraine,Anzahl,K032,38080.0,38080.0
2025,Celle,Ukraine,Anzahl,K03351,2625.0,2625.0
2025,Cuxhaven,Ukraine,Anzahl,K03352,2495.0,2495.0
2025,Harburg,Ukraine,Anzahl,K03353,3035.0,3035.0
2025,Lüchow-Dannenberg,Ukraine,Anzahl,K03354,820.0,820.0
2025,Lüneburg,Ukraine,Anzahl,K03355,2115.0,2115.0
2025,Osterholz,Ukraine,Anzahl,K03356,1485.0,1485.0
2025,Rotenburg (Wümme),Ukraine,Anzahl,K03357,2230.0,2230.0
2025,Heidekreis,Ukraine,Anzahl,K03358,2480.0,2480.0
2025,Stade,Ukraine,Anzahl,K03359,3380.0,3380.0
2025,Uelzen,Ukraine,Anzahl,K03360,1385.0,1385.0
2025,Verden,Ukraine,Anzahl,K03361,2295.0,2295.0
2025,Statistische Region Lüneburg,Ukraine,Anzahl,K033,24355.0,24355.0
2025,"Delmenhorst, Stadt",Ukraine,Anzahl,K03401,1385.0,1385.0
2025,"Emden, Stadt",Ukraine,Anzahl,K03402,1085.0,1085.0
2025,"Oldenburg (Oldb), Stadt",Ukraine,Anzahl,K03403,3070.0,3070.0
2025,"Osnabrück, Stadt",Ukraine,Anzahl,K03404,3425.0,3425.0
2025,"Wilhelmshaven, Stadt",Ukraine,Anzahl,K03405,1590.0,1590.0
2025,Ammerland,Ukraine,Anzahl,K03451,1590.0,1590.0
2025,Aurich,Ukraine,Anzahl,K03452,1940.0,1940.0
2025,Cloppenburg,Ukraine,Anzahl,K03453,3355.0,3355.0
2025,Emsland,Ukraine,Anzahl,K03454,5210.0,5210.0
2025,Friesland,Ukraine,Anzahl,K03455,1290.0,1290.0
2025,Grafschaft Bentheim,Ukraine,Anzahl,K03456,2200.0,2200.0
2025,Leer,Ukraine,Anzahl,K03457,2075.0,2075.0
2025,Oldenburg,Ukraine,Anzahl,K03458,1420.0,1420.0
2025,Osnabrück,Ukraine,Anzahl,K03459,5275.0,5275.0
2025,Vechta,Ukraine,Anzahl,K03460,2670.0,2670.0
2025,Wesermarsch,Ukraine,Anzahl,K03461,1305.0,1305.0
2025,Wittmund,Ukraine,Anzahl,K03462,770.0,770.0
2025,Statistische Region Weser-Ems,Ukraine,Anzahl,K034,39650.0,39650.0
2025,Niedersachsen,Ukraine,Anzahl,K030,126980.0,126980.0
2005,"Braunschweig, Stadt",Polen,Anzahl,K03101,1942.0,1942.0
2005,"Salzgitter, Stadt",Polen,Anzahl,K03102,543.0,543.0
2005,"Wolfsburg, Stadt",Polen,Anzahl,K03103,596.0,596.0
2005,Gifhorn,Polen,Anzahl,K03151,523.0,523.0
2005,Goslar,Polen,Anzahl,K03153,430.0,430.0
2005,Helmstedt,Polen,Anzahl,K03154,316.0,316.0
2005,Northeim,Polen,Anzahl,K03155,336.0,336.0
2005,Peine,Polen,Anzahl,K03157,478.0,478.0
2005,Wolfenbüttel,Polen,Anzahl,K03158,326.0,326.0
2005,Göttingen,Polen,Anzahl,K03159,989.0,989.0
2005,Statistische Region Braunschweig,Polen,Anzahl,K031,6479.0,6479.0
2005,Region Hannover,Polen,Anzahl,K03241,7889.0,7889.0
2005,"dav. Hannover, Lhst.",Polen,Anzahl,K03241001,4696.0,4696.0
2005,"dav. Hannover, Umland",Polen,Anzahl,K03241999,3193.0,3193.0
2005,Diepholz,Polen,Anzahl,K03251,754.0,754.0
2005,Hameln-Pyrmont,Polen,Anzahl,K03252,568.0,568.0
2005,Hildesheim,Polen,Anzahl,K03254,979.0,979.0
2005,Holzminden,Polen,Anzahl,K03255,179.0,179.0
2005,Nienburg (Weser),Polen,Anzahl,K03256,482.0,482.0
2005,Schaumburg,Polen,Anzahl,K03257,599.0,599.0
2005,Statistische Region Hannover,Polen,Anzahl,K032,11450.0,11450.0
2005,Celle,Polen,Anzahl,K03351,421.0,421.0
2005,Cuxhaven,Polen,Anzahl,K03352,426.0,426.0
2005,Harburg,Polen,Anzahl,K03353,878.0,878.0
2005,Lüchow-Dannenberg,Polen,Anzahl,K03354,235.0,235.0
2005,Lüneburg,Polen,Anzahl,K03355,585.0,585.0
2005,Osterholz,Polen,Anzahl,K03356,263.0,263.0
2005,Rotenburg (Wümme),Polen,Anzahl,K03357,709.0,709.0
2005,Heidekreis,Polen,Anzahl,K03358,464.0,464.0
2005,Stade,Polen,Anzahl,K03359,701.0,701.0
2005,Uelzen,Polen,Anzahl,K03360,294.0,294.0
2005,Verden,Polen,Anzahl,K03361,446.0,446.0
2005,Statistische Region Lüneburg,Polen,Anzahl,K033,5422.0,5422.0
2005,"Delmenhorst, Stadt",Polen,Anzahl,K03401,499.0,499.0
2005,"Emden, Stadt",Polen,Anzahl,K03402,270.0,270.0
2005,"Oldenburg (Oldb), Stadt",Polen,Anzahl,K03403,715.0,715.0
2005,"Osnabrück, Stadt",Polen,Anzahl,K03404,619.0,619.0
2005,"Wilhelmshaven, Stadt",Polen,Anzahl,K03405,214.0,214.0
2005,Ammerland,Polen,Anzahl,K03451,271.0,271.0
2005,Aurich,Polen,Anzahl,K03452,314.0,314.0
2005,Cloppenburg,Polen,Anzahl,K03453,782.0,782.0
2005,Emsland,Polen,Anzahl,K03454,1625.0,1625.0
2005,Friesland,Polen,Anzahl,K03455,167.0,167.0
2005,Grafschaft Bentheim,Polen,Anzahl,K03456,328.0,328.0
2005,Leer,Polen,Anzahl,K03457,399.0,399.0
2005,Oldenburg,Polen,Anzahl,K03458,406.0,406.0
2005,Osnabrück,Polen,Anzahl,K03459,1099.0,1099.0
2005,Vechta,Polen,Anzahl,K03460,906.0,906.0
2005,Wesermarsch,Polen,Anzahl,K03461,356.0,356.0
2005,Wittmund,Polen,Anzahl,K03462,92.0,92.0
2005,Statistische Region Weser-Ems,Polen,Anzahl,K034,9062.0,9062.0
2005,Niedersachsen,Polen,Anzahl,K030,32413.0,32413.0
2011,"Braunschweig, Stadt",Polen,Anzahl,K03101,2406.0,2406.0
2011,"Salzgitter, Stadt",Polen,Anzahl,K03102,655.0,655.0
2011,"Wolfsburg, Stadt",Polen,Anzahl,K03103,761.0,761.0
2011,Gifhorn,Polen,Anzahl,K03151,650.0,650.0
2011,Goslar,Polen,Anzahl,K03153,440.0,440.0
2011,Helmstedt,Polen,Anzahl,K03154,449.0,449.0
2011,Northeim,Polen,Anzahl,K03155,333.0,333.0
2011,Peine,Polen,Anzahl,K03157,652.0,652.0
2011,Wolfenbüttel,Polen,Anzahl,K03158,483.0,483.0
2011,Göttingen,Polen,Anzahl,K03159,916.0,916.0
2011,Statistische Region Braunschweig,Polen,Anzahl,K031,7745.0,7745.0
2011,Region Hannover,Polen,Anzahl,K03241,10275.0,10275.0
2011,"dav. Hannover, Lhst.",Polen,Anzahl,K03241001,6422.0,6422.0
2011,"dav. Hannover, Umland",Polen,Anzahl,K03241999,3853.0,3853.0
2011,Diepholz,Polen,Anzahl,K03251,1202.0,1202.0
2011,Hameln-Pyrmont,Polen,Anzahl,K03252,686.0,686.0
2011,Hildesheim,Polen,Anzahl,K03254,1101.0,1101.0
2011,Holzminden,Polen,Anzahl,K03255,182.0,182.0
2011,Nienburg (Weser),Polen,Anzahl,K03256,625.0,625.0
2011,Schaumburg,Polen,Anzahl,K03257,817.0,817.0
2011,Statistische Region Hannover,Polen,Anzahl,K032,14888.0,14888.0
2011,Celle,Polen,Anzahl,K03351,566.0,566.0
2011,Cuxhaven,Polen,Anzahl,K03352,562.0,562.0
2011,Harburg,Polen,Anzahl,K03353,1511.0,1511.0
2011,Lüchow-Dannenberg,Polen,Anzahl,K03354,331.0,331.0
2011,Lüneburg,Polen,Anzahl,K03355,881.0,881.0
2011,Osterholz,Polen,Anzahl,K03356,404.0,404.0
2011,Rotenburg (Wümme),Polen,Anzahl,K03357,875.0,875.0
2011,Heidekreis,Polen,Anzahl,K03358,648.0,648.0
2011,Stade,Polen,Anzahl,K03359,1467.0,1467.0
2011,Uelzen,Polen,Anzahl,K03360,395.0,395.0
2011,Verden,Polen,Anzahl,K03361,598.0,598.0
2011,Statistische Region Lüneburg,Polen,Anzahl,K033,8238.0,8238.0
2011,"Delmenhorst, Stadt",Polen,Anzahl,K03401,632.0,632.0
2011,"Emden, Stadt",Polen,Anzahl,K03402,233.0,233.0
2011,"Oldenburg (Oldb), Stadt",Polen,Anzahl,K03403,740.0,740.0
2011,"Osnabrück, Stadt",Polen,Anzahl,K03404,888.0,888.0
2011,"Wilhelmshaven, Stadt",Polen,Anzahl,K03405,556.0,556.0
2011,Ammerland,Polen,Anzahl,K03451,621.0,621.0
2011,Aurich,Polen,Anzahl,K03452,631.0,631.0
2011,Cloppenburg,Polen,Anzahl,K03453,1451.0,1451.0
2011,Emsland,Polen,Anzahl,K03454,3498.0,3498.0
2011,Friesland,Polen,Anzahl,K03455,230.0,230.0
2011,Grafschaft Bentheim,Polen,Anzahl,K03456,708.0,708.0
2011,Leer,Polen,Anzahl,K03457,562.0,562.0
2011,Oldenburg,Polen,Anzahl,K03458,999.0,999.0
2011,Osnabrück,Polen,Anzahl,K03459,2468.0,2468.0
2011,Vechta,Polen,Anzahl,K03460,1940.0,1940.0
2011,Wesermarsch,Polen,Anzahl,K03461,457.0,457.0
2011,Wittmund,Polen,Anzahl,K03462,155.0,155.0
2011,Statistische Region Weser-Ems,Polen,Anzahl,K034,16769.0,16769.0
2011,Niedersachsen,Polen,Anzahl,K030,47640.0,47640.0
2012,"Braunschweig, Stadt",Polen,Anzahl,K03101,2770.0,2770.0
2012,"Salzgitter, Stadt",Polen,Anzahl,K03102,722.0,722.0
2012,"Wolfsburg, Stadt",Polen,Anzahl,K03103,844.0,844.0
2012,Gifhorn,Polen,Anzahl,K03151,761.0,761.0
2012,Goslar,Polen,Anzahl,K03153,519.0,519.0
2012,Helmstedt,Polen,Anzahl,K03154,454.0,454.0
2012,Northeim,Polen,Anzahl,K03155,357.0,357.0
2012,Peine,Polen,Anzahl,K03157,753.0,753.0
2012,Wolfenbüttel,Polen,Anzahl,K03158,538.0,538.0
2012,Göttingen,Polen,Anzahl,K03159,992.0,992.0
2012,Statistische Region Braunschweig,Polen,Anzahl,K031,8710.0,8710.0
2012,Region Hannover,Polen,Anzahl,K03241,11600.0,11600.0
2012,"dav. Hannover, Lhst.",Polen,Anzahl,K03241001,7098.0,7098.0
2012,"dav. Hannover, Umland",Polen,Anzahl,K03241999,4502.0,4502.0
2012,Diepholz,Polen,Anzahl,K03251,1521.0,1521.0
2012,Hameln-Pyrmont,Polen,Anzahl,K03252,638.0,638.0
2012,Hildesheim,Polen,Anzahl,K03254,1254.0,1254.0
2012,Holzminden,Polen,Anzahl,K03255,183.0,183.0
2012,Nienburg (Weser),Polen,Anzahl,K03256,728.0,728.0
2012,Schaumburg,Polen,Anzahl,K03257,916.0,916.0
2012,Statistische Region Hannover,Polen,Anzahl,K032,16840.0,16840.0
2012,Celle,Polen,Anzahl,K03351,649.0,649.0
2012,Cuxhaven,Polen,Anzahl,K03352,611.0,611.0
2012,Harburg,Polen,Anzahl,K03353,1561.0,1561.0
2012,Lüchow-Dannenberg,Polen,Anzahl,K03354,373.0,373.0
2012,Lüneburg,Polen,Anzahl,K03355,980.0,980.0
2012,Osterholz,Polen,Anzahl,K03356,551.0,551.0
2012,Rotenburg (Wümme),Polen,Anzahl,K03357,1044.0,1044.0
2012,Heidekreis,Polen,Anzahl,K03358,818.0,818.0
2012,Stade,Polen,Anzahl,K03359,1809.0,1809.0
2012,Uelzen,Polen,Anzahl,K03360,448.0,448.0
2012,Verden,Polen,Anzahl,K03361,727.0,727.0
2012,Statistische Region Lüneburg,Polen,Anzahl,K033,9571.0,9571.0
2012,"Delmenhorst, Stadt",Polen,Anzahl,K03401,831.0,831.0
2012,"Emden, Stadt",Polen,Anzahl,K03402,404.0,404.0
2012,"Oldenburg (Oldb), Stadt",Polen,Anzahl,K03403,822.0,822.0
2012,"Osnabrück, Stadt",Polen,Anzahl,K03404,1077.0,1077.0
2012,"Wilhelmshaven, Stadt",Polen,Anzahl,K03405,584.0,584.0
2012,Ammerland,Polen,Anzahl,K03451,1031.0,1031.0
2012,Aurich,Polen,Anzahl,K03452,795.0,795.0
2012,Cloppenburg,Polen,Anzahl,K03453,2163.0,2163.0
2012,Emsland,Polen,Anzahl,K03454,4052.0,4052.0
2012,Friesland,Polen,Anzahl,K03455,263.0,263.0
2012,Grafschaft Bentheim,Polen,Anzahl,K03456,1107.0,1107.0
2012,Leer,Polen,Anzahl,K03457,674.0,674.0
2012,Oldenburg,Polen,Anzahl,K03458,1254.0,1254.0
2012,Osnabrück,Polen,Anzahl,K03459,2976.0,2976.0
2012,Vechta,Polen,Anzahl,K03460,2210.0,2210.0
2012,Wesermarsch,Polen,Anzahl,K03461,506.0,506.0
2012,Wittmund,Polen,Anzahl,K03462,184.0,184.0
2012,Statistische Region Weser-Ems,Polen,Anzahl,K034,20933.0,20933.0
2012,Niedersachsen,Polen,Anzahl,K030,56054.0,56054.0
2013,"Braunschweig, Stadt",Polen,Anzahl,K03101,3115.0,3115.0
2013,"Salzgitter, Stadt",Polen,Anzahl,K03102,939.0,939.0
2013,"Wolfsburg, Stadt",Polen,Anzahl,K03103,989.0,989.0
2013,Gifhorn,Polen,Anzahl,K03151,815.0,815.0
2013,Goslar,Polen,Anzahl,K03153,610.0,610.0
2013,Helmstedt,Polen,Anzahl,K03154,488.0,488.0
2013,Northeim,Polen,Anzahl,K03155,414.0,414.0
2013,Peine,Polen,Anzahl,K03157,888.0,888.0
2013,Wolfenbüttel,Polen,Anzahl,K03158,623.0,623.0
2013,Göttingen,Polen,Anzahl,K03159,1075.0,1075.0
2013,Statistische Region Braunschweig,Polen,Anzahl,K031,9956.0,9956.0
2013,Region Hannover,Polen,Anzahl,K03241,13457.0,13457.0
2013,"dav. Hannover, Lhst.",Polen,Anzahl,K03241001,7855.0,7855.0
2013,"dav. Hannover, Umland",Polen,Anzahl,K03241999,5602.0,5602.0
2013,Diepholz,Polen,Anzahl,K03251,2371.0,2371.0
2013,Hameln-Pyrmont,Polen,Anzahl,K03252,702.0,702.0
2013,Hildesheim,Polen,Anzahl,K03254,1440.0,1440.0
2013,Holzminden,Polen,Anzahl,K03255,185.0,185.0
2013,Nienburg (Weser),Polen,Anzahl,K03256,962.0,962.0
2013,Schaumburg,Polen,Anzahl,K03257,1023.0,1023.0
2013,Statistische Region Hannover,Polen,Anzahl,K032,20140.0,20140.0
2013,Celle,Polen,Anzahl,K03351,829.0,829.0
2013,Cuxhaven,Polen,Anzahl,K03352,769.0,769.0
2013,Harburg,Polen,Anzahl,K03353,1540.0,1540.0
2013,Lüchow-Dannenberg,Polen,Anzahl,K03354,535.0,535.0
2013,Lüneburg,Polen,Anzahl,K03355,1086.0,1086.0
2013,Osterholz,Polen,Anzahl,K03356,586.0,586.0
2013,Rotenburg (Wümme),Polen,Anzahl,K03357,1265.0,1265.0
2013,Heidekreis,Polen,Anzahl,K03358,1203.0,1203.0
2013,Stade,Polen,Anzahl,K03359,2189.0,2189.0
2013,Uelzen,Polen,Anzahl,K03360,545.0,545.0
2013,Verden,Polen,Anzahl,K03361,929.0,929.0
2013,Statistische Region Lüneburg,Polen,Anzahl,K033,11476.0,11476.0
2013,"Delmenhorst, Stadt",Polen,Anzahl,K03401,1052.0,1052.0
2013,"Emden, Stadt",Polen,Anzahl,K03402,618.0,618.0
2013,"Oldenburg (Oldb), Stadt",Polen,Anzahl,K03403,989.0,989.0
2013,"Osnabrück, Stadt",Polen,Anzahl,K03404,1184.0,1184.0
2013,"Wilhelmshaven, Stadt",Polen,Anzahl,K03405,512.0,512.0
2013,Ammerland,Polen,Anzahl,K03451,1043.0,1043.0
2013,Aurich,Polen,Anzahl,K03452,1060.0,1060.0
2013,Cloppenburg,Polen,Anzahl,K03453,2430.0,2430.0
2013,Emsland,Polen,Anzahl,K03454,4378.0,4378.0
2013,Friesland,Polen,Anzahl,K03455,300.0,300.0
2013,Grafschaft Bentheim,Polen,Anzahl,K03456,1403.0,1403.0
2013,Leer,Polen,Anzahl,K03457,776.0,776.0
2013,Oldenburg,Polen,Anzahl,K03458,1529.0,1529.0
2013,Osnabrück,Polen,Anzahl,K03459,3555.0,3555.0
2013,Vechta,Polen,Anzahl,K03460,2592.0,2592.0
2013,Wesermarsch,Polen,Anzahl,K03461,615.0,615.0
2013,Wittmund,Polen,Anzahl,K03462,242.0,242.0
2013,Statistische Region Weser-Ems,Polen,Anzahl,K034,24278.0,24278.0
2013,Niedersachsen,Polen,Anzahl,K030,65850.0,65850.0
2014,"Braunschweig, Stadt",Polen,Anzahl,K03101,3370.0,3370.0
2014,"Salzgitter, Stadt",Polen,Anzahl,K03102,1162.0,1162.0
2014,"Wolfsburg, Stadt",Polen,Anzahl,K03103,1122.0,1122.0
2014,Gifhorn,Polen,Anzahl,K03151,945.0,945.0
2014,Goslar,Polen,Anzahl,K03153,664.0,664.0
2014,Helmstedt,Polen,Anzahl,K03154,509.0,509.0
2014,Northeim,Polen,Anzahl,K03155,558.0,558.0
2014,Peine,Polen,Anzahl,K03157,1022.0,1022.0
2014,Wolfenbüttel,Polen,Anzahl,K03158,678.0,678.0
2014,Göttingen,Polen,Anzahl,K03159,1165.0,1165.0
2014,Statistische Region Braunschweig,Polen,Anzahl,K031,11195.0,11195.0
2014,Region Hannover,Polen,Anzahl,K03241,15188.0,15188.0
2014,"dav. Hannover, Lhst.",Polen,Anzahl,K03241001,8789.0,8789.0
2014,"dav. Hannover, Umland",Polen,Anzahl,K03241999,6399.0,6399.0
2014,Diepholz,Polen,Anzahl,K03251,2455.0,2455.0
2014,Hameln-Pyrmont,Polen,Anzahl,K03252,791.0,791.0
2014,Hildesheim,Polen,Anzahl,K03254,1630.0,1630.0
2014,Holzminden,Polen,Anzahl,K03255,172.0,172.0
2014,Nienburg (Weser),Polen,Anzahl,K03256,1122.0,1122.0
2014,Schaumburg,Polen,Anzahl,K03257,1142.0,1142.0
2014,Statistische Region Hannover,Polen,Anzahl,K032,22500.0,22500.0
2014,Celle,Polen,Anzahl,K03351,1081.0,1081.0
2014,Cuxhaven,Polen,Anzahl,K03352,1045.0,1045.0
2014,Harburg,Polen,Anzahl,K03353,1526.0,1526.0
2014,Lüchow-Dannenberg,Polen,Anzahl,K03354,631.0,631.0
2014,Lüneburg,Polen,Anzahl,K03355,1180.0,1180.0
2014,Osterholz,Polen,Anzahl,K03356,664.0,664.0
2014,Rotenburg (Wümme),Polen,Anzahl,K03357,1500.0,1500.0
2014,Heidekreis,Polen,Anzahl,K03358,1426.0,1426.0
2014,Stade,Polen,Anzahl,K03359,2602.0,2602.0
2014,Uelzen,Polen,Anzahl,K03360,682.0,682.0
2014,Verden,Polen,Anzahl,K03361,1055.0,1055.0
2014,Statistische Region Lüneburg,Polen,Anzahl,K033,13392.0,13392.0
2014,"Delmenhorst, Stadt",Polen,Anzahl,K03401,1289.0,1289.0
2014,"Emden, Stadt",Polen,Anzahl,K03402,761.0,761.0
2014,"Oldenburg (Oldb), Stadt",Polen,Anzahl,K03403,1145.0,1145.0
2014,"Osnabrück, Stadt",Polen,Anzahl,K03404,1289.0,1289.0
2014,"Wilhelmshaven, Stadt",Polen,Anzahl,K03405,587.0,587.0
2014,Ammerland,Polen,Anzahl,K03451,1163.0,1163.0
2014,Aurich,Polen,Anzahl,K03452,1361.0,1361.0
2014,Cloppenburg,Polen,Anzahl,K03453,2812.0,2812.0
2014,Emsland,Polen,Anzahl,K03454,5082.0,5082.0
2014,Friesland,Polen,Anzahl,K03455,349.0,349.0
2014,Grafschaft Bentheim,Polen,Anzahl,K03456,1715.0,1715.0
2014,Leer,Polen,Anzahl,K03457,893.0,893.0
2014,Oldenburg,Polen,Anzahl,K03458,1572.0,1572.0
2014,Osnabrück,Polen,Anzahl,K03459,3851.0,3851.0
2014,Vechta,Polen,Anzahl,K03460,3094.0,3094.0
2014,Wesermarsch,Polen,Anzahl,K03461,783.0,783.0
2014,Wittmund,Polen,Anzahl,K03462,327.0,327.0
2014,Statistische Region Weser-Ems,Polen,Anzahl,K034,28073.0,28073.0
2014,Niedersachsen,Polen,Anzahl,K030,75160.0,75160.0
2015,"Braunschweig, Stadt",Polen,Anzahl,K03101,3638.0,3638.0
2015,"Salzgitter, Stadt",Polen,Anzahl,K03102,1476.0,1476.0
2015,"Wolfsburg, Stadt",Polen,Anzahl,K03103,1202.0,1202.0
2015,Gifhorn,Polen,Anzahl,K03151,1040.0,1040.0
2015,Goslar,Polen,Anzahl,K03153,741.0,741.0
2015,Helmstedt,Polen,Anzahl,K03154,667.0,667.0
2015,Northeim,Polen,Anzahl,K03155,680.0,680.0
2015,Peine,Polen,Anzahl,K03157,1143.0,1143.0
2015,Wolfenbüttel,Polen,Anzahl,K03158,727.0,727.0
2015,Göttingen,Polen,Anzahl,K03159,1291.0,1291.0
2015,Statistische Region Braunschweig,Polen,Anzahl,K031,12605.0,12605.0
2015,Region Hannover,Polen,Anzahl,K03241,16964.0,16964.0
2015,"dav. Hannover, Lhst.",Polen,Anzahl,K03241001,9470.0,9470.0
2015,"dav. Hannover, Umland",Polen,Anzahl,K03241999,7494.0,7494.0
2015,Diepholz,Polen,Anzahl,K03251,2682.0,2682.0
2015,Hameln-Pyrmont,Polen,Anzahl,K03252,871.0,871.0
2015,Hildesheim,Polen,Anzahl,K03254,1864.0,1864.0
2015,Holzminden,Polen,Anzahl,K03255,163.0,163.0
2015,Nienburg (Weser),Polen,Anzahl,K03256,1203.0,1203.0
2015,Schaumburg,Polen,Anzahl,K03257,1335.0,1335.0
2015,Statistische Region Hannover,Polen,Anzahl,K032,25082.0,25082.0
2015,Celle,Polen,Anzahl,K03351,1228.0,1228.0
2015,Cuxhaven,Polen,Anzahl,K03352,1248.0,1248.0
2015,Harburg,Polen,Anzahl,K03353,1569.0,1569.0
2015,Lüchow-Dannenberg,Polen,Anzahl,K03354,731.0,731.0
2015,Lüneburg,Polen,Anzahl,K03355,1254.0,1254.0
2015,Osterholz,Polen,Anzahl,K03356,725.0,725.0
2015,Rotenburg (Wümme),Polen,Anzahl,K03357,1673.0,1673.0
2015,Heidekreis,Polen,Anzahl,K03358,1732.0,1732.0
2015,Stade,Polen,Anzahl,K03359,2766.0,2766.0
2015,Uelzen,Polen,Anzahl,K03360,754.0,754.0
2015,Verden,Polen,Anzahl,K03361,1147.0,1147.0
2015,Statistische Region Lüneburg,Polen,Anzahl,K033,14827.0,14827.0
2015,"Delmenhorst, Stadt",Polen,Anzahl,K03401,1488.0,1488.0
2015,"Emden, Stadt",Polen,Anzahl,K03402,868.0,868.0
2015,"Oldenburg (Oldb), Stadt",Polen,Anzahl,K03403,1319.0,1319.0
2015,"Osnabrück, Stadt",Polen,Anzahl,K03404,1452.0,1452.0
2015,"Wilhelmshaven, Stadt",Polen,Anzahl,K03405,597.0,597.0
2015,Ammerland,Polen,Anzahl,K03451,1261.0,1261.0
2015,Aurich,Polen,Anzahl,K03452,1488.0,1488.0
2015,Cloppenburg,Polen,Anzahl,K03453,2956.0,2956.0
2015,Emsland,Polen,Anzahl,K03454,5811.0,5811.0
2015,Friesland,Polen,Anzahl,K03455,374.0,374.0
2015,Grafschaft Bentheim,Polen,Anzahl,K03456,2065.0,2065.0
2015,Leer,Polen,Anzahl,K03457,978.0,978.0
2015,Oldenburg,Polen,Anzahl,K03458,1679.0,1679.0
2015,Osnabrück,Polen,Anzahl,K03459,4241.0,4241.0
2015,Vechta,Polen,Anzahl,K03460,3555.0,3555.0
2015,Wesermarsch,Polen,Anzahl,K03461,912.0,912.0
2015,Wittmund,Polen,Anzahl,K03462,392.0,392.0
2015,Statistische Region Weser-Ems,Polen,Anzahl,K034,31436.0,31436.0
2015,Niedersachsen,Polen,Anzahl,K030,83950.0,83950.0
2016,"Braunschweig, Stadt",Polen,Anzahl,K03101,3670.0,3670.0
2016,"Salzgitter, Stadt",Polen,Anzahl,K03102,1690.0,1690.0
2016,"Wolfsburg, Stadt",Polen,Anzahl,K03103,1255.0,1255.0
2016,Gifhorn,Polen,Anzahl,K03151,1020.0,1020.0
2016,Goslar,Polen,Anzahl,K03153,800.0,800.0
2016,Helmstedt,Polen,Anzahl,K03154,745.0,745.0
2016,Northeim,Polen,Anzahl,K03155,805.0,805.0
2016,Peine,Polen,Anzahl,K03157,1245.0,1245.0
2016,Wolfenbüttel,Polen,Anzahl,K03158,720.0,720.0
2016,Göttingen,Polen,Anzahl,K03159,1375.0,1375.0
2016,Statistische Region Braunschweig,Polen,Anzahl,K031,13325.0,13325.0
2016,Region Hannover,Polen,Anzahl,K03241,18245.0,18245.0
2016,"dav. Hannover, Lhst.",Polen,Anzahl,K03241001,10095.0,10095.0
2016,"dav. Hannover, Umland",Polen,Anzahl,K03241999,8150.0,8150.0
2016,Diepholz,Polen,Anzahl,K03251,2860.0,2860.0
2016,Hameln-Pyrmont,Polen,Anzahl,K03252,920.0,920.0
2016,Hildesheim,Polen,Anzahl,K03254,2075.0,2075.0
2016,Holzminden,Polen,Anzahl,K03255,150.0,150.0
2016,Nienburg (Weser),Polen,Anzahl,K03256,1395.0,1395.0
2016,Schaumburg,Polen,Anzahl,K03257,1485.0,1485.0
2016,Statistische Region Hannover,Polen,Anzahl,K032,27130.0,27130.0
2016,Celle,Polen,Anzahl,K03351,1355.0,1355.0
2016,Cuxhaven,Polen,Anzahl,K03352,1260.0,1260.0
2016,Harburg,Polen,Anzahl,K03353,1865.0,1865.0
2016,Lüchow-Dannenberg,Polen,Anzahl,K03354,825.0,825.0
2016,Lüneburg,Polen,Anzahl,K03355,1390.0,1390.0
2016,Osterholz,Polen,Anzahl,K03356,675.0,675.0
2016,Rotenburg (Wümme),Polen,Anzahl,K03357,1700.0,1700.0
2016,Heidekreis,Polen,Anzahl,K03358,1910.0,1910.0
2016,Stade,Polen,Anzahl,K03359,3135.0,3135.0
2016,Uelzen,Polen,Anzahl,K03360,845.0,845.0
2016,Verden,Polen,Anzahl,K03361,1235.0,1235.0
2016,Statistische Region Lüneburg,Polen,Anzahl,K033,16205.0,16205.0
2016,"Delmenhorst, Stadt",Polen,Anzahl,K03401,1480.0,1480.0
2016,"Emden, Stadt",Polen,Anzahl,K03402,920.0,920.0
2016,"Oldenburg (Oldb), Stadt",Polen,Anzahl,K03403,1310.0,1310.0
2016,"Osnabrück, Stadt",Polen,Anzahl,K03404,1535.0,1535.0
2016,"Wilhelmshaven, Stadt",Polen,Anzahl,K03405,615.0,615.0
2016,Ammerland,Polen,Anzahl,K03451,1355.0,1355.0
2016,Aurich,Polen,Anzahl,K03452,1520.0,1520.0
2016,Cloppenburg,Polen,Anzahl,K03453,3350.0,3350.0
2016,Emsland,Polen,Anzahl,K03454,6445.0,6445.0
2016,Friesland,Polen,Anzahl,K03455,380.0,380.0
2016,Grafschaft Bentheim,Polen,Anzahl,K03456,2245.0,2245.0
2016,Leer,Polen,Anzahl,K03457,1080.0,1080.0
2016,Oldenburg,Polen,Anzahl,K03458,1690.0,1690.0
2016,Osnabrück,Polen,Anzahl,K03459,4480.0,4480.0
2016,Vechta,Polen,Anzahl,K03460,3700.0,3700.0
2016,Wesermarsch,Polen,Anzahl,K03461,1025.0,1025.0
2016,Wittmund,Polen,Anzahl,K03462,380.0,380.0
2016,Statistische Region Weser-Ems,Polen,Anzahl,K034,33510.0,33510.0
2016,Niedersachsen,Polen,Anzahl,K030,90175.0,90175.0
2017,"Braunschweig, Stadt",Polen,Anzahl,K03101,3725.0,3725.0
2017,"Salzgitter, Stadt",Polen,Anzahl,K03102,1805.0,1805.0
2017,"Wolfsburg, Stadt",Polen,Anzahl,K03103,1310.0,1310.0
2017,Gifhorn,Polen,Anzahl,K03151,990.0,990.0
2017,Goslar,Polen,Anzahl,K03153,850.0,850.0
2017,Helmstedt,Polen,Anzahl,K03154,820.0,820.0
2017,Northeim,Polen,Anzahl,K03155,805.0,805.0
2017,Peine,Polen,Anzahl,K03157,1375.0,1375.0
2017,Wolfenbüttel,Polen,Anzahl,K03158,715.0,715.0
2017,Göttingen,Polen,Anzahl,K03159,1405.0,1405.0
2017,Statistische Region Braunschweig,Polen,Anzahl,K031,13810.0,13810.0
2017,Region Hannover,Polen,Anzahl,K03241,18610.0,18610.0
2017,"dav. Hannover, Lhst.",Polen,Anzahl,K03241001,10120.0,10120.0
2017,"dav. Hannover, Umland",Polen,Anzahl,K03241999,8490.0,8490.0
2017,Diepholz,Polen,Anzahl,K03251,2895.0,2895.0
2017,Hameln-Pyrmont,Polen,Anzahl,K03252,955.0,955.0
2017,Hildesheim,Polen,Anzahl,K03254,2165.0,2165.0
2017,Holzminden,Polen,Anzahl,K03255,150.0,150.0
2017,Nienburg (Weser),Polen,Anzahl,K03256,1695.0,1695.0
2017,Schaumburg,Polen,Anzahl,K03257,1555.0,1555.0
2017,Statistische Region Hannover,Polen,Anzahl,K032,28020.0,28020.0
2017,Celle,Polen,Anzahl,K03351,1465.0,1465.0
2017,Cuxhaven,Polen,Anzahl,K03352,1315.0,1315.0
2017,Harburg,Polen,Anzahl,K03353,2360.0,2360.0
2017,Lüchow-Dannenberg,Polen,Anzahl,K03354,635.0,635.0
2017,Lüneburg,Polen,Anzahl,K03355,1380.0,1380.0
2017,Osterholz,Polen,Anzahl,K03356,670.0,670.0
2017,Rotenburg (Wümme),Polen,Anzahl,K03357,1695.0,1695.0
2017,Heidekreis,Polen,Anzahl,K03358,1995.0,1995.0
2017,Stade,Polen,Anzahl,K03359,3485.0,3485.0
2017,Uelzen,Polen,Anzahl,K03360,895.0,895.0
2017,Verden,Polen,Anzahl,K03361,1320.0,1320.0
2017,Statistische Region Lüneburg,Polen,Anzahl,K033,17215.0,17215.0
2017,"Delmenhorst, Stadt",Polen,Anzahl,K03401,1470.0,1470.0
2017,"Emden, Stadt",Polen,Anzahl,K03402,965.0,965.0
2017,"Oldenburg (Oldb), Stadt",Polen,Anzahl,K03403,1285.0,1285.0
2017,"Osnabrück, Stadt",Polen,Anzahl,K03404,1580.0,1580.0
2017,"Wilhelmshaven, Stadt",Polen,Anzahl,K03405,635.0,635.0
2017,Ammerland,Polen,Anzahl,K03451,1510.0,1510.0
2017,Aurich,Polen,Anzahl,K03452,1610.0,1610.0
2017,Cloppenburg,Polen,Anzahl,K03453,3195.0,3195.0
2017,Emsland,Polen,Anzahl,K03454,7045.0,7045.0
2017,Friesland,Polen,Anzahl,K03455,405.0,405.0
2017,Grafschaft Bentheim,Polen,Anzahl,K03456,2415.0,2415.0
2017,Leer,Polen,Anzahl,K03457,1115.0,1115.0
2017,Oldenburg,Polen,Anzahl,K03458,1825.0,1825.0
2017,Osnabrück,Polen,Anzahl,K03459,4760.0,4760.0
2017,Vechta,Polen,Anzahl,K03460,3925.0,3925.0
2017,Wesermarsch,Polen,Anzahl,K03461,1015.0,1015.0
2017,Wittmund,Polen,Anzahl,K03462,405.0,405.0
2017,Statistische Region Weser-Ems,Polen,Anzahl,K034,35165.0,35165.0
2017,Niedersachsen,Polen,Anzahl,K030,94210.0,94210.0
2018,"Braunschweig, Stadt",Polen,Anzahl,K03101,3785.0,3785.0
2018,"Salzgitter, Stadt",Polen,Anzahl,K03102,1775.0,1775.0
2018,"Wolfsburg, Stadt",Polen,Anzahl,K03103,1360.0,1360.0
2018,Gifhorn,Polen,Anzahl,K03151,1020.0,1020.0
2018,Goslar,Polen,Anzahl,K03153,880.0,880.0
2018,Helmstedt,Polen,Anzahl,K03154,825.0,825.0
2018,Northeim,Polen,Anzahl,K03155,875.0,875.0
2018,Peine,Polen,Anzahl,K03157,1425.0,1425.0
2018,Wolfenbüttel,Polen,Anzahl,K03158,745.0,745.0
2018,Göttingen,Polen,Anzahl,K03159,1480.0,1480.0
2018,Statistische Region Braunschweig,Polen,Anzahl,K031,14160.0,14160.0
2018,Region Hannover,Polen,Anzahl,K03241,18495.0,18495.0
2018,"dav. Hannover, Lhst.",Polen,Anzahl,K03241001,9780.0,9780.0
2018,"dav. Hannover, Umland",Polen,Anzahl,K03241999,8720.0,8720.0
2018,Diepholz,Polen,Anzahl,K03251,3160.0,3160.0
2018,Hameln-Pyrmont,Polen,Anzahl,K03252,1005.0,1005.0
2018,Hildesheim,Polen,Anzahl,K03254,2190.0,2190.0
2018,Holzminden,Polen,Anzahl,K03255,145.0,145.0
2018,Nienburg (Weser),Polen,Anzahl,K03256,1725.0,1725.0
2018,Schaumburg,Polen,Anzahl,K03257,1655.0,1655.0
2018,Statistische Region Hannover,Polen,Anzahl,K032,28375.0,28375.0
2018,Celle,Polen,Anzahl,K03351,1555.0,1555.0
2018,Cuxhaven,Polen,Anzahl,K03352,1435.0,1435.0
2018,Harburg,Polen,Anzahl,K03353,2635.0,2635.0
2018,Lüchow-Dannenberg,Polen,Anzahl,K03354,635.0,635.0
2018,Lüneburg,Polen,Anzahl,K03355,1460.0,1460.0
2018,Osterholz,Polen,Anzahl,K03356,685.0,685.0
2018,Rotenburg (Wümme),Polen,Anzahl,K03357,1775.0,1775.0
2018,Heidekreis,Polen,Anzahl,K03358,2145.0,2145.0
2018,Stade,Polen,Anzahl,K03359,3675.0,3675.0
2018,Uelzen,Polen,Anzahl,K03360,965.0,965.0
2018,Verden,Polen,Anzahl,K03361,1430.0,1430.0
2018,Statistische Region Lüneburg,Polen,Anzahl,K033,18395.0,18395.0
2018,"Delmenhorst, Stadt",Polen,Anzahl,K03401,1485.0,1485.0
2018,"Emden, Stadt",Polen,Anzahl,K03402,880.0,880.0
2018,"Oldenburg (Oldb), Stadt",Polen,Anzahl,K03403,1275.0,1275.0
2018,"Osnabrück, Stadt",Polen,Anzahl,K03404,1585.0,1585.0
2018,"Wilhelmshaven, Stadt",Polen,Anzahl,K03405,645.0,645.0
2018,Ammerland,Polen,Anzahl,K03451,1570.0,1570.0
2018,Aurich,Polen,Anzahl,K03452,1655.0,1655.0
2018,Cloppenburg,Polen,Anzahl,K03453,3435.0,3435.0
2018,Emsland,Polen,Anzahl,K03454,7445.0,7445.0
2018,Friesland,Polen,Anzahl,K03455,450.0,450.0
2018,Grafschaft Bentheim,Polen,Anzahl,K03456,2515.0,2515.0
2018,Leer,Polen,Anzahl,K03457,1140.0,1140.0
2018,Oldenburg,Polen,Anzahl,K03458,1805.0,1805.0
2018,Osnabrück,Polen,Anzahl,K03459,5005.0,5005.0
2018,Vechta,Polen,Anzahl,K03460,3870.0,3870.0
2018,Wesermarsch,Polen,Anzahl,K03461,1060.0,1060.0
2018,Wittmund,Polen,Anzahl,K03462,400.0,400.0
2018,Statistische Region Weser-Ems,Polen,Anzahl,K034,36215.0,36215.0
2018,Niedersachsen,Polen,Anzahl,K030,97145.0,97145.0
2019,"Braunschweig, Stadt",Polen,Anzahl,K03101,3635.0,3635.0
2019,"Salzgitter, Stadt",Polen,Anzahl,K03102,1680.0,1680.0
2019,"Wolfsburg, Stadt",Polen,Anzahl,K03103,1330.0,1330.0
2019,Gifhorn,Polen,Anzahl,K03151,1050.0,1050.0
2019,Goslar,Polen,Anzahl,K03153,875.0,875.0
2019,Helmstedt,Polen,Anzahl,K03154,860.0,860.0
2019,Northeim,Polen,Anzahl,K03155,895.0,895.0
2019,Peine,Polen,Anzahl,K03157,1450.0,1450.0
2019,Wolfenbüttel,Polen,Anzahl,K03158,750.0,750.0
2019,Göttingen,Polen,Anzahl,K03159,1545.0,1545.0
2019,Statistische Region Braunschweig,Polen,Anzahl,K031,14065.0,14065.0
2019,Region Hannover,Polen,Anzahl,K03241,18065.0,18065.0
2019,"dav. Hannover, Lhst.",Polen,Anzahl,K03241001,9470.0,9470.0
2019,"dav. Hannover, Umland",Polen,Anzahl,K03241999,8595.0,8595.0
2019,Diepholz,Polen,Anzahl,K03251,3430.0,3430.0
2019,Hameln-Pyrmont,Polen,Anzahl,K03252,1050.0,1050.0
2019,Hildesheim,Polen,Anzahl,K03254,2320.0,2320.0
2019,Holzminden,Polen,Anzahl,K03255,155.0,155.0
2019,Nienburg (Weser),Polen,Anzahl,K03256,1670.0,1670.0
2019,Schaumburg,Polen,Anzahl,K03257,1730.0,1730.0
2019,Statistische Region Hannover,Polen,Anzahl,K032,28425.0,28425.0
2019,Celle,Polen,Anzahl,K03351,1595.0,1595.0
2019,Cuxhaven,Polen,Anzahl,K03352,1450.0,1450.0
2019,Harburg,Polen,Anzahl,K03353,3105.0,3105.0
2019,Lüchow-Dannenberg,Polen,Anzahl,K03354,645.0,645.0
2019,Lüneburg,Polen,Anzahl,K03355,1465.0,1465.0
2019,Osterholz,Polen,Anzahl,K03356,725.0,725.0
2019,Rotenburg (Wümme),Polen,Anzahl,K03357,1840.0,1840.0
2019,Heidekreis,Polen,Anzahl,K03358,2350.0,2350.0
2019,Stade,Polen,Anzahl,K03359,3735.0,3735.0
2019,Uelzen,Polen,Anzahl,K03360,940.0,940.0
2019,Verden,Polen,Anzahl,K03361,1385.0,1385.0
2019,Statistische Region Lüneburg,Polen,Anzahl,K033,19240.0,19240.0
2019,"Delmenhorst, Stadt",Polen,Anzahl,K03401,1425.0,1425.0
2019,"Emden, Stadt",Polen,Anzahl,K03402,835.0,835.0
2019,"Oldenburg (Oldb), Stadt",Polen,Anzahl,K03403,1365.0,1365.0
2019,"Osnabrück, Stadt",Polen,Anzahl,K03404,1585.0,1585.0
2019,"Wilhelmshaven, Stadt",Polen,Anzahl,K03405,680.0,680.0
2019,Ammerland,Polen,Anzahl,K03451,1655.0,1655.0
2019,Aurich,Polen,Anzahl,K03452,1495.0,1495.0
2019,Cloppenburg,Polen,Anzahl,K03453,3420.0,3420.0
2019,Emsland,Polen,Anzahl,K03454,7360.0,7360.0
2019,Friesland,Polen,Anzahl,K03455,475.0,475.0
2019,Grafschaft Bentheim,Polen,Anzahl,K03456,2630.0,2630.0
2019,Leer,Polen,Anzahl,K03457,1240.0,1240.0
2019,Oldenburg,Polen,Anzahl,K03458,1820.0,1820.0
2019,Osnabrück,Polen,Anzahl,K03459,4895.0,4895.0
2019,Vechta,Polen,Anzahl,K03460,3900.0,3900.0
2019,Wesermarsch,Polen,Anzahl,K03461,1110.0,1110.0
2019,Wittmund,Polen,Anzahl,K03462,395.0,395.0
2019,Statistische Region Weser-Ems,Polen,Anzahl,K034,36290.0,36290.0
2019,Niedersachsen,Polen,Anzahl,K030,98015.0,98015.0
2020,"Braunschweig, Stadt",Polen,Anzahl,K03101,3520.0,3520.0
2020,"Salzgitter, Stadt",Polen,Anzahl,K03102,1685.0,1685.0
2020,"Wolfsburg, Stadt",Polen,Anzahl,K03103,1220.0,1220.0
2020,Gifhorn,Polen,Anzahl,K03151,1100.0,1100.0
2020,Goslar,Polen,Anzahl,K03153,945.0,945.0
2020,Helmstedt,Polen,Anzahl,K03154,870.0,870.0
2020,Northeim,Polen,Anzahl,K03155,910.0,910.0
2020,Peine,Polen,Anzahl,K03157,1570.0,1570.0
2020,Wolfenbüttel,Polen,Anzahl,K03158,815.0,815.0
2020,Göttingen,Polen,Anzahl,K03159,1560.0,1560.0
2020,Statistische Region Braunschweig,Polen,Anzahl,K031,14190.0,14190.0
2020,Region Hannover,Polen,Anzahl,K03241,17565.0,17565.0
2020,"dav. Hannover, Lhst.",Polen,Anzahl,K03241001,9005.0,9005.0
2020,"dav. Hannover, Umland",Polen,Anzahl,K03241999,8560.0,8560.0
2020,Diepholz,Polen,Anzahl,K03251,3605.0,3605.0
2020,Hameln-Pyrmont,Polen,Anzahl,K03252,1075.0,1075.0
2020,Hildesheim,Polen,Anzahl,K03254,2265.0,2265.0
2020,Holzminden,Polen,Anzahl,K03255,180.0,180.0
2020,Nienburg (Weser),Polen,Anzahl,K03256,1620.0,1620.0
2020,Schaumburg,Polen,Anzahl,K03257,1840.0,1840.0
2020,Statistische Region Hannover,Polen,Anzahl,K032,28155.0,28155.0
2020,Celle,Polen,Anzahl,K03351,1635.0,1635.0
2020,Cuxhaven,Polen,Anzahl,K03352,1510.0,1510.0
2020,Harburg,Polen,Anzahl,K03353,3410.0,3410.0
2020,Lüchow-Dannenberg,Polen,Anzahl,K03354,675.0,675.0
2020,Lüneburg,Polen,Anzahl,K03355,1415.0,1415.0
2020,Osterholz,Polen,Anzahl,K03356,730.0,730.0
2020,Rotenburg (Wümme),Polen,Anzahl,K03357,1895.0,1895.0
2020,Heidekreis,Polen,Anzahl,K03358,2375.0,2375.0
2020,Stade,Polen,Anzahl,K03359,3750.0,3750.0
2020,Uelzen,Polen,Anzahl,K03360,975.0,975.0
2020,Verden,Polen,Anzahl,K03361,1420.0,1420.0
2020,Statistische Region Lüneburg,Polen,Anzahl,K033,19780.0,19780.0
2020,"Delmenhorst, Stadt",Polen,Anzahl,K03401,1455.0,1455.0
2020,"Emden, Stadt",Polen,Anzahl,K03402,835.0,835.0
2020,"Oldenburg (Oldb), Stadt",Polen,Anzahl,K03403,1275.0,1275.0
2020,"Osnabrück, Stadt",Polen,Anzahl,K03404,1540.0,1540.0
2020,"Wilhelmshaven, Stadt",Polen,Anzahl,K03405,595.0,595.0
2020,Ammerland,Polen,Anzahl,K03451,1565.0,1565.0
2020,Aurich,Polen,Anzahl,K03452,1460.0,1460.0
2020,Cloppenburg,Polen,Anzahl,K03453,3520.0,3520.0
2020,Emsland,Polen,Anzahl,K03454,7345.0,7345.0
2020,Friesland,Polen,Anzahl,K03455,470.0,470.0
2020,Grafschaft Bentheim,Polen,Anzahl,K03456,2680.0,2680.0
2020,Leer,Polen,Anzahl,K03457,1255.0,1255.0
2020,Oldenburg,Polen,Anzahl,K03458,1810.0,1810.0
2020,Osnabrück,Polen,Anzahl,K03459,5060.0,5060.0
2020,Vechta,Polen,Anzahl,K03460,3880.0,3880.0
2020,Wesermarsch,Polen,Anzahl,K03461,1085.0,1085.0
2020,Wittmund,Polen,Anzahl,K03462,400.0,400.0
2020,Statistische Region Weser-Ems,Polen,Anzahl,K034,36230.0,36230.0
2020,Niedersachsen,Polen,Anzahl,K030,98355.0,98355.0
2021,"Braunschweig, Stadt",Polen,Anzahl,K03101,3535.0,3535.0
2021,"Salzgitter, Stadt",Polen,Anzahl,K03102,1710.0,1710.0
2021,"Wolfsburg, Stadt",Polen,Anzahl,K03103,1350.0,1350.0
2021,Gifhorn,Polen,Anzahl,K03151,1120.0,1120.0
2021,Goslar,Polen,Anzahl,K03153,945.0,945.0
2021,Helmstedt,Polen,Anzahl,K03154,865.0,865.0
2021,Northeim,Polen,Anzahl,K03155,920.0,920.0
2021,Peine,Polen,Anzahl,K03157,1590.0,1590.0
2021,Wolfenbüttel,Polen,Anzahl,K03158,795.0,795.0
2021,Göttingen,Polen,Anzahl,K03159,1545.0,1545.0
2021,Statistische Region Braunschweig,Polen,Anzahl,K031,14375.0,14375.0
2021,Region Hannover,Polen,Anzahl,K03241,17750.0,17750.0
2021,"dav. Hannover, Lhst.",Polen,Anzahl,K03241001,9235.0,9235.0
2021,"dav. Hannover, Umland",Polen,Anzahl,K03241999,8515.0,8515.0
2021,Diepholz,Polen,Anzahl,K03251,3815.0,3815.0
2021,Hameln-Pyrmont,Polen,Anzahl,K03252,1125.0,1125.0
2021,Hildesheim,Polen,Anzahl,K03254,2265.0,2265.0
2021,Holzminden,Polen,Anzahl,K03255,195.0,195.0
2021,Nienburg (Weser),Polen,Anzahl,K03256,1670.0,1670.0
2021,Schaumburg,Polen,Anzahl,K03257,1870.0,1870.0
2021,Statistische Region Hannover,Polen,Anzahl,K032,28695.0,28695.0
2021,Celle,Polen,Anzahl,K03351,1725.0,1725.0
2021,Cuxhaven,Polen,Anzahl,K03352,1480.0,1480.0
2021,Harburg,Polen,Anzahl,K03353,3925.0,3925.0
2021,Lüchow-Dannenberg,Polen,Anzahl,K03354,615.0,615.0
2021,Lüneburg,Polen,Anzahl,K03355,1410.0,1410.0
2021,Osterholz,Polen,Anzahl,K03356,725.0,725.0
2021,Rotenburg (Wümme),Polen,Anzahl,K03357,1930.0,1930.0
2021,Heidekreis,Polen,Anzahl,K03358,2395.0,2395.0
2021,Stade,Polen,Anzahl,K03359,3705.0,3705.0
2021,Uelzen,Polen,Anzahl,K03360,1040.0,1040.0
2021,Verden,Polen,Anzahl,K03361,1445.0,1445.0
2021,Statistische Region Lüneburg,Polen,Anzahl,K033,20390.0,20390.0
2021,"Delmenhorst, Stadt",Polen,Anzahl,K03401,1505.0,1505.0
2021,"Emden, Stadt",Polen,Anzahl,K03402,835.0,835.0
2021,"Oldenburg (Oldb), Stadt",Polen,Anzahl,K03403,1240.0,1240.0
2021,"Osnabrück, Stadt",Polen,Anzahl,K03404,1545.0,1545.0
2021,"Wilhelmshaven, Stadt",Polen,Anzahl,K03405,615.0,615.0
2021,Ammerland,Polen,Anzahl,K03451,1555.0,1555.0
2021,Aurich,Polen,Anzahl,K03452,1390.0,1390.0
2021,Cloppenburg,Polen,Anzahl,K03453,3705.0,3705.0
2021,Emsland,Polen,Anzahl,K03454,7485.0,7485.0
2021,Friesland,Polen,Anzahl,K03455,485.0,485.0
2021,Grafschaft Bentheim,Polen,Anzahl,K03456,2860.0,2860.0
2021,Leer,Polen,Anzahl,K03457,1345.0,1345.0
2021,Oldenburg,Polen,Anzahl,K03458,1805.0,1805.0
2021,Osnabrück,Polen,Anzahl,K03459,5095.0,5095.0
2021,Vechta,Polen,Anzahl,K03460,3855.0,3855.0
2021,Wesermarsch,Polen,Anzahl,K03461,1045.0,1045.0
2021,Wittmund,Polen,Anzahl,K03462,395.0,395.0
2021,Statistische Region Weser-Ems,Polen,Anzahl,K034,36760.0,36760.0
2021,Niedersachsen,Polen,Anzahl,K030,100220.0,100220.0
2022,"Braunschweig, Stadt",Polen,Anzahl,K03101,3470.0,3470.0
2022,"Salzgitter, Stadt",Polen,Anzahl,K03102,1770.0,1770.0
2022,"Wolfsburg, Stadt",Polen,Anzahl,K03103,1340.0,1340.0
2022,Gifhorn,Polen,Anzahl,K03151,1085.0,1085.0
2022,Goslar,Polen,Anzahl,K03153,970.0,970.0
2022,Helmstedt,Polen,Anzahl,K03154,825.0,825.0
2022,Northeim,Polen,Anzahl,K03155,945.0,945.0
2022,Peine,Polen,Anzahl,K03157,1640.0,1640.0
2022,Wolfenbüttel,Polen,Anzahl,K03158,815.0,815.0
2022,Göttingen,Polen,Anzahl,K03159,1575.0,1575.0
2022,Statistische Region Braunschweig,Polen,Anzahl,K031,14440.0,14440.0
2022,Region Hannover,Polen,Anzahl,K03241,17800.0,17800.0
2022,"dav. Hannover, Lhst.",Polen,Anzahl,K03241001,9225.0,9225.0
2022,"dav. Hannover, Umland",Polen,Anzahl,K03241999,8575.0,8575.0
2022,Diepholz,Polen,Anzahl,K03251,3830.0,3830.0
2022,Hameln-Pyrmont,Polen,Anzahl,K03252,1190.0,1190.0
2022,Hildesheim,Polen,Anzahl,K03254,2280.0,2280.0
2022,Holzminden,Polen,Anzahl,K03255,185.0,185.0
2022,Nienburg (Weser),Polen,Anzahl,K03256,1745.0,1745.0
2022,Schaumburg,Polen,Anzahl,K03257,1960.0,1960.0
2022,Statistische Region Hannover,Polen,Anzahl,K032,28990.0,28990.0
2022,Celle,Polen,Anzahl,K03351,1830.0,1830.0
2022,Cuxhaven,Polen,Anzahl,K03352,1470.0,1470.0
2022,Harburg,Polen,Anzahl,K03353,4095.0,4095.0
2022,Lüchow-Dannenberg,Polen,Anzahl,K03354,605.0,605.0
2022,Lüneburg,Polen,Anzahl,K03355,1520.0,1520.0
2022,Osterholz,Polen,Anzahl,K03356,730.0,730.0
2022,Rotenburg (Wümme),Polen,Anzahl,K03357,1925.0,1925.0
2022,Heidekreis,Polen,Anzahl,K03358,2420.0,2420.0
2022,Stade,Polen,Anzahl,K03359,3790.0,3790.0
2022,Uelzen,Polen,Anzahl,K03360,1050.0,1050.0
2022,Verden,Polen,Anzahl,K03361,1455.0,1455.0
2022,Statistische Region Lüneburg,Polen,Anzahl,K033,20885.0,20885.0
2022,"Delmenhorst, Stadt",Polen,Anzahl,K03401,1565.0,1565.0
2022,"Emden, Stadt",Polen,Anzahl,K03402,900.0,900.0
2022,"Oldenburg (Oldb), Stadt",Polen,Anzahl,K03403,1215.0,1215.0
2022,"Osnabrück, Stadt",Polen,Anzahl,K03404,1615.0,1615.0
2022,"Wilhelmshaven, Stadt",Polen,Anzahl,K03405,625.0,625.0
2022,Ammerland,Polen,Anzahl,K03451,1690.0,1690.0
2022,Aurich,Polen,Anzahl,K03452,1450.0,1450.0
2022,Cloppenburg,Polen,Anzahl,K03453,3510.0,3510.0
2022,Emsland,Polen,Anzahl,K03454,7785.0,7785.0
2022,Friesland,Polen,Anzahl,K03455,445.0,445.0
2022,Grafschaft Bentheim,Polen,Anzahl,K03456,2975.0,2975.0
2022,Leer,Polen,Anzahl,K03457,1295.0,1295.0
2022,Oldenburg,Polen,Anzahl,K03458,1810.0,1810.0
2022,Osnabrück,Polen,Anzahl,K03459,5110.0,5110.0
2022,Vechta,Polen,Anzahl,K03460,3830.0,3830.0
2022,Wesermarsch,Polen,Anzahl,K03461,1065.0,1065.0
2022,Wittmund,Polen,Anzahl,K03462,435.0,435.0
2022,Statistische Region Weser-Ems,Polen,Anzahl,K034,37325.0,37325.0
2022,Niedersachsen,Polen,Anzahl,K030,101635.0,101635.0
2023,"Braunschweig, Stadt",Polen,Anzahl,K03101,3300.0,3300.0
2023,"Salzgitter, Stadt",Polen,Anzahl,K03102,1785.0,1785.0
2023,"Wolfsburg, Stadt",Polen,Anzahl,K03103,1330.0,1330.0
2023,Gifhorn,Polen,Anzahl,K03151,1215.0,1215.0
2023,Goslar,Polen,Anzahl,K03153,975.0,975.0
2023,Helmstedt,Polen,Anzahl,K03154,880.0,880.0
2023,Northeim,Polen,Anzahl,K03155,970.0,970.0
2023,Peine,Polen,Anzahl,K03157,1765.0,1765.0
2023,Wolfenbüttel,Polen,Anzahl,K03158,850.0,850.0
2023,Göttingen,Polen,Anzahl,K03159,1620.0,1620.0
2023,Statistische Region Braunschweig,Polen,Anzahl,K031,14685.0,14685.0
2023,Region Hannover,Polen,Anzahl,K03241,17795.0,17795.0
2023,"dav. Hannover, Lhst.",Polen,Anzahl,K03241001,9095.0,9095.0
2023,"dav. Hannover, Umland",Polen,Anzahl,K03241999,8700.0,8700.0
2023,Diepholz,Polen,Anzahl,K03251,3890.0,3890.0
2023,Hameln-Pyrmont,Polen,Anzahl,K03252,1195.0,1195.0
2023,Hildesheim,Polen,Anzahl,K03254,2330.0,2330.0
2023,Holzminden,Polen,Anzahl,K03255,195.0,195.0
2023,Nienburg (Weser),Polen,Anzahl,K03256,1795.0,1795.0
2023,Schaumburg,Polen,Anzahl,K03257,1990.0,1990.0
2023,Statistische Region Hannover,Polen,Anzahl,K032,29190.0,29190.0
2023,Celle,Polen,Anzahl,K03351,1910.0,1910.0
2023,Cuxhaven,Polen,Anzahl,K03352,1530.0,1530.0
2023,Harburg,Polen,Anzahl,K03353,4075.0,4075.0
2023,Lüchow-Dannenberg,Polen,Anzahl,K03354,600.0,600.0
2023,Lüneburg,Polen,Anzahl,K03355,1435.0,1435.0
2023,Osterholz,Polen,Anzahl,K03356,730.0,730.0
2023,Rotenburg (Wümme),Polen,Anzahl,K03357,2000.0,2000.0
2023,Heidekreis,Polen,Anzahl,K03358,2510.0,2510.0
2023,Stade,Polen,Anzahl,K03359,3845.0,3845.0
2023,Uelzen,Polen,Anzahl,K03360,1050.0,1050.0
2023,Verden,Polen,Anzahl,K03361,1495.0,1495.0
2023,Statistische Region Lüneburg,Polen,Anzahl,K033,21180.0,21180.0
2023,"Delmenhorst, Stadt",Polen,Anzahl,K03401,1650.0,1650.0
2023,"Emden, Stadt",Polen,Anzahl,K03402,945.0,945.0
2023,"Oldenburg (Oldb), Stadt",Polen,Anzahl,K03403,1185.0,1185.0
2023,"Osnabrück, Stadt",Polen,Anzahl,K03404,1645.0,1645.0
2023,"Wilhelmshaven, Stadt",Polen,Anzahl,K03405,655.0,655.0
2023,Ammerland,Polen,Anzahl,K03451,1575.0,1575.0
2023,Aurich,Polen,Anzahl,K03452,1515.0,1515.0
2023,Cloppenburg,Polen,Anzahl,K03453,3710.0,3710.0
2023,Emsland,Polen,Anzahl,K03454,7730.0,7730.0
2023,Friesland,Polen,Anzahl,K03455,460.0,460.0
2023,Grafschaft Bentheim,Polen,Anzahl,K03456,3135.0,3135.0
2023,Leer,Polen,Anzahl,K03457,1280.0,1280.0
2023,Oldenburg,Polen,Anzahl,K03458,1780.0,1780.0
2023,Osnabrück,Polen,Anzahl,K03459,5080.0,5080.0
2023,Vechta,Polen,Anzahl,K03460,3810.0,3810.0
2023,Wesermarsch,Polen,Anzahl,K03461,1150.0,1150.0
2023,Wittmund,Polen,Anzahl,K03462,400.0,400.0
2023,Statistische Region Weser-Ems,Polen,Anzahl,K034,37705.0,37705.0
2023,Niedersachsen,Polen,Anzahl,K030,102760.0,102760.0
2024,"Braunschweig, Stadt",Polen,Anzahl,K03101,3245.0,3245.0
2024,"Salzgitter, Stadt",Polen,Anzahl,K03102,1690.0,1690.0
2024,"Wolfsburg, Stadt",Polen,Anzahl,K03103,1200.0,1200.0
2024,Gifhorn,Polen,Anzahl,K03151,1185.0,1185.0
2024,Goslar,Polen,Anzahl,K03153,935.0,935.0
2024,Helmstedt,Polen,Anzahl,K03154,865.0,865.0
2024,Northeim,Polen,Anzahl,K03155,1030.0,1030.0
2024,Peine,Polen,Anzahl,K03157,1770.0,1770.0
2024,Wolfenbüttel,Polen,Anzahl,K03158,820.0,820.0
2024,Göttingen,Polen,Anzahl,K03159,1615.0,1615.0
2024,Statistische Region Braunschweig,Polen,Anzahl,K031,14355.0,14355.0
2024,Region Hannover,Polen,Anzahl,K03241,17655.0,17655.0
2024,"dav. Hannover, Lhst.",Polen,Anzahl,K03241001,9175.0,9175.0
2024,"dav. Hannover, Umland",Polen,Anzahl,K03241999,8480.0,8480.0
2024,Diepholz,Polen,Anzahl,K03251,3885.0,3885.0
2024,Hameln-Pyrmont,Polen,Anzahl,K03252,1210.0,1210.0
2024,Hildesheim,Polen,Anzahl,K03254,2200.0,2200.0
2024,Holzminden,Polen,Anzahl,K03255,230.0,230.0
2024,Nienburg (Weser),Polen,Anzahl,K03256,1705.0,1705.0
2024,Schaumburg,Polen,Anzahl,K03257,1940.0,1940.0
2024,Statistische Region Hannover,Polen,Anzahl,K032,28825.0,28825.0
2024,Celle,Polen,Anzahl,K03351,1900.0,1900.0
2024,Cuxhaven,Polen,Anzahl,K03352,1490.0,1490.0
2024,Harburg,Polen,Anzahl,K03353,3890.0,3890.0
2024,Lüchow-Dannenberg,Polen,Anzahl,K03354,625.0,625.0
2024,Lüneburg,Polen,Anzahl,K03355,1345.0,1345.0
2024,Osterholz,Polen,Anzahl,K03356,675.0,675.0
2024,Rotenburg (Wümme),Polen,Anzahl,K03357,2010.0,2010.0
2024,Heidekreis,Polen,Anzahl,K03358,2490.0,2490.0
2024,Stade,Polen,Anzahl,K03359,3780.0,3780.0
2024,Uelzen,Polen,Anzahl,K03360,980.0,980.0
2024,Verden,Polen,Anzahl,K03361,1420.0,1420.0
2024,Statistische Region Lüneburg,Polen,Anzahl,K033,20600.0,20600.0
2024,"Delmenhorst, Stadt",Polen,Anzahl,K03401,1460.0,1460.0
2024,"Emden, Stadt",Polen,Anzahl,K03402,870.0,870.0
2024,"Oldenburg (Oldb), Stadt",Polen,Anzahl,K03403,1135.0,1135.0
2024,"Osnabrück, Stadt",Polen,Anzahl,K03404,1610.0,1610.0
2024,"Wilhelmshaven, Stadt",Polen,Anzahl,K03405,625.0,625.0
2024,Ammerland,Polen,Anzahl,K03451,1550.0,1550.0
2024,Aurich,Polen,Anzahl,K03452,1375.0,1375.0
2024,Cloppenburg,Polen,Anzahl,K03453,3570.0,3570.0
2024,Emsland,Polen,Anzahl,K03454,7530.0,7530.0
2024,Friesland,Polen,Anzahl,K03455,485.0,485.0
2024,Grafschaft Bentheim,Polen,Anzahl,K03456,3075.0,3075.0
2024,Leer,Polen,Anzahl,K03457,1180.0,1180.0
2024,Oldenburg,Polen,Anzahl,K03458,1675.0,1675.0
2024,Osnabrück,Polen,Anzahl,K03459,4920.0,4920.0
2024,Vechta,Polen,Anzahl,K03460,3745.0,3745.0
2024,Wesermarsch,Polen,Anzahl,K03461,1175.0,1175.0
2024,Wittmund,Polen,Anzahl,K03462,405.0,405.0
2024,Statistische Region Weser-Ems,Polen,Anzahl,K034,36385.0,36385.0
2024,Niedersachsen,Polen,Anzahl,K030,100165.0,100165.0
2025,"Braunschweig, Stadt",Polen,Anzahl,K03101,3250.0,3250.0
2025,"Salzgitter, Stadt",Polen,Anzahl,K03102,1710.0,1710.0
2025,"Wolfsburg, Stadt",Polen,Anzahl,K03103,1195.0,1195.0
2025,Gifhorn,Polen,Anzahl,K03151,1080.0,1080.0
2025,Goslar,Polen,Anzahl,K03153,860.0,860.0
2025,Helmstedt,Polen,Anzahl,K03154,845.0,845.0
2025,Northeim,Polen,Anzahl,K03155,1000.0,1000.0
2025,Peine,Polen,Anzahl,K03157,1795.0,1795.0
2025,Wolfenbüttel,Polen,Anzahl,K03158,820.0,820.0
2025,Göttingen,Polen,Anzahl,K03159,1630.0,1630.0
2025,Statistische Region Braunschweig,Polen,Anzahl,K031,14190.0,14190.0
2025,Region Hannover,Polen,Anzahl,K03241,16430.0,16430.0
2025,"dav. Hannover, Lhst.",Polen,Anzahl,K03241001,8065.0,8065.0
2025,"dav. Hannover, Umland",Polen,Anzahl,K03241999,8365.0,8365.0
2025,Diepholz,Polen,Anzahl,K03251,3785.0,3785.0
2025,Hameln-Pyrmont,Polen,Anzahl,K03252,1185.0,1185.0
2025,Hildesheim,Polen,Anzahl,K03254,2160.0,2160.0
2025,Holzminden,Polen,Anzahl,K03255,225.0,225.0
2025,Nienburg (Weser),Polen,Anzahl,K03256,1650.0,1650.0
2025,Schaumburg,Polen,Anzahl,K03257,1870.0,1870.0
2025,Statistische Region Hannover,Polen,Anzahl,K032,27310.0,27310.0
2025,Celle,Polen,Anzahl,K03351,1840.0,1840.0
2025,Cuxhaven,Polen,Anzahl,K03352,1435.0,1435.0
2025,Harburg,Polen,Anzahl,K03353,3565.0,3565.0
2025,Lüchow-Dannenberg,Polen,Anzahl,K03354,590.0,590.0
2025,Lüneburg,Polen,Anzahl,K03355,1330.0,1330.0
2025,Osterholz,Polen,Anzahl,K03356,655.0,655.0
2025,Rotenburg (Wümme),Polen,Anzahl,K03357,2010.0,2010.0
2025,Heidekreis,Polen,Anzahl,K03358,2340.0,2340.0
2025,Stade,Polen,Anzahl,K03359,3635.0,3635.0
2025,Uelzen,Polen,Anzahl,K03360,965.0,965.0
2025,Verden,Polen,Anzahl,K03361,1400.0,1400.0
2025,Statistische Region Lüneburg,Polen,Anzahl,K033,19770.0,19770.0
2025,"Delmenhorst, Stadt",Polen,Anzahl,K03401,1445.0,1445.0
2025,"Emden, Stadt",Polen,Anzahl,K03402,830.0,830.0
2025,"Oldenburg (Oldb), Stadt",Polen,Anzahl,K03403,1085.0,1085.0
2025,"Osnabrück, Stadt",Polen,Anzahl,K03404,1580.0,1580.0
2025,"Wilhelmshaven, Stadt",Polen,Anzahl,K03405,540.0,540.0
2025,Ammerland,Polen,Anzahl,K03451,1560.0,1560.0
2025,Aurich,Polen,Anzahl,K03452,1325.0,1325.0
2025,Cloppenburg,Polen,Anzahl,K03453,3360.0,3360.0
2025,Emsland,Polen,Anzahl,K03454,7410.0,7410.0
2025,Friesland,Polen,Anzahl,K03455,450.0,450.0
2025,Grafschaft Bentheim,Polen,Anzahl,K03456,3140.0,3140.0
2025,Leer,Polen,Anzahl,K03457,1125.0,1125.0
2025,Oldenburg,Polen,Anzahl,K03458,1605.0,1605.0
2025,Osnabrück,Polen,Anzahl,K03459,4645.0,4645.0
2025,Vechta,Polen,Anzahl,K03460,3620.0,3620.0
2025,Wesermarsch,Polen,Anzahl,K03461,1180.0,1180.0
2025,Wittmund,Polen,Anzahl,K03462,350.0,350.0
2025,Statistische Region Weser-Ems,Polen,Anzahl,K034,35250.0,35250.0
2025,Niedersachsen,Polen,Anzahl,K030,96515.0,96515.0
2005,"Braunschweig, Stadt",Syrien,Anzahl,K03101,183.0,183.0
2005,"Salzgitter, Stadt",Syrien,Anzahl,K03102,46.0,46.0
2005,"Wolfsburg, Stadt",Syrien,Anzahl,K03103,112.0,112.0
2005,Gifhorn,Syrien,Anzahl,K03151,61.0,61.0
2005,Goslar,Syrien,Anzahl,K03153,58.0,58.0
2005,Helmstedt,Syrien,Anzahl,K03154,26.0,26.0
2005,Northeim,Syrien,Anzahl,K03155,99.0,99.0
2005,Peine,Syrien,Anzahl,K03157,101.0,101.0
2005,Wolfenbüttel,Syrien,Anzahl,K03158,161.0,161.0
2005,Göttingen,Syrien,Anzahl,K03159,181.0,181.0
2005,Statistische Region Braunschweig,Syrien,Anzahl,K031,1028.0,1028.0
2005,Region Hannover,Syrien,Anzahl,K03241,978.0,978.0
2005,"dav. Hannover, Lhst.",Syrien,Anzahl,K03241001,516.0,516.0
2005,"dav. Hannover, Umland",Syrien,Anzahl,K03241999,462.0,462.0
2005,Diepholz,Syrien,Anzahl,K03251,121.0,121.0
2005,Hameln-Pyrmont,Syrien,Anzahl,K03252,142.0,142.0
2005,Hildesheim,Syrien,Anzahl,K03254,292.0,292.0
2005,Holzminden,Syrien,Anzahl,K03255,26.0,26.0
2005,Nienburg (Weser),Syrien,Anzahl,K03256,331.0,331.0
2005,Schaumburg,Syrien,Anzahl,K03257,153.0,153.0
2005,Statistische Region Hannover,Syrien,Anzahl,K032,2043.0,2043.0
2005,Celle,Syrien,Anzahl,K03351,121.0,121.0
2005,Cuxhaven,Syrien,Anzahl,K03352,87.0,87.0
2005,Harburg,Syrien,Anzahl,K03353,96.0,96.0
2005,Lüchow-Dannenberg,Syrien,Anzahl,K03354,7.0,7.0
2005,Lüneburg,Syrien,Anzahl,K03355,117.0,117.0
2005,Osterholz,Syrien,Anzahl,K03356,83.0,83.0
2005,Rotenburg (Wümme),Syrien,Anzahl,K03357,43.0,43.0
2005,Heidekreis,Syrien,Anzahl,K03358,91.0,91.0
2005,Stade,Syrien,Anzahl,K03359,70.0,70.0
2005,Uelzen,Syrien,Anzahl,K03360,34.0,34.0
2005,Verden,Syrien,Anzahl,K03361,93.0,93.0
2005,Statistische Region Lüneburg,Syrien,Anzahl,K033,842.0,842.0
2005,"Delmenhorst, Stadt",Syrien,Anzahl,K03401,104.0,104.0
2005,"Emden, Stadt",Syrien,Anzahl,K03402,1.0,1.0
2005,"Oldenburg (Oldb), Stadt",Syrien,Anzahl,K03403,92.0,92.0
2005,"Osnabrück, Stadt",Syrien,Anzahl,K03404,72.0,72.0
2005,"Wilhelmshaven, Stadt",Syrien,Anzahl,K03405,56.0,56.0
2005,Ammerland,Syrien,Anzahl,K03451,97.0,97.0
2005,Aurich,Syrien,Anzahl,K03452,87.0,87.0
2005,Cloppenburg,Syrien,Anzahl,K03453,138.0,138.0
2005,Emsland,Syrien,Anzahl,K03454,102.0,102.0
2005,Friesland,Syrien,Anzahl,K03455,40.0,40.0
2005,Grafschaft Bentheim,Syrien,Anzahl,K03456,97.0,97.0
2005,Leer,Syrien,Anzahl,K03457,111.0,111.0
2005,Oldenburg,Syrien,Anzahl,K03458,119.0,119.0
2005,Osnabrück,Syrien,Anzahl,K03459,172.0,172.0
2005,Vechta,Syrien,Anzahl,K03460,207.0,207.0
2005,Wesermarsch,Syrien,Anzahl,K03461,43.0,43.0
2005,Wittmund,Syrien,Anzahl,K03462,7.0,7.0
2005,Statistische Region Weser-Ems,Syrien,Anzahl,K034,1545.0,1545.0
2005,Niedersachsen,Syrien,Anzahl,K030,5458.0,5458.0
2011,"Braunschweig, Stadt",Syrien,Anzahl,K03101,171.0,171.0
2011,"Salzgitter, Stadt",Syrien,Anzahl,K03102,34.0,34.0
2011,"Wolfsburg, Stadt",Syrien,Anzahl,K03103,156.0,156.0
2011,Gifhorn,Syrien,Anzahl,K03151,43.0,43.0
2011,Goslar,Syrien,Anzahl,K03153,63.0,63.0
2011,Helmstedt,Syrien,Anzahl,K03154,50.0,50.0
2011,Northeim,Syrien,Anzahl,K03155,94.0,94.0
2011,Peine,Syrien,Anzahl,K03157,123.0,123.0
2011,Wolfenbüttel,Syrien,Anzahl,K03158,154.0,154.0
2011,Göttingen,Syrien,Anzahl,K03159,232.0,232.0
2011,Statistische Region Braunschweig,Syrien,Anzahl,K031,1120.0,1120.0
2011,Region Hannover,Syrien,Anzahl,K03241,1186.0,1186.0
2011,"dav. Hannover, Lhst.",Syrien,Anzahl,K03241001,543.0,543.0
2011,"dav. Hannover, Umland",Syrien,Anzahl,K03241999,643.0,643.0
2011,Diepholz,Syrien,Anzahl,K03251,186.0,186.0
2011,Hameln-Pyrmont,Syrien,Anzahl,K03252,135.0,135.0
2011,Hildesheim,Syrien,Anzahl,K03254,275.0,275.0
2011,Holzminden,Syrien,Anzahl,K03255,91.0,91.0
2011,Nienburg (Weser),Syrien,Anzahl,K03256,345.0,345.0
2011,Schaumburg,Syrien,Anzahl,K03257,143.0,143.0
2011,Statistische Region Hannover,Syrien,Anzahl,K032,2361.0,2361.0
2011,Celle,Syrien,Anzahl,K03351,139.0,139.0
2011,Cuxhaven,Syrien,Anzahl,K03352,94.0,94.0
2011,Harburg,Syrien,Anzahl,K03353,106.0,106.0
2011,Lüchow-Dannenberg,Syrien,Anzahl,K03354,8.0,8.0
2011,Lüneburg,Syrien,Anzahl,K03355,83.0,83.0
2011,Osterholz,Syrien,Anzahl,K03356,95.0,95.0
2011,Rotenburg (Wümme),Syrien,Anzahl,K03357,64.0,64.0
2011,Heidekreis,Syrien,Anzahl,K03358,95.0,95.0
2011,Stade,Syrien,Anzahl,K03359,95.0,95.0
2011,Uelzen,Syrien,Anzahl,K03360,48.0,48.0
2011,Verden,Syrien,Anzahl,K03361,131.0,131.0
2011,Statistische Region Lüneburg,Syrien,Anzahl,K033,958.0,958.0
2011,"Delmenhorst, Stadt",Syrien,Anzahl,K03401,75.0,75.0
2011,"Emden, Stadt",Syrien,Anzahl,K03402,6.0,6.0
2011,"Oldenburg (Oldb), Stadt",Syrien,Anzahl,K03403,153.0,153.0
2011,"Osnabrück, Stadt",Syrien,Anzahl,K03404,93.0,93.0
2011,"Wilhelmshaven, Stadt",Syrien,Anzahl,K03405,44.0,44.0
2011,Ammerland,Syrien,Anzahl,K03451,117.0,117.0
2011,Aurich,Syrien,Anzahl,K03452,86.0,86.0
2011,Cloppenburg,Syrien,Anzahl,K03453,171.0,171.0
2011,Emsland,Syrien,Anzahl,K03454,127.0,127.0
2011,Friesland,Syrien,Anzahl,K03455,43.0,43.0
2011,Grafschaft Bentheim,Syrien,Anzahl,K03456,77.0,77.0
2011,Leer,Syrien,Anzahl,K03457,117.0,117.0
2011,Oldenburg,Syrien,Anzahl,K03458,97.0,97.0
2011,Osnabrück,Syrien,Anzahl,K03459,181.0,181.0
2011,Vechta,Syrien,Anzahl,K03460,216.0,216.0
2011,Wesermarsch,Syrien,Anzahl,K03461,56.0,56.0
2011,Wittmund,Syrien,Anzahl,K03462,13.0,13.0
2011,Statistische Region Weser-Ems,Syrien,Anzahl,K034,1672.0,1672.0
2011,Niedersachsen,Syrien,Anzahl,K030,6111.0,6111.0
2012,"Braunschweig, Stadt",Syrien,Anzahl,K03101,168.0,168.0
2012,"Salzgitter, Stadt",Syrien,Anzahl,K03102,81.0,81.0
2012,"Wolfsburg, Stadt",Syrien,Anzahl,K03103,225.0,225.0
2012,Gifhorn,Syrien,Anzahl,K03151,71.0,71.0
2012,Goslar,Syrien,Anzahl,K03153,75.0,75.0
2012,Helmstedt,Syrien,Anzahl,K03154,57.0,57.0
2012,Northeim,Syrien,Anzahl,K03155,107.0,107.0
2012,Peine,Syrien,Anzahl,K03157,136.0,136.0
2012,Wolfenbüttel,Syrien,Anzahl,K03158,185.0,185.0
2012,Göttingen,Syrien,Anzahl,K03159,353.0,353.0
2012,Statistische Region Braunschweig,Syrien,Anzahl,K031,1458.0,1458.0
2012,Region Hannover,Syrien,Anzahl,K03241,1391.0,1391.0
2012,"dav. Hannover, Lhst.",Syrien,Anzahl,K03241001,612.0,612.0
2012,"dav. Hannover, Umland",Syrien,Anzahl,K03241999,779.0,779.0
2012,Diepholz,Syrien,Anzahl,K03251,219.0,219.0
2012,Hameln-Pyrmont,Syrien,Anzahl,K03252,203.0,203.0
2012,Hildesheim,Syrien,Anzahl,K03254,355.0,355.0
2012,Holzminden,Syrien,Anzahl,K03255,95.0,95.0
2012,Nienburg (Weser),Syrien,Anzahl,K03256,377.0,377.0
2012,Schaumburg,Syrien,Anzahl,K03257,142.0,142.0
2012,Statistische Region Hannover,Syrien,Anzahl,K032,2782.0,2782.0
2012,Celle,Syrien,Anzahl,K03351,162.0,162.0
2012,Cuxhaven,Syrien,Anzahl,K03352,91.0,91.0
2012,Harburg,Syrien,Anzahl,K03353,102.0,102.0
2012,Lüchow-Dannenberg,Syrien,Anzahl,K03354,19.0,19.0
2012,Lüneburg,Syrien,Anzahl,K03355,92.0,92.0
2012,Osterholz,Syrien,Anzahl,K03356,59.0,59.0
2012,Rotenburg (Wümme),Syrien,Anzahl,K03357,58.0,58.0
2012,Heidekreis,Syrien,Anzahl,K03358,129.0,129.0
2012,Stade,Syrien,Anzahl,K03359,59.0,59.0
2012,Uelzen,Syrien,Anzahl,K03360,50.0,50.0
2012,Verden,Syrien,Anzahl,K03361,179.0,179.0
2012,Statistische Region Lüneburg,Syrien,Anzahl,K033,1000.0,1000.0
2012,"Delmenhorst, Stadt",Syrien,Anzahl,K03401,78.0,78.0
2012,"Emden, Stadt",Syrien,Anzahl,K03402,12.0,12.0
2012,"Oldenburg (Oldb), Stadt",Syrien,Anzahl,K03403,209.0,209.0
2012,"Osnabrück, Stadt",Syrien,Anzahl,K03404,107.0,107.0
2012,"Wilhelmshaven, Stadt",Syrien,Anzahl,K03405,48.0,48.0
2012,Ammerland,Syrien,Anzahl,K03451,137.0,137.0
2012,Aurich,Syrien,Anzahl,K03452,98.0,98.0
2012,Cloppenburg,Syrien,Anzahl,K03453,208.0,208.0
2012,Emsland,Syrien,Anzahl,K03454,143.0,143.0
2012,Friesland,Syrien,Anzahl,K03455,40.0,40.0
2012,Grafschaft Bentheim,Syrien,Anzahl,K03456,85.0,85.0
2012,Leer,Syrien,Anzahl,K03457,137.0,137.0
2012,Oldenburg,Syrien,Anzahl,K03458,107.0,107.0
2012,Osnabrück,Syrien,Anzahl,K03459,174.0,174.0
2012,Vechta,Syrien,Anzahl,K03460,297.0,297.0
2012,Wesermarsch,Syrien,Anzahl,K03461,58.0,58.0
2012,Wittmund,Syrien,Anzahl,K03462,22.0,22.0
2012,Statistische Region Weser-Ems,Syrien,Anzahl,K034,1960.0,1960.0
2012,Niedersachsen,Syrien,Anzahl,K030,7200.0,7200.0
2013,"Braunschweig, Stadt",Syrien,Anzahl,K03101,234.0,234.0
2013,"Salzgitter, Stadt",Syrien,Anzahl,K03102,203.0,203.0
2013,"Wolfsburg, Stadt",Syrien,Anzahl,K03103,283.0,283.0
2013,Gifhorn,Syrien,Anzahl,K03151,93.0,93.0
2013,Goslar,Syrien,Anzahl,K03153,156.0,156.0
2013,Helmstedt,Syrien,Anzahl,K03154,55.0,55.0
2013,Northeim,Syrien,Anzahl,K03155,135.0,135.0
2013,Peine,Syrien,Anzahl,K03157,152.0,152.0
2013,Wolfenbüttel,Syrien,Anzahl,K03158,223.0,223.0
2013,Göttingen,Syrien,Anzahl,K03159,397.0,397.0
2013,Statistische Region Braunschweig,Syrien,Anzahl,K031,1931.0,1931.0
2013,Region Hannover,Syrien,Anzahl,K03241,1998.0,1998.0
2013,"dav. Hannover, Lhst.",Syrien,Anzahl,K03241001,886.0,886.0
2013,"dav. Hannover, Umland",Syrien,Anzahl,K03241999,1112.0,1112.0
2013,Diepholz,Syrien,Anzahl,K03251,303.0,303.0
2013,Hameln-Pyrmont,Syrien,Anzahl,K03252,229.0,229.0
2013,Hildesheim,Syrien,Anzahl,K03254,466.0,466.0
2013,Holzminden,Syrien,Anzahl,K03255,110.0,110.0
2013,Nienburg (Weser),Syrien,Anzahl,K03256,463.0,463.0
2013,Schaumburg,Syrien,Anzahl,K03257,164.0,164.0
2013,Statistische Region Hannover,Syrien,Anzahl,K032,3733.0,3733.0
2013,Celle,Syrien,Anzahl,K03351,247.0,247.0
2013,Cuxhaven,Syrien,Anzahl,K03352,87.0,87.0
2013,Harburg,Syrien,Anzahl,K03353,118.0,118.0
2013,Lüchow-Dannenberg,Syrien,Anzahl,K03354,29.0,29.0
2013,Lüneburg,Syrien,Anzahl,K03355,132.0,132.0
2013,Osterholz,Syrien,Anzahl,K03356,92.0,92.0
2013,Rotenburg (Wümme),Syrien,Anzahl,K03357,87.0,87.0
2013,Heidekreis,Syrien,Anzahl,K03358,186.0,186.0
2013,Stade,Syrien,Anzahl,K03359,81.0,81.0
2013,Uelzen,Syrien,Anzahl,K03360,74.0,74.0
2013,Verden,Syrien,Anzahl,K03361,207.0,207.0
2013,Statistische Region Lüneburg,Syrien,Anzahl,K033,1340.0,1340.0
2013,"Delmenhorst, Stadt",Syrien,Anzahl,K03401,113.0,113.0
2013,"Emden, Stadt",Syrien,Anzahl,K03402,46.0,46.0
2013,"Oldenburg (Oldb), Stadt",Syrien,Anzahl,K03403,261.0,261.0
2013,"Osnabrück, Stadt",Syrien,Anzahl,K03404,224.0,224.0
2013,"Wilhelmshaven, Stadt",Syrien,Anzahl,K03405,62.0,62.0
2013,Ammerland,Syrien,Anzahl,K03451,148.0,148.0
2013,Aurich,Syrien,Anzahl,K03452,146.0,146.0
2013,Cloppenburg,Syrien,Anzahl,K03453,231.0,231.0
2013,Emsland,Syrien,Anzahl,K03454,172.0,172.0
2013,Friesland,Syrien,Anzahl,K03455,49.0,49.0
2013,Grafschaft Bentheim,Syrien,Anzahl,K03456,99.0,99.0
2013,Leer,Syrien,Anzahl,K03457,162.0,162.0
2013,Oldenburg,Syrien,Anzahl,K03458,135.0,135.0
2013,Osnabrück,Syrien,Anzahl,K03459,272.0,272.0
2013,Vechta,Syrien,Anzahl,K03460,372.0,372.0
2013,Wesermarsch,Syrien,Anzahl,K03461,52.0,52.0
2013,Wittmund,Syrien,Anzahl,K03462,34.0,34.0
2013,Statistische Region Weser-Ems,Syrien,Anzahl,K034,2578.0,2578.0
2013,Niedersachsen,Syrien,Anzahl,K030,9582.0,9582.0
2014,"Braunschweig, Stadt",Syrien,Anzahl,K03101,414.0,414.0
2014,"Salzgitter, Stadt",Syrien,Anzahl,K03102,521.0,521.0
2014,"Wolfsburg, Stadt",Syrien,Anzahl,K03103,579.0,579.0
2014,Gifhorn,Syrien,Anzahl,K03151,153.0,153.0
2014,Goslar,Syrien,Anzahl,K03153,257.0,257.0
2014,Helmstedt,Syrien,Anzahl,K03154,85.0,85.0
2014,Northeim,Syrien,Anzahl,K03155,226.0,226.0
2014,Peine,Syrien,Anzahl,K03157,257.0,257.0
2014,Wolfenbüttel,Syrien,Anzahl,K03158,315.0,315.0
2014,Göttingen,Syrien,Anzahl,K03159,487.0,487.0
2014,Statistische Region Braunschweig,Syrien,Anzahl,K031,3294.0,3294.0
2014,Region Hannover,Syrien,Anzahl,K03241,3455.0,3455.0
2014,"dav. Hannover, Lhst.",Syrien,Anzahl,K03241001,1469.0,1469.0
2014,"dav. Hannover, Umland",Syrien,Anzahl,K03241999,1986.0,1986.0
2014,Diepholz,Syrien,Anzahl,K03251,472.0,472.0
2014,Hameln-Pyrmont,Syrien,Anzahl,K03252,393.0,393.0
2014,Hildesheim,Syrien,Anzahl,K03254,795.0,795.0
2014,Holzminden,Syrien,Anzahl,K03255,147.0,147.0
2014,Nienburg (Weser),Syrien,Anzahl,K03256,558.0,558.0
2014,Schaumburg,Syrien,Anzahl,K03257,272.0,272.0
2014,Statistische Region Hannover,Syrien,Anzahl,K032,6092.0,6092.0
2014,Celle,Syrien,Anzahl,K03351,429.0,429.0
2014,Cuxhaven,Syrien,Anzahl,K03352,171.0,171.0
2014,Harburg,Syrien,Anzahl,K03353,241.0,241.0
2014,Lüchow-Dannenberg,Syrien,Anzahl,K03354,74.0,74.0
2014,Lüneburg,Syrien,Anzahl,K03355,311.0,311.0
2014,Osterholz,Syrien,Anzahl,K03356,137.0,137.0
2014,Rotenburg (Wümme),Syrien,Anzahl,K03357,122.0,122.0
2014,Heidekreis,Syrien,Anzahl,K03358,287.0,287.0
2014,Stade,Syrien,Anzahl,K03359,145.0,145.0
2014,Uelzen,Syrien,Anzahl,K03360,204.0,204.0
2014,Verden,Syrien,Anzahl,K03361,271.0,271.0
2014,Statistische Region Lüneburg,Syrien,Anzahl,K033,2392.0,2392.0
2014,"Delmenhorst, Stadt",Syrien,Anzahl,K03401,232.0,232.0
2014,"Emden, Stadt",Syrien,Anzahl,K03402,120.0,120.0
2014,"Oldenburg (Oldb), Stadt",Syrien,Anzahl,K03403,356.0,356.0
2014,"Osnabrück, Stadt",Syrien,Anzahl,K03404,521.0,521.0
2014,"Wilhelmshaven, Stadt",Syrien,Anzahl,K03405,111.0,111.0
2014,Ammerland,Syrien,Anzahl,K03451,280.0,280.0
2014,Aurich,Syrien,Anzahl,K03452,427.0,427.0
2014,Cloppenburg,Syrien,Anzahl,K03453,363.0,363.0
2014,Emsland,Syrien,Anzahl,K03454,458.0,458.0
2014,Friesland,Syrien,Anzahl,K03455,82.0,82.0
2014,Grafschaft Bentheim,Syrien,Anzahl,K03456,234.0,234.0
2014,Leer,Syrien,Anzahl,K03457,380.0,380.0
2014,Oldenburg,Syrien,Anzahl,K03458,244.0,244.0
2014,Osnabrück,Syrien,Anzahl,K03459,584.0,584.0
2014,Vechta,Syrien,Anzahl,K03460,668.0,668.0
2014,Wesermarsch,Syrien,Anzahl,K03461,98.0,98.0
2014,Wittmund,Syrien,Anzahl,K03462,77.0,77.0
2014,Statistische Region Weser-Ems,Syrien,Anzahl,K034,5235.0,5235.0
2014,Niedersachsen,Syrien,Anzahl,K030,17013.0,17013.0
2015,"Braunschweig, Stadt",Syrien,Anzahl,K03101,1268.0,1268.0
2015,"Salzgitter, Stadt",Syrien,Anzahl,K03102,1139.0,1139.0
2015,"Wolfsburg, Stadt",Syrien,Anzahl,K03103,920.0,920.0
2015,Gifhorn,Syrien,Anzahl,K03151,311.0,311.0
2015,Goslar,Syrien,Anzahl,K03153,788.0,788.0
2015,Helmstedt,Syrien,Anzahl,K03154,312.0,312.0
2015,Northeim,Syrien,Anzahl,K03155,574.0,574.0
2015,Peine,Syrien,Anzahl,K03157,681.0,681.0
2015,Wolfenbüttel,Syrien,Anzahl,K03158,678.0,678.0
2015,Göttingen,Syrien,Anzahl,K03159,1346.0,1346.0
2015,Statistische Region Braunschweig,Syrien,Anzahl,K031,8017.0,8017.0
2015,Region Hannover,Syrien,Anzahl,K03241,7044.0,7044.0
2015,"dav. Hannover, Lhst.",Syrien,Anzahl,K03241001,2657.0,2657.0
2015,"dav. Hannover, Umland",Syrien,Anzahl,K03241999,4387.0,4387.0
2015,Diepholz,Syrien,Anzahl,K03251,1007.0,1007.0
2015,Hameln-Pyrmont,Syrien,Anzahl,K03252,909.0,909.0
2015,Hildesheim,Syrien,Anzahl,K03254,1516.0,1516.0
2015,Holzminden,Syrien,Anzahl,K03255,374.0,374.0
2015,Nienburg (Weser),Syrien,Anzahl,K03256,923.0,923.0
2015,Schaumburg,Syrien,Anzahl,K03257,571.0,571.0
2015,Statistische Region Hannover,Syrien,Anzahl,K032,12344.0,12344.0
2015,Celle,Syrien,Anzahl,K03351,930.0,930.0
2015,Cuxhaven,Syrien,Anzahl,K03352,912.0,912.0
2015,Harburg,Syrien,Anzahl,K03353,437.0,437.0
2015,Lüchow-Dannenberg,Syrien,Anzahl,K03354,299.0,299.0
2015,Lüneburg,Syrien,Anzahl,K03355,607.0,607.0
2015,Osterholz,Syrien,Anzahl,K03356,469.0,469.0
2015,Rotenburg (Wümme),Syrien,Anzahl,K03357,624.0,624.0
2015,Heidekreis,Syrien,Anzahl,K03358,535.0,535.0
2015,Stade,Syrien,Anzahl,K03359,1243.0,1243.0
2015,Uelzen,Syrien,Anzahl,K03360,314.0,314.0
2015,Verden,Syrien,Anzahl,K03361,832.0,832.0
2015,Statistische Region Lüneburg,Syrien,Anzahl,K033,7202.0,7202.0
2015,"Delmenhorst, Stadt",Syrien,Anzahl,K03401,734.0,734.0
2015,"Emden, Stadt",Syrien,Anzahl,K03402,563.0,563.0
2015,"Oldenburg (Oldb), Stadt",Syrien,Anzahl,K03403,864.0,864.0
2015,"Osnabrück, Stadt",Syrien,Anzahl,K03404,1100.0,1100.0
2015,"Wilhelmshaven, Stadt",Syrien,Anzahl,K03405,291.0,291.0
2015,Ammerland,Syrien,Anzahl,K03451,635.0,635.0
2015,Aurich,Syrien,Anzahl,K03452,1174.0,1174.0
2015,Cloppenburg,Syrien,Anzahl,K03453,969.0,969.0
2015,Emsland,Syrien,Anzahl,K03454,1510.0,1510.0
2015,Friesland,Syrien,Anzahl,K03455,363.0,363.0
2015,Grafschaft Bentheim,Syrien,Anzahl,K03456,672.0,672.0
2015,Leer,Syrien,Anzahl,K03457,819.0,819.0
2015,Oldenburg,Syrien,Anzahl,K03458,725.0,725.0
2015,Osnabrück,Syrien,Anzahl,K03459,1097.0,1097.0
2015,Vechta,Syrien,Anzahl,K03460,1538.0,1538.0
2015,Wesermarsch,Syrien,Anzahl,K03461,396.0,396.0
2015,Wittmund,Syrien,Anzahl,K03462,311.0,311.0
2015,Statistische Region Weser-Ems,Syrien,Anzahl,K034,13761.0,13761.0
2015,Niedersachsen,Syrien,Anzahl,K030,41324.0,41324.0
2016,"Braunschweig, Stadt",Syrien,Anzahl,K03101,1640.0,1640.0
2016,"Salzgitter, Stadt",Syrien,Anzahl,K03102,2955.0,2955.0
2016,"Wolfsburg, Stadt",Syrien,Anzahl,K03103,1270.0,1270.0
2016,Gifhorn,Syrien,Anzahl,K03151,725.0,725.0
2016,Goslar,Syrien,Anzahl,K03153,1345.0,1345.0
2016,Helmstedt,Syrien,Anzahl,K03154,515.0,515.0
2016,Northeim,Syrien,Anzahl,K03155,820.0,820.0
2016,Peine,Syrien,Anzahl,K03157,1175.0,1175.0
2016,Wolfenbüttel,Syrien,Anzahl,K03158,1050.0,1050.0
2016,Göttingen,Syrien,Anzahl,K03159,2180.0,2180.0
2016,Statistische Region Braunschweig,Syrien,Anzahl,K031,13675.0,13675.0
2016,Region Hannover,Syrien,Anzahl,K03241,10485.0,10485.0
2016,"dav. Hannover, Lhst.",Syrien,Anzahl,K03241001,3940.0,3940.0
2016,"dav. Hannover, Umland",Syrien,Anzahl,K03241999,6545.0,6545.0
2016,Diepholz,Syrien,Anzahl,K03251,1470.0,1470.0
2016,Hameln-Pyrmont,Syrien,Anzahl,K03252,1460.0,1460.0
2016,Hildesheim,Syrien,Anzahl,K03254,2100.0,2100.0
2016,Holzminden,Syrien,Anzahl,K03255,640.0,640.0
2016,Nienburg (Weser),Syrien,Anzahl,K03256,1320.0,1320.0
2016,Schaumburg,Syrien,Anzahl,K03257,1350.0,1350.0
2016,Statistische Region Hannover,Syrien,Anzahl,K032,18825.0,18825.0
2016,Celle,Syrien,Anzahl,K03351,1430.0,1430.0
2016,Cuxhaven,Syrien,Anzahl,K03352,1620.0,1620.0
2016,Harburg,Syrien,Anzahl,K03353,1010.0,1010.0
2016,Lüchow-Dannenberg,Syrien,Anzahl,K03354,270.0,270.0
2016,Lüneburg,Syrien,Anzahl,K03355,1505.0,1505.0
2016,Osterholz,Syrien,Anzahl,K03356,645.0,645.0
2016,Rotenburg (Wümme),Syrien,Anzahl,K03357,1155.0,1155.0
2016,Heidekreis,Syrien,Anzahl,K03358,1155.0,1155.0
2016,Stade,Syrien,Anzahl,K03359,1860.0,1860.0
2016,Uelzen,Syrien,Anzahl,K03360,630.0,630.0
2016,Verden,Syrien,Anzahl,K03361,1025.0,1025.0
2016,Statistische Region Lüneburg,Syrien,Anzahl,K033,12310.0,12310.0
2016,"Delmenhorst, Stadt",Syrien,Anzahl,K03401,1190.0,1190.0
2016,"Emden, Stadt",Syrien,Anzahl,K03402,660.0,660.0
2016,"Oldenburg (Oldb), Stadt",Syrien,Anzahl,K03403,1415.0,1415.0
2016,"Osnabrück, Stadt",Syrien,Anzahl,K03404,2290.0,2290.0
2016,"Wilhelmshaven, Stadt",Syrien,Anzahl,K03405,1075.0,1075.0
2016,Ammerland,Syrien,Anzahl,K03451,1030.0,1030.0
2016,Aurich,Syrien,Anzahl,K03452,1670.0,1670.0
2016,Cloppenburg,Syrien,Anzahl,K03453,1570.0,1570.0
2016,Emsland,Syrien,Anzahl,K03454,2840.0,2840.0
2016,Friesland,Syrien,Anzahl,K03455,890.0,890.0
2016,Grafschaft Bentheim,Syrien,Anzahl,K03456,960.0,960.0
2016,Leer,Syrien,Anzahl,K03457,1430.0,1430.0
2016,Oldenburg,Syrien,Anzahl,K03458,1040.0,1040.0
2016,Osnabrück,Syrien,Anzahl,K03459,2025.0,2025.0
2016,Vechta,Syrien,Anzahl,K03460,2095.0,2095.0
2016,Wesermarsch,Syrien,Anzahl,K03461,650.0,650.0
2016,Wittmund,Syrien,Anzahl,K03462,355.0,355.0
2016,Statistische Region Weser-Ems,Syrien,Anzahl,K034,23195.0,23195.0
2016,Niedersachsen,Syrien,Anzahl,K030,68005.0,68005.0
2017,"Braunschweig, Stadt",Syrien,Anzahl,K03101,1935.0,1935.0
2017,"Salzgitter, Stadt",Syrien,Anzahl,K03102,3875.0,3875.0
2017,"Wolfsburg, Stadt",Syrien,Anzahl,K03103,1395.0,1395.0
2017,Gifhorn,Syrien,Anzahl,K03151,740.0,740.0
2017,Goslar,Syrien,Anzahl,K03153,1510.0,1510.0
2017,Helmstedt,Syrien,Anzahl,K03154,450.0,450.0
2017,Northeim,Syrien,Anzahl,K03155,890.0,890.0
2017,Peine,Syrien,Anzahl,K03157,1350.0,1350.0
2017,Wolfenbüttel,Syrien,Anzahl,K03158,1030.0,1030.0
2017,Göttingen,Syrien,Anzahl,K03159,2550.0,2550.0
2017,Statistische Region Braunschweig,Syrien,Anzahl,K031,15725.0,15725.0
2017,Region Hannover,Syrien,Anzahl,K03241,12170.0,12170.0
2017,"dav. Hannover, Lhst.",Syrien,Anzahl,K03241001,5020.0,5020.0
2017,"dav. Hannover, Umland",Syrien,Anzahl,K03241999,7150.0,7150.0
2017,Diepholz,Syrien,Anzahl,K03251,1575.0,1575.0
2017,Hameln-Pyrmont,Syrien,Anzahl,K03252,1760.0,1760.0
2017,Hildesheim,Syrien,Anzahl,K03254,2220.0,2220.0
2017,Holzminden,Syrien,Anzahl,K03255,730.0,730.0
2017,Nienburg (Weser),Syrien,Anzahl,K03256,1375.0,1375.0
2017,Schaumburg,Syrien,Anzahl,K03257,1480.0,1480.0
2017,Statistische Region Hannover,Syrien,Anzahl,K032,21315.0,21315.0
2017,Celle,Syrien,Anzahl,K03351,1585.0,1585.0
2017,Cuxhaven,Syrien,Anzahl,K03352,1605.0,1605.0
2017,Harburg,Syrien,Anzahl,K03353,1085.0,1085.0
2017,Lüchow-Dannenberg,Syrien,Anzahl,K03354,245.0,245.0
2017,Lüneburg,Syrien,Anzahl,K03355,1700.0,1700.0
2017,Osterholz,Syrien,Anzahl,K03356,670.0,670.0
2017,Rotenburg (Wümme),Syrien,Anzahl,K03357,1105.0,1105.0
2017,Heidekreis,Syrien,Anzahl,K03358,1030.0,1030.0
2017,Stade,Syrien,Anzahl,K03359,2085.0,2085.0
2017,Uelzen,Syrien,Anzahl,K03360,675.0,675.0
2017,Verden,Syrien,Anzahl,K03361,1080.0,1080.0
2017,Statistische Region Lüneburg,Syrien,Anzahl,K033,12865.0,12865.0
2017,"Delmenhorst, Stadt",Syrien,Anzahl,K03401,1555.0,1555.0
2017,"Emden, Stadt",Syrien,Anzahl,K03402,785.0,785.0
2017,"Oldenburg (Oldb), Stadt",Syrien,Anzahl,K03403,1680.0,1680.0
2017,"Osnabrück, Stadt",Syrien,Anzahl,K03404,2725.0,2725.0
2017,"Wilhelmshaven, Stadt",Syrien,Anzahl,K03405,1690.0,1690.0
2017,Ammerland,Syrien,Anzahl,K03451,1025.0,1025.0
2017,Aurich,Syrien,Anzahl,K03452,1620.0,1620.0
2017,Cloppenburg,Syrien,Anzahl,K03453,1465.0,1465.0
2017,Emsland,Syrien,Anzahl,K03454,2745.0,2745.0
2017,Friesland,Syrien,Anzahl,K03455,815.0,815.0
2017,Grafschaft Bentheim,Syrien,Anzahl,K03456,1035.0,1035.0
2017,Leer,Syrien,Anzahl,K03457,1380.0,1380.0
2017,Oldenburg,Syrien,Anzahl,K03458,950.0,950.0
2017,Osnabrück,Syrien,Anzahl,K03459,2035.0,2035.0
2017,Vechta,Syrien,Anzahl,K03460,2315.0,2315.0
2017,Wesermarsch,Syrien,Anzahl,K03461,695.0,695.0
2017,Wittmund,Syrien,Anzahl,K03462,345.0,345.0
2017,Statistische Region Weser-Ems,Syrien,Anzahl,K034,24855.0,24855.0
2017,Niedersachsen,Syrien,Anzahl,K030,74755.0,74755.0
2018,"Braunschweig, Stadt",Syrien,Anzahl,K03101,2345.0,2345.0
2018,"Salzgitter, Stadt",Syrien,Anzahl,K03102,4090.0,4090.0
2018,"Wolfsburg, Stadt",Syrien,Anzahl,K03103,1475.0,1475.0
2018,Gifhorn,Syrien,Anzahl,K03151,835.0,835.0
2018,Goslar,Syrien,Anzahl,K03153,1515.0,1515.0
2018,Helmstedt,Syrien,Anzahl,K03154,440.0,440.0
2018,Northeim,Syrien,Anzahl,K03155,980.0,980.0
2018,Peine,Syrien,Anzahl,K03157,1460.0,1460.0
2018,Wolfenbüttel,Syrien,Anzahl,K03158,1000.0,1000.0
2018,Göttingen,Syrien,Anzahl,K03159,2690.0,2690.0
2018,Statistische Region Braunschweig,Syrien,Anzahl,K031,16830.0,16830.0
2018,Region Hannover,Syrien,Anzahl,K03241,13600.0,13600.0
2018,"dav. Hannover, Lhst.",Syrien,Anzahl,K03241001,5865.0,5865.0
2018,"dav. Hannover, Umland",Syrien,Anzahl,K03241999,7735.0,7735.0
2018,Diepholz,Syrien,Anzahl,K03251,1720.0,1720.0
2018,Hameln-Pyrmont,Syrien,Anzahl,K03252,1975.0,1975.0
2018,Hildesheim,Syrien,Anzahl,K03254,2475.0,2475.0
2018,Holzminden,Syrien,Anzahl,K03255,675.0,675.0
2018,Nienburg (Weser),Syrien,Anzahl,K03256,1360.0,1360.0
2018,Schaumburg,Syrien,Anzahl,K03257,1520.0,1520.0
2018,Statistische Region Hannover,Syrien,Anzahl,K032,23325.0,23325.0
2018,Celle,Syrien,Anzahl,K03351,1640.0,1640.0
2018,Cuxhaven,Syrien,Anzahl,K03352,1585.0,1585.0
2018,Harburg,Syrien,Anzahl,K03353,1140.0,1140.0
2018,Lüchow-Dannenberg,Syrien,Anzahl,K03354,265.0,265.0
2018,Lüneburg,Syrien,Anzahl,K03355,1825.0,1825.0
2018,Osterholz,Syrien,Anzahl,K03356,700.0,700.0
2018,Rotenburg (Wümme),Syrien,Anzahl,K03357,1095.0,1095.0
2018,Heidekreis,Syrien,Anzahl,K03358,1090.0,1090.0
2018,Stade,Syrien,Anzahl,K03359,2340.0,2340.0
2018,Uelzen,Syrien,Anzahl,K03360,675.0,675.0
2018,Verden,Syrien,Anzahl,K03361,1100.0,1100.0
2018,Statistische Region Lüneburg,Syrien,Anzahl,K033,13460.0,13460.0
2018,"Delmenhorst, Stadt",Syrien,Anzahl,K03401,1685.0,1685.0
2018,"Emden, Stadt",Syrien,Anzahl,K03402,840.0,840.0
2018,"Oldenburg (Oldb), Stadt",Syrien,Anzahl,K03403,1870.0,1870.0
2018,"Osnabrück, Stadt",Syrien,Anzahl,K03404,3025.0,3025.0
2018,"Wilhelmshaven, Stadt",Syrien,Anzahl,K03405,1925.0,1925.0
2018,Ammerland,Syrien,Anzahl,K03451,1060.0,1060.0
2018,Aurich,Syrien,Anzahl,K03452,1690.0,1690.0
2018,Cloppenburg,Syrien,Anzahl,K03453,1415.0,1415.0
2018,Emsland,Syrien,Anzahl,K03454,2750.0,2750.0
2018,Friesland,Syrien,Anzahl,K03455,800.0,800.0
2018,Grafschaft Bentheim,Syrien,Anzahl,K03456,1130.0,1130.0
2018,Leer,Syrien,Anzahl,K03457,1495.0,1495.0
2018,Oldenburg,Syrien,Anzahl,K03458,930.0,930.0
2018,Osnabrück,Syrien,Anzahl,K03459,2165.0,2165.0
2018,Vechta,Syrien,Anzahl,K03460,2525.0,2525.0
2018,Wesermarsch,Syrien,Anzahl,K03461,720.0,720.0
2018,Wittmund,Syrien,Anzahl,K03462,295.0,295.0
2018,Statistische Region Weser-Ems,Syrien,Anzahl,K034,26315.0,26315.0
2018,Niedersachsen,Syrien,Anzahl,K030,79930.0,79930.0
2019,"Braunschweig, Stadt",Syrien,Anzahl,K03101,2645.0,2645.0
2019,"Salzgitter, Stadt",Syrien,Anzahl,K03102,4325.0,4325.0
2019,"Wolfsburg, Stadt",Syrien,Anzahl,K03103,1625.0,1625.0
2019,Gifhorn,Syrien,Anzahl,K03151,875.0,875.0
2019,Goslar,Syrien,Anzahl,K03153,1570.0,1570.0
2019,Helmstedt,Syrien,Anzahl,K03154,445.0,445.0
2019,Northeim,Syrien,Anzahl,K03155,1065.0,1065.0
2019,Peine,Syrien,Anzahl,K03157,1585.0,1585.0
2019,Wolfenbüttel,Syrien,Anzahl,K03158,1050.0,1050.0
2019,Göttingen,Syrien,Anzahl,K03159,2860.0,2860.0
2019,Statistische Region Braunschweig,Syrien,Anzahl,K031,18045.0,18045.0
2019,Region Hannover,Syrien,Anzahl,K03241,14770.0,14770.0
2019,"dav. Hannover, Lhst.",Syrien,Anzahl,K03241001,6715.0,6715.0
2019,"dav. Hannover, Umland",Syrien,Anzahl,K03241999,8055.0,8055.0
2019,Diepholz,Syrien,Anzahl,K03251,1805.0,1805.0
2019,Hameln-Pyrmont,Syrien,Anzahl,K03252,2170.0,2170.0
2019,Hildesheim,Syrien,Anzahl,K03254,2640.0,2640.0
2019,Holzminden,Syrien,Anzahl,K03255,640.0,640.0
2019,Nienburg (Weser),Syrien,Anzahl,K03256,1375.0,1375.0
2019,Schaumburg,Syrien,Anzahl,K03257,1550.0,1550.0
2019,Statistische Region Hannover,Syrien,Anzahl,K032,24950.0,24950.0
2019,Celle,Syrien,Anzahl,K03351,1660.0,1660.0
2019,Cuxhaven,Syrien,Anzahl,K03352,1580.0,1580.0
2019,Harburg,Syrien,Anzahl,K03353,1190.0,1190.0
2019,Lüchow-Dannenberg,Syrien,Anzahl,K03354,275.0,275.0
2019,Lüneburg,Syrien,Anzahl,K03355,1910.0,1910.0
2019,Osterholz,Syrien,Anzahl,K03356,715.0,715.0
2019,Rotenburg (Wümme),Syrien,Anzahl,K03357,1150.0,1150.0
2019,Heidekreis,Syrien,Anzahl,K03358,1170.0,1170.0
2019,Stade,Syrien,Anzahl,K03359,2490.0,2490.0
2019,Uelzen,Syrien,Anzahl,K03360,710.0,710.0
2019,Verden,Syrien,Anzahl,K03361,1145.0,1145.0
2019,Statistische Region Lüneburg,Syrien,Anzahl,K033,13990.0,13990.0
2019,"Delmenhorst, Stadt",Syrien,Anzahl,K03401,1775.0,1775.0
2019,"Emden, Stadt",Syrien,Anzahl,K03402,945.0,945.0
2019,"Oldenburg (Oldb), Stadt",Syrien,Anzahl,K03403,2040.0,2040.0
2019,"Osnabrück, Stadt",Syrien,Anzahl,K03404,3300.0,3300.0
2019,"Wilhelmshaven, Stadt",Syrien,Anzahl,K03405,2100.0,2100.0
2019,Ammerland,Syrien,Anzahl,K03451,1090.0,1090.0
2019,Aurich,Syrien,Anzahl,K03452,1705.0,1705.0
2019,Cloppenburg,Syrien,Anzahl,K03453,1370.0,1370.0
2019,Emsland,Syrien,Anzahl,K03454,2890.0,2890.0
2019,Friesland,Syrien,Anzahl,K03455,805.0,805.0
2019,Grafschaft Bentheim,Syrien,Anzahl,K03456,1200.0,1200.0
2019,Leer,Syrien,Anzahl,K03457,1655.0,1655.0
2019,Oldenburg,Syrien,Anzahl,K03458,945.0,945.0
2019,Osnabrück,Syrien,Anzahl,K03459,2255.0,2255.0
2019,Vechta,Syrien,Anzahl,K03460,2685.0,2685.0
2019,Wesermarsch,Syrien,Anzahl,K03461,735.0,735.0
2019,Wittmund,Syrien,Anzahl,K03462,325.0,325.0
2019,Statistische Region Weser-Ems,Syrien,Anzahl,K034,27820.0,27820.0
2019,Niedersachsen,Syrien,Anzahl,K030,84805.0,84805.0
2020,"Braunschweig, Stadt",Syrien,Anzahl,K03101,2780.0,2780.0
2020,"Salzgitter, Stadt",Syrien,Anzahl,K03102,4460.0,4460.0
2020,"Wolfsburg, Stadt",Syrien,Anzahl,K03103,1810.0,1810.0
2020,Gifhorn,Syrien,Anzahl,K03151,945.0,945.0
2020,Goslar,Syrien,Anzahl,K03153,1530.0,1530.0
2020,Helmstedt,Syrien,Anzahl,K03154,450.0,450.0
2020,Northeim,Syrien,Anzahl,K03155,1060.0,1060.0
2020,Peine,Syrien,Anzahl,K03157,1710.0,1710.0
2020,Wolfenbüttel,Syrien,Anzahl,K03158,1065.0,1065.0
2020,Göttingen,Syrien,Anzahl,K03159,2485.0,2485.0
2020,Statistische Region Braunschweig,Syrien,Anzahl,K031,18300.0,18300.0
2020,Region Hannover,Syrien,Anzahl,K03241,15485.0,15485.0
2020,"dav. Hannover, Lhst.",Syrien,Anzahl,K03241001,7130.0,7130.0
2020,"dav. Hannover, Umland",Syrien,Anzahl,K03241999,8355.0,8355.0
2020,Diepholz,Syrien,Anzahl,K03251,1815.0,1815.0
2020,Hameln-Pyrmont,Syrien,Anzahl,K03252,2245.0,2245.0
2020,Hildesheim,Syrien,Anzahl,K03254,2785.0,2785.0
2020,Holzminden,Syrien,Anzahl,K03255,635.0,635.0
2020,Nienburg (Weser),Syrien,Anzahl,K03256,1400.0,1400.0
2020,Schaumburg,Syrien,Anzahl,K03257,1635.0,1635.0
2020,Statistische Region Hannover,Syrien,Anzahl,K032,25995.0,25995.0
2020,Celle,Syrien,Anzahl,K03351,1585.0,1585.0
2020,Cuxhaven,Syrien,Anzahl,K03352,1590.0,1590.0
2020,Harburg,Syrien,Anzahl,K03353,1265.0,1265.0
2020,Lüchow-Dannenberg,Syrien,Anzahl,K03354,295.0,295.0
2020,Lüneburg,Syrien,Anzahl,K03355,1920.0,1920.0
2020,Osterholz,Syrien,Anzahl,K03356,755.0,755.0
2020,Rotenburg (Wümme),Syrien,Anzahl,K03357,1265.0,1265.0
2020,Heidekreis,Syrien,Anzahl,K03358,1230.0,1230.0
2020,Stade,Syrien,Anzahl,K03359,2690.0,2690.0
2020,Uelzen,Syrien,Anzahl,K03360,750.0,750.0
2020,Verden,Syrien,Anzahl,K03361,1130.0,1130.0
2020,Statistische Region Lüneburg,Syrien,Anzahl,K033,14475.0,14475.0
2020,"Delmenhorst, Stadt",Syrien,Anzahl,K03401,1880.0,1880.0
2020,"Emden, Stadt",Syrien,Anzahl,K03402,1000.0,1000.0
2020,"Oldenburg (Oldb), Stadt",Syrien,Anzahl,K03403,2190.0,2190.0
2020,"Osnabrück, Stadt",Syrien,Anzahl,K03404,3470.0,3470.0
2020,"Wilhelmshaven, Stadt",Syrien,Anzahl,K03405,2110.0,2110.0
2020,Ammerland,Syrien,Anzahl,K03451,1095.0,1095.0
2020,Aurich,Syrien,Anzahl,K03452,1685.0,1685.0
2020,Cloppenburg,Syrien,Anzahl,K03453,1365.0,1365.0
2020,Emsland,Syrien,Anzahl,K03454,2980.0,2980.0
2020,Friesland,Syrien,Anzahl,K03455,820.0,820.0
2020,Grafschaft Bentheim,Syrien,Anzahl,K03456,1270.0,1270.0
2020,Leer,Syrien,Anzahl,K03457,1845.0,1845.0
2020,Oldenburg,Syrien,Anzahl,K03458,940.0,940.0
2020,Osnabrück,Syrien,Anzahl,K03459,2315.0,2315.0
2020,Vechta,Syrien,Anzahl,K03460,2780.0,2780.0
2020,Wesermarsch,Syrien,Anzahl,K03461,785.0,785.0
2020,Wittmund,Syrien,Anzahl,K03462,365.0,365.0
2020,Statistische Region Weser-Ems,Syrien,Anzahl,K034,28905.0,28905.0
2020,Niedersachsen,Syrien,Anzahl,K030,87680.0,87680.0
2021,"Braunschweig, Stadt",Syrien,Anzahl,K03101,2720.0,2720.0
2021,"Salzgitter, Stadt",Syrien,Anzahl,K03102,4730.0,4730.0
2021,"Wolfsburg, Stadt",Syrien,Anzahl,K03103,1970.0,1970.0
2021,Gifhorn,Syrien,Anzahl,K03151,1090.0,1090.0
2021,Goslar,Syrien,Anzahl,K03153,1485.0,1485.0
2021,Helmstedt,Syrien,Anzahl,K03154,510.0,510.0
2021,Northeim,Syrien,Anzahl,K03155,1090.0,1090.0
2021,Peine,Syrien,Anzahl,K03157,1830.0,1830.0
2021,Wolfenbüttel,Syrien,Anzahl,K03158,1145.0,1145.0
2021,Göttingen,Syrien,Anzahl,K03159,2450.0,2450.0
2021,Statistische Region Braunschweig,Syrien,Anzahl,K031,19020.0,19020.0
2021,Region Hannover,Syrien,Anzahl,K03241,17440.0,17440.0
2021,"dav. Hannover, Lhst.",Syrien,Anzahl,K03241001,7565.0,7565.0
2021,"dav. Hannover, Umland",Syrien,Anzahl,K03241999,9875.0,9875.0
2021,Diepholz,Syrien,Anzahl,K03251,1845.0,1845.0
2021,Hameln-Pyrmont,Syrien,Anzahl,K03252,2345.0,2345.0
2021,Hildesheim,Syrien,Anzahl,K03254,2890.0,2890.0
2021,Holzminden,Syrien,Anzahl,K03255,700.0,700.0
2021,Nienburg (Weser),Syrien,Anzahl,K03256,1485.0,1485.0
2021,Schaumburg,Syrien,Anzahl,K03257,1690.0,1690.0
2021,Statistische Region Hannover,Syrien,Anzahl,K032,28395.0,28395.0
2021,Celle,Syrien,Anzahl,K03351,1580.0,1580.0
2021,Cuxhaven,Syrien,Anzahl,K03352,1690.0,1690.0
2021,Harburg,Syrien,Anzahl,K03353,1420.0,1420.0
2021,Lüchow-Dannenberg,Syrien,Anzahl,K03354,305.0,305.0
2021,Lüneburg,Syrien,Anzahl,K03355,1930.0,1930.0
2021,Osterholz,Syrien,Anzahl,K03356,825.0,825.0
2021,Rotenburg (Wümme),Syrien,Anzahl,K03357,1370.0,1370.0
2021,Heidekreis,Syrien,Anzahl,K03358,1355.0,1355.0
2021,Stade,Syrien,Anzahl,K03359,2775.0,2775.0
2021,Uelzen,Syrien,Anzahl,K03360,740.0,740.0
2021,Verden,Syrien,Anzahl,K03361,1155.0,1155.0
2021,Statistische Region Lüneburg,Syrien,Anzahl,K033,15150.0,15150.0
2021,"Delmenhorst, Stadt",Syrien,Anzahl,K03401,1920.0,1920.0
2021,"Emden, Stadt",Syrien,Anzahl,K03402,1040.0,1040.0
2021,"Oldenburg (Oldb), Stadt",Syrien,Anzahl,K03403,2175.0,2175.0
2021,"Osnabrück, Stadt",Syrien,Anzahl,K03404,3620.0,3620.0
2021,"Wilhelmshaven, Stadt",Syrien,Anzahl,K03405,2220.0,2220.0
2021,Ammerland,Syrien,Anzahl,K03451,1170.0,1170.0
2021,Aurich,Syrien,Anzahl,K03452,1785.0,1785.0
2021,Cloppenburg,Syrien,Anzahl,K03453,1380.0,1380.0
2021,Emsland,Syrien,Anzahl,K03454,3185.0,3185.0
2021,Friesland,Syrien,Anzahl,K03455,870.0,870.0
2021,Grafschaft Bentheim,Syrien,Anzahl,K03456,1300.0,1300.0
2021,Leer,Syrien,Anzahl,K03457,2030.0,2030.0
2021,Oldenburg,Syrien,Anzahl,K03458,1000.0,1000.0
2021,Osnabrück,Syrien,Anzahl,K03459,2075.0,2075.0
2021,Vechta,Syrien,Anzahl,K03460,2820.0,2820.0
2021,Wesermarsch,Syrien,Anzahl,K03461,830.0,830.0
2021,Wittmund,Syrien,Anzahl,K03462,440.0,440.0
2021,Statistische Region Weser-Ems,Syrien,Anzahl,K034,29865.0,29865.0
2021,Niedersachsen,Syrien,Anzahl,K030,92430.0,92430.0
2022,"Braunschweig, Stadt",Syrien,Anzahl,K03101,3125.0,3125.0
2022,"Salzgitter, Stadt",Syrien,Anzahl,K03102,4835.0,4835.0
2022,"Wolfsburg, Stadt",Syrien,Anzahl,K03103,2045.0,2045.0
2022,Gifhorn,Syrien,Anzahl,K03151,1150.0,1150.0
2022,Goslar,Syrien,Anzahl,K03153,1435.0,1435.0
2022,Helmstedt,Syrien,Anzahl,K03154,560.0,560.0
2022,Northeim,Syrien,Anzahl,K03155,1140.0,1140.0
2022,Peine,Syrien,Anzahl,K03157,1800.0,1800.0
2022,Wolfenbüttel,Syrien,Anzahl,K03158,1190.0,1190.0
2022,Göttingen,Syrien,Anzahl,K03159,2235.0,2235.0
2022,Statistische Region Braunschweig,Syrien,Anzahl,K031,19515.0,19515.0
2022,Region Hannover,Syrien,Anzahl,K03241,19580.0,19580.0
2022,"dav. Hannover, Lhst.",Syrien,Anzahl,K03241001,8105.0,8105.0
2022,"dav. Hannover, Umland",Syrien,Anzahl,K03241999,11475.0,11475.0
2022,Diepholz,Syrien,Anzahl,K03251,1805.0,1805.0
2022,Hameln-Pyrmont,Syrien,Anzahl,K03252,2460.0,2460.0
2022,Hildesheim,Syrien,Anzahl,K03254,3025.0,3025.0
2022,Holzminden,Syrien,Anzahl,K03255,700.0,700.0
2022,Nienburg (Weser),Syrien,Anzahl,K03256,1520.0,1520.0
2022,Schaumburg,Syrien,Anzahl,K03257,1785.0,1785.0
2022,Statistische Region Hannover,Syrien,Anzahl,K032,30880.0,30880.0
2022,Celle,Syrien,Anzahl,K03351,1555.0,1555.0
2022,Cuxhaven,Syrien,Anzahl,K03352,1690.0,1690.0
2022,Harburg,Syrien,Anzahl,K03353,1565.0,1565.0
2022,Lüchow-Dannenberg,Syrien,Anzahl,K03354,260.0,260.0
2022,Lüneburg,Syrien,Anzahl,K03355,1710.0,1710.0
2022,Osterholz,Syrien,Anzahl,K03356,875.0,875.0
2022,Rotenburg (Wümme),Syrien,Anzahl,K03357,1440.0,1440.0
2022,Heidekreis,Syrien,Anzahl,K03358,1325.0,1325.0
2022,Stade,Syrien,Anzahl,K03359,2820.0,2820.0
2022,Uelzen,Syrien,Anzahl,K03360,750.0,750.0
2022,Verden,Syrien,Anzahl,K03361,1275.0,1275.0
2022,Statistische Region Lüneburg,Syrien,Anzahl,K033,15265.0,15265.0
2022,"Delmenhorst, Stadt",Syrien,Anzahl,K03401,1965.0,1965.0
2022,"Emden, Stadt",Syrien,Anzahl,K03402,1065.0,1065.0
2022,"Oldenburg (Oldb), Stadt",Syrien,Anzahl,K03403,2285.0,2285.0
2022,"Osnabrück, Stadt",Syrien,Anzahl,K03404,3795.0,3795.0
2022,"Wilhelmshaven, Stadt",Syrien,Anzahl,K03405,2265.0,2265.0
2022,Ammerland,Syrien,Anzahl,K03451,1220.0,1220.0
2022,Aurich,Syrien,Anzahl,K03452,1790.0,1790.0
2022,Cloppenburg,Syrien,Anzahl,K03453,1340.0,1340.0
2022,Emsland,Syrien,Anzahl,K03454,3475.0,3475.0
2022,Friesland,Syrien,Anzahl,K03455,895.0,895.0
2022,Grafschaft Bentheim,Syrien,Anzahl,K03456,1275.0,1275.0
2022,Leer,Syrien,Anzahl,K03457,2140.0,2140.0
2022,Oldenburg,Syrien,Anzahl,K03458,1050.0,1050.0
2022,Osnabrück,Syrien,Anzahl,K03459,2050.0,2050.0
2022,Vechta,Syrien,Anzahl,K03460,2715.0,2715.0
2022,Wesermarsch,Syrien,Anzahl,K03461,860.0,860.0
2022,Wittmund,Syrien,Anzahl,K03462,485.0,485.0
2022,Statistische Region Weser-Ems,Syrien,Anzahl,K034,30870.0,30870.0
2022,Niedersachsen,Syrien,Anzahl,K030,96330.0,96330.0
2023,"Braunschweig, Stadt",Syrien,Anzahl,K03101,2915.0,2915.0
2023,"Salzgitter, Stadt",Syrien,Anzahl,K03102,5155.0,5155.0
2023,"Wolfsburg, Stadt",Syrien,Anzahl,K03103,2195.0,2195.0
2023,Gifhorn,Syrien,Anzahl,K03151,1355.0,1355.0
2023,Goslar,Syrien,Anzahl,K03153,1455.0,1455.0
2023,Helmstedt,Syrien,Anzahl,K03154,715.0,715.0
2023,Northeim,Syrien,Anzahl,K03155,1180.0,1180.0
2023,Peine,Syrien,Anzahl,K03157,1985.0,1985.0
2023,Wolfenbüttel,Syrien,Anzahl,K03158,1505.0,1505.0
2023,Göttingen,Syrien,Anzahl,K03159,2350.0,2350.0
2023,Statistische Region Braunschweig,Syrien,Anzahl,K031,20805.0,20805.0
2023,Region Hannover,Syrien,Anzahl,K03241,18700.0,18700.0
2023,"dav. Hannover, Lhst.",Syrien,Anzahl,K03241001,8765.0,8765.0
2023,"dav. Hannover, Umland",Syrien,Anzahl,K03241999,9935.0,9935.0
2023,Diepholz,Syrien,Anzahl,K03251,2050.0,2050.0
2023,Hameln-Pyrmont,Syrien,Anzahl,K03252,2655.0,2655.0
2023,Hildesheim,Syrien,Anzahl,K03254,3390.0,3390.0
2023,Holzminden,Syrien,Anzahl,K03255,750.0,750.0
2023,Nienburg (Weser),Syrien,Anzahl,K03256,1515.0,1515.0
2023,Schaumburg,Syrien,Anzahl,K03257,1965.0,1965.0
2023,Statistische Region Hannover,Syrien,Anzahl,K032,31025.0,31025.0
2023,Celle,Syrien,Anzahl,K03351,1710.0,1710.0
2023,Cuxhaven,Syrien,Anzahl,K03352,1645.0,1645.0
2023,Harburg,Syrien,Anzahl,K03353,1710.0,1710.0
2023,Lüchow-Dannenberg,Syrien,Anzahl,K03354,285.0,285.0
2023,Lüneburg,Syrien,Anzahl,K03355,1750.0,1750.0
2023,Osterholz,Syrien,Anzahl,K03356,915.0,915.0
2023,Rotenburg (Wümme),Syrien,Anzahl,K03357,1660.0,1660.0
2023,Heidekreis,Syrien,Anzahl,K03358,1150.0,1150.0
2023,Stade,Syrien,Anzahl,K03359,3010.0,3010.0
2023,Uelzen,Syrien,Anzahl,K03360,780.0,780.0
2023,Verden,Syrien,Anzahl,K03361,1325.0,1325.0
2023,Statistische Region Lüneburg,Syrien,Anzahl,K033,15935.0,15935.0
2023,"Delmenhorst, Stadt",Syrien,Anzahl,K03401,2075.0,2075.0
2023,"Emden, Stadt",Syrien,Anzahl,K03402,1070.0,1070.0
2023,"Oldenburg (Oldb), Stadt",Syrien,Anzahl,K03403,2280.0,2280.0
2023,"Osnabrück, Stadt",Syrien,Anzahl,K03404,3800.0,3800.0
2023,"Wilhelmshaven, Stadt",Syrien,Anzahl,K03405,2510.0,2510.0
2023,Ammerland,Syrien,Anzahl,K03451,1400.0,1400.0
2023,Aurich,Syrien,Anzahl,K03452,1840.0,1840.0
2023,Cloppenburg,Syrien,Anzahl,K03453,1530.0,1530.0
2023,Emsland,Syrien,Anzahl,K03454,3730.0,3730.0
2023,Friesland,Syrien,Anzahl,K03455,930.0,930.0
2023,Grafschaft Bentheim,Syrien,Anzahl,K03456,1250.0,1250.0
2023,Leer,Syrien,Anzahl,K03457,2520.0,2520.0
2023,Oldenburg,Syrien,Anzahl,K03458,1235.0,1235.0
2023,Osnabrück,Syrien,Anzahl,K03459,2145.0,2145.0
2023,Vechta,Syrien,Anzahl,K03460,2685.0,2685.0
2023,Wesermarsch,Syrien,Anzahl,K03461,960.0,960.0
2023,Wittmund,Syrien,Anzahl,K03462,580.0,580.0
2023,Statistische Region Weser-Ems,Syrien,Anzahl,K034,32545.0,32545.0
2023,Niedersachsen,Syrien,Anzahl,K030,100310.0,100310.0
2024,"Braunschweig, Stadt",Syrien,Anzahl,K03101,2845.0,2845.0
2024,"Salzgitter, Stadt",Syrien,Anzahl,K03102,5180.0,5180.0
2024,"Wolfsburg, Stadt",Syrien,Anzahl,K03103,2340.0,2340.0
2024,Gifhorn,Syrien,Anzahl,K03151,1410.0,1410.0
2024,Goslar,Syrien,Anzahl,K03153,1355.0,1355.0
2024,Helmstedt,Syrien,Anzahl,K03154,855.0,855.0
2024,Northeim,Syrien,Anzahl,K03155,1180.0,1180.0
2024,Peine,Syrien,Anzahl,K03157,2105.0,2105.0
2024,Wolfenbüttel,Syrien,Anzahl,K03158,1550.0,1550.0
2024,Göttingen,Syrien,Anzahl,K03159,2360.0,2360.0
2024,Statistische Region Braunschweig,Syrien,Anzahl,K031,21190.0,21190.0
2024,Region Hannover,Syrien,Anzahl,K03241,19145.0,19145.0
2024,"dav. Hannover, Lhst.",Syrien,Anzahl,K03241001,9165.0,9165.0
2024,"dav. Hannover, Umland",Syrien,Anzahl,K03241999,9980.0,9980.0
2024,Diepholz,Syrien,Anzahl,K03251,2200.0,2200.0
2024,Hameln-Pyrmont,Syrien,Anzahl,K03252,2750.0,2750.0
2024,Hildesheim,Syrien,Anzahl,K03254,3485.0,3485.0
2024,Holzminden,Syrien,Anzahl,K03255,735.0,735.0
2024,Nienburg (Weser),Syrien,Anzahl,K03256,1450.0,1450.0
2024,Schaumburg,Syrien,Anzahl,K03257,1835.0,1835.0
2024,Statistische Region Hannover,Syrien,Anzahl,K032,31600.0,31600.0
2024,Celle,Syrien,Anzahl,K03351,1665.0,1665.0
2024,Cuxhaven,Syrien,Anzahl,K03352,1595.0,1595.0
2024,Harburg,Syrien,Anzahl,K03353,1690.0,1690.0
2024,Lüchow-Dannenberg,Syrien,Anzahl,K03354,280.0,280.0
2024,Lüneburg,Syrien,Anzahl,K03355,1905.0,1905.0
2024,Osterholz,Syrien,Anzahl,K03356,840.0,840.0
2024,Rotenburg (Wümme),Syrien,Anzahl,K03357,1570.0,1570.0
2024,Heidekreis,Syrien,Anzahl,K03358,1015.0,1015.0
2024,Stade,Syrien,Anzahl,K03359,2855.0,2855.0
2024,Uelzen,Syrien,Anzahl,K03360,765.0,765.0
2024,Verden,Syrien,Anzahl,K03361,1360.0,1360.0
2024,Statistische Region Lüneburg,Syrien,Anzahl,K033,15535.0,15535.0
2024,"Delmenhorst, Stadt",Syrien,Anzahl,K03401,2070.0,2070.0
2024,"Emden, Stadt",Syrien,Anzahl,K03402,1080.0,1080.0
2024,"Oldenburg (Oldb), Stadt",Syrien,Anzahl,K03403,2275.0,2275.0
2024,"Osnabrück, Stadt",Syrien,Anzahl,K03404,3695.0,3695.0
2024,"Wilhelmshaven, Stadt",Syrien,Anzahl,K03405,2530.0,2530.0
2024,Ammerland,Syrien,Anzahl,K03451,1400.0,1400.0
2024,Aurich,Syrien,Anzahl,K03452,1750.0,1750.0
2024,Cloppenburg,Syrien,Anzahl,K03453,1550.0,1550.0
2024,Emsland,Syrien,Anzahl,K03454,3975.0,3975.0
2024,Friesland,Syrien,Anzahl,K03455,980.0,980.0
2024,Grafschaft Bentheim,Syrien,Anzahl,K03456,1305.0,1305.0
2024,Leer,Syrien,Anzahl,K03457,2745.0,2745.0
2024,Oldenburg,Syrien,Anzahl,K03458,1260.0,1260.0
2024,Osnabrück,Syrien,Anzahl,K03459,2150.0,2150.0
2024,Vechta,Syrien,Anzahl,K03460,2465.0,2465.0
2024,Wesermarsch,Syrien,Anzahl,K03461,1055.0,1055.0
2024,Wittmund,Syrien,Anzahl,K03462,590.0,590.0
2024,Statistische Region Weser-Ems,Syrien,Anzahl,K034,32880.0,32880.0
2024,Niedersachsen,Syrien,Anzahl,K030,101200.0,101200.0
2025,"Braunschweig, Stadt",Syrien,Anzahl,K03101,2885.0,2885.0
2025,"Salzgitter, Stadt",Syrien,Anzahl,K03102,4875.0,4875.0
2025,"Wolfsburg, Stadt",Syrien,Anzahl,K03103,2410.0,2410.0
2025,Gifhorn,Syrien,Anzahl,K03151,1410.0,1410.0
2025,Goslar,Syrien,Anzahl,K03153,1235.0,1235.0
2025,Helmstedt,Syrien,Anzahl,K03154,850.0,850.0
2025,Northeim,Syrien,Anzahl,K03155,1055.0,1055.0
2025,Peine,Syrien,Anzahl,K03157,2085.0,2085.0
2025,Wolfenbüttel,Syrien,Anzahl,K03158,1465.0,1465.0
2025,Göttingen,Syrien,Anzahl,K03159,2190.0,2190.0
2025,Statistische Region Braunschweig,Syrien,Anzahl,K031,20460.0,20460.0
2025,Region Hannover,Syrien,Anzahl,K03241,19655.0,19655.0
2025,"dav. Hannover, Lhst.",Syrien,Anzahl,K03241001,9260.0,9260.0
2025,"dav. Hannover, Umland",Syrien,Anzahl,K03241999,10395.0,10395.0
2025,Diepholz,Syrien,Anzahl,K03251,2080.0,2080.0
2025,Hameln-Pyrmont,Syrien,Anzahl,K03252,2680.0,2680.0
2025,Hildesheim,Syrien,Anzahl,K03254,3360.0,3360.0
2025,Holzminden,Syrien,Anzahl,K03255,700.0,700.0
2025,Nienburg (Weser),Syrien,Anzahl,K03256,1340.0,1340.0
2025,Schaumburg,Syrien,Anzahl,K03257,1710.0,1710.0
2025,Statistische Region Hannover,Syrien,Anzahl,K032,31525.0,31525.0
2025,Celle,Syrien,Anzahl,K03351,1625.0,1625.0
2025,Cuxhaven,Syrien,Anzahl,K03352,1505.0,1505.0
2025,Harburg,Syrien,Anzahl,K03353,1485.0,1485.0
2025,Lüchow-Dannenberg,Syrien,Anzahl,K03354,265.0,265.0
2025,Lüneburg,Syrien,Anzahl,K03355,1700.0,1700.0
2025,Osterholz,Syrien,Anzahl,K03356,705.0,705.0
2025,Rotenburg (Wümme),Syrien,Anzahl,K03357,1370.0,1370.0
2025,Heidekreis,Syrien,Anzahl,K03358,1010.0,1010.0
2025,Stade,Syrien,Anzahl,K03359,2605.0,2605.0
2025,Uelzen,Syrien,Anzahl,K03360,800.0,800.0
2025,Verden,Syrien,Anzahl,K03361,1245.0,1245.0
2025,Statistische Region Lüneburg,Syrien,Anzahl,K033,14315.0,14315.0
2025,"Delmenhorst, Stadt",Syrien,Anzahl,K03401,1935.0,1935.0
2025,"Emden, Stadt",Syrien,Anzahl,K03402,1060.0,1060.0
2025,"Oldenburg (Oldb), Stadt",Syrien,Anzahl,K03403,2265.0,2265.0
2025,"Osnabrück, Stadt",Syrien,Anzahl,K03404,3785.0,3785.0
2025,"Wilhelmshaven, Stadt",Syrien,Anzahl,K03405,2550.0,2550.0
2025,Ammerland,Syrien,Anzahl,K03451,1195.0,1195.0
2025,Aurich,Syrien,Anzahl,K03452,1670.0,1670.0
2025,Cloppenburg,Syrien,Anzahl,K03453,1400.0,1400.0
2025,Emsland,Syrien,Anzahl,K03454,3595.0,3595.0
2025,Friesland,Syrien,Anzahl,K03455,905.0,905.0
2025,Grafschaft Bentheim,Syrien,Anzahl,K03456,1325.0,1325.0
2025,Leer,Syrien,Anzahl,K03457,2740.0,2740.0
2025,Oldenburg,Syrien,Anzahl,K03458,1225.0,1225.0
2025,Osnabrück,Syrien,Anzahl,K03459,1900.0,1900.0
2025,Vechta,Syrien,Anzahl,K03460,2220.0,2220.0
2025,Wesermarsch,Syrien,Anzahl,K03461,1055.0,1055.0
2025,Wittmund,Syrien,Anzahl,K03462,545.0,545.0
2025,Statistische Region Weser-Ems,Syrien,Anzahl,K034,31385.0,31385.0
2025,Niedersachsen,Syrien,Anzahl,K030,97685.0,97685.0
2005,"Braunschweig, Stadt",Türkei,Anzahl,K03101,5957.0,5957.0
2005,"Salzgitter, Stadt",Türkei,Anzahl,K03102,6320.0,6320.0
2005,"Wolfsburg, Stadt",Türkei,Anzahl,K03103,581.0,581.0
2005,Gifhorn,Türkei,Anzahl,K03151,1903.0,1903.0
2005,Goslar,Türkei,Anzahl,K03153,1936.0,1936.0
2005,Helmstedt,Türkei,Anzahl,K03154,1146.0,1146.0
2005,Northeim,Türkei,Anzahl,K03155,1026.0,1026.0
2005,Peine,Türkei,Anzahl,K03157,2946.0,2946.0
2005,Wolfenbüttel,Türkei,Anzahl,K03158,1325.0,1325.0
2005,Göttingen,Türkei,Anzahl,K03159,3823.0,3823.0
2005,Statistische Region Braunschweig,Türkei,Anzahl,K031,26963.0,26963.0
2005,Region Hannover,Türkei,Anzahl,K03241,29699.0,29699.0
2005,"dav. Hannover, Lhst.",Türkei,Anzahl,K03241001,19350.0,19350.0
2005,"dav. Hannover, Umland",Türkei,Anzahl,K03241999,10349.0,10349.0
2005,Diepholz,Türkei,Anzahl,K03251,1788.0,1788.0
2005,Hameln-Pyrmont,Türkei,Anzahl,K03252,3221.0,3221.0
2005,Hildesheim,Türkei,Anzahl,K03254,4163.0,4163.0
2005,Holzminden,Türkei,Anzahl,K03255,1355.0,1355.0
2005,Nienburg (Weser),Türkei,Anzahl,K03256,1984.0,1984.0
2005,Schaumburg,Türkei,Anzahl,K03257,3060.0,3060.0
2005,Statistische Region Hannover,Türkei,Anzahl,K032,45270.0,45270.0
2005,Celle,Türkei,Anzahl,K03351,2418.0,2418.0
2005,Cuxhaven,Türkei,Anzahl,K03352,1151.0,1151.0
2005,Harburg,Türkei,Anzahl,K03353,1619.0,1619.0
2005,Lüchow-Dannenberg,Türkei,Anzahl,K03354,104.0,104.0
2005,Lüneburg,Türkei,Anzahl,K03355,995.0,995.0
2005,Osterholz,Türkei,Anzahl,K03356,1008.0,1008.0
2005,Rotenburg (Wümme),Türkei,Anzahl,K03357,1000.0,1000.0
2005,Heidekreis,Türkei,Anzahl,K03358,1297.0,1297.0
2005,Stade,Türkei,Anzahl,K03359,1961.0,1961.0
2005,Uelzen,Türkei,Anzahl,K03360,356.0,356.0
2005,Verden,Türkei,Anzahl,K03361,2555.0,2555.0
2005,Statistische Region Lüneburg,Türkei,Anzahl,K033,14464.0,14464.0
2005,"Delmenhorst, Stadt",Türkei,Anzahl,K03401,3167.0,3167.0
2005,"Emden, Stadt",Türkei,Anzahl,K03402,373.0,373.0
2005,"Oldenburg (Oldb), Stadt",Türkei,Anzahl,K03403,2137.0,2137.0
2005,"Osnabrück, Stadt",Türkei,Anzahl,K03404,3213.0,3213.0
2005,"Wilhelmshaven, Stadt",Türkei,Anzahl,K03405,691.0,691.0
2005,Ammerland,Türkei,Anzahl,K03451,722.0,722.0
2005,Aurich,Türkei,Anzahl,K03452,440.0,440.0
2005,Cloppenburg,Türkei,Anzahl,K03453,1028.0,1028.0
2005,Emsland,Türkei,Anzahl,K03454,1204.0,1204.0
2005,Friesland,Türkei,Anzahl,K03455,345.0,345.0
2005,Grafschaft Bentheim,Türkei,Anzahl,K03456,1750.0,1750.0
2005,Leer,Türkei,Anzahl,K03457,639.0,639.0
2005,Oldenburg,Türkei,Anzahl,K03458,627.0,627.0
2005,Osnabrück,Türkei,Anzahl,K03459,3684.0,3684.0
2005,Vechta,Türkei,Anzahl,K03460,3143.0,3143.0
2005,Wesermarsch,Türkei,Anzahl,K03461,1574.0,1574.0
2005,Wittmund,Türkei,Anzahl,K03462,164.0,164.0
2005,Statistische Region Weser-Ems,Türkei,Anzahl,K034,24901.0,24901.0
2005,Niedersachsen,Türkei,Anzahl,K030,111598.0,111598.0
2011,"Braunschweig, Stadt",Türkei,Anzahl,K03101,5502.0,5502.0
2011,"Salzgitter, Stadt",Türkei,Anzahl,K03102,5664.0,5664.0
2011,"Wolfsburg, Stadt",Türkei,Anzahl,K03103,620.0,620.0
2011,Gifhorn,Türkei,Anzahl,K03151,1670.0,1670.0
2011,Goslar,Türkei,Anzahl,K03153,1628.0,1628.0
2011,Helmstedt,Türkei,Anzahl,K03154,967.0,967.0
2011,Northeim,Türkei,Anzahl,K03155,815.0,815.0
2011,Peine,Türkei,Anzahl,K03157,2615.0,2615.0
2011,Wolfenbüttel,Türkei,Anzahl,K03158,1025.0,1025.0
2011,Göttingen,Türkei,Anzahl,K03159,3281.0,3281.0
2011,Statistische Region Braunschweig,Türkei,Anzahl,K031,23787.0,23787.0
2011,Region Hannover,Türkei,Anzahl,K03241,27531.0,27531.0
2011,"dav. Hannover, Lhst.",Türkei,Anzahl,K03241001,17951.0,17951.0
2011,"dav. Hannover, Umland",Türkei,Anzahl,K03241999,9580.0,9580.0
2011,Diepholz,Türkei,Anzahl,K03251,1563.0,1563.0
2011,Hameln-Pyrmont,Türkei,Anzahl,K03252,2913.0,2913.0
2011,Hildesheim,Türkei,Anzahl,K03254,3508.0,3508.0
2011,Holzminden,Türkei,Anzahl,K03255,1156.0,1156.0
2011,Nienburg (Weser),Türkei,Anzahl,K03256,1567.0,1567.0
2011,Schaumburg,Türkei,Anzahl,K03257,2469.0,2469.0
2011,Statistische Region Hannover,Türkei,Anzahl,K032,40707.0,40707.0
2011,Celle,Türkei,Anzahl,K03351,1792.0,1792.0
2011,Cuxhaven,Türkei,Anzahl,K03352,957.0,957.0
2011,Harburg,Türkei,Anzahl,K03353,1376.0,1376.0
2011,Lüchow-Dannenberg,Türkei,Anzahl,K03354,106.0,106.0
2011,Lüneburg,Türkei,Anzahl,K03355,870.0,870.0
2011,Osterholz,Türkei,Anzahl,K03356,869.0,869.0
2011,Rotenburg (Wümme),Türkei,Anzahl,K03357,795.0,795.0
2011,Heidekreis,Türkei,Anzahl,K03358,1028.0,1028.0
2011,Stade,Türkei,Anzahl,K03359,1876.0,1876.0
2011,Uelzen,Türkei,Anzahl,K03360,254.0,254.0
2011,Verden,Türkei,Anzahl,K03361,2122.0,2122.0
2011,Statistische Region Lüneburg,Türkei,Anzahl,K033,12045.0,12045.0
2011,"Delmenhorst, Stadt",Türkei,Anzahl,K03401,2610.0,2610.0
2011,"Emden, Stadt",Türkei,Anzahl,K03402,332.0,332.0
2011,"Oldenburg (Oldb), Stadt",Türkei,Anzahl,K03403,1772.0,1772.0
2011,"Osnabrück, Stadt",Türkei,Anzahl,K03404,2927.0,2927.0
2011,"Wilhelmshaven, Stadt",Türkei,Anzahl,K03405,564.0,564.0
2011,Ammerland,Türkei,Anzahl,K03451,581.0,581.0
2011,Aurich,Türkei,Anzahl,K03452,356.0,356.0
2011,Cloppenburg,Türkei,Anzahl,K03453,910.0,910.0
2011,Emsland,Türkei,Anzahl,K03454,1024.0,1024.0
2011,Friesland,Türkei,Anzahl,K03455,272.0,272.0
2011,Grafschaft Bentheim,Türkei,Anzahl,K03456,1482.0,1482.0
2011,Leer,Türkei,Anzahl,K03457,417.0,417.0
2011,Oldenburg,Türkei,Anzahl,K03458,501.0,501.0
2011,Osnabrück,Türkei,Anzahl,K03459,3276.0,3276.0
2011,Vechta,Türkei,Anzahl,K03460,2881.0,2881.0
2011,Wesermarsch,Türkei,Anzahl,K03461,1258.0,1258.0
2011,Wittmund,Türkei,Anzahl,K03462,112.0,112.0
2011,Statistische Region Weser-Ems,Türkei,Anzahl,K034,21275.0,21275.0
2011,Niedersachsen,Türkei,Anzahl,K030,97814.0,97814.0
2012,"Braunschweig, Stadt",Türkei,Anzahl,K03101,5380.0,5380.0
2012,"Salzgitter, Stadt",Türkei,Anzahl,K03102,5541.0,5541.0
2012,"Wolfsburg, Stadt",Türkei,Anzahl,K03103,621.0,621.0
2012,Gifhorn,Türkei,Anzahl,K03151,1655.0,1655.0
2012,Goslar,Türkei,Anzahl,K03153,1616.0,1616.0
2012,Helmstedt,Türkei,Anzahl,K03154,931.0,931.0
2012,Northeim,Türkei,Anzahl,K03155,787.0,787.0
2012,Peine,Türkei,Anzahl,K03157,2526.0,2526.0
2012,Wolfenbüttel,Türkei,Anzahl,K03158,999.0,999.0
2012,Göttingen,Türkei,Anzahl,K03159,3192.0,3192.0
2012,Statistische Region Braunschweig,Türkei,Anzahl,K031,23248.0,23248.0
2012,Region Hannover,Türkei,Anzahl,K03241,27200.0,27200.0
2012,"dav. Hannover, Lhst.",Türkei,Anzahl,K03241001,17686.0,17686.0
2012,"dav. Hannover, Umland",Türkei,Anzahl,K03241999,9514.0,9514.0
2012,Diepholz,Türkei,Anzahl,K03251,1573.0,1573.0
2012,Hameln-Pyrmont,Türkei,Anzahl,K03252,2847.0,2847.0
2012,Hildesheim,Türkei,Anzahl,K03254,3419.0,3419.0
2012,Holzminden,Türkei,Anzahl,K03255,1104.0,1104.0
2012,Nienburg (Weser),Türkei,Anzahl,K03256,1509.0,1509.0
2012,Schaumburg,Türkei,Anzahl,K03257,2380.0,2380.0
2012,Statistische Region Hannover,Türkei,Anzahl,K032,40032.0,40032.0
2012,Celle,Türkei,Anzahl,K03351,1740.0,1740.0
2012,Cuxhaven,Türkei,Anzahl,K03352,925.0,925.0
2012,Harburg,Türkei,Anzahl,K03353,1366.0,1366.0
2012,Lüchow-Dannenberg,Türkei,Anzahl,K03354,95.0,95.0
2012,Lüneburg,Türkei,Anzahl,K03355,820.0,820.0
2012,Osterholz,Türkei,Anzahl,K03356,819.0,819.0
2012,Rotenburg (Wümme),Türkei,Anzahl,K03357,775.0,775.0
2012,Heidekreis,Türkei,Anzahl,K03358,982.0,982.0
2012,Stade,Türkei,Anzahl,K03359,1828.0,1828.0
2012,Uelzen,Türkei,Anzahl,K03360,245.0,245.0
2012,Verden,Türkei,Anzahl,K03361,2029.0,2029.0
2012,Statistische Region Lüneburg,Türkei,Anzahl,K033,11624.0,11624.0
2012,"Delmenhorst, Stadt",Türkei,Anzahl,K03401,2553.0,2553.0
2012,"Emden, Stadt",Türkei,Anzahl,K03402,338.0,338.0
2012,"Oldenburg (Oldb), Stadt",Türkei,Anzahl,K03403,1731.0,1731.0
2012,"Osnabrück, Stadt",Türkei,Anzahl,K03404,2863.0,2863.0
2012,"Wilhelmshaven, Stadt",Türkei,Anzahl,K03405,537.0,537.0
2012,Ammerland,Türkei,Anzahl,K03451,557.0,557.0
2012,Aurich,Türkei,Anzahl,K03452,347.0,347.0
2012,Cloppenburg,Türkei,Anzahl,K03453,864.0,864.0
2012,Emsland,Türkei,Anzahl,K03454,977.0,977.0
2012,Friesland,Türkei,Anzahl,K03455,261.0,261.0
2012,Grafschaft Bentheim,Türkei,Anzahl,K03456,1420.0,1420.0
2012,Leer,Türkei,Anzahl,K03457,400.0,400.0
2012,Oldenburg,Türkei,Anzahl,K03458,486.0,486.0
2012,Osnabrück,Türkei,Anzahl,K03459,3180.0,3180.0
2012,Vechta,Türkei,Anzahl,K03460,2737.0,2737.0
2012,Wesermarsch,Türkei,Anzahl,K03461,1211.0,1211.0
2012,Wittmund,Türkei,Anzahl,K03462,104.0,104.0
2012,Statistische Region Weser-Ems,Türkei,Anzahl,K034,20566.0,20566.0
2012,Niedersachsen,Türkei,Anzahl,K030,95470.0,95470.0
2013,"Braunschweig, Stadt",Türkei,Anzahl,K03101,5319.0,5319.0
2013,"Salzgitter, Stadt",Türkei,Anzahl,K03102,5465.0,5465.0
2013,"Wolfsburg, Stadt",Türkei,Anzahl,K03103,619.0,619.0
2013,Gifhorn,Türkei,Anzahl,K03151,1661.0,1661.0
2013,Goslar,Türkei,Anzahl,K03153,1592.0,1592.0
2013,Helmstedt,Türkei,Anzahl,K03154,912.0,912.0
2013,Northeim,Türkei,Anzahl,K03155,750.0,750.0
2013,Peine,Türkei,Anzahl,K03157,2471.0,2471.0
2013,Wolfenbüttel,Türkei,Anzahl,K03158,970.0,970.0
2013,Göttingen,Türkei,Anzahl,K03159,3139.0,3139.0
2013,Statistische Region Braunschweig,Türkei,Anzahl,K031,22898.0,22898.0
2013,Region Hannover,Türkei,Anzahl,K03241,26767.0,26767.0
2013,"dav. Hannover, Lhst.",Türkei,Anzahl,K03241001,17329.0,17329.0
2013,"dav. Hannover, Umland",Türkei,Anzahl,K03241999,9438.0,9438.0
2013,Diepholz,Türkei,Anzahl,K03251,1547.0,1547.0
2013,Hameln-Pyrmont,Türkei,Anzahl,K03252,2786.0,2786.0
2013,Hildesheim,Türkei,Anzahl,K03254,3430.0,3430.0
2013,Holzminden,Türkei,Anzahl,K03255,1073.0,1073.0
2013,Nienburg (Weser),Türkei,Anzahl,K03256,1457.0,1457.0
2013,Schaumburg,Türkei,Anzahl,K03257,2330.0,2330.0
2013,Statistische Region Hannover,Türkei,Anzahl,K032,39390.0,39390.0
2013,Celle,Türkei,Anzahl,K03351,1677.0,1677.0
2013,Cuxhaven,Türkei,Anzahl,K03352,870.0,870.0
2013,Harburg,Türkei,Anzahl,K03353,1360.0,1360.0
2013,Lüchow-Dannenberg,Türkei,Anzahl,K03354,104.0,104.0
2013,Lüneburg,Türkei,Anzahl,K03355,804.0,804.0
2013,Osterholz,Türkei,Anzahl,K03356,808.0,808.0
2013,Rotenburg (Wümme),Türkei,Anzahl,K03357,760.0,760.0
2013,Heidekreis,Türkei,Anzahl,K03358,954.0,954.0
2013,Stade,Türkei,Anzahl,K03359,1824.0,1824.0
2013,Uelzen,Türkei,Anzahl,K03360,253.0,253.0
2013,Verden,Türkei,Anzahl,K03361,1917.0,1917.0
2013,Statistische Region Lüneburg,Türkei,Anzahl,K033,11331.0,11331.0
2013,"Delmenhorst, Stadt",Türkei,Anzahl,K03401,2492.0,2492.0
2013,"Emden, Stadt",Türkei,Anzahl,K03402,336.0,336.0
2013,"Oldenburg (Oldb), Stadt",Türkei,Anzahl,K03403,1689.0,1689.0
2013,"Osnabrück, Stadt",Türkei,Anzahl,K03404,2854.0,2854.0
2013,"Wilhelmshaven, Stadt",Türkei,Anzahl,K03405,532.0,532.0
2013,Ammerland,Türkei,Anzahl,K03451,546.0,546.0
2013,Aurich,Türkei,Anzahl,K03452,357.0,357.0
2013,Cloppenburg,Türkei,Anzahl,K03453,837.0,837.0
2013,Emsland,Türkei,Anzahl,K03454,938.0,938.0
2013,Friesland,Türkei,Anzahl,K03455,250.0,250.0
2013,Grafschaft Bentheim,Türkei,Anzahl,K03456,1380.0,1380.0
2013,Leer,Türkei,Anzahl,K03457,392.0,392.0
2013,Oldenburg,Türkei,Anzahl,K03458,461.0,461.0
2013,Osnabrück,Türkei,Anzahl,K03459,3146.0,3146.0
2013,Vechta,Türkei,Anzahl,K03460,2647.0,2647.0
2013,Wesermarsch,Türkei,Anzahl,K03461,1152.0,1152.0
2013,Wittmund,Türkei,Anzahl,K03462,98.0,98.0
2013,Statistische Region Weser-Ems,Türkei,Anzahl,K034,20107.0,20107.0
2013,Niedersachsen,Türkei,Anzahl,K030,93726.0,93726.0
2014,"Braunschweig, Stadt",Türkei,Anzahl,K03101,5272.0,5272.0
2014,"Salzgitter, Stadt",Türkei,Anzahl,K03102,5400.0,5400.0
2014,"Wolfsburg, Stadt",Türkei,Anzahl,K03103,626.0,626.0
2014,Gifhorn,Türkei,Anzahl,K03151,1642.0,1642.0
2014,Goslar,Türkei,Anzahl,K03153,1557.0,1557.0
2014,Helmstedt,Türkei,Anzahl,K03154,907.0,907.0
2014,Northeim,Türkei,Anzahl,K03155,722.0,722.0
2014,Peine,Türkei,Anzahl,K03157,2393.0,2393.0
2014,Wolfenbüttel,Türkei,Anzahl,K03158,945.0,945.0
2014,Göttingen,Türkei,Anzahl,K03159,3097.0,3097.0
2014,Statistische Region Braunschweig,Türkei,Anzahl,K031,22561.0,22561.0
2014,Region Hannover,Türkei,Anzahl,K03241,26601.0,26601.0
2014,"dav. Hannover, Lhst.",Türkei,Anzahl,K03241001,17201.0,17201.0
2014,"dav. Hannover, Umland",Türkei,Anzahl,K03241999,9400.0,9400.0
2014,Diepholz,Türkei,Anzahl,K03251,1467.0,1467.0
2014,Hameln-Pyrmont,Türkei,Anzahl,K03252,2771.0,2771.0
2014,Hildesheim,Türkei,Anzahl,K03254,3352.0,3352.0
2014,Holzminden,Türkei,Anzahl,K03255,1044.0,1044.0
2014,Nienburg (Weser),Türkei,Anzahl,K03256,1415.0,1415.0
2014,Schaumburg,Türkei,Anzahl,K03257,2275.0,2275.0
2014,Statistische Region Hannover,Türkei,Anzahl,K032,38925.0,38925.0
2014,Celle,Türkei,Anzahl,K03351,1625.0,1625.0
2014,Cuxhaven,Türkei,Anzahl,K03352,856.0,856.0
2014,Harburg,Türkei,Anzahl,K03353,1362.0,1362.0
2014,Lüchow-Dannenberg,Türkei,Anzahl,K03354,103.0,103.0
2014,Lüneburg,Türkei,Anzahl,K03355,776.0,776.0
2014,Osterholz,Türkei,Anzahl,K03356,779.0,779.0
2014,Rotenburg (Wümme),Türkei,Anzahl,K03357,732.0,732.0
2014,Heidekreis,Türkei,Anzahl,K03358,937.0,937.0
2014,Stade,Türkei,Anzahl,K03359,1809.0,1809.0
2014,Uelzen,Türkei,Anzahl,K03360,255.0,255.0
2014,Verden,Türkei,Anzahl,K03361,1861.0,1861.0
2014,Statistische Region Lüneburg,Türkei,Anzahl,K033,11095.0,11095.0
2014,"Delmenhorst, Stadt",Türkei,Anzahl,K03401,2461.0,2461.0
2014,"Emden, Stadt",Türkei,Anzahl,K03402,327.0,327.0
2014,"Oldenburg (Oldb), Stadt",Türkei,Anzahl,K03403,1641.0,1641.0
2014,"Osnabrück, Stadt",Türkei,Anzahl,K03404,2798.0,2798.0
2014,"Wilhelmshaven, Stadt",Türkei,Anzahl,K03405,526.0,526.0
2014,Ammerland,Türkei,Anzahl,K03451,516.0,516.0
2014,Aurich,Türkei,Anzahl,K03452,363.0,363.0
2014,Cloppenburg,Türkei,Anzahl,K03453,819.0,819.0
2014,Emsland,Türkei,Anzahl,K03454,924.0,924.0
2014,Friesland,Türkei,Anzahl,K03455,226.0,226.0
2014,Grafschaft Bentheim,Türkei,Anzahl,K03456,1341.0,1341.0
2014,Leer,Türkei,Anzahl,K03457,378.0,378.0
2014,Oldenburg,Türkei,Anzahl,K03458,431.0,431.0
2014,Osnabrück,Türkei,Anzahl,K03459,3060.0,3060.0
2014,Vechta,Türkei,Anzahl,K03460,2627.0,2627.0
2014,Wesermarsch,Türkei,Anzahl,K03461,1152.0,1152.0
2014,Wittmund,Türkei,Anzahl,K03462,100.0,100.0
2014,Statistische Region Weser-Ems,Türkei,Anzahl,K034,19690.0,19690.0
2014,Niedersachsen,Türkei,Anzahl,K030,92271.0,92271.0
2015,"Braunschweig, Stadt",Türkei,Anzahl,K03101,5141.0,5141.0
2015,"Salzgitter, Stadt",Türkei,Anzahl,K03102,5340.0,5340.0
2015,"Wolfsburg, Stadt",Türkei,Anzahl,K03103,633.0,633.0
2015,Gifhorn,Türkei,Anzahl,K03151,1633.0,1633.0
2015,Goslar,Türkei,Anzahl,K03153,1535.0,1535.0
2015,Helmstedt,Türkei,Anzahl,K03154,876.0,876.0
2015,Northeim,Türkei,Anzahl,K03155,718.0,718.0
2015,Peine,Türkei,Anzahl,K03157,2381.0,2381.0
2015,Wolfenbüttel,Türkei,Anzahl,K03158,933.0,933.0
2015,Göttingen,Türkei,Anzahl,K03159,3083.0,3083.0
2015,Statistische Region Braunschweig,Türkei,Anzahl,K031,22273.0,22273.0
2015,Region Hannover,Türkei,Anzahl,K03241,26298.0,26298.0
2015,"dav. Hannover, Lhst.",Türkei,Anzahl,K03241001,16986.0,16986.0
2015,"dav. Hannover, Umland",Türkei,Anzahl,K03241999,9312.0,9312.0
2015,Diepholz,Türkei,Anzahl,K03251,1480.0,1480.0
2015,Hameln-Pyrmont,Türkei,Anzahl,K03252,2756.0,2756.0
2015,Hildesheim,Türkei,Anzahl,K03254,3310.0,3310.0
2015,Holzminden,Türkei,Anzahl,K03255,1023.0,1023.0
2015,Nienburg (Weser),Türkei,Anzahl,K03256,1393.0,1393.0
2015,Schaumburg,Türkei,Anzahl,K03257,2194.0,2194.0
2015,Statistische Region Hannover,Türkei,Anzahl,K032,38454.0,38454.0
2015,Celle,Türkei,Anzahl,K03351,1547.0,1547.0
2015,Cuxhaven,Türkei,Anzahl,K03352,855.0,855.0
2015,Harburg,Türkei,Anzahl,K03353,1356.0,1356.0
2015,Lüchow-Dannenberg,Türkei,Anzahl,K03354,104.0,104.0
2015,Lüneburg,Türkei,Anzahl,K03355,771.0,771.0
2015,Osterholz,Türkei,Anzahl,K03356,738.0,738.0
2015,Rotenburg (Wümme),Türkei,Anzahl,K03357,714.0,714.0
2015,Heidekreis,Türkei,Anzahl,K03358,922.0,922.0
2015,Stade,Türkei,Anzahl,K03359,1789.0,1789.0
2015,Uelzen,Türkei,Anzahl,K03360,259.0,259.0
2015,Verden,Türkei,Anzahl,K03361,1813.0,1813.0
2015,Statistische Region Lüneburg,Türkei,Anzahl,K033,10868.0,10868.0
2015,"Delmenhorst, Stadt",Türkei,Anzahl,K03401,2442.0,2442.0
2015,"Emden, Stadt",Türkei,Anzahl,K03402,303.0,303.0
2015,"Oldenburg (Oldb), Stadt",Türkei,Anzahl,K03403,1586.0,1586.0
2015,"Osnabrück, Stadt",Türkei,Anzahl,K03404,2746.0,2746.0
2015,"Wilhelmshaven, Stadt",Türkei,Anzahl,K03405,503.0,503.0
2015,Ammerland,Türkei,Anzahl,K03451,509.0,509.0
2015,Aurich,Türkei,Anzahl,K03452,374.0,374.0
2015,Cloppenburg,Türkei,Anzahl,K03453,798.0,798.0
2015,Emsland,Türkei,Anzahl,K03454,913.0,913.0
2015,Friesland,Türkei,Anzahl,K03455,211.0,211.0
2015,Grafschaft Bentheim,Türkei,Anzahl,K03456,1305.0,1305.0
2015,Leer,Türkei,Anzahl,K03457,381.0,381.0
2015,Oldenburg,Türkei,Anzahl,K03458,415.0,415.0
2015,Osnabrück,Türkei,Anzahl,K03459,2998.0,2998.0
2015,Vechta,Türkei,Anzahl,K03460,2587.0,2587.0
2015,Wesermarsch,Türkei,Anzahl,K03461,1155.0,1155.0
2015,Wittmund,Türkei,Anzahl,K03462,93.0,93.0
2015,Statistische Region Weser-Ems,Türkei,Anzahl,K034,19319.0,19319.0
2015,Niedersachsen,Türkei,Anzahl,K030,90914.0,90914.0
2016,"Braunschweig, Stadt",Türkei,Anzahl,K03101,5220.0,5220.0
2016,"Salzgitter, Stadt",Türkei,Anzahl,K03102,5285.0,5285.0
2016,"Wolfsburg, Stadt",Türkei,Anzahl,K03103,630.0,630.0
2016,Gifhorn,Türkei,Anzahl,K03151,1640.0,1640.0
2016,Goslar,Türkei,Anzahl,K03153,1495.0,1495.0
2016,Helmstedt,Türkei,Anzahl,K03154,890.0,890.0
2016,Northeim,Türkei,Anzahl,K03155,730.0,730.0
2016,Peine,Türkei,Anzahl,K03157,2365.0,2365.0
2016,Wolfenbüttel,Türkei,Anzahl,K03158,920.0,920.0
2016,Göttingen,Türkei,Anzahl,K03159,3035.0,3035.0
2016,Statistische Region Braunschweig,Türkei,Anzahl,K031,22220.0,22220.0
2016,Region Hannover,Türkei,Anzahl,K03241,26085.0,26085.0
2016,"dav. Hannover, Lhst.",Türkei,Anzahl,K03241001,16650.0,16650.0
2016,"dav. Hannover, Umland",Türkei,Anzahl,K03241999,9435.0,9435.0
2016,Diepholz,Türkei,Anzahl,K03251,1500.0,1500.0
2016,Hameln-Pyrmont,Türkei,Anzahl,K03252,2735.0,2735.0
2016,Hildesheim,Türkei,Anzahl,K03254,3255.0,3255.0
2016,Holzminden,Türkei,Anzahl,K03255,1015.0,1015.0
2016,Nienburg (Weser),Türkei,Anzahl,K03256,1375.0,1375.0
2016,Schaumburg,Türkei,Anzahl,K03257,2180.0,2180.0
2016,Statistische Region Hannover,Türkei,Anzahl,K032,38140.0,38140.0
2016,Celle,Türkei,Anzahl,K03351,1490.0,1490.0
2016,Cuxhaven,Türkei,Anzahl,K03352,840.0,840.0
2016,Harburg,Türkei,Anzahl,K03353,1390.0,1390.0
2016,Lüchow-Dannenberg,Türkei,Anzahl,K03354,105.0,105.0
2016,Lüneburg,Türkei,Anzahl,K03355,770.0,770.0
2016,Osterholz,Türkei,Anzahl,K03356,730.0,730.0
2016,Rotenburg (Wümme),Türkei,Anzahl,K03357,720.0,720.0
2016,Heidekreis,Türkei,Anzahl,K03358,915.0,915.0
2016,Stade,Türkei,Anzahl,K03359,1780.0,1780.0
2016,Uelzen,Türkei,Anzahl,K03360,265.0,265.0
2016,Verden,Türkei,Anzahl,K03361,1760.0,1760.0
2016,Statistische Region Lüneburg,Türkei,Anzahl,K033,10765.0,10765.0
2016,"Delmenhorst, Stadt",Türkei,Anzahl,K03401,2410.0,2410.0
2016,"Emden, Stadt",Türkei,Anzahl,K03402,285.0,285.0
2016,"Oldenburg (Oldb), Stadt",Türkei,Anzahl,K03403,1555.0,1555.0
2016,"Osnabrück, Stadt",Türkei,Anzahl,K03404,2720.0,2720.0
2016,"Wilhelmshaven, Stadt",Türkei,Anzahl,K03405,500.0,500.0
2016,Ammerland,Türkei,Anzahl,K03451,505.0,505.0
2016,Aurich,Türkei,Anzahl,K03452,385.0,385.0
2016,Cloppenburg,Türkei,Anzahl,K03453,780.0,780.0
2016,Emsland,Türkei,Anzahl,K03454,890.0,890.0
2016,Friesland,Türkei,Anzahl,K03455,200.0,200.0
2016,Grafschaft Bentheim,Türkei,Anzahl,K03456,1275.0,1275.0
2016,Leer,Türkei,Anzahl,K03457,410.0,410.0
2016,Oldenburg,Türkei,Anzahl,K03458,415.0,415.0
2016,Osnabrück,Türkei,Anzahl,K03459,2995.0,2995.0
2016,Vechta,Türkei,Anzahl,K03460,2525.0,2525.0
2016,Wesermarsch,Türkei,Anzahl,K03461,1140.0,1140.0
2016,Wittmund,Türkei,Anzahl,K03462,85.0,85.0
2016,Statistische Region Weser-Ems,Türkei,Anzahl,K034,19065.0,19065.0
2016,Niedersachsen,Türkei,Anzahl,K030,90185.0,90185.0
2017,"Braunschweig, Stadt",Türkei,Anzahl,K03101,5105.0,5105.0
2017,"Salzgitter, Stadt",Türkei,Anzahl,K03102,5265.0,5265.0
2017,"Wolfsburg, Stadt",Türkei,Anzahl,K03103,665.0,665.0
2017,Gifhorn,Türkei,Anzahl,K03151,1640.0,1640.0
2017,Goslar,Türkei,Anzahl,K03153,1495.0,1495.0
2017,Helmstedt,Türkei,Anzahl,K03154,880.0,880.0
2017,Northeim,Türkei,Anzahl,K03155,720.0,720.0
2017,Peine,Türkei,Anzahl,K03157,2330.0,2330.0
2017,Wolfenbüttel,Türkei,Anzahl,K03158,895.0,895.0
2017,Göttingen,Türkei,Anzahl,K03159,3045.0,3045.0
2017,Statistische Region Braunschweig,Türkei,Anzahl,K031,22040.0,22040.0
2017,Region Hannover,Türkei,Anzahl,K03241,25915.0,25915.0
2017,"dav. Hannover, Lhst.",Türkei,Anzahl,K03241001,16485.0,16485.0
2017,"dav. Hannover, Umland",Türkei,Anzahl,K03241999,9430.0,9430.0
2017,Diepholz,Türkei,Anzahl,K03251,1500.0,1500.0
2017,Hameln-Pyrmont,Türkei,Anzahl,K03252,2725.0,2725.0
2017,Hildesheim,Türkei,Anzahl,K03254,3250.0,3250.0
2017,Holzminden,Türkei,Anzahl,K03255,1000.0,1000.0
2017,Nienburg (Weser),Türkei,Anzahl,K03256,1350.0,1350.0
2017,Schaumburg,Türkei,Anzahl,K03257,2155.0,2155.0
2017,Statistische Region Hannover,Türkei,Anzahl,K032,37900.0,37900.0
2017,Celle,Türkei,Anzahl,K03351,1465.0,1465.0
2017,Cuxhaven,Türkei,Anzahl,K03352,815.0,815.0
2017,Harburg,Türkei,Anzahl,K03353,1455.0,1455.0
2017,Lüchow-Dannenberg,Türkei,Anzahl,K03354,100.0,100.0
2017,Lüneburg,Türkei,Anzahl,K03355,775.0,775.0
2017,Osterholz,Türkei,Anzahl,K03356,740.0,740.0
2017,Rotenburg (Wümme),Türkei,Anzahl,K03357,745.0,745.0
2017,Heidekreis,Türkei,Anzahl,K03358,900.0,900.0
2017,Stade,Türkei,Anzahl,K03359,1790.0,1790.0
2017,Uelzen,Türkei,Anzahl,K03360,280.0,280.0
2017,Verden,Türkei,Anzahl,K03361,1730.0,1730.0
2017,Statistische Region Lüneburg,Türkei,Anzahl,K033,10790.0,10790.0
2017,"Delmenhorst, Stadt",Türkei,Anzahl,K03401,2380.0,2380.0
2017,"Emden, Stadt",Türkei,Anzahl,K03402,280.0,280.0
2017,"Oldenburg (Oldb), Stadt",Türkei,Anzahl,K03403,1530.0,1530.0
2017,"Osnabrück, Stadt",Türkei,Anzahl,K03404,2705.0,2705.0
2017,"Wilhelmshaven, Stadt",Türkei,Anzahl,K03405,485.0,485.0
2017,Ammerland,Türkei,Anzahl,K03451,480.0,480.0
2017,Aurich,Türkei,Anzahl,K03452,405.0,405.0
2017,Cloppenburg,Türkei,Anzahl,K03453,765.0,765.0
2017,Emsland,Türkei,Anzahl,K03454,870.0,870.0
2017,Friesland,Türkei,Anzahl,K03455,205.0,205.0
2017,Grafschaft Bentheim,Türkei,Anzahl,K03456,1250.0,1250.0
2017,Leer,Türkei,Anzahl,K03457,445.0,445.0
2017,Oldenburg,Türkei,Anzahl,K03458,400.0,400.0
2017,Osnabrück,Türkei,Anzahl,K03459,3070.0,3070.0
2017,Vechta,Türkei,Anzahl,K03460,2480.0,2480.0
2017,Wesermarsch,Türkei,Anzahl,K03461,1120.0,1120.0
2017,Wittmund,Türkei,Anzahl,K03462,75.0,75.0
2017,Statistische Region Weser-Ems,Türkei,Anzahl,K034,18945.0,18945.0
2017,Niedersachsen,Türkei,Anzahl,K030,89675.0,89675.0
2018,"Braunschweig, Stadt",Türkei,Anzahl,K03101,5085.0,5085.0
2018,"Salzgitter, Stadt",Türkei,Anzahl,K03102,5180.0,5180.0
2018,"Wolfsburg, Stadt",Türkei,Anzahl,K03103,700.0,700.0
2018,Gifhorn,Türkei,Anzahl,K03151,1670.0,1670.0
2018,Goslar,Türkei,Anzahl,K03153,1470.0,1470.0
2018,Helmstedt,Türkei,Anzahl,K03154,880.0,880.0
2018,Northeim,Türkei,Anzahl,K03155,700.0,700.0
2018,Peine,Türkei,Anzahl,K03157,2310.0,2310.0
2018,Wolfenbüttel,Türkei,Anzahl,K03158,905.0,905.0
2018,Göttingen,Türkei,Anzahl,K03159,3005.0,3005.0
2018,Statistische Region Braunschweig,Türkei,Anzahl,K031,21895.0,21895.0
2018,Region Hannover,Türkei,Anzahl,K03241,25975.0,25975.0
2018,"dav. Hannover, Lhst.",Türkei,Anzahl,K03241001,16430.0,16430.0
2018,"dav. Hannover, Umland",Türkei,Anzahl,K03241999,9545.0,9545.0
2018,Diepholz,Türkei,Anzahl,K03251,1530.0,1530.0
2018,Hameln-Pyrmont,Türkei,Anzahl,K03252,2690.0,2690.0
2018,Hildesheim,Türkei,Anzahl,K03254,3285.0,3285.0
2018,Holzminden,Türkei,Anzahl,K03255,965.0,965.0
2018,Nienburg (Weser),Türkei,Anzahl,K03256,1345.0,1345.0
2018,Schaumburg,Türkei,Anzahl,K03257,2120.0,2120.0
2018,Statistische Region Hannover,Türkei,Anzahl,K032,37905.0,37905.0
2018,Celle,Türkei,Anzahl,K03351,1420.0,1420.0
2018,Cuxhaven,Türkei,Anzahl,K03352,810.0,810.0
2018,Harburg,Türkei,Anzahl,K03353,1500.0,1500.0
2018,Lüchow-Dannenberg,Türkei,Anzahl,K03354,105.0,105.0
2018,Lüneburg,Türkei,Anzahl,K03355,775.0,775.0
2018,Osterholz,Türkei,Anzahl,K03356,745.0,745.0
2018,Rotenburg (Wümme),Türkei,Anzahl,K03357,740.0,740.0
2018,Heidekreis,Türkei,Anzahl,K03358,870.0,870.0
2018,Stade,Türkei,Anzahl,K03359,1765.0,1765.0
2018,Uelzen,Türkei,Anzahl,K03360,280.0,280.0
2018,Verden,Türkei,Anzahl,K03361,1685.0,1685.0
2018,Statistische Region Lüneburg,Türkei,Anzahl,K033,10690.0,10690.0
2018,"Delmenhorst, Stadt",Türkei,Anzahl,K03401,2355.0,2355.0
2018,"Emden, Stadt",Türkei,Anzahl,K03402,275.0,275.0
2018,"Oldenburg (Oldb), Stadt",Türkei,Anzahl,K03403,1485.0,1485.0
2018,"Osnabrück, Stadt",Türkei,Anzahl,K03404,2650.0,2650.0
2018,"Wilhelmshaven, Stadt",Türkei,Anzahl,K03405,480.0,480.0
2018,Ammerland,Türkei,Anzahl,K03451,500.0,500.0
2018,Aurich,Türkei,Anzahl,K03452,410.0,410.0
2018,Cloppenburg,Türkei,Anzahl,K03453,755.0,755.0
2018,Emsland,Türkei,Anzahl,K03454,870.0,870.0
2018,Friesland,Türkei,Anzahl,K03455,215.0,215.0
2018,Grafschaft Bentheim,Türkei,Anzahl,K03456,1230.0,1230.0
2018,Leer,Türkei,Anzahl,K03457,475.0,475.0
2018,Oldenburg,Türkei,Anzahl,K03458,390.0,390.0
2018,Osnabrück,Türkei,Anzahl,K03459,3065.0,3065.0
2018,Vechta,Türkei,Anzahl,K03460,2430.0,2430.0
2018,Wesermarsch,Türkei,Anzahl,K03461,1125.0,1125.0
2018,Wittmund,Türkei,Anzahl,K03462,75.0,75.0
2018,Statistische Region Weser-Ems,Türkei,Anzahl,K034,18785.0,18785.0
2018,Niedersachsen,Türkei,Anzahl,K030,89275.0,89275.0
2019,"Braunschweig, Stadt",Türkei,Anzahl,K03101,5115.0,5115.0
2019,"Salzgitter, Stadt",Türkei,Anzahl,K03102,5095.0,5095.0
2019,"Wolfsburg, Stadt",Türkei,Anzahl,K03103,700.0,700.0
2019,Gifhorn,Türkei,Anzahl,K03151,1655.0,1655.0
2019,Goslar,Türkei,Anzahl,K03153,1450.0,1450.0
2019,Helmstedt,Türkei,Anzahl,K03154,865.0,865.0
2019,Northeim,Türkei,Anzahl,K03155,690.0,690.0
2019,Peine,Türkei,Anzahl,K03157,2245.0,2245.0
2019,Wolfenbüttel,Türkei,Anzahl,K03158,915.0,915.0
2019,Göttingen,Türkei,Anzahl,K03159,3000.0,3000.0
2019,Statistische Region Braunschweig,Türkei,Anzahl,K031,21725.0,21725.0
2019,Region Hannover,Türkei,Anzahl,K03241,25830.0,25830.0
2019,"dav. Hannover, Lhst.",Türkei,Anzahl,K03241001,16275.0,16275.0
2019,"dav. Hannover, Umland",Türkei,Anzahl,K03241999,9555.0,9555.0
2019,Diepholz,Türkei,Anzahl,K03251,1540.0,1540.0
2019,Hameln-Pyrmont,Türkei,Anzahl,K03252,2670.0,2670.0
2019,Hildesheim,Türkei,Anzahl,K03254,3235.0,3235.0
2019,Holzminden,Türkei,Anzahl,K03255,965.0,965.0
2019,Nienburg (Weser),Türkei,Anzahl,K03256,1315.0,1315.0
2019,Schaumburg,Türkei,Anzahl,K03257,2085.0,2085.0
2019,Statistische Region Hannover,Türkei,Anzahl,K032,37635.0,37635.0
2019,Celle,Türkei,Anzahl,K03351,1370.0,1370.0
2019,Cuxhaven,Türkei,Anzahl,K03352,790.0,790.0
2019,Harburg,Türkei,Anzahl,K03353,1565.0,1565.0
2019,Lüchow-Dannenberg,Türkei,Anzahl,K03354,110.0,110.0
2019,Lüneburg,Türkei,Anzahl,K03355,775.0,775.0
2019,Osterholz,Türkei,Anzahl,K03356,750.0,750.0
2019,Rotenburg (Wümme),Türkei,Anzahl,K03357,725.0,725.0
2019,Heidekreis,Türkei,Anzahl,K03358,910.0,910.0
2019,Stade,Türkei,Anzahl,K03359,1775.0,1775.0
2019,Uelzen,Türkei,Anzahl,K03360,280.0,280.0
2019,Verden,Türkei,Anzahl,K03361,1660.0,1660.0
2019,Statistische Region Lüneburg,Türkei,Anzahl,K033,10710.0,10710.0
2019,"Delmenhorst, Stadt",Türkei,Anzahl,K03401,2305.0,2305.0
2019,"Emden, Stadt",Türkei,Anzahl,K03402,270.0,270.0
2019,"Oldenburg (Oldb), Stadt",Türkei,Anzahl,K03403,1440.0,1440.0
2019,"Osnabrück, Stadt",Türkei,Anzahl,K03404,2640.0,2640.0
2019,"Wilhelmshaven, Stadt",Türkei,Anzahl,K03405,475.0,475.0
2019,Ammerland,Türkei,Anzahl,K03451,500.0,500.0
2019,Aurich,Türkei,Anzahl,K03452,425.0,425.0
2019,Cloppenburg,Türkei,Anzahl,K03453,745.0,745.0
2019,Emsland,Türkei,Anzahl,K03454,900.0,900.0
2019,Friesland,Türkei,Anzahl,K03455,225.0,225.0
2019,Grafschaft Bentheim,Türkei,Anzahl,K03456,1215.0,1215.0
2019,Leer,Türkei,Anzahl,K03457,495.0,495.0
2019,Oldenburg,Türkei,Anzahl,K03458,390.0,390.0
2019,Osnabrück,Türkei,Anzahl,K03459,3065.0,3065.0
2019,Vechta,Türkei,Anzahl,K03460,2380.0,2380.0
2019,Wesermarsch,Türkei,Anzahl,K03461,1110.0,1110.0
2019,Wittmund,Türkei,Anzahl,K03462,75.0,75.0
2019,Statistische Region Weser-Ems,Türkei,Anzahl,K034,18660.0,18660.0
2019,Niedersachsen,Türkei,Anzahl,K030,88735.0,88735.0
2020,"Braunschweig, Stadt",Türkei,Anzahl,K03101,5060.0,5060.0
2020,"Salzgitter, Stadt",Türkei,Anzahl,K03102,5055.0,5055.0
2020,"Wolfsburg, Stadt",Türkei,Anzahl,K03103,715.0,715.0
2020,Gifhorn,Türkei,Anzahl,K03151,1690.0,1690.0
2020,Goslar,Türkei,Anzahl,K03153,1400.0,1400.0
2020,Helmstedt,Türkei,Anzahl,K03154,875.0,875.0
2020,Northeim,Türkei,Anzahl,K03155,680.0,680.0
2020,Peine,Türkei,Anzahl,K03157,2265.0,2265.0
2020,Wolfenbüttel,Türkei,Anzahl,K03158,905.0,905.0
2020,Göttingen,Türkei,Anzahl,K03159,3015.0,3015.0
2020,Statistische Region Braunschweig,Türkei,Anzahl,K031,21670.0,21670.0
2020,Region Hannover,Türkei,Anzahl,K03241,25450.0,25450.0
2020,"dav. Hannover, Lhst.",Türkei,Anzahl,K03241001,15830.0,15830.0
2020,"dav. Hannover, Umland",Türkei,Anzahl,K03241999,9620.0,9620.0
2020,Diepholz,Türkei,Anzahl,K03251,1510.0,1510.0
2020,Hameln-Pyrmont,Türkei,Anzahl,K03252,2635.0,2635.0
2020,Hildesheim,Türkei,Anzahl,K03254,3220.0,3220.0
2020,Holzminden,Türkei,Anzahl,K03255,960.0,960.0
2020,Nienburg (Weser),Türkei,Anzahl,K03256,1305.0,1305.0
2020,Schaumburg,Türkei,Anzahl,K03257,2060.0,2060.0
2020,Statistische Region Hannover,Türkei,Anzahl,K032,37140.0,37140.0
2020,Celle,Türkei,Anzahl,K03351,1345.0,1345.0
2020,Cuxhaven,Türkei,Anzahl,K03352,785.0,785.0
2020,Harburg,Türkei,Anzahl,K03353,1610.0,1610.0
2020,Lüchow-Dannenberg,Türkei,Anzahl,K03354,120.0,120.0
2020,Lüneburg,Türkei,Anzahl,K03355,785.0,785.0
2020,Osterholz,Türkei,Anzahl,K03356,785.0,785.0
2020,Rotenburg (Wümme),Türkei,Anzahl,K03357,725.0,725.0
2020,Heidekreis,Türkei,Anzahl,K03358,920.0,920.0
2020,Stade,Türkei,Anzahl,K03359,1780.0,1780.0
2020,Uelzen,Türkei,Anzahl,K03360,280.0,280.0
2020,Verden,Türkei,Anzahl,K03361,1640.0,1640.0
2020,Statistische Region Lüneburg,Türkei,Anzahl,K033,10775.0,10775.0
2020,"Delmenhorst, Stadt",Türkei,Anzahl,K03401,2265.0,2265.0
2020,"Emden, Stadt",Türkei,Anzahl,K03402,270.0,270.0
2020,"Oldenburg (Oldb), Stadt",Türkei,Anzahl,K03403,1425.0,1425.0
2020,"Osnabrück, Stadt",Türkei,Anzahl,K03404,2595.0,2595.0
2020,"Wilhelmshaven, Stadt",Türkei,Anzahl,K03405,465.0,465.0
2020,Ammerland,Türkei,Anzahl,K03451,515.0,515.0
2020,Aurich,Türkei,Anzahl,K03452,440.0,440.0
2020,Cloppenburg,Türkei,Anzahl,K03453,755.0,755.0
2020,Emsland,Türkei,Anzahl,K03454,905.0,905.0
2020,Friesland,Türkei,Anzahl,K03455,240.0,240.0
2020,Grafschaft Bentheim,Türkei,Anzahl,K03456,1230.0,1230.0
2020,Leer,Türkei,Anzahl,K03457,500.0,500.0
2020,Oldenburg,Türkei,Anzahl,K03458,390.0,390.0
2020,Osnabrück,Türkei,Anzahl,K03459,3055.0,3055.0
2020,Vechta,Türkei,Anzahl,K03460,2345.0,2345.0
2020,Wesermarsch,Türkei,Anzahl,K03461,1030.0,1030.0
2020,Wittmund,Türkei,Anzahl,K03462,85.0,85.0
2020,Statistische Region Weser-Ems,Türkei,Anzahl,K034,18505.0,18505.0
2020,Niedersachsen,Türkei,Anzahl,K030,88085.0,88085.0
2021,"Braunschweig, Stadt",Türkei,Anzahl,K03101,4980.0,4980.0
2021,"Salzgitter, Stadt",Türkei,Anzahl,K03102,5030.0,5030.0
2021,"Wolfsburg, Stadt",Türkei,Anzahl,K03103,710.0,710.0
2021,Gifhorn,Türkei,Anzahl,K03151,1690.0,1690.0
2021,Goslar,Türkei,Anzahl,K03153,1410.0,1410.0
2021,Helmstedt,Türkei,Anzahl,K03154,915.0,915.0
2021,Northeim,Türkei,Anzahl,K03155,685.0,685.0
2021,Peine,Türkei,Anzahl,K03157,2270.0,2270.0
2021,Wolfenbüttel,Türkei,Anzahl,K03158,905.0,905.0
2021,Göttingen,Türkei,Anzahl,K03159,2985.0,2985.0
2021,Statistische Region Braunschweig,Türkei,Anzahl,K031,21585.0,21585.0
2021,Region Hannover,Türkei,Anzahl,K03241,25710.0,25710.0
2021,"dav. Hannover, Lhst.",Türkei,Anzahl,K03241001,15730.0,15730.0
2021,"dav. Hannover, Umland",Türkei,Anzahl,K03241999,9980.0,9980.0
2021,Diepholz,Türkei,Anzahl,K03251,1530.0,1530.0
2021,Hameln-Pyrmont,Türkei,Anzahl,K03252,2640.0,2640.0
2021,Hildesheim,Türkei,Anzahl,K03254,3210.0,3210.0
2021,Holzminden,Türkei,Anzahl,K03255,955.0,955.0
2021,Nienburg (Weser),Türkei,Anzahl,K03256,1280.0,1280.0
2021,Schaumburg,Türkei,Anzahl,K03257,2050.0,2050.0
2021,Statistische Region Hannover,Türkei,Anzahl,K032,37370.0,37370.0
2021,Celle,Türkei,Anzahl,K03351,1300.0,1300.0
2021,Cuxhaven,Türkei,Anzahl,K03352,795.0,795.0
2021,Harburg,Türkei,Anzahl,K03353,1720.0,1720.0
2021,Lüchow-Dannenberg,Türkei,Anzahl,K03354,120.0,120.0
2021,Lüneburg,Türkei,Anzahl,K03355,805.0,805.0
2021,Osterholz,Türkei,Anzahl,K03356,795.0,795.0
2021,Rotenburg (Wümme),Türkei,Anzahl,K03357,735.0,735.0
2021,Heidekreis,Türkei,Anzahl,K03358,935.0,935.0
2021,Stade,Türkei,Anzahl,K03359,1780.0,1780.0
2021,Uelzen,Türkei,Anzahl,K03360,300.0,300.0
2021,Verden,Türkei,Anzahl,K03361,1665.0,1665.0
2021,Statistische Region Lüneburg,Türkei,Anzahl,K033,10950.0,10950.0
2021,"Delmenhorst, Stadt",Türkei,Anzahl,K03401,2255.0,2255.0
2021,"Emden, Stadt",Türkei,Anzahl,K03402,280.0,280.0
2021,"Oldenburg (Oldb), Stadt",Türkei,Anzahl,K03403,1435.0,1435.0
2021,"Osnabrück, Stadt",Türkei,Anzahl,K03404,2580.0,2580.0
2021,"Wilhelmshaven, Stadt",Türkei,Anzahl,K03405,450.0,450.0
2021,Ammerland,Türkei,Anzahl,K03451,515.0,515.0
2021,Aurich,Türkei,Anzahl,K03452,455.0,455.0
2021,Cloppenburg,Türkei,Anzahl,K03453,765.0,765.0
2021,Emsland,Türkei,Anzahl,K03454,930.0,930.0
2021,Friesland,Türkei,Anzahl,K03455,225.0,225.0
2021,Grafschaft Bentheim,Türkei,Anzahl,K03456,1240.0,1240.0
2021,Leer,Türkei,Anzahl,K03457,520.0,520.0
2021,Oldenburg,Türkei,Anzahl,K03458,380.0,380.0
2021,Osnabrück,Türkei,Anzahl,K03459,3030.0,3030.0
2021,Vechta,Türkei,Anzahl,K03460,2295.0,2295.0
2021,Wesermarsch,Türkei,Anzahl,K03461,1015.0,1015.0
2021,Wittmund,Türkei,Anzahl,K03462,95.0,95.0
2021,Statistische Region Weser-Ems,Türkei,Anzahl,K034,18470.0,18470.0
2021,Niedersachsen,Türkei,Anzahl,K030,88375.0,88375.0
2022,"Braunschweig, Stadt",Türkei,Anzahl,K03101,5125.0,5125.0
2022,"Salzgitter, Stadt",Türkei,Anzahl,K03102,4940.0,4940.0
2022,"Wolfsburg, Stadt",Türkei,Anzahl,K03103,775.0,775.0
2022,Gifhorn,Türkei,Anzahl,K03151,1740.0,1740.0
2022,Goslar,Türkei,Anzahl,K03153,1430.0,1430.0
2022,Helmstedt,Türkei,Anzahl,K03154,920.0,920.0
2022,Northeim,Türkei,Anzahl,K03155,680.0,680.0
2022,Peine,Türkei,Anzahl,K03157,2275.0,2275.0
2022,Wolfenbüttel,Türkei,Anzahl,K03158,910.0,910.0
2022,Göttingen,Türkei,Anzahl,K03159,3030.0,3030.0
2022,Statistische Region Braunschweig,Türkei,Anzahl,K031,21820.0,21820.0
2022,Region Hannover,Türkei,Anzahl,K03241,26705.0,26705.0
2022,"dav. Hannover, Lhst.",Türkei,Anzahl,K03241001,15855.0,15855.0
2022,"dav. Hannover, Umland",Türkei,Anzahl,K03241999,10850.0,10850.0
2022,Diepholz,Türkei,Anzahl,K03251,1600.0,1600.0
2022,Hameln-Pyrmont,Türkei,Anzahl,K03252,2670.0,2670.0
2022,Hildesheim,Türkei,Anzahl,K03254,3250.0,3250.0
2022,Holzminden,Türkei,Anzahl,K03255,940.0,940.0
2022,Nienburg (Weser),Türkei,Anzahl,K03256,1295.0,1295.0
2022,Schaumburg,Türkei,Anzahl,K03257,2090.0,2090.0
2022,Statistische Region Hannover,Türkei,Anzahl,K032,38550.0,38550.0
2022,Celle,Türkei,Anzahl,K03351,1295.0,1295.0
2022,Cuxhaven,Türkei,Anzahl,K03352,820.0,820.0
2022,Harburg,Türkei,Anzahl,K03353,1905.0,1905.0
2022,Lüchow-Dannenberg,Türkei,Anzahl,K03354,140.0,140.0
2022,Lüneburg,Türkei,Anzahl,K03355,875.0,875.0
2022,Osterholz,Türkei,Anzahl,K03356,805.0,805.0
2022,Rotenburg (Wümme),Türkei,Anzahl,K03357,725.0,725.0
2022,Heidekreis,Türkei,Anzahl,K03358,1000.0,1000.0
2022,Stade,Türkei,Anzahl,K03359,1855.0,1855.0
2022,Uelzen,Türkei,Anzahl,K03360,295.0,295.0
2022,Verden,Türkei,Anzahl,K03361,1700.0,1700.0
2022,Statistische Region Lüneburg,Türkei,Anzahl,K033,11415.0,11415.0
2022,"Delmenhorst, Stadt",Türkei,Anzahl,K03401,2250.0,2250.0
2022,"Emden, Stadt",Türkei,Anzahl,K03402,290.0,290.0
2022,"Oldenburg (Oldb), Stadt",Türkei,Anzahl,K03403,1545.0,1545.0
2022,"Osnabrück, Stadt",Türkei,Anzahl,K03404,2580.0,2580.0
2022,"Wilhelmshaven, Stadt",Türkei,Anzahl,K03405,445.0,445.0
2022,Ammerland,Türkei,Anzahl,K03451,520.0,520.0
2022,Aurich,Türkei,Anzahl,K03452,550.0,550.0
2022,Cloppenburg,Türkei,Anzahl,K03453,790.0,790.0
2022,Emsland,Türkei,Anzahl,K03454,945.0,945.0
2022,Friesland,Türkei,Anzahl,K03455,260.0,260.0
2022,Grafschaft Bentheim,Türkei,Anzahl,K03456,1225.0,1225.0
2022,Leer,Türkei,Anzahl,K03457,560.0,560.0
2022,Oldenburg,Türkei,Anzahl,K03458,430.0,430.0
2022,Osnabrück,Türkei,Anzahl,K03459,3065.0,3065.0
2022,Vechta,Türkei,Anzahl,K03460,2260.0,2260.0
2022,Wesermarsch,Türkei,Anzahl,K03461,1010.0,1010.0
2022,Wittmund,Türkei,Anzahl,K03462,100.0,100.0
2022,Statistische Region Weser-Ems,Türkei,Anzahl,K034,18830.0,18830.0
2022,Niedersachsen,Türkei,Anzahl,K030,90615.0,90615.0
2023,"Braunschweig, Stadt",Türkei,Anzahl,K03101,5250.0,5250.0
2023,"Salzgitter, Stadt",Türkei,Anzahl,K03102,5015.0,5015.0
2023,"Wolfsburg, Stadt",Türkei,Anzahl,K03103,980.0,980.0
2023,Gifhorn,Türkei,Anzahl,K03151,2015.0,2015.0
2023,Goslar,Türkei,Anzahl,K03153,1580.0,1580.0
2023,Helmstedt,Türkei,Anzahl,K03154,980.0,980.0
2023,Northeim,Türkei,Anzahl,K03155,790.0,790.0
2023,Peine,Türkei,Anzahl,K03157,2380.0,2380.0
2023,Wolfenbüttel,Türkei,Anzahl,K03158,1060.0,1060.0
2023,Göttingen,Türkei,Anzahl,K03159,3220.0,3220.0
2023,Statistische Region Braunschweig,Türkei,Anzahl,K031,23265.0,23265.0
2023,Region Hannover,Türkei,Anzahl,K03241,26500.0,26500.0
2023,"dav. Hannover, Lhst.",Türkei,Anzahl,K03241001,15890.0,15890.0
2023,"dav. Hannover, Umland",Türkei,Anzahl,K03241999,10610.0,10610.0
2023,Diepholz,Türkei,Anzahl,K03251,1735.0,1735.0
2023,Hameln-Pyrmont,Türkei,Anzahl,K03252,2850.0,2850.0
2023,Hildesheim,Türkei,Anzahl,K03254,3625.0,3625.0
2023,Holzminden,Türkei,Anzahl,K03255,1005.0,1005.0
2023,Nienburg (Weser),Türkei,Anzahl,K03256,1540.0,1540.0
2023,Schaumburg,Türkei,Anzahl,K03257,2355.0,2355.0
2023,Statistische Region Hannover,Türkei,Anzahl,K032,39615.0,39615.0
2023,Celle,Türkei,Anzahl,K03351,1365.0,1365.0
2023,Cuxhaven,Türkei,Anzahl,K03352,955.0,955.0
2023,Harburg,Türkei,Anzahl,K03353,2235.0,2235.0
2023,Lüchow-Dannenberg,Türkei,Anzahl,K03354,145.0,145.0
2023,Lüneburg,Türkei,Anzahl,K03355,1035.0,1035.0
2023,Osterholz,Türkei,Anzahl,K03356,910.0,910.0
2023,Rotenburg (Wümme),Türkei,Anzahl,K03357,855.0,855.0
2023,Heidekreis,Türkei,Anzahl,K03358,935.0,935.0
2023,Stade,Türkei,Anzahl,K03359,2065.0,2065.0
2023,Uelzen,Türkei,Anzahl,K03360,325.0,325.0
2023,Verden,Türkei,Anzahl,K03361,1755.0,1755.0
2023,Statistische Region Lüneburg,Türkei,Anzahl,K033,12585.0,12585.0
2023,"Delmenhorst, Stadt",Türkei,Anzahl,K03401,2355.0,2355.0
2023,"Emden, Stadt",Türkei,Anzahl,K03402,340.0,340.0
2023,"Oldenburg (Oldb), Stadt",Türkei,Anzahl,K03403,1570.0,1570.0
2023,"Osnabrück, Stadt",Türkei,Anzahl,K03404,2750.0,2750.0
2023,"Wilhelmshaven, Stadt",Türkei,Anzahl,K03405,490.0,490.0
2023,Ammerland,Türkei,Anzahl,K03451,640.0,640.0
2023,Aurich,Türkei,Anzahl,K03452,795.0,795.0
2023,Cloppenburg,Türkei,Anzahl,K03453,945.0,945.0
2023,Emsland,Türkei,Anzahl,K03454,1115.0,1115.0
2023,Friesland,Türkei,Anzahl,K03455,330.0,330.0
2023,Grafschaft Bentheim,Türkei,Anzahl,K03456,1295.0,1295.0
2023,Leer,Türkei,Anzahl,K03457,815.0,815.0
2023,Oldenburg,Türkei,Anzahl,K03458,645.0,645.0
2023,Osnabrück,Türkei,Anzahl,K03459,3170.0,3170.0
2023,Vechta,Türkei,Anzahl,K03460,2360.0,2360.0
2023,Wesermarsch,Türkei,Anzahl,K03461,1165.0,1165.0
2023,Wittmund,Türkei,Anzahl,K03462,165.0,165.0
2023,Statistische Region Weser-Ems,Türkei,Anzahl,K034,20940.0,20940.0
2023,Niedersachsen,Türkei,Anzahl,K030,96405.0,96405.0
2024,"Braunschweig, Stadt",Türkei,Anzahl,K03101,5130.0,5130.0
2024,"Salzgitter, Stadt",Türkei,Anzahl,K03102,4900.0,4900.0
2024,"Wolfsburg, Stadt",Türkei,Anzahl,K03103,1010.0,1010.0
2024,Gifhorn,Türkei,Anzahl,K03151,2100.0,2100.0
2024,Goslar,Türkei,Anzahl,K03153,1600.0,1600.0
2024,Helmstedt,Türkei,Anzahl,K03154,965.0,965.0
2024,Northeim,Türkei,Anzahl,K03155,840.0,840.0
2024,Peine,Türkei,Anzahl,K03157,2375.0,2375.0
2024,Wolfenbüttel,Türkei,Anzahl,K03158,1105.0,1105.0
2024,Göttingen,Türkei,Anzahl,K03159,3235.0,3235.0
2024,Statistische Region Braunschweig,Türkei,Anzahl,K031,23260.0,23260.0
2024,Region Hannover,Türkei,Anzahl,K03241,26690.0,26690.0
2024,"dav. Hannover, Lhst.",Türkei,Anzahl,K03241001,15765.0,15765.0
2024,"dav. Hannover, Umland",Türkei,Anzahl,K03241999,10925.0,10925.0
2024,Diepholz,Türkei,Anzahl,K03251,1830.0,1830.0
2024,Hameln-Pyrmont,Türkei,Anzahl,K03252,2860.0,2860.0
2024,Hildesheim,Türkei,Anzahl,K03254,3600.0,3600.0
2024,Holzminden,Türkei,Anzahl,K03255,1000.0,1000.0
2024,Nienburg (Weser),Türkei,Anzahl,K03256,1530.0,1530.0
2024,Schaumburg,Türkei,Anzahl,K03257,2390.0,2390.0
2024,Statistische Region Hannover,Türkei,Anzahl,K032,39900.0,39900.0
2024,Celle,Türkei,Anzahl,K03351,1385.0,1385.0
2024,Cuxhaven,Türkei,Anzahl,K03352,1000.0,1000.0
2024,Harburg,Türkei,Anzahl,K03353,2275.0,2275.0
2024,Lüchow-Dannenberg,Türkei,Anzahl,K03354,155.0,155.0
2024,Lüneburg,Türkei,Anzahl,K03355,1090.0,1090.0
2024,Osterholz,Türkei,Anzahl,K03356,910.0,910.0
2024,Rotenburg (Wümme),Türkei,Anzahl,K03357,880.0,880.0
2024,Heidekreis,Türkei,Anzahl,K03358,855.0,855.0
2024,Stade,Türkei,Anzahl,K03359,2095.0,2095.0
2024,Uelzen,Türkei,Anzahl,K03360,330.0,330.0
2024,Verden,Türkei,Anzahl,K03361,1725.0,1725.0
2024,Statistische Region Lüneburg,Türkei,Anzahl,K033,12700.0,12700.0
2024,"Delmenhorst, Stadt",Türkei,Anzahl,K03401,2365.0,2365.0
2024,"Emden, Stadt",Türkei,Anzahl,K03402,300.0,300.0
2024,"Oldenburg (Oldb), Stadt",Türkei,Anzahl,K03403,1505.0,1505.0
2024,"Osnabrück, Stadt",Türkei,Anzahl,K03404,2740.0,2740.0
2024,"Wilhelmshaven, Stadt",Türkei,Anzahl,K03405,480.0,480.0
2024,Ammerland,Türkei,Anzahl,K03451,630.0,630.0
2024,Aurich,Türkei,Anzahl,K03452,960.0,960.0
2024,Cloppenburg,Türkei,Anzahl,K03453,935.0,935.0
2024,Emsland,Türkei,Anzahl,K03454,1165.0,1165.0
2024,Friesland,Türkei,Anzahl,K03455,320.0,320.0
2024,Grafschaft Bentheim,Türkei,Anzahl,K03456,1320.0,1320.0
2024,Leer,Türkei,Anzahl,K03457,830.0,830.0
2024,Oldenburg,Türkei,Anzahl,K03458,630.0,630.0
2024,Osnabrück,Türkei,Anzahl,K03459,3105.0,3105.0
2024,Vechta,Türkei,Anzahl,K03460,2290.0,2290.0
2024,Wesermarsch,Türkei,Anzahl,K03461,1180.0,1180.0
2024,Wittmund,Türkei,Anzahl,K03462,160.0,160.0
2024,Statistische Region Weser-Ems,Türkei,Anzahl,K034,20920.0,20920.0
2024,Niedersachsen,Türkei,Anzahl,K030,96780.0,96780.0
2025,"Braunschweig, Stadt",Türkei,Anzahl,K03101,5015.0,5015.0
2025,"Salzgitter, Stadt",Türkei,Anzahl,K03102,4845.0,4845.0
2025,"Wolfsburg, Stadt",Türkei,Anzahl,K03103,995.0,995.0
2025,Gifhorn,Türkei,Anzahl,K03151,2070.0,2070.0
2025,Goslar,Türkei,Anzahl,K03153,1470.0,1470.0
2025,Helmstedt,Türkei,Anzahl,K03154,940.0,940.0
2025,Northeim,Türkei,Anzahl,K03155,800.0,800.0
2025,Peine,Türkei,Anzahl,K03157,2320.0,2320.0
2025,Wolfenbüttel,Türkei,Anzahl,K03158,1090.0,1090.0
2025,Göttingen,Türkei,Anzahl,K03159,3125.0,3125.0
2025,Statistische Region Braunschweig,Türkei,Anzahl,K031,22675.0,22675.0
2025,Region Hannover,Türkei,Anzahl,K03241,26160.0,26160.0
2025,"dav. Hannover, Lhst.",Türkei,Anzahl,K03241001,15120.0,15120.0
2025,"dav. Hannover, Umland",Türkei,Anzahl,K03241999,11040.0,11040.0
2025,Diepholz,Türkei,Anzahl,K03251,1735.0,1735.0
2025,Hameln-Pyrmont,Türkei,Anzahl,K03252,2785.0,2785.0
2025,Hildesheim,Türkei,Anzahl,K03254,3485.0,3485.0
2025,Holzminden,Türkei,Anzahl,K03255,960.0,960.0
2025,Nienburg (Weser),Türkei,Anzahl,K03256,1490.0,1490.0
2025,Schaumburg,Türkei,Anzahl,K03257,2330.0,2330.0
2025,Statistische Region Hannover,Türkei,Anzahl,K032,38950.0,38950.0
2025,Celle,Türkei,Anzahl,K03351,1360.0,1360.0
2025,Cuxhaven,Türkei,Anzahl,K03352,1010.0,1010.0
2025,Harburg,Türkei,Anzahl,K03353,2165.0,2165.0
2025,Lüchow-Dannenberg,Türkei,Anzahl,K03354,150.0,150.0
2025,Lüneburg,Türkei,Anzahl,K03355,1075.0,1075.0
2025,Osterholz,Türkei,Anzahl,K03356,885.0,885.0
2025,Rotenburg (Wümme),Türkei,Anzahl,K03357,830.0,830.0
2025,Heidekreis,Türkei,Anzahl,K03358,815.0,815.0
2025,Stade,Türkei,Anzahl,K03359,2095.0,2095.0
2025,Uelzen,Türkei,Anzahl,K03360,355.0,355.0
2025,Verden,Türkei,Anzahl,K03361,1675.0,1675.0
2025,Statistische Region Lüneburg,Türkei,Anzahl,K033,12410.0,12410.0
2025,"Delmenhorst, Stadt",Türkei,Anzahl,K03401,2335.0,2335.0
2025,"Emden, Stadt",Türkei,Anzahl,K03402,275.0,275.0
2025,"Oldenburg (Oldb), Stadt",Türkei,Anzahl,K03403,1505.0,1505.0
2025,"Osnabrück, Stadt",Türkei,Anzahl,K03404,2795.0,2795.0
2025,"Wilhelmshaven, Stadt",Türkei,Anzahl,K03405,465.0,465.0
2025,Ammerland,Türkei,Anzahl,K03451,620.0,620.0
2025,Aurich,Türkei,Anzahl,K03452,910.0,910.0
2025,Cloppenburg,Türkei,Anzahl,K03453,940.0,940.0
2025,Emsland,Türkei,Anzahl,K03454,1110.0,1110.0
2025,Friesland,Türkei,Anzahl,K03455,315.0,315.0
2025,Grafschaft Bentheim,Türkei,Anzahl,K03456,1230.0,1230.0
2025,Leer,Türkei,Anzahl,K03457,880.0,880.0
2025,Oldenburg,Türkei,Anzahl,K03458,620.0,620.0
2025,Osnabrück,Türkei,Anzahl,K03459,3010.0,3010.0
2025,Vechta,Türkei,Anzahl,K03460,2145.0,2145.0
2025,Wesermarsch,Türkei,Anzahl,K03461,1135.0,1135.0
2025,Wittmund,Türkei,Anzahl,K03462,150.0,150.0
2025,Statistische Region Weser-Ems,Türkei,Anzahl,K034,20445.0,20445.0
2025,Niedersachsen,Türkei,Anzahl,K030,94475.0,94475.0
2005,"Braunschweig, Stadt",Rumänien,Anzahl,K03101,238.0,238.0
2005,"Salzgitter, Stadt",Rumänien,Anzahl,K03102,120.0,120.0
2005,"Wolfsburg, Stadt",Rumänien,Anzahl,K03103,78.0,78.0
2005,Gifhorn,Rumänien,Anzahl,K03151,54.0,54.0
2005,Goslar,Rumänien,Anzahl,K03153,46.0,46.0
2005,Helmstedt,Rumänien,Anzahl,K03154,18.0,18.0
2005,Northeim,Rumänien,Anzahl,K03155,39.0,39.0
2005,Peine,Rumänien,Anzahl,K03157,32.0,32.0
2005,Wolfenbüttel,Rumänien,Anzahl,K03158,24.0,24.0
2005,Göttingen,Rumänien,Anzahl,K03159,159.0,159.0
2005,Statistische Region Braunschweig,Rumänien,Anzahl,K031,808.0,808.0
2005,Region Hannover,Rumänien,Anzahl,K03241,732.0,732.0
2005,"dav. Hannover, Lhst.",Rumänien,Anzahl,K03241001,335.0,335.0
2005,"dav. Hannover, Umland",Rumänien,Anzahl,K03241999,397.0,397.0
2005,Diepholz,Rumänien,Anzahl,K03251,59.0,59.0
2005,Hameln-Pyrmont,Rumänien,Anzahl,K03252,55.0,55.0
2005,Hildesheim,Rumänien,Anzahl,K03254,130.0,130.0
2005,Holzminden,Rumänien,Anzahl,K03255,14.0,14.0
2005,Nienburg (Weser),Rumänien,Anzahl,K03256,33.0,33.0
2005,Schaumburg,Rumänien,Anzahl,K03257,59.0,59.0
2005,Statistische Region Hannover,Rumänien,Anzahl,K032,1082.0,1082.0
2005,Celle,Rumänien,Anzahl,K03351,75.0,75.0
2005,Cuxhaven,Rumänien,Anzahl,K03352,39.0,39.0
2005,Harburg,Rumänien,Anzahl,K03353,126.0,126.0
2005,Lüchow-Dannenberg,Rumänien,Anzahl,K03354,8.0,8.0
2005,Lüneburg,Rumänien,Anzahl,K03355,37.0,37.0
2005,Osterholz,Rumänien,Anzahl,K03356,32.0,32.0
2005,Rotenburg (Wümme),Rumänien,Anzahl,K03357,56.0,56.0
2005,Heidekreis,Rumänien,Anzahl,K03358,41.0,41.0
2005,Stade,Rumänien,Anzahl,K03359,85.0,85.0
2005,Uelzen,Rumänien,Anzahl,K03360,22.0,22.0
2005,Verden,Rumänien,Anzahl,K03361,28.0,28.0
2005,Statistische Region Lüneburg,Rumänien,Anzahl,K033,549.0,549.0
2005,"Delmenhorst, Stadt",Rumänien,Anzahl,K03401,26.0,26.0
2005,"Emden, Stadt",Rumänien,Anzahl,K03402,39.0,39.0
2005,"Oldenburg (Oldb), Stadt",Rumänien,Anzahl,K03403,115.0,115.0
2005,"Osnabrück, Stadt",Rumänien,Anzahl,K03404,59.0,59.0
2005,"Wilhelmshaven, Stadt",Rumänien,Anzahl,K03405,15.0,15.0
2005,Ammerland,Rumänien,Anzahl,K03451,25.0,25.0
2005,Aurich,Rumänien,Anzahl,K03452,31.0,31.0
2005,Cloppenburg,Rumänien,Anzahl,K03453,34.0,34.0
2005,Emsland,Rumänien,Anzahl,K03454,76.0,76.0
2005,Friesland,Rumänien,Anzahl,K03455,23.0,23.0
2005,Grafschaft Bentheim,Rumänien,Anzahl,K03456,37.0,37.0
2005,Leer,Rumänien,Anzahl,K03457,122.0,122.0
2005,Oldenburg,Rumänien,Anzahl,K03458,36.0,36.0
2005,Osnabrück,Rumänien,Anzahl,K03459,131.0,131.0
2005,Vechta,Rumänien,Anzahl,K03460,86.0,86.0
2005,Wesermarsch,Rumänien,Anzahl,K03461,80.0,80.0
2005,Wittmund,Rumänien,Anzahl,K03462,8.0,8.0
2005,Statistische Region Weser-Ems,Rumänien,Anzahl,K034,943.0,943.0
2005,Niedersachsen,Rumänien,Anzahl,K030,3382.0,3382.0
2011,"Braunschweig, Stadt",Rumänien,Anzahl,K03101,198.0,198.0
2011,"Salzgitter, Stadt",Rumänien,Anzahl,K03102,140.0,140.0
2011,"Wolfsburg, Stadt",Rumänien,Anzahl,K03103,86.0,86.0
2011,Gifhorn,Rumänien,Anzahl,K03151,81.0,81.0
2011,Goslar,Rumänien,Anzahl,K03153,103.0,103.0
2011,Helmstedt,Rumänien,Anzahl,K03154,30.0,30.0
2011,Northeim,Rumänien,Anzahl,K03155,86.0,86.0
2011,Peine,Rumänien,Anzahl,K03157,50.0,50.0
2011,Wolfenbüttel,Rumänien,Anzahl,K03158,50.0,50.0
2011,Göttingen,Rumänien,Anzahl,K03159,197.0,197.0
2011,Statistische Region Braunschweig,Rumänien,Anzahl,K031,1021.0,1021.0
2011,Region Hannover,Rumänien,Anzahl,K03241,1331.0,1331.0
2011,"dav. Hannover, Lhst.",Rumänien,Anzahl,K03241001,914.0,914.0
2011,"dav. Hannover, Umland",Rumänien,Anzahl,K03241999,417.0,417.0
2011,Diepholz,Rumänien,Anzahl,K03251,126.0,126.0
2011,Hameln-Pyrmont,Rumänien,Anzahl,K03252,160.0,160.0
2011,Hildesheim,Rumänien,Anzahl,K03254,160.0,160.0
2011,Holzminden,Rumänien,Anzahl,K03255,24.0,24.0
2011,Nienburg (Weser),Rumänien,Anzahl,K03256,137.0,137.0
2011,Schaumburg,Rumänien,Anzahl,K03257,64.0,64.0
2011,Statistische Region Hannover,Rumänien,Anzahl,K032,2002.0,2002.0
2011,Celle,Rumänien,Anzahl,K03351,110.0,110.0
2011,Cuxhaven,Rumänien,Anzahl,K03352,57.0,57.0
2011,Harburg,Rumänien,Anzahl,K03353,191.0,191.0
2011,Lüchow-Dannenberg,Rumänien,Anzahl,K03354,57.0,57.0
2011,Lüneburg,Rumänien,Anzahl,K03355,77.0,77.0
2011,Osterholz,Rumänien,Anzahl,K03356,64.0,64.0
2011,Rotenburg (Wümme),Rumänien,Anzahl,K03357,141.0,141.0
2011,Heidekreis,Rumänien,Anzahl,K03358,58.0,58.0
2011,Stade,Rumänien,Anzahl,K03359,152.0,152.0
2011,Uelzen,Rumänien,Anzahl,K03360,51.0,51.0
2011,Verden,Rumänien,Anzahl,K03361,54.0,54.0
2011,Statistische Region Lüneburg,Rumänien,Anzahl,K033,1012.0,1012.0
2011,"Delmenhorst, Stadt",Rumänien,Anzahl,K03401,47.0,47.0
2011,"Emden, Stadt",Rumänien,Anzahl,K03402,80.0,80.0
2011,"Oldenburg (Oldb), Stadt",Rumänien,Anzahl,K03403,162.0,162.0
2011,"Osnabrück, Stadt",Rumänien,Anzahl,K03404,263.0,263.0
2011,"Wilhelmshaven, Stadt",Rumänien,Anzahl,K03405,74.0,74.0
2011,Ammerland,Rumänien,Anzahl,K03451,93.0,93.0
2011,Aurich,Rumänien,Anzahl,K03452,74.0,74.0
2011,Cloppenburg,Rumänien,Anzahl,K03453,1109.0,1109.0
2011,Emsland,Rumänien,Anzahl,K03454,985.0,985.0
2011,Friesland,Rumänien,Anzahl,K03455,45.0,45.0
2011,Grafschaft Bentheim,Rumänien,Anzahl,K03456,178.0,178.0
2011,Leer,Rumänien,Anzahl,K03457,204.0,204.0
2011,Oldenburg,Rumänien,Anzahl,K03458,246.0,246.0
2011,Osnabrück,Rumänien,Anzahl,K03459,723.0,723.0
2011,Vechta,Rumänien,Anzahl,K03460,641.0,641.0
2011,Wesermarsch,Rumänien,Anzahl,K03461,120.0,120.0
2011,Wittmund,Rumänien,Anzahl,K03462,22.0,22.0
2011,Statistische Region Weser-Ems,Rumänien,Anzahl,K034,5066.0,5066.0
2011,Niedersachsen,Rumänien,Anzahl,K030,9101.0,9101.0
2012,"Braunschweig, Stadt",Rumänien,Anzahl,K03101,239.0,239.0
2012,"Salzgitter, Stadt",Rumänien,Anzahl,K03102,169.0,169.0
2012,"Wolfsburg, Stadt",Rumänien,Anzahl,K03103,127.0,127.0
2012,Gifhorn,Rumänien,Anzahl,K03151,103.0,103.0
2012,Goslar,Rumänien,Anzahl,K03153,119.0,119.0
2012,Helmstedt,Rumänien,Anzahl,K03154,58.0,58.0
2012,Northeim,Rumänien,Anzahl,K03155,87.0,87.0
2012,Peine,Rumänien,Anzahl,K03157,58.0,58.0
2012,Wolfenbüttel,Rumänien,Anzahl,K03158,57.0,57.0
2012,Göttingen,Rumänien,Anzahl,K03159,246.0,246.0
2012,Statistische Region Braunschweig,Rumänien,Anzahl,K031,1263.0,1263.0
2012,Region Hannover,Rumänien,Anzahl,K03241,1756.0,1756.0
2012,"dav. Hannover, Lhst.",Rumänien,Anzahl,K03241001,1217.0,1217.0
2012,"dav. Hannover, Umland",Rumänien,Anzahl,K03241999,539.0,539.0
2012,Diepholz,Rumänien,Anzahl,K03251,320.0,320.0
2012,Hameln-Pyrmont,Rumänien,Anzahl,K03252,188.0,188.0
2012,Hildesheim,Rumänien,Anzahl,K03254,222.0,222.0
2012,Holzminden,Rumänien,Anzahl,K03255,27.0,27.0
2012,Nienburg (Weser),Rumänien,Anzahl,K03256,160.0,160.0
2012,Schaumburg,Rumänien,Anzahl,K03257,83.0,83.0
2012,Statistische Region Hannover,Rumänien,Anzahl,K032,2756.0,2756.0
2012,Celle,Rumänien,Anzahl,K03351,143.0,143.0
2012,Cuxhaven,Rumänien,Anzahl,K03352,61.0,61.0
2012,Harburg,Rumänien,Anzahl,K03353,216.0,216.0
2012,Lüchow-Dannenberg,Rumänien,Anzahl,K03354,106.0,106.0
2012,Lüneburg,Rumänien,Anzahl,K03355,129.0,129.0
2012,Osterholz,Rumänien,Anzahl,K03356,70.0,70.0
2012,Rotenburg (Wümme),Rumänien,Anzahl,K03357,186.0,186.0
2012,Heidekreis,Rumänien,Anzahl,K03358,86.0,86.0
2012,Stade,Rumänien,Anzahl,K03359,196.0,196.0
2012,Uelzen,Rumänien,Anzahl,K03360,64.0,64.0
2012,Verden,Rumänien,Anzahl,K03361,76.0,76.0
2012,Statistische Region Lüneburg,Rumänien,Anzahl,K033,1333.0,1333.0
2012,"Delmenhorst, Stadt",Rumänien,Anzahl,K03401,86.0,86.0
2012,"Emden, Stadt",Rumänien,Anzahl,K03402,102.0,102.0
2012,"Oldenburg (Oldb), Stadt",Rumänien,Anzahl,K03403,199.0,199.0
2012,"Osnabrück, Stadt",Rumänien,Anzahl,K03404,415.0,415.0
2012,"Wilhelmshaven, Stadt",Rumänien,Anzahl,K03405,98.0,98.0
2012,Ammerland,Rumänien,Anzahl,K03451,136.0,136.0
2012,Aurich,Rumänien,Anzahl,K03452,101.0,101.0
2012,Cloppenburg,Rumänien,Anzahl,K03453,1393.0,1393.0
2012,Emsland,Rumänien,Anzahl,K03454,1411.0,1411.0
2012,Friesland,Rumänien,Anzahl,K03455,47.0,47.0
2012,Grafschaft Bentheim,Rumänien,Anzahl,K03456,198.0,198.0
2012,Leer,Rumänien,Anzahl,K03457,273.0,273.0
2012,Oldenburg,Rumänien,Anzahl,K03458,410.0,410.0
2012,Osnabrück,Rumänien,Anzahl,K03459,1084.0,1084.0
2012,Vechta,Rumänien,Anzahl,K03460,769.0,769.0
2012,Wesermarsch,Rumänien,Anzahl,K03461,126.0,126.0
2012,Wittmund,Rumänien,Anzahl,K03462,37.0,37.0
2012,Statistische Region Weser-Ems,Rumänien,Anzahl,K034,6885.0,6885.0
2012,Niedersachsen,Rumänien,Anzahl,K030,12237.0,12237.0
2013,"Braunschweig, Stadt",Rumänien,Anzahl,K03101,269.0,269.0
2013,"Salzgitter, Stadt",Rumänien,Anzahl,K03102,243.0,243.0
2013,"Wolfsburg, Stadt",Rumänien,Anzahl,K03103,162.0,162.0
2013,Gifhorn,Rumänien,Anzahl,K03151,130.0,130.0
2013,Goslar,Rumänien,Anzahl,K03153,125.0,125.0
2013,Helmstedt,Rumänien,Anzahl,K03154,64.0,64.0
2013,Northeim,Rumänien,Anzahl,K03155,150.0,150.0
2013,Peine,Rumänien,Anzahl,K03157,77.0,77.0
2013,Wolfenbüttel,Rumänien,Anzahl,K03158,83.0,83.0
2013,Göttingen,Rumänien,Anzahl,K03159,279.0,279.0
2013,Statistische Region Braunschweig,Rumänien,Anzahl,K031,1582.0,1582.0
2013,Region Hannover,Rumänien,Anzahl,K03241,2338.0,2338.0
2013,"dav. Hannover, Lhst.",Rumänien,Anzahl,K03241001,1567.0,1567.0
2013,"dav. Hannover, Umland",Rumänien,Anzahl,K03241999,771.0,771.0
2013,Diepholz,Rumänien,Anzahl,K03251,730.0,730.0
2013,Hameln-Pyrmont,Rumänien,Anzahl,K03252,342.0,342.0
2013,Hildesheim,Rumänien,Anzahl,K03254,305.0,305.0
2013,Holzminden,Rumänien,Anzahl,K03255,20.0,20.0
2013,Nienburg (Weser),Rumänien,Anzahl,K03256,240.0,240.0
2013,Schaumburg,Rumänien,Anzahl,K03257,111.0,111.0
2013,Statistische Region Hannover,Rumänien,Anzahl,K032,4086.0,4086.0
2013,Celle,Rumänien,Anzahl,K03351,186.0,186.0
2013,Cuxhaven,Rumänien,Anzahl,K03352,85.0,85.0
2013,Harburg,Rumänien,Anzahl,K03353,206.0,206.0
2013,Lüchow-Dannenberg,Rumänien,Anzahl,K03354,151.0,151.0
2013,Lüneburg,Rumänien,Anzahl,K03355,146.0,146.0
2013,Osterholz,Rumänien,Anzahl,K03356,81.0,81.0
2013,Rotenburg (Wümme),Rumänien,Anzahl,K03357,227.0,227.0
2013,Heidekreis,Rumänien,Anzahl,K03358,145.0,145.0
2013,Stade,Rumänien,Anzahl,K03359,302.0,302.0
2013,Uelzen,Rumänien,Anzahl,K03360,119.0,119.0
2013,Verden,Rumänien,Anzahl,K03361,123.0,123.0
2013,Statistische Region Lüneburg,Rumänien,Anzahl,K033,1771.0,1771.0
2013,"Delmenhorst, Stadt",Rumänien,Anzahl,K03401,91.0,91.0
2013,"Emden, Stadt",Rumänien,Anzahl,K03402,183.0,183.0
2013,"Oldenburg (Oldb), Stadt",Rumänien,Anzahl,K03403,248.0,248.0
2013,"Osnabrück, Stadt",Rumänien,Anzahl,K03404,456.0,456.0
2013,"Wilhelmshaven, Stadt",Rumänien,Anzahl,K03405,130.0,130.0
2013,Ammerland,Rumänien,Anzahl,K03451,161.0,161.0
2013,Aurich,Rumänien,Anzahl,K03452,174.0,174.0
2013,Cloppenburg,Rumänien,Anzahl,K03453,1502.0,1502.0
2013,Emsland,Rumänien,Anzahl,K03454,1707.0,1707.0
2013,Friesland,Rumänien,Anzahl,K03455,64.0,64.0
2013,Grafschaft Bentheim,Rumänien,Anzahl,K03456,192.0,192.0
2013,Leer,Rumänien,Anzahl,K03457,399.0,399.0
2013,Oldenburg,Rumänien,Anzahl,K03458,535.0,535.0
2013,Osnabrück,Rumänien,Anzahl,K03459,1297.0,1297.0
2013,Vechta,Rumänien,Anzahl,K03460,832.0,832.0
2013,Wesermarsch,Rumänien,Anzahl,K03461,154.0,154.0
2013,Wittmund,Rumänien,Anzahl,K03462,50.0,50.0
2013,Statistische Region Weser-Ems,Rumänien,Anzahl,K034,8175.0,8175.0
2013,Niedersachsen,Rumänien,Anzahl,K030,15614.0,15614.0
2014,"Braunschweig, Stadt",Rumänien,Anzahl,K03101,298.0,298.0
2014,"Salzgitter, Stadt",Rumänien,Anzahl,K03102,411.0,411.0
2014,"Wolfsburg, Stadt",Rumänien,Anzahl,K03103,253.0,253.0
2014,Gifhorn,Rumänien,Anzahl,K03151,208.0,208.0
2014,Goslar,Rumänien,Anzahl,K03153,166.0,166.0
2014,Helmstedt,Rumänien,Anzahl,K03154,83.0,83.0
2014,Northeim,Rumänien,Anzahl,K03155,181.0,181.0
2014,Peine,Rumänien,Anzahl,K03157,123.0,123.0
2014,Wolfenbüttel,Rumänien,Anzahl,K03158,79.0,79.0
2014,Göttingen,Rumänien,Anzahl,K03159,406.0,406.0
2014,Statistische Region Braunschweig,Rumänien,Anzahl,K031,2208.0,2208.0
2014,Region Hannover,Rumänien,Anzahl,K03241,3186.0,3186.0
2014,"dav. Hannover, Lhst.",Rumänien,Anzahl,K03241001,2081.0,2081.0
2014,"dav. Hannover, Umland",Rumänien,Anzahl,K03241999,1105.0,1105.0
2014,Diepholz,Rumänien,Anzahl,K03251,789.0,789.0
2014,Hameln-Pyrmont,Rumänien,Anzahl,K03252,587.0,587.0
2014,Hildesheim,Rumänien,Anzahl,K03254,452.0,452.0
2014,Holzminden,Rumänien,Anzahl,K03255,20.0,20.0
2014,Nienburg (Weser),Rumänien,Anzahl,K03256,359.0,359.0
2014,Schaumburg,Rumänien,Anzahl,K03257,232.0,232.0
2014,Statistische Region Hannover,Rumänien,Anzahl,K032,5625.0,5625.0
2014,Celle,Rumänien,Anzahl,K03351,379.0,379.0
2014,Cuxhaven,Rumänien,Anzahl,K03352,244.0,244.0
2014,Harburg,Rumänien,Anzahl,K03353,240.0,240.0
2014,Lüchow-Dannenberg,Rumänien,Anzahl,K03354,144.0,144.0
2014,Lüneburg,Rumänien,Anzahl,K03355,206.0,206.0
2014,Osterholz,Rumänien,Anzahl,K03356,117.0,117.0
2014,Rotenburg (Wümme),Rumänien,Anzahl,K03357,291.0,291.0
2014,Heidekreis,Rumänien,Anzahl,K03358,185.0,185.0
2014,Stade,Rumänien,Anzahl,K03359,439.0,439.0
2014,Uelzen,Rumänien,Anzahl,K03360,146.0,146.0
2014,Verden,Rumänien,Anzahl,K03361,184.0,184.0
2014,Statistische Region Lüneburg,Rumänien,Anzahl,K033,2575.0,2575.0
2014,"Delmenhorst, Stadt",Rumänien,Anzahl,K03401,260.0,260.0
2014,"Emden, Stadt",Rumänien,Anzahl,K03402,261.0,261.0
2014,"Oldenburg (Oldb), Stadt",Rumänien,Anzahl,K03403,344.0,344.0
2014,"Osnabrück, Stadt",Rumänien,Anzahl,K03404,560.0,560.0
2014,"Wilhelmshaven, Stadt",Rumänien,Anzahl,K03405,206.0,206.0
2014,Ammerland,Rumänien,Anzahl,K03451,265.0,265.0
2014,Aurich,Rumänien,Anzahl,K03452,331.0,331.0
2014,Cloppenburg,Rumänien,Anzahl,K03453,2234.0,2234.0
2014,Emsland,Rumänien,Anzahl,K03454,2108.0,2108.0
2014,Friesland,Rumänien,Anzahl,K03455,90.0,90.0
2014,Grafschaft Bentheim,Rumänien,Anzahl,K03456,265.0,265.0
2014,Leer,Rumänien,Anzahl,K03457,581.0,581.0
2014,Oldenburg,Rumänien,Anzahl,K03458,756.0,756.0
2014,Osnabrück,Rumänien,Anzahl,K03459,1748.0,1748.0
2014,Vechta,Rumänien,Anzahl,K03460,1204.0,1204.0
2014,Wesermarsch,Rumänien,Anzahl,K03461,184.0,184.0
2014,Wittmund,Rumänien,Anzahl,K03462,88.0,88.0
2014,Statistische Region Weser-Ems,Rumänien,Anzahl,K034,11485.0,11485.0
2014,Niedersachsen,Rumänien,Anzahl,K030,21893.0,21893.0
2015,"Braunschweig, Stadt",Rumänien,Anzahl,K03101,423.0,423.0
2015,"Salzgitter, Stadt",Rumänien,Anzahl,K03102,579.0,579.0
2015,"Wolfsburg, Stadt",Rumänien,Anzahl,K03103,316.0,316.0
2015,Gifhorn,Rumänien,Anzahl,K03151,281.0,281.0
2015,Goslar,Rumänien,Anzahl,K03153,225.0,225.0
2015,Helmstedt,Rumänien,Anzahl,K03154,172.0,172.0
2015,Northeim,Rumänien,Anzahl,K03155,249.0,249.0
2015,Peine,Rumänien,Anzahl,K03157,221.0,221.0
2015,Wolfenbüttel,Rumänien,Anzahl,K03158,110.0,110.0
2015,Göttingen,Rumänien,Anzahl,K03159,560.0,560.0
2015,Statistische Region Braunschweig,Rumänien,Anzahl,K031,3136.0,3136.0
2015,Region Hannover,Rumänien,Anzahl,K03241,4358.0,4358.0
2015,"dav. Hannover, Lhst.",Rumänien,Anzahl,K03241001,2656.0,2656.0
2015,"dav. Hannover, Umland",Rumänien,Anzahl,K03241999,1702.0,1702.0
2015,Diepholz,Rumänien,Anzahl,K03251,992.0,992.0
2015,Hameln-Pyrmont,Rumänien,Anzahl,K03252,734.0,734.0
2015,Hildesheim,Rumänien,Anzahl,K03254,615.0,615.0
2015,Holzminden,Rumänien,Anzahl,K03255,21.0,21.0
2015,Nienburg (Weser),Rumänien,Anzahl,K03256,462.0,462.0
2015,Schaumburg,Rumänien,Anzahl,K03257,339.0,339.0
2015,Statistische Region Hannover,Rumänien,Anzahl,K032,7521.0,7521.0
2015,Celle,Rumänien,Anzahl,K03351,444.0,444.0
2015,Cuxhaven,Rumänien,Anzahl,K03352,262.0,262.0
2015,Harburg,Rumänien,Anzahl,K03353,257.0,257.0
2015,Lüchow-Dannenberg,Rumänien,Anzahl,K03354,68.0,68.0
2015,Lüneburg,Rumänien,Anzahl,K03355,238.0,238.0
2015,Osterholz,Rumänien,Anzahl,K03356,136.0,136.0
2015,Rotenburg (Wümme),Rumänien,Anzahl,K03357,339.0,339.0
2015,Heidekreis,Rumänien,Anzahl,K03358,285.0,285.0
2015,Stade,Rumänien,Anzahl,K03359,558.0,558.0
2015,Uelzen,Rumänien,Anzahl,K03360,178.0,178.0
2015,Verden,Rumänien,Anzahl,K03361,245.0,245.0
2015,Statistische Region Lüneburg,Rumänien,Anzahl,K033,3010.0,3010.0
2015,"Delmenhorst, Stadt",Rumänien,Anzahl,K03401,508.0,508.0
2015,"Emden, Stadt",Rumänien,Anzahl,K03402,343.0,343.0
2015,"Oldenburg (Oldb), Stadt",Rumänien,Anzahl,K03403,514.0,514.0
2015,"Osnabrück, Stadt",Rumänien,Anzahl,K03404,685.0,685.0
2015,"Wilhelmshaven, Stadt",Rumänien,Anzahl,K03405,280.0,280.0
2015,Ammerland,Rumänien,Anzahl,K03451,362.0,362.0
2015,Aurich,Rumänien,Anzahl,K03452,496.0,496.0
2015,Cloppenburg,Rumänien,Anzahl,K03453,2575.0,2575.0
2015,Emsland,Rumänien,Anzahl,K03454,2917.0,2917.0
2015,Friesland,Rumänien,Anzahl,K03455,116.0,116.0
2015,Grafschaft Bentheim,Rumänien,Anzahl,K03456,370.0,370.0
2015,Leer,Rumänien,Anzahl,K03457,802.0,802.0
2015,Oldenburg,Rumänien,Anzahl,K03458,945.0,945.0
2015,Osnabrück,Rumänien,Anzahl,K03459,2552.0,2552.0
2015,Vechta,Rumänien,Anzahl,K03460,1567.0,1567.0
2015,Wesermarsch,Rumänien,Anzahl,K03461,232.0,232.0
2015,Wittmund,Rumänien,Anzahl,K03462,134.0,134.0
2015,Statistische Region Weser-Ems,Rumänien,Anzahl,K034,15398.0,15398.0
2015,Niedersachsen,Rumänien,Anzahl,K030,29065.0,29065.0
2016,"Braunschweig, Stadt",Rumänien,Anzahl,K03101,480.0,480.0
2016,"Salzgitter, Stadt",Rumänien,Anzahl,K03102,825.0,825.0
2016,"Wolfsburg, Stadt",Rumänien,Anzahl,K03103,370.0,370.0
2016,Gifhorn,Rumänien,Anzahl,K03151,310.0,310.0
2016,Goslar,Rumänien,Anzahl,K03153,295.0,295.0
2016,Helmstedt,Rumänien,Anzahl,K03154,240.0,240.0
2016,Northeim,Rumänien,Anzahl,K03155,335.0,335.0
2016,Peine,Rumänien,Anzahl,K03157,300.0,300.0
2016,Wolfenbüttel,Rumänien,Anzahl,K03158,105.0,105.0
2016,Göttingen,Rumänien,Anzahl,K03159,610.0,610.0
2016,Statistische Region Braunschweig,Rumänien,Anzahl,K031,3875.0,3875.0
2016,Region Hannover,Rumänien,Anzahl,K03241,5600.0,5600.0
2016,"dav. Hannover, Lhst.",Rumänien,Anzahl,K03241001,3435.0,3435.0
2016,"dav. Hannover, Umland",Rumänien,Anzahl,K03241999,2165.0,2165.0
2016,Diepholz,Rumänien,Anzahl,K03251,995.0,995.0
2016,Hameln-Pyrmont,Rumänien,Anzahl,K03252,995.0,995.0
2016,Hildesheim,Rumänien,Anzahl,K03254,735.0,735.0
2016,Holzminden,Rumänien,Anzahl,K03255,25.0,25.0
2016,Nienburg (Weser),Rumänien,Anzahl,K03256,845.0,845.0
2016,Schaumburg,Rumänien,Anzahl,K03257,390.0,390.0
2016,Statistische Region Hannover,Rumänien,Anzahl,K032,9585.0,9585.0
2016,Celle,Rumänien,Anzahl,K03351,495.0,495.0
2016,Cuxhaven,Rumänien,Anzahl,K03352,490.0,490.0
2016,Harburg,Rumänien,Anzahl,K03353,450.0,450.0
2016,Lüchow-Dannenberg,Rumänien,Anzahl,K03354,125.0,125.0
2016,Lüneburg,Rumänien,Anzahl,K03355,355.0,355.0
2016,Osterholz,Rumänien,Anzahl,K03356,140.0,140.0
2016,Rotenburg (Wümme),Rumänien,Anzahl,K03357,440.0,440.0
2016,Heidekreis,Rumänien,Anzahl,K03358,380.0,380.0
2016,Stade,Rumänien,Anzahl,K03359,845.0,845.0
2016,Uelzen,Rumänien,Anzahl,K03360,220.0,220.0
2016,Verden,Rumänien,Anzahl,K03361,340.0,340.0
2016,Statistische Region Lüneburg,Rumänien,Anzahl,K033,4275.0,4275.0
2016,"Delmenhorst, Stadt",Rumänien,Anzahl,K03401,650.0,650.0
2016,"Emden, Stadt",Rumänien,Anzahl,K03402,410.0,410.0
2016,"Oldenburg (Oldb), Stadt",Rumänien,Anzahl,K03403,560.0,560.0
2016,"Osnabrück, Stadt",Rumänien,Anzahl,K03404,720.0,720.0
2016,"Wilhelmshaven, Stadt",Rumänien,Anzahl,K03405,305.0,305.0
2016,Ammerland,Rumänien,Anzahl,K03451,475.0,475.0
2016,Aurich,Rumänien,Anzahl,K03452,605.0,605.0
2016,Cloppenburg,Rumänien,Anzahl,K03453,3460.0,3460.0
2016,Emsland,Rumänien,Anzahl,K03454,3600.0,3600.0
2016,Friesland,Rumänien,Anzahl,K03455,120.0,120.0
2016,Grafschaft Bentheim,Rumänien,Anzahl,K03456,530.0,530.0
2016,Leer,Rumänien,Anzahl,K03457,935.0,935.0
2016,Oldenburg,Rumänien,Anzahl,K03458,1415.0,1415.0
2016,Osnabrück,Rumänien,Anzahl,K03459,3415.0,3415.0
2016,Vechta,Rumänien,Anzahl,K03460,1880.0,1880.0
2016,Wesermarsch,Rumänien,Anzahl,K03461,285.0,285.0
2016,Wittmund,Rumänien,Anzahl,K03462,145.0,145.0
2016,Statistische Region Weser-Ems,Rumänien,Anzahl,K034,19515.0,19515.0
2016,Niedersachsen,Rumänien,Anzahl,K030,37250.0,37250.0
2017,"Braunschweig, Stadt",Rumänien,Anzahl,K03101,505.0,505.0
2017,"Salzgitter, Stadt",Rumänien,Anzahl,K03102,1165.0,1165.0
2017,"Wolfsburg, Stadt",Rumänien,Anzahl,K03103,425.0,425.0
2017,Gifhorn,Rumänien,Anzahl,K03151,370.0,370.0
2017,Goslar,Rumänien,Anzahl,K03153,380.0,380.0
2017,Helmstedt,Rumänien,Anzahl,K03154,340.0,340.0
2017,Northeim,Rumänien,Anzahl,K03155,340.0,340.0
2017,Peine,Rumänien,Anzahl,K03157,365.0,365.0
2017,Wolfenbüttel,Rumänien,Anzahl,K03158,130.0,130.0
2017,Göttingen,Rumänien,Anzahl,K03159,630.0,630.0
2017,Statistische Region Braunschweig,Rumänien,Anzahl,K031,4650.0,4650.0
2017,Region Hannover,Rumänien,Anzahl,K03241,6145.0,6145.0
2017,"dav. Hannover, Lhst.",Rumänien,Anzahl,K03241001,3600.0,3600.0
2017,"dav. Hannover, Umland",Rumänien,Anzahl,K03241999,2545.0,2545.0
2017,Diepholz,Rumänien,Anzahl,K03251,1075.0,1075.0
2017,Hameln-Pyrmont,Rumänien,Anzahl,K03252,1120.0,1120.0
2017,Hildesheim,Rumänien,Anzahl,K03254,880.0,880.0
2017,Holzminden,Rumänien,Anzahl,K03255,30.0,30.0
2017,Nienburg (Weser),Rumänien,Anzahl,K03256,1050.0,1050.0
2017,Schaumburg,Rumänien,Anzahl,K03257,475.0,475.0
2017,Statistische Region Hannover,Rumänien,Anzahl,K032,10775.0,10775.0
2017,Celle,Rumänien,Anzahl,K03351,570.0,570.0
2017,Cuxhaven,Rumänien,Anzahl,K03352,555.0,555.0
2017,Harburg,Rumänien,Anzahl,K03353,670.0,670.0
2017,Lüchow-Dannenberg,Rumänien,Anzahl,K03354,120.0,120.0
2017,Lüneburg,Rumänien,Anzahl,K03355,365.0,365.0
2017,Osterholz,Rumänien,Anzahl,K03356,195.0,195.0
2017,Rotenburg (Wümme),Rumänien,Anzahl,K03357,530.0,530.0
2017,Heidekreis,Rumänien,Anzahl,K03358,435.0,435.0
2017,Stade,Rumänien,Anzahl,K03359,1050.0,1050.0
2017,Uelzen,Rumänien,Anzahl,K03360,285.0,285.0
2017,Verden,Rumänien,Anzahl,K03361,420.0,420.0
2017,Statistische Region Lüneburg,Rumänien,Anzahl,K033,5205.0,5205.0
2017,"Delmenhorst, Stadt",Rumänien,Anzahl,K03401,920.0,920.0
2017,"Emden, Stadt",Rumänien,Anzahl,K03402,495.0,495.0
2017,"Oldenburg (Oldb), Stadt",Rumänien,Anzahl,K03403,650.0,650.0
2017,"Osnabrück, Stadt",Rumänien,Anzahl,K03404,835.0,835.0
2017,"Wilhelmshaven, Stadt",Rumänien,Anzahl,K03405,355.0,355.0
2017,Ammerland,Rumänien,Anzahl,K03451,610.0,610.0
2017,Aurich,Rumänien,Anzahl,K03452,820.0,820.0
2017,Cloppenburg,Rumänien,Anzahl,K03453,3295.0,3295.0
2017,Emsland,Rumänien,Anzahl,K03454,4640.0,4640.0
2017,Friesland,Rumänien,Anzahl,K03455,175.0,175.0
2017,Grafschaft Bentheim,Rumänien,Anzahl,K03456,585.0,585.0
2017,Leer,Rumänien,Anzahl,K03457,1165.0,1165.0
2017,Oldenburg,Rumänien,Anzahl,K03458,1695.0,1695.0
2017,Osnabrück,Rumänien,Anzahl,K03459,4270.0,4270.0
2017,Vechta,Rumänien,Anzahl,K03460,2200.0,2200.0
2017,Wesermarsch,Rumänien,Anzahl,K03461,350.0,350.0
2017,Wittmund,Rumänien,Anzahl,K03462,180.0,180.0
2017,Statistische Region Weser-Ems,Rumänien,Anzahl,K034,23235.0,23235.0
2017,Niedersachsen,Rumänien,Anzahl,K030,43860.0,43860.0
2018,"Braunschweig, Stadt",Rumänien,Anzahl,K03101,560.0,560.0
2018,"Salzgitter, Stadt",Rumänien,Anzahl,K03102,1625.0,1625.0
2018,"Wolfsburg, Stadt",Rumänien,Anzahl,K03103,450.0,450.0
2018,Gifhorn,Rumänien,Anzahl,K03151,475.0,475.0
2018,Goslar,Rumänien,Anzahl,K03153,405.0,405.0
2018,Helmstedt,Rumänien,Anzahl,K03154,335.0,335.0
2018,Northeim,Rumänien,Anzahl,K03155,395.0,395.0
2018,Peine,Rumänien,Anzahl,K03157,465.0,465.0
2018,Wolfenbüttel,Rumänien,Anzahl,K03158,130.0,130.0
2018,Göttingen,Rumänien,Anzahl,K03159,810.0,810.0
2018,Statistische Region Braunschweig,Rumänien,Anzahl,K031,5650.0,5650.0
2018,Region Hannover,Rumänien,Anzahl,K03241,6465.0,6465.0
2018,"dav. Hannover, Lhst.",Rumänien,Anzahl,K03241001,3655.0,3655.0
2018,"dav. Hannover, Umland",Rumänien,Anzahl,K03241999,2810.0,2810.0
2018,Diepholz,Rumänien,Anzahl,K03251,1350.0,1350.0
2018,Hameln-Pyrmont,Rumänien,Anzahl,K03252,1300.0,1300.0
2018,Hildesheim,Rumänien,Anzahl,K03254,1020.0,1020.0
2018,Holzminden,Rumänien,Anzahl,K03255,50.0,50.0
2018,Nienburg (Weser),Rumänien,Anzahl,K03256,1285.0,1285.0
2018,Schaumburg,Rumänien,Anzahl,K03257,545.0,545.0
2018,Statistische Region Hannover,Rumänien,Anzahl,K032,12015.0,12015.0
2018,Celle,Rumänien,Anzahl,K03351,780.0,780.0
2018,Cuxhaven,Rumänien,Anzahl,K03352,580.0,580.0
2018,Harburg,Rumänien,Anzahl,K03353,1020.0,1020.0
2018,Lüchow-Dannenberg,Rumänien,Anzahl,K03354,130.0,130.0
2018,Lüneburg,Rumänien,Anzahl,K03355,490.0,490.0
2018,Osterholz,Rumänien,Anzahl,K03356,195.0,195.0
2018,Rotenburg (Wümme),Rumänien,Anzahl,K03357,610.0,610.0
2018,Heidekreis,Rumänien,Anzahl,K03358,615.0,615.0
2018,Stade,Rumänien,Anzahl,K03359,1275.0,1275.0
2018,Uelzen,Rumänien,Anzahl,K03360,325.0,325.0
2018,Verden,Rumänien,Anzahl,K03361,480.0,480.0
2018,Statistische Region Lüneburg,Rumänien,Anzahl,K033,6505.0,6505.0
2018,"Delmenhorst, Stadt",Rumänien,Anzahl,K03401,1075.0,1075.0
2018,"Emden, Stadt",Rumänien,Anzahl,K03402,545.0,545.0
2018,"Oldenburg (Oldb), Stadt",Rumänien,Anzahl,K03403,790.0,790.0
2018,"Osnabrück, Stadt",Rumänien,Anzahl,K03404,860.0,860.0
2018,"Wilhelmshaven, Stadt",Rumänien,Anzahl,K03405,415.0,415.0
2018,Ammerland,Rumänien,Anzahl,K03451,690.0,690.0
2018,Aurich,Rumänien,Anzahl,K03452,955.0,955.0
2018,Cloppenburg,Rumänien,Anzahl,K03453,4670.0,4670.0
2018,Emsland,Rumänien,Anzahl,K03454,6065.0,6065.0
2018,Friesland,Rumänien,Anzahl,K03455,215.0,215.0
2018,Grafschaft Bentheim,Rumänien,Anzahl,K03456,625.0,625.0
2018,Leer,Rumänien,Anzahl,K03457,1395.0,1395.0
2018,Oldenburg,Rumänien,Anzahl,K03458,1735.0,1735.0
2018,Osnabrück,Rumänien,Anzahl,K03459,5185.0,5185.0
2018,Vechta,Rumänien,Anzahl,K03460,2715.0,2715.0
2018,Wesermarsch,Rumänien,Anzahl,K03461,330.0,330.0
2018,Wittmund,Rumänien,Anzahl,K03462,195.0,195.0
2018,Statistische Region Weser-Ems,Rumänien,Anzahl,K034,28465.0,28465.0
2018,Niedersachsen,Rumänien,Anzahl,K030,52635.0,52635.0
2019,"Braunschweig, Stadt",Rumänien,Anzahl,K03101,610.0,610.0
2019,"Salzgitter, Stadt",Rumänien,Anzahl,K03102,1635.0,1635.0
2019,"Wolfsburg, Stadt",Rumänien,Anzahl,K03103,485.0,485.0
2019,Gifhorn,Rumänien,Anzahl,K03151,625.0,625.0
2019,Goslar,Rumänien,Anzahl,K03153,480.0,480.0
2019,Helmstedt,Rumänien,Anzahl,K03154,315.0,315.0
2019,Northeim,Rumänien,Anzahl,K03155,495.0,495.0
2019,Peine,Rumänien,Anzahl,K03157,520.0,520.0
2019,Wolfenbüttel,Rumänien,Anzahl,K03158,125.0,125.0
2019,Göttingen,Rumänien,Anzahl,K03159,1135.0,1135.0
2019,Statistische Region Braunschweig,Rumänien,Anzahl,K031,6430.0,6430.0
2019,Region Hannover,Rumänien,Anzahl,K03241,6870.0,6870.0
2019,"dav. Hannover, Lhst.",Rumänien,Anzahl,K03241001,3715.0,3715.0
2019,"dav. Hannover, Umland",Rumänien,Anzahl,K03241999,3155.0,3155.0
2019,Diepholz,Rumänien,Anzahl,K03251,1780.0,1780.0
2019,Hameln-Pyrmont,Rumänien,Anzahl,K03252,1295.0,1295.0
2019,Hildesheim,Rumänien,Anzahl,K03254,1220.0,1220.0
2019,Holzminden,Rumänien,Anzahl,K03255,65.0,65.0
2019,Nienburg (Weser),Rumänien,Anzahl,K03256,1180.0,1180.0
2019,Schaumburg,Rumänien,Anzahl,K03257,625.0,625.0
2019,Statistische Region Hannover,Rumänien,Anzahl,K032,13035.0,13035.0
2019,Celle,Rumänien,Anzahl,K03351,915.0,915.0
2019,Cuxhaven,Rumänien,Anzahl,K03352,580.0,580.0
2019,Harburg,Rumänien,Anzahl,K03353,1640.0,1640.0
2019,Lüchow-Dannenberg,Rumänien,Anzahl,K03354,135.0,135.0
2019,Lüneburg,Rumänien,Anzahl,K03355,555.0,555.0
2019,Osterholz,Rumänien,Anzahl,K03356,190.0,190.0
2019,Rotenburg (Wümme),Rumänien,Anzahl,K03357,725.0,725.0
2019,Heidekreis,Rumänien,Anzahl,K03358,745.0,745.0
2019,Stade,Rumänien,Anzahl,K03359,1520.0,1520.0
2019,Uelzen,Rumänien,Anzahl,K03360,345.0,345.0
2019,Verden,Rumänien,Anzahl,K03361,585.0,585.0
2019,Statistische Region Lüneburg,Rumänien,Anzahl,K033,7930.0,7930.0
2019,"Delmenhorst, Stadt",Rumänien,Anzahl,K03401,1120.0,1120.0
2019,"Emden, Stadt",Rumänien,Anzahl,K03402,570.0,570.0
2019,"Oldenburg (Oldb), Stadt",Rumänien,Anzahl,K03403,965.0,965.0
2019,"Osnabrück, Stadt",Rumänien,Anzahl,K03404,975.0,975.0
2019,"Wilhelmshaven, Stadt",Rumänien,Anzahl,K03405,525.0,525.0
2019,Ammerland,Rumänien,Anzahl,K03451,785.0,785.0
2019,Aurich,Rumänien,Anzahl,K03452,1075.0,1075.0
2019,Cloppenburg,Rumänien,Anzahl,K03453,4515.0,4515.0
2019,Emsland,Rumänien,Anzahl,K03454,6875.0,6875.0
2019,Friesland,Rumänien,Anzahl,K03455,185.0,185.0
2019,Grafschaft Bentheim,Rumänien,Anzahl,K03456,725.0,725.0
2019,Leer,Rumänien,Anzahl,K03457,1635.0,1635.0
2019,Oldenburg,Rumänien,Anzahl,K03458,2405.0,2405.0
2019,Osnabrück,Rumänien,Anzahl,K03459,5560.0,5560.0
2019,Vechta,Rumänien,Anzahl,K03460,3020.0,3020.0
2019,Wesermarsch,Rumänien,Anzahl,K03461,415.0,415.0
2019,Wittmund,Rumänien,Anzahl,K03462,225.0,225.0
2019,Statistische Region Weser-Ems,Rumänien,Anzahl,K034,31580.0,31580.0
2019,Niedersachsen,Rumänien,Anzahl,K030,58980.0,58980.0
2020,"Braunschweig, Stadt",Rumänien,Anzahl,K03101,570.0,570.0
2020,"Salzgitter, Stadt",Rumänien,Anzahl,K03102,1720.0,1720.0
2020,"Wolfsburg, Stadt",Rumänien,Anzahl,K03103,475.0,475.0
2020,Gifhorn,Rumänien,Anzahl,K03151,790.0,790.0
2020,Goslar,Rumänien,Anzahl,K03153,635.0,635.0
2020,Helmstedt,Rumänien,Anzahl,K03154,395.0,395.0
2020,Northeim,Rumänien,Anzahl,K03155,495.0,495.0
2020,Peine,Rumänien,Anzahl,K03157,610.0,610.0
2020,Wolfenbüttel,Rumänien,Anzahl,K03158,155.0,155.0
2020,Göttingen,Rumänien,Anzahl,K03159,1370.0,1370.0
2020,Statistische Region Braunschweig,Rumänien,Anzahl,K031,7215.0,7215.0
2020,Region Hannover,Rumänien,Anzahl,K03241,6980.0,6980.0
2020,"dav. Hannover, Lhst.",Rumänien,Anzahl,K03241001,3580.0,3580.0
2020,"dav. Hannover, Umland",Rumänien,Anzahl,K03241999,3400.0,3400.0
2020,Diepholz,Rumänien,Anzahl,K03251,2045.0,2045.0
2020,Hameln-Pyrmont,Rumänien,Anzahl,K03252,1460.0,1460.0
2020,Hildesheim,Rumänien,Anzahl,K03254,1370.0,1370.0
2020,Holzminden,Rumänien,Anzahl,K03255,150.0,150.0
2020,Nienburg (Weser),Rumänien,Anzahl,K03256,1175.0,1175.0
2020,Schaumburg,Rumänien,Anzahl,K03257,715.0,715.0
2020,Statistische Region Hannover,Rumänien,Anzahl,K032,13895.0,13895.0
2020,Celle,Rumänien,Anzahl,K03351,905.0,905.0
2020,Cuxhaven,Rumänien,Anzahl,K03352,585.0,585.0
2020,Harburg,Rumänien,Anzahl,K03353,1860.0,1860.0
2020,Lüchow-Dannenberg,Rumänien,Anzahl,K03354,150.0,150.0
2020,Lüneburg,Rumänien,Anzahl,K03355,550.0,550.0
2020,Osterholz,Rumänien,Anzahl,K03356,195.0,195.0
2020,Rotenburg (Wümme),Rumänien,Anzahl,K03357,800.0,800.0
2020,Heidekreis,Rumänien,Anzahl,K03358,965.0,965.0
2020,Stade,Rumänien,Anzahl,K03359,1540.0,1540.0
2020,Uelzen,Rumänien,Anzahl,K03360,350.0,350.0
2020,Verden,Rumänien,Anzahl,K03361,685.0,685.0
2020,Statistische Region Lüneburg,Rumänien,Anzahl,K033,8585.0,8585.0
2020,"Delmenhorst, Stadt",Rumänien,Anzahl,K03401,1215.0,1215.0
2020,"Emden, Stadt",Rumänien,Anzahl,K03402,615.0,615.0
2020,"Oldenburg (Oldb), Stadt",Rumänien,Anzahl,K03403,1135.0,1135.0
2020,"Osnabrück, Stadt",Rumänien,Anzahl,K03404,1030.0,1030.0
2020,"Wilhelmshaven, Stadt",Rumänien,Anzahl,K03405,550.0,550.0
2020,Ammerland,Rumänien,Anzahl,K03451,920.0,920.0
2020,Aurich,Rumänien,Anzahl,K03452,1110.0,1110.0
2020,Cloppenburg,Rumänien,Anzahl,K03453,5655.0,5655.0
2020,Emsland,Rumänien,Anzahl,K03454,7080.0,7080.0
2020,Friesland,Rumänien,Anzahl,K03455,205.0,205.0
2020,Grafschaft Bentheim,Rumänien,Anzahl,K03456,845.0,845.0
2020,Leer,Rumänien,Anzahl,K03457,1625.0,1625.0
2020,Oldenburg,Rumänien,Anzahl,K03458,2500.0,2500.0
2020,Osnabrück,Rumänien,Anzahl,K03459,6475.0,6475.0
2020,Vechta,Rumänien,Anzahl,K03460,3295.0,3295.0
2020,Wesermarsch,Rumänien,Anzahl,K03461,455.0,455.0
2020,Wittmund,Rumänien,Anzahl,K03462,270.0,270.0
2020,Statistische Region Weser-Ems,Rumänien,Anzahl,K034,34980.0,34980.0
2020,Niedersachsen,Rumänien,Anzahl,K030,64675.0,64675.0
2021,"Braunschweig, Stadt",Rumänien,Anzahl,K03101,650.0,650.0
2021,"Salzgitter, Stadt",Rumänien,Anzahl,K03102,1770.0,1770.0
2021,"Wolfsburg, Stadt",Rumänien,Anzahl,K03103,465.0,465.0
2021,Gifhorn,Rumänien,Anzahl,K03151,895.0,895.0
2021,Goslar,Rumänien,Anzahl,K03153,635.0,635.0
2021,Helmstedt,Rumänien,Anzahl,K03154,430.0,430.0
2021,Northeim,Rumänien,Anzahl,K03155,485.0,485.0
2021,Peine,Rumänien,Anzahl,K03157,655.0,655.0
2021,Wolfenbüttel,Rumänien,Anzahl,K03158,155.0,155.0
2021,Göttingen,Rumänien,Anzahl,K03159,1505.0,1505.0
2021,Statistische Region Braunschweig,Rumänien,Anzahl,K031,7640.0,7640.0
2021,Region Hannover,Rumänien,Anzahl,K03241,7635.0,7635.0
2021,"dav. Hannover, Lhst.",Rumänien,Anzahl,K03241001,4030.0,4030.0
2021,"dav. Hannover, Umland",Rumänien,Anzahl,K03241999,3605.0,3605.0
2021,Diepholz,Rumänien,Anzahl,K03251,2285.0,2285.0
2021,Hameln-Pyrmont,Rumänien,Anzahl,K03252,1555.0,1555.0
2021,Hildesheim,Rumänien,Anzahl,K03254,1490.0,1490.0
2021,Holzminden,Rumänien,Anzahl,K03255,225.0,225.0
2021,Nienburg (Weser),Rumänien,Anzahl,K03256,1335.0,1335.0
2021,Schaumburg,Rumänien,Anzahl,K03257,730.0,730.0
2021,Statistische Region Hannover,Rumänien,Anzahl,K032,15255.0,15255.0
2021,Celle,Rumänien,Anzahl,K03351,1040.0,1040.0
2021,Cuxhaven,Rumänien,Anzahl,K03352,665.0,665.0
2021,Harburg,Rumänien,Anzahl,K03353,2165.0,2165.0
2021,Lüchow-Dannenberg,Rumänien,Anzahl,K03354,180.0,180.0
2021,Lüneburg,Rumänien,Anzahl,K03355,575.0,575.0
2021,Osterholz,Rumänien,Anzahl,K03356,245.0,245.0
2021,Rotenburg (Wümme),Rumänien,Anzahl,K03357,925.0,925.0
2021,Heidekreis,Rumänien,Anzahl,K03358,1110.0,1110.0
2021,Stade,Rumänien,Anzahl,K03359,1585.0,1585.0
2021,Uelzen,Rumänien,Anzahl,K03360,390.0,390.0
2021,Verden,Rumänien,Anzahl,K03361,820.0,820.0
2021,Statistische Region Lüneburg,Rumänien,Anzahl,K033,9705.0,9705.0
2021,"Delmenhorst, Stadt",Rumänien,Anzahl,K03401,1355.0,1355.0
2021,"Emden, Stadt",Rumänien,Anzahl,K03402,565.0,565.0
2021,"Oldenburg (Oldb), Stadt",Rumänien,Anzahl,K03403,1285.0,1285.0
2021,"Osnabrück, Stadt",Rumänien,Anzahl,K03404,1100.0,1100.0
2021,"Wilhelmshaven, Stadt",Rumänien,Anzahl,K03405,615.0,615.0
2021,Ammerland,Rumänien,Anzahl,K03451,785.0,785.0
2021,Aurich,Rumänien,Anzahl,K03452,1160.0,1160.0
2021,Cloppenburg,Rumänien,Anzahl,K03453,7290.0,7290.0
2021,Emsland,Rumänien,Anzahl,K03454,7655.0,7655.0
2021,Friesland,Rumänien,Anzahl,K03455,240.0,240.0
2021,Grafschaft Bentheim,Rumänien,Anzahl,K03456,975.0,975.0
2021,Leer,Rumänien,Anzahl,K03457,1690.0,1690.0
2021,Oldenburg,Rumänien,Anzahl,K03458,2685.0,2685.0
2021,Osnabrück,Rumänien,Anzahl,K03459,7235.0,7235.0
2021,Vechta,Rumänien,Anzahl,K03460,3570.0,3570.0
2021,Wesermarsch,Rumänien,Anzahl,K03461,470.0,470.0
2021,Wittmund,Rumänien,Anzahl,K03462,265.0,265.0
2021,Statistische Region Weser-Ems,Rumänien,Anzahl,K034,38940.0,38940.0
2021,Niedersachsen,Rumänien,Anzahl,K030,71540.0,71540.0
2022,"Braunschweig, Stadt",Rumänien,Anzahl,K03101,635.0,635.0
2022,"Salzgitter, Stadt",Rumänien,Anzahl,K03102,1820.0,1820.0
2022,"Wolfsburg, Stadt",Rumänien,Anzahl,K03103,520.0,520.0
2022,Gifhorn,Rumänien,Anzahl,K03151,890.0,890.0
2022,Goslar,Rumänien,Anzahl,K03153,665.0,665.0
2022,Helmstedt,Rumänien,Anzahl,K03154,410.0,410.0
2022,Northeim,Rumänien,Anzahl,K03155,520.0,520.0
2022,Peine,Rumänien,Anzahl,K03157,705.0,705.0
2022,Wolfenbüttel,Rumänien,Anzahl,K03158,195.0,195.0
2022,Göttingen,Rumänien,Anzahl,K03159,1605.0,1605.0
2022,Statistische Region Braunschweig,Rumänien,Anzahl,K031,7970.0,7970.0
2022,Region Hannover,Rumänien,Anzahl,K03241,8055.0,8055.0
2022,"dav. Hannover, Lhst.",Rumänien,Anzahl,K03241001,4120.0,4120.0
2022,"dav. Hannover, Umland",Rumänien,Anzahl,K03241999,3935.0,3935.0
2022,Diepholz,Rumänien,Anzahl,K03251,2355.0,2355.0
2022,Hameln-Pyrmont,Rumänien,Anzahl,K03252,1535.0,1535.0
2022,Hildesheim,Rumänien,Anzahl,K03254,1595.0,1595.0
2022,Holzminden,Rumänien,Anzahl,K03255,220.0,220.0
2022,Nienburg (Weser),Rumänien,Anzahl,K03256,1360.0,1360.0
2022,Schaumburg,Rumänien,Anzahl,K03257,805.0,805.0
2022,Statistische Region Hannover,Rumänien,Anzahl,K032,15925.0,15925.0
2022,Celle,Rumänien,Anzahl,K03351,1160.0,1160.0
2022,Cuxhaven,Rumänien,Anzahl,K03352,725.0,725.0
2022,Harburg,Rumänien,Anzahl,K03353,2175.0,2175.0
2022,Lüchow-Dannenberg,Rumänien,Anzahl,K03354,175.0,175.0
2022,Lüneburg,Rumänien,Anzahl,K03355,710.0,710.0
2022,Osterholz,Rumänien,Anzahl,K03356,265.0,265.0
2022,Rotenburg (Wümme),Rumänien,Anzahl,K03357,990.0,990.0
2022,Heidekreis,Rumänien,Anzahl,K03358,1175.0,1175.0
2022,Stade,Rumänien,Anzahl,K03359,1665.0,1665.0
2022,Uelzen,Rumänien,Anzahl,K03360,405.0,405.0
2022,Verden,Rumänien,Anzahl,K03361,910.0,910.0
2022,Statistische Region Lüneburg,Rumänien,Anzahl,K033,10345.0,10345.0
2022,"Delmenhorst, Stadt",Rumänien,Anzahl,K03401,1545.0,1545.0
2022,"Emden, Stadt",Rumänien,Anzahl,K03402,635.0,635.0
2022,"Oldenburg (Oldb), Stadt",Rumänien,Anzahl,K03403,1360.0,1360.0
2022,"Osnabrück, Stadt",Rumänien,Anzahl,K03404,1185.0,1185.0
2022,"Wilhelmshaven, Stadt",Rumänien,Anzahl,K03405,705.0,705.0
2022,Ammerland,Rumänien,Anzahl,K03451,810.0,810.0
2022,Aurich,Rumänien,Anzahl,K03452,1290.0,1290.0
2022,Cloppenburg,Rumänien,Anzahl,K03453,6980.0,6980.0
2022,Emsland,Rumänien,Anzahl,K03454,8110.0,8110.0
2022,Friesland,Rumänien,Anzahl,K03455,210.0,210.0
2022,Grafschaft Bentheim,Rumänien,Anzahl,K03456,1175.0,1175.0
2022,Leer,Rumänien,Anzahl,K03457,1740.0,1740.0
2022,Oldenburg,Rumänien,Anzahl,K03458,2580.0,2580.0
2022,Osnabrück,Rumänien,Anzahl,K03459,7740.0,7740.0
2022,Vechta,Rumänien,Anzahl,K03460,3725.0,3725.0
2022,Wesermarsch,Rumänien,Anzahl,K03461,490.0,490.0
2022,Wittmund,Rumänien,Anzahl,K03462,300.0,300.0
2022,Statistische Region Weser-Ems,Rumänien,Anzahl,K034,40565.0,40565.0
2022,Niedersachsen,Rumänien,Anzahl,K030,74805.0,74805.0
2023,"Braunschweig, Stadt",Rumänien,Anzahl,K03101,665.0,665.0
2023,"Salzgitter, Stadt",Rumänien,Anzahl,K03102,1975.0,1975.0
2023,"Wolfsburg, Stadt",Rumänien,Anzahl,K03103,590.0,590.0
2023,Gifhorn,Rumänien,Anzahl,K03151,1100.0,1100.0
2023,Goslar,Rumänien,Anzahl,K03153,655.0,655.0
2023,Helmstedt,Rumänien,Anzahl,K03154,445.0,445.0
2023,Northeim,Rumänien,Anzahl,K03155,615.0,615.0
2023,Peine,Rumänien,Anzahl,K03157,700.0,700.0
2023,Wolfenbüttel,Rumänien,Anzahl,K03158,180.0,180.0
2023,Göttingen,Rumänien,Anzahl,K03159,1820.0,1820.0
2023,Statistische Region Braunschweig,Rumänien,Anzahl,K031,8745.0,8745.0
2023,Region Hannover,Rumänien,Anzahl,K03241,8260.0,8260.0
2023,"dav. Hannover, Lhst.",Rumänien,Anzahl,K03241001,4180.0,4180.0
2023,"dav. Hannover, Umland",Rumänien,Anzahl,K03241999,4080.0,4080.0
2023,Diepholz,Rumänien,Anzahl,K03251,2540.0,2540.0
2023,Hameln-Pyrmont,Rumänien,Anzahl,K03252,1545.0,1545.0
2023,Hildesheim,Rumänien,Anzahl,K03254,1660.0,1660.0
2023,Holzminden,Rumänien,Anzahl,K03255,260.0,260.0
2023,Nienburg (Weser),Rumänien,Anzahl,K03256,1485.0,1485.0
2023,Schaumburg,Rumänien,Anzahl,K03257,830.0,830.0
2023,Statistische Region Hannover,Rumänien,Anzahl,K032,16580.0,16580.0
2023,Celle,Rumänien,Anzahl,K03351,1240.0,1240.0
2023,Cuxhaven,Rumänien,Anzahl,K03352,830.0,830.0
2023,Harburg,Rumänien,Anzahl,K03353,2280.0,2280.0
2023,Lüchow-Dannenberg,Rumänien,Anzahl,K03354,145.0,145.0
2023,Lüneburg,Rumänien,Anzahl,K03355,615.0,615.0
2023,Osterholz,Rumänien,Anzahl,K03356,280.0,280.0
2023,Rotenburg (Wümme),Rumänien,Anzahl,K03357,1100.0,1100.0
2023,Heidekreis,Rumänien,Anzahl,K03358,1260.0,1260.0
2023,Stade,Rumänien,Anzahl,K03359,1785.0,1785.0
2023,Uelzen,Rumänien,Anzahl,K03360,390.0,390.0
2023,Verden,Rumänien,Anzahl,K03361,940.0,940.0
2023,Statistische Region Lüneburg,Rumänien,Anzahl,K033,10865.0,10865.0
2023,"Delmenhorst, Stadt",Rumänien,Anzahl,K03401,1760.0,1760.0
2023,"Emden, Stadt",Rumänien,Anzahl,K03402,745.0,745.0
2023,"Oldenburg (Oldb), Stadt",Rumänien,Anzahl,K03403,1435.0,1435.0
2023,"Osnabrück, Stadt",Rumänien,Anzahl,K03404,1265.0,1265.0
2023,"Wilhelmshaven, Stadt",Rumänien,Anzahl,K03405,815.0,815.0
2023,Ammerland,Rumänien,Anzahl,K03451,830.0,830.0
2023,Aurich,Rumänien,Anzahl,K03452,1395.0,1395.0
2023,Cloppenburg,Rumänien,Anzahl,K03453,8060.0,8060.0
2023,Emsland,Rumänien,Anzahl,K03454,8700.0,8700.0
2023,Friesland,Rumänien,Anzahl,K03455,235.0,235.0
2023,Grafschaft Bentheim,Rumänien,Anzahl,K03456,1340.0,1340.0
2023,Leer,Rumänien,Anzahl,K03457,1775.0,1775.0
2023,Oldenburg,Rumänien,Anzahl,K03458,2570.0,2570.0
2023,Osnabrück,Rumänien,Anzahl,K03459,8055.0,8055.0
2023,Vechta,Rumänien,Anzahl,K03460,3890.0,3890.0
2023,Wesermarsch,Rumänien,Anzahl,K03461,550.0,550.0
2023,Wittmund,Rumänien,Anzahl,K03462,280.0,280.0
2023,Statistische Region Weser-Ems,Rumänien,Anzahl,K034,43695.0,43695.0
2023,Niedersachsen,Rumänien,Anzahl,K030,79890.0,79890.0
2024,"Braunschweig, Stadt",Rumänien,Anzahl,K03101,615.0,615.0
2024,"Salzgitter, Stadt",Rumänien,Anzahl,K03102,2165.0,2165.0
2024,"Wolfsburg, Stadt",Rumänien,Anzahl,K03103,645.0,645.0
2024,Gifhorn,Rumänien,Anzahl,K03151,1085.0,1085.0
2024,Goslar,Rumänien,Anzahl,K03153,660.0,660.0
2024,Helmstedt,Rumänien,Anzahl,K03154,445.0,445.0
2024,Northeim,Rumänien,Anzahl,K03155,805.0,805.0
2024,Peine,Rumänien,Anzahl,K03157,745.0,745.0
2024,Wolfenbüttel,Rumänien,Anzahl,K03158,170.0,170.0
2024,Göttingen,Rumänien,Anzahl,K03159,2010.0,2010.0
2024,Statistische Region Braunschweig,Rumänien,Anzahl,K031,9350.0,9350.0
2024,Region Hannover,Rumänien,Anzahl,K03241,8635.0,8635.0
2024,"dav. Hannover, Lhst.",Rumänien,Anzahl,K03241001,4450.0,4450.0
2024,"dav. Hannover, Umland",Rumänien,Anzahl,K03241999,4185.0,4185.0
2024,Diepholz,Rumänien,Anzahl,K03251,2475.0,2475.0
2024,Hameln-Pyrmont,Rumänien,Anzahl,K03252,1485.0,1485.0
2024,Hildesheim,Rumänien,Anzahl,K03254,1610.0,1610.0
2024,Holzminden,Rumänien,Anzahl,K03255,330.0,330.0
2024,Nienburg (Weser),Rumänien,Anzahl,K03256,1380.0,1380.0
2024,Schaumburg,Rumänien,Anzahl,K03257,880.0,880.0
2024,Statistische Region Hannover,Rumänien,Anzahl,K032,16795.0,16795.0
2024,Celle,Rumänien,Anzahl,K03351,1285.0,1285.0
2024,Cuxhaven,Rumänien,Anzahl,K03352,805.0,805.0
2024,Harburg,Rumänien,Anzahl,K03353,2315.0,2315.0
2024,Lüchow-Dannenberg,Rumänien,Anzahl,K03354,160.0,160.0
2024,Lüneburg,Rumänien,Anzahl,K03355,565.0,565.0
2024,Osterholz,Rumänien,Anzahl,K03356,275.0,275.0
2024,Rotenburg (Wümme),Rumänien,Anzahl,K03357,1060.0,1060.0
2024,Heidekreis,Rumänien,Anzahl,K03358,1200.0,1200.0
2024,Stade,Rumänien,Anzahl,K03359,1910.0,1910.0
2024,Uelzen,Rumänien,Anzahl,K03360,390.0,390.0
2024,Verden,Rumänien,Anzahl,K03361,930.0,930.0
2024,Statistische Region Lüneburg,Rumänien,Anzahl,K033,10895.0,10895.0
2024,"Delmenhorst, Stadt",Rumänien,Anzahl,K03401,1770.0,1770.0
2024,"Emden, Stadt",Rumänien,Anzahl,K03402,735.0,735.0
2024,"Oldenburg (Oldb), Stadt",Rumänien,Anzahl,K03403,1405.0,1405.0
2024,"Osnabrück, Stadt",Rumänien,Anzahl,K03404,1205.0,1205.0
2024,"Wilhelmshaven, Stadt",Rumänien,Anzahl,K03405,800.0,800.0
2024,Ammerland,Rumänien,Anzahl,K03451,800.0,800.0
2024,Aurich,Rumänien,Anzahl,K03452,1300.0,1300.0
2024,Cloppenburg,Rumänien,Anzahl,K03453,8260.0,8260.0
2024,Emsland,Rumänien,Anzahl,K03454,8945.0,8945.0
2024,Friesland,Rumänien,Anzahl,K03455,245.0,245.0
2024,Grafschaft Bentheim,Rumänien,Anzahl,K03456,1355.0,1355.0
2024,Leer,Rumänien,Anzahl,K03457,1765.0,1765.0
2024,Oldenburg,Rumänien,Anzahl,K03458,2500.0,2500.0
2024,Osnabrück,Rumänien,Anzahl,K03459,8110.0,8110.0
2024,Vechta,Rumänien,Anzahl,K03460,3820.0,3820.0
2024,Wesermarsch,Rumänien,Anzahl,K03461,575.0,575.0
2024,Wittmund,Rumänien,Anzahl,K03462,295.0,295.0
2024,Statistische Region Weser-Ems,Rumänien,Anzahl,K034,43890.0,43890.0
2024,Niedersachsen,Rumänien,Anzahl,K030,80935.0,80935.0
2025,"Braunschweig, Stadt",Rumänien,Anzahl,K03101,655.0,655.0
2025,"Salzgitter, Stadt",Rumänien,Anzahl,K03102,2345.0,2345.0
2025,"Wolfsburg, Stadt",Rumänien,Anzahl,K03103,615.0,615.0
2025,Gifhorn,Rumänien,Anzahl,K03151,1020.0,1020.0
2025,Goslar,Rumänien,Anzahl,K03153,625.0,625.0
2025,Helmstedt,Rumänien,Anzahl,K03154,470.0,470.0
2025,Northeim,Rumänien,Anzahl,K03155,715.0,715.0
2025,Peine,Rumänien,Anzahl,K03157,740.0,740.0
2025,Wolfenbüttel,Rumänien,Anzahl,K03158,175.0,175.0
2025,Göttingen,Rumänien,Anzahl,K03159,2080.0,2080.0
2025,Statistische Region Braunschweig,Rumänien,Anzahl,K031,9440.0,9440.0
2025,Region Hannover,Rumänien,Anzahl,K03241,8045.0,8045.0
2025,"dav. Hannover, Lhst.",Rumänien,Anzahl,K03241001,4010.0,4010.0
2025,"dav. Hannover, Umland",Rumänien,Anzahl,K03241999,4035.0,4035.0
2025,Diepholz,Rumänien,Anzahl,K03251,2510.0,2510.0
2025,Hameln-Pyrmont,Rumänien,Anzahl,K03252,1510.0,1510.0
2025,Hildesheim,Rumänien,Anzahl,K03254,1625.0,1625.0
2025,Holzminden,Rumänien,Anzahl,K03255,365.0,365.0
2025,Nienburg (Weser),Rumänien,Anzahl,K03256,1330.0,1330.0
2025,Schaumburg,Rumänien,Anzahl,K03257,845.0,845.0
2025,Statistische Region Hannover,Rumänien,Anzahl,K032,16230.0,16230.0
2025,Celle,Rumänien,Anzahl,K03351,1280.0,1280.0
2025,Cuxhaven,Rumänien,Anzahl,K03352,795.0,795.0
2025,Harburg,Rumänien,Anzahl,K03353,2130.0,2130.0
2025,Lüchow-Dannenberg,Rumänien,Anzahl,K03354,170.0,170.0
2025,Lüneburg,Rumänien,Anzahl,K03355,560.0,560.0
2025,Osterholz,Rumänien,Anzahl,K03356,245.0,245.0
2025,Rotenburg (Wümme),Rumänien,Anzahl,K03357,1095.0,1095.0
2025,Heidekreis,Rumänien,Anzahl,K03358,1220.0,1220.0
2025,Stade,Rumänien,Anzahl,K03359,1865.0,1865.0
2025,Uelzen,Rumänien,Anzahl,K03360,410.0,410.0
2025,Verden,Rumänien,Anzahl,K03361,995.0,995.0
2025,Statistische Region Lüneburg,Rumänien,Anzahl,K033,10770.0,10770.0
2025,"Delmenhorst, Stadt",Rumänien,Anzahl,K03401,1840.0,1840.0
2025,"Emden, Stadt",Rumänien,Anzahl,K03402,685.0,685.0
2025,"Oldenburg (Oldb), Stadt",Rumänien,Anzahl,K03403,1335.0,1335.0
2025,"Osnabrück, Stadt",Rumänien,Anzahl,K03404,1165.0,1165.0
2025,"Wilhelmshaven, Stadt",Rumänien,Anzahl,K03405,835.0,835.0
2025,Ammerland,Rumänien,Anzahl,K03451,935.0,935.0
2025,Aurich,Rumänien,Anzahl,K03452,1345.0,1345.0
2025,Cloppenburg,Rumänien,Anzahl,K03453,7585.0,7585.0
2025,Emsland,Rumänien,Anzahl,K03454,9155.0,9155.0
2025,Friesland,Rumänien,Anzahl,K03455,280.0,280.0
2025,Grafschaft Bentheim,Rumänien,Anzahl,K03456,1460.0,1460.0
2025,Leer,Rumänien,Anzahl,K03457,1785.0,1785.0
2025,Oldenburg,Rumänien,Anzahl,K03458,2305.0,2305.0
2025,Osnabrück,Rumänien,Anzahl,K03459,8115.0,8115.0
2025,Vechta,Rumänien,Anzahl,K03460,3880.0,3880.0
2025,Wesermarsch,Rumänien,Anzahl,K03461,615.0,615.0
2025,Wittmund,Rumänien,Anzahl,K03462,255.0,255.0
2025,Statistische Region Weser-Ems,Rumänien,Anzahl,K034,43570.0,43570.0
2025,Niedersachsen,Rumänien,Anzahl,K030,80010.0,80010.0
2005,"Braunschweig, Stadt",Ukraine,Veränderung gegenüber 2005 in Prozent,K03101,0.0,0.0
2005,"Salzgitter, Stadt",Ukraine,Veränderung gegenüber 2005 in Prozent,K03102,0.0,0.0
2005,"Wolfsburg, Stadt",Ukraine,Veränderung gegenüber 2005 in Prozent,K03103,0.0,0.0
2005,Gifhorn,Ukraine,Veränderung gegenüber 2005 in Prozent,K03151,0.0,0.0
2005,Goslar,Ukraine,Veränderung gegenüber 2005 in Prozent,K03153,0.0,0.0
2005,Helmstedt,Ukraine,Veränderung gegenüber 2005 in Prozent,K03154,0.0,0.0
2005,Northeim,Ukraine,Veränderung gegenüber 2005 in Prozent,K03155,0.0,0.0
2005,Peine,Ukraine,Veränderung gegenüber 2005 in Prozent,K03157,0.0,0.0
2005,Wolfenbüttel,Ukraine,Veränderung gegenüber 2005 in Prozent,K03158,0.0,0.0
2005,Göttingen,Ukraine,Veränderung gegenüber 2005 in Prozent,K03159,0.0,0.0
2005,Statistische Region Braunschweig,Ukraine,Veränderung gegenüber 2005 in Prozent,K031,0.0,0.0
2005,Region Hannover,Ukraine,Veränderung gegenüber 2005 in Prozent,K03241,0.0,0.0
2005,"dav. Hannover, Lhst.",Ukraine,Veränderung gegenüber 2005 in Prozent,K03241001,0.0,0.0
2005,"dav. Hannover, Umland",Ukraine,Veränderung gegenüber 2005 in Prozent,K03241999,0.0,0.0
2005,Diepholz,Ukraine,Veränderung gegenüber 2005 in Prozent,K03251,0.0,0.0
2005,Hameln-Pyrmont,Ukraine,Veränderung gegenüber 2005 in Prozent,K03252,0.0,0.0
2005,Hildesheim,Ukraine,Veränderung gegenüber 2005 in Prozent,K03254,0.0,0.0
2005,Holzminden,Ukraine,Veränderung gegenüber 2005 in Prozent,K03255,0.0,0.0
2005,Nienburg (Weser),Ukraine,Veränderung gegenüber 2005 in Prozent,K03256,0.0,0.0
2005,Schaumburg,Ukraine,Veränderung gegenüber 2005 in Prozent,K03257,0.0,0.0
2005,Statistische Region Hannover,Ukraine,Veränderung gegenüber 2005 in Prozent,K032,0.0,0.0
2005,Celle,Ukraine,Veränderung gegenüber 2005 in Prozent,K03351,0.0,0.0
2005,Cuxhaven,Ukraine,Veränderung gegenüber 2005 in Prozent,K03352,0.0,0.0
2005,Harburg,Ukraine,Veränderung gegenüber 2005 in Prozent,K03353,0.0,0.0
2005,Lüchow-Dannenberg,Ukraine,Veränderung gegenüber 2005 in Prozent,K03354,0.0,0.0
2005,Lüneburg,Ukraine,Veränderung gegenüber 2005 in Prozent,K03355,0.0,0.0
2005,Osterholz,Ukraine,Veränderung gegenüber 2005 in Prozent,K03356,0.0,0.0
2005,Rotenburg (Wümme),Ukraine,Veränderung gegenüber 2005 in Prozent,K03357,0.0,0.0
2005,Heidekreis,Ukraine,Veränderung gegenüber 2005 in Prozent,K03358,0.0,0.0
2005,Stade,Ukraine,Veränderung gegenüber 2005 in Prozent,K03359,0.0,0.0
2005,Uelzen,Ukraine,Veränderung gegenüber 2005 in Prozent,K03360,0.0,0.0
2005,Verden,Ukraine,Veränderung gegenüber 2005 in Prozent,K03361,0.0,0.0
2005,Statistische Region Lüneburg,Ukraine,Veränderung gegenüber 2005 in Prozent,K033,0.0,0.0
2005,"Delmenhorst, Stadt",Ukraine,Veränderung gegenüber 2005 in Prozent,K03401,0.0,0.0
2005,"Emden, Stadt",Ukraine,Veränderung gegenüber 2005 in Prozent,K03402,0.0,0.0
2005,"Oldenburg (Oldb), Stadt",Ukraine,Veränderung gegenüber 2005 in Prozent,K03403,0.0,0.0
2005,"Osnabrück, Stadt",Ukraine,Veränderung gegenüber 2005 in Prozent,K03404,0.0,0.0
2005,"Wilhelmshaven, Stadt",Ukraine,Veränderung gegenüber 2005 in Prozent,K03405,0.0,0.0
2005,Ammerland,Ukraine,Veränderung gegenüber 2005 in Prozent,K03451,0.0,0.0
2005,Aurich,Ukraine,Veränderung gegenüber 2005 in Prozent,K03452,0.0,0.0
2005,Cloppenburg,Ukraine,Veränderung gegenüber 2005 in Prozent,K03453,0.0,0.0
2005,Emsland,Ukraine,Veränderung gegenüber 2005 in Prozent,K03454,0.0,0.0
2005,Friesland,Ukraine,Veränderung gegenüber 2005 in Prozent,K03455,0.0,0.0
2005,Grafschaft Bentheim,Ukraine,Veränderung gegenüber 2005 in Prozent,K03456,0.0,0.0
2005,Leer,Ukraine,Veränderung gegenüber 2005 in Prozent,K03457,0.0,0.0
2005,Oldenburg,Ukraine,Veränderung gegenüber 2005 in Prozent,K03458,0.0,0.0
2005,Osnabrück,Ukraine,Veränderung gegenüber 2005 in Prozent,K03459,0.0,0.0
2005,Vechta,Ukraine,Veränderung gegenüber 2005 in Prozent,K03460,0.0,0.0
2005,Wesermarsch,Ukraine,Veränderung gegenüber 2005 in Prozent,K03461,0.0,0.0
2005,Wittmund,Ukraine,Veränderung gegenüber 2005 in Prozent,K03462,0.0,0.0
2005,Statistische Region Weser-Ems,Ukraine,Veränderung gegenüber 2005 in Prozent,K034,0.0,0.0
2005,Niedersachsen,Ukraine,Veränderung gegenüber 2005 in Prozent,K030,0.0,0.0
2011,"Braunschweig, Stadt",Ukraine,Veränderung gegenüber 2005 in Prozent,K03101,5.96590909,5.96590909090909
2011,"Salzgitter, Stadt",Ukraine,Veränderung gegenüber 2005 in Prozent,K03102,4.41176471,4.41176470588235
2011,"Wolfsburg, Stadt",Ukraine,Veränderung gegenüber 2005 in Prozent,K03103,12.0879121,12.0879120879121
2011,Gifhorn,Ukraine,Veränderung gegenüber 2005 in Prozent,K03151,-13.5416667,-13.5416666666667
2011,Goslar,Ukraine,Veränderung gegenüber 2005 in Prozent,K03153,5.43478261,5.43478260869565
2011,Helmstedt,Ukraine,Veränderung gegenüber 2005 in Prozent,K03154,-13.3333333,-13.3333333333333
2011,Northeim,Ukraine,Veränderung gegenüber 2005 in Prozent,K03155,20.3389831,20.3389830508475
2011,Peine,Ukraine,Veränderung gegenüber 2005 in Prozent,K03157,45.9459459,45.9459459459459
2011,Wolfenbüttel,Ukraine,Veränderung gegenüber 2005 in Prozent,K03158,-16.9811321,-16.9811320754717
2011,Göttingen,Ukraine,Veränderung gegenüber 2005 in Prozent,K03159,-17.4242424,-17.4242424242424
2011,Statistische Region Braunschweig,Ukraine,Veränderung gegenüber 2005 in Prozent,K031,-3.58902182,-3.5890218156228
2011,Region Hannover,Ukraine,Veränderung gegenüber 2005 in Prozent,K03241,-17.3579109,-17.357910906298
2011,"dav. Hannover, Lhst.",Ukraine,Veränderung gegenüber 2005 in Prozent,K03241001,-19.0645973,-19.0645973154362
2011,"dav. Hannover, Umland",Ukraine,Veränderung gegenüber 2005 in Prozent,K03241999,-9.89917507,-9.89917506874427
2011,Diepholz,Ukraine,Veränderung gegenüber 2005 in Prozent,K03251,13.559322,13.5593220338983
2011,Hameln-Pyrmont,Ukraine,Veränderung gegenüber 2005 in Prozent,K03252,-26.1811024,-26.1811023622047
2011,Hildesheim,Ukraine,Veränderung gegenüber 2005 in Prozent,K03254,1.06382979,1.06382978723404
2011,Holzminden,Ukraine,Veränderung gegenüber 2005 in Prozent,K03255,26.0869565,26.0869565217391
2011,Nienburg (Weser),Ukraine,Veränderung gegenüber 2005 in Prozent,K03256,5.17241379,5.17241379310345
2011,Schaumburg,Ukraine,Veränderung gegenüber 2005 in Prozent,K03257,1.83486239,1.8348623853211
2011,Statistische Region Hannover,Ukraine,Veränderung gegenüber 2005 in Prozent,K032,-16.3339647,-16.3339647384526
2011,Celle,Ukraine,Veränderung gegenüber 2005 in Prozent,K03351,-5.30973451,-5.30973451327434
2011,Cuxhaven,Ukraine,Veränderung gegenüber 2005 in Prozent,K03352,8.95522388,8.95522388059701
2011,Harburg,Ukraine,Veränderung gegenüber 2005 in Prozent,K03353,17.0731707,17.0731707317073
2011,Lüchow-Dannenberg,Ukraine,Veränderung gegenüber 2005 in Prozent,K03354,0.0,0.0
2011,Lüneburg,Ukraine,Veränderung gegenüber 2005 in Prozent,K03355,10.2272727,10.2272727272727
2011,Osterholz,Ukraine,Veränderung gegenüber 2005 in Prozent,K03356,-7.69230769,-7.69230769230769
2011,Rotenburg (Wümme),Ukraine,Veränderung gegenüber 2005 in Prozent,K03357,-7.79220779,-7.79220779220779
2011,Heidekreis,Ukraine,Veränderung gegenüber 2005 in Prozent,K03358,-10.989011,-10.989010989011
2011,Stade,Ukraine,Veränderung gegenüber 2005 in Prozent,K03359,-3.66972477,-3.6697247706422
2011,Uelzen,Ukraine,Veränderung gegenüber 2005 in Prozent,K03360,9.09090909,9.09090909090909
2011,Verden,Ukraine,Veränderung gegenüber 2005 in Prozent,K03361,-3.125,-3.125
2011,Statistische Region Lüneburg,Ukraine,Veränderung gegenüber 2005 in Prozent,K033,0.83632019,0.836320191158901
2011,"Delmenhorst, Stadt",Ukraine,Veränderung gegenüber 2005 in Prozent,K03401,-18.5185185,-18.5185185185185
2011,"Emden, Stadt",Ukraine,Veränderung gegenüber 2005 in Prozent,K03402,-12.5,-12.5
2011,"Oldenburg (Oldb), Stadt",Ukraine,Veränderung gegenüber 2005 in Prozent,K03403,-10.5263158,-10.5263157894737
2011,"Osnabrück, Stadt",Ukraine,Veränderung gegenüber 2005 in Prozent,K03404,-30.1470588,-30.1470588235294
2011,"Wilhelmshaven, Stadt",Ukraine,Veränderung gegenüber 2005 in Prozent,K03405,-33.3333333,-33.3333333333333
2011,Ammerland,Ukraine,Veränderung gegenüber 2005 in Prozent,K03451,28.125,28.125
2011,Aurich,Ukraine,Veränderung gegenüber 2005 in Prozent,K03452,-10.2564103,-10.2564102564103
2011,Cloppenburg,Ukraine,Veränderung gegenüber 2005 in Prozent,K03453,12.3809524,12.3809523809524
2011,Emsland,Ukraine,Veränderung gegenüber 2005 in Prozent,K03454,26.2295082,26.2295081967213
2011,Friesland,Ukraine,Veränderung gegenüber 2005 in Prozent,K03455,37.037037,37.037037037037
2011,Grafschaft Bentheim,Ukraine,Veränderung gegenüber 2005 in Prozent,K03456,25.5319149,25.531914893617
2011,Leer,Ukraine,Veränderung gegenüber 2005 in Prozent,K03457,30.6451613,30.6451612903226
2011,Oldenburg,Ukraine,Veränderung gegenüber 2005 in Prozent,K03458,5.26315789,5.26315789473684
2011,Osnabrück,Ukraine,Veränderung gegenüber 2005 in Prozent,K03459,1.53846154,1.53846153846154
2011,Vechta,Ukraine,Veränderung gegenüber 2005 in Prozent,K03460,-6.50406504,-6.50406504065041
2011,Wesermarsch,Ukraine,Veränderung gegenüber 2005 in Prozent,K03461,-24.2857143,-24.2857142857143
2011,Wittmund,Ukraine,Veränderung gegenüber 2005 in Prozent,K03462,18.1818182,18.1818181818182
2011,Statistische Region Weser-Ems,Ukraine,Veränderung gegenüber 2005 in Prozent,K034,-12.4849458,-12.4849458048976
2011,Niedersachsen,Ukraine,Veränderung gegenüber 2005 in Prozent,K030,-12.7109886,-12.7109886324492
2012,"Braunschweig, Stadt",Ukraine,Veränderung gegenüber 2005 in Prozent,K03101,2.27272727,2.27272727272727
2012,"Salzgitter, Stadt",Ukraine,Veränderung gegenüber 2005 in Prozent,K03102,20.5882353,20.5882352941176
2012,"Wolfsburg, Stadt",Ukraine,Veränderung gegenüber 2005 in Prozent,K03103,30.7692308,30.7692307692308
2012,Gifhorn,Ukraine,Veränderung gegenüber 2005 in Prozent,K03151,-15.625,-15.625
2012,Goslar,Ukraine,Veränderung gegenüber 2005 in Prozent,K03153,2.17391304,2.17391304347826
2012,Helmstedt,Ukraine,Veränderung gegenüber 2005 in Prozent,K03154,-8.88888889,-8.88888888888889
2012,Northeim,Ukraine,Veränderung gegenüber 2005 in Prozent,K03155,15.2542373,15.2542372881356
2012,Peine,Ukraine,Veränderung gegenüber 2005 in Prozent,K03157,54.0540541,54.0540540540541
2012,Wolfenbüttel,Ukraine,Veränderung gegenüber 2005 in Prozent,K03158,-22.6415094,-22.6415094339623
2012,Göttingen,Ukraine,Veränderung gegenüber 2005 in Prozent,K03159,-21.969697,-21.969696969697
2012,Statistische Region Braunschweig,Ukraine,Veränderung gegenüber 2005 in Prozent,K031,-4.64461647,-4.64461646727657
2012,Region Hannover,Ukraine,Veränderung gegenüber 2005 in Prozent,K03241,-19.7815327,-19.7815326847585
2012,"dav. Hannover, Lhst.",Ukraine,Veränderung gegenüber 2005 in Prozent,K03241001,-21.8959732,-21.8959731543624
2012,"dav. Hannover, Umland",Ukraine,Veränderung gegenüber 2005 in Prozent,K03241999,-10.5407883,-10.5407882676444
2012,Diepholz,Ukraine,Veränderung gegenüber 2005 in Prozent,K03251,25.4237288,25.4237288135593
2012,Hameln-Pyrmont,Ukraine,Veränderung gegenüber 2005 in Prozent,K03252,-29.1338583,-29.1338582677165
2012,Hildesheim,Ukraine,Veränderung gegenüber 2005 in Prozent,K03254,-0.53191489,-0.531914893617021
2012,Holzminden,Ukraine,Veränderung gegenüber 2005 in Prozent,K03255,52.173913,52.1739130434783
2012,Nienburg (Weser),Ukraine,Veränderung gegenüber 2005 in Prozent,K03256,8.62068966,8.62068965517241
2012,Schaumburg,Ukraine,Veränderung gegenüber 2005 in Prozent,K03257,-3.66972477,-3.6697247706422
2012,Statistische Region Hannover,Ukraine,Veränderung gegenüber 2005 in Prozent,K032,-18.4321725,-18.4321725193064
2012,Celle,Ukraine,Veränderung gegenüber 2005 in Prozent,K03351,-1.7699115,-1.76991150442478
2012,Cuxhaven,Ukraine,Veränderung gegenüber 2005 in Prozent,K03352,1.49253731,1.49253731343284
2012,Harburg,Ukraine,Veränderung gegenüber 2005 in Prozent,K03353,17.8861789,17.8861788617886
2012,Lüchow-Dannenberg,Ukraine,Veränderung gegenüber 2005 in Prozent,K03354,-10.0,-10.0
2012,Lüneburg,Ukraine,Veränderung gegenüber 2005 in Prozent,K03355,13.6363636,13.6363636363636
2012,Osterholz,Ukraine,Veränderung gegenüber 2005 in Prozent,K03356,-5.76923077,-5.76923076923077
2012,Rotenburg (Wümme),Ukraine,Veränderung gegenüber 2005 in Prozent,K03357,-5.19480519,-5.19480519480519
2012,Heidekreis,Ukraine,Veränderung gegenüber 2005 in Prozent,K03358,-9.89010989,-9.89010989010989
2012,Stade,Ukraine,Veränderung gegenüber 2005 in Prozent,K03359,4.58715596,4.58715596330275
2012,Uelzen,Ukraine,Veränderung gegenüber 2005 in Prozent,K03360,9.09090909,9.09090909090909
2012,Verden,Ukraine,Veränderung gegenüber 2005 in Prozent,K03361,-3.125,-3.125
2012,Statistische Region Lüneburg,Ukraine,Veränderung gegenüber 2005 in Prozent,K033,2.50896057,2.5089605734767
2012,"Delmenhorst, Stadt",Ukraine,Veränderung gegenüber 2005 in Prozent,K03401,-20.7407407,-20.7407407407407
2012,"Emden, Stadt",Ukraine,Veränderung gegenüber 2005 in Prozent,K03402,-3.125,-3.125
2012,"Oldenburg (Oldb), Stadt",Ukraine,Veränderung gegenüber 2005 in Prozent,K03403,-4.048583,-4.04858299595142
2012,"Osnabrück, Stadt",Ukraine,Veränderung gegenüber 2005 in Prozent,K03404,-31.092437,-31.0924369747899
2012,"Wilhelmshaven, Stadt",Ukraine,Veränderung gegenüber 2005 in Prozent,K03405,-33.3333333,-33.3333333333333
2012,Ammerland,Ukraine,Veränderung gegenüber 2005 in Prozent,K03451,31.25,31.25
2012,Aurich,Ukraine,Veränderung gegenüber 2005 in Prozent,K03452,-7.69230769,-7.69230769230769
2012,Cloppenburg,Ukraine,Veränderung gegenüber 2005 in Prozent,K03453,17.1428571,17.1428571428571
2012,Emsland,Ukraine,Veränderung gegenüber 2005 in Prozent,K03454,9.83606557,9.83606557377049
2012,Friesland,Ukraine,Veränderung gegenüber 2005 in Prozent,K03455,14.8148148,14.8148148148148
2012,Grafschaft Bentheim,Ukraine,Veränderung gegenüber 2005 in Prozent,K03456,36.1702128,36.1702127659574
2012,Leer,Ukraine,Veränderung gegenüber 2005 in Prozent,K03457,25.8064516,25.8064516129032
2012,Oldenburg,Ukraine,Veränderung gegenüber 2005 in Prozent,K03458,-2.63157895,-2.63157894736842
2012,Osnabrück,Ukraine,Veränderung gegenüber 2005 in Prozent,K03459,0.0,0.0
2012,Vechta,Ukraine,Veränderung gegenüber 2005 in Prozent,K03460,-4.06504065,-4.0650406504065
2012,Wesermarsch,Ukraine,Veränderung gegenüber 2005 in Prozent,K03461,-21.4285714,-21.4285714285714
2012,Wittmund,Ukraine,Veränderung gegenüber 2005 in Prozent,K03462,0.0,0.0
2012,Statistische Region Weser-Ems,Ukraine,Veränderung gegenüber 2005 in Prozent,K034,-13.1674026,-13.1674026495383
2012,Niedersachsen,Ukraine,Veränderung gegenüber 2005 in Prozent,K030,-14.1060971,-14.1060971408887
2013,"Braunschweig, Stadt",Ukraine,Veränderung gegenüber 2005 in Prozent,K03101,7.38636364,7.38636363636364
2013,"Salzgitter, Stadt",Ukraine,Veränderung gegenüber 2005 in Prozent,K03102,13.2352941,13.2352941176471
2013,"Wolfsburg, Stadt",Ukraine,Veränderung gegenüber 2005 in Prozent,K03103,35.1648352,35.1648351648352
2013,Gifhorn,Ukraine,Veränderung gegenüber 2005 in Prozent,K03151,-7.29166667,-7.29166666666667
2013,Goslar,Ukraine,Veränderung gegenüber 2005 in Prozent,K03153,6.52173913,6.52173913043478
2013,Helmstedt,Ukraine,Veränderung gegenüber 2005 in Prozent,K03154,-13.3333333,-13.3333333333333
2013,Northeim,Ukraine,Veränderung gegenüber 2005 in Prozent,K03155,42.3728814,42.3728813559322
2013,Peine,Ukraine,Veränderung gegenüber 2005 in Prozent,K03157,51.3513514,51.3513513513514
2013,Wolfenbüttel,Ukraine,Veränderung gegenüber 2005 in Prozent,K03158,-20.754717,-20.7547169811321
2013,Göttingen,Ukraine,Veränderung gegenüber 2005 in Prozent,K03159,-19.6969697,-19.6969696969697
2013,Statistische Region Braunschweig,Ukraine,Veränderung gegenüber 2005 in Prozent,K031,-0.77410274,-0.774102744546094
2013,Region Hannover,Ukraine,Veränderung gegenüber 2005 in Prozent,K03241,-21.4712408,-21.4712408260795
2013,"dav. Hannover, Lhst.",Ukraine,Veränderung gegenüber 2005 in Prozent,K03241001,-24.0981544,-24.0981543624161
2013,"dav. Hannover, Umland",Ukraine,Veränderung gegenüber 2005 in Prozent,K03241999,-9.9908341,-9.99083409715857
2013,Diepholz,Ukraine,Veränderung gegenüber 2005 in Prozent,K03251,30.5084746,30.5084745762712
2013,Hameln-Pyrmont,Ukraine,Veränderung gegenüber 2005 in Prozent,K03252,-33.4645669,-33.4645669291339
2013,Hildesheim,Ukraine,Veränderung gegenüber 2005 in Prozent,K03254,1.59574468,1.59574468085106
2013,Holzminden,Ukraine,Veränderung gegenüber 2005 in Prozent,K03255,69.5652174,69.5652173913043
2013,Nienburg (Weser),Ukraine,Veränderung gegenüber 2005 in Prozent,K03256,17.2413793,17.2413793103448
2013,Schaumburg,Ukraine,Veränderung gegenüber 2005 in Prozent,K03257,-20.1834862,-20.1834862385321
2013,Statistische Region Hannover,Ukraine,Veränderung gegenüber 2005 in Prozent,K032,-20.180679,-20.1806790033513
2013,Celle,Ukraine,Veränderung gegenüber 2005 in Prozent,K03351,-0.88495575,-0.884955752212389
2013,Cuxhaven,Ukraine,Veränderung gegenüber 2005 in Prozent,K03352,1.49253731,1.49253731343284
2013,Harburg,Ukraine,Veränderung gegenüber 2005 in Prozent,K03353,33.3333333,33.3333333333333
2013,Lüchow-Dannenberg,Ukraine,Veränderung gegenüber 2005 in Prozent,K03354,15.0,15.0
2013,Lüneburg,Ukraine,Veränderung gegenüber 2005 in Prozent,K03355,3.40909091,3.40909090909091
2013,Osterholz,Ukraine,Veränderung gegenüber 2005 in Prozent,K03356,-15.3846154,-15.3846153846154
2013,Rotenburg (Wümme),Ukraine,Veränderung gegenüber 2005 in Prozent,K03357,9.09090909,9.09090909090909
2013,Heidekreis,Ukraine,Veränderung gegenüber 2005 in Prozent,K03358,-4.3956044,-4.3956043956044
2013,Stade,Ukraine,Veränderung gegenüber 2005 in Prozent,K03359,5.50458716,5.5045871559633
2013,Uelzen,Ukraine,Veränderung gegenüber 2005 in Prozent,K03360,24.2424242,24.2424242424242
2013,Verden,Ukraine,Veränderung gegenüber 2005 in Prozent,K03361,-10.9375,-10.9375
2013,Statistische Region Lüneburg,Ukraine,Veränderung gegenüber 2005 in Prozent,K033,5.85424134,5.85424133811231
2013,"Delmenhorst, Stadt",Ukraine,Veränderung gegenüber 2005 in Prozent,K03401,-25.5555556,-25.5555555555556
2013,"Emden, Stadt",Ukraine,Veränderung gegenüber 2005 in Prozent,K03402,0.0,0.0
2013,"Oldenburg (Oldb), Stadt",Ukraine,Veränderung gegenüber 2005 in Prozent,K03403,-4.8582996,-4.8582995951417
2013,"Osnabrück, Stadt",Ukraine,Veränderung gegenüber 2005 in Prozent,K03404,-34.9789916,-34.9789915966387
2013,"Wilhelmshaven, Stadt",Ukraine,Veränderung gegenüber 2005 in Prozent,K03405,-24.0740741,-24.0740740740741
2013,Ammerland,Ukraine,Veränderung gegenüber 2005 in Prozent,K03451,15.625,15.625
2013,Aurich,Ukraine,Veränderung gegenüber 2005 in Prozent,K03452,-15.3846154,-15.3846153846154
2013,Cloppenburg,Ukraine,Veränderung gegenüber 2005 in Prozent,K03453,17.1428571,17.1428571428571
2013,Emsland,Ukraine,Veränderung gegenüber 2005 in Prozent,K03454,-12.295082,-12.2950819672131
2013,Friesland,Ukraine,Veränderung gegenüber 2005 in Prozent,K03455,7.40740741,7.40740740740741
2013,Grafschaft Bentheim,Ukraine,Veränderung gegenüber 2005 in Prozent,K03456,91.4893617,91.4893617021277
2013,Leer,Ukraine,Veränderung gegenüber 2005 in Prozent,K03457,22.5806452,22.5806451612903
2013,Oldenburg,Ukraine,Veränderung gegenüber 2005 in Prozent,K03458,15.7894737,15.7894736842105
2013,Osnabrück,Ukraine,Veränderung gegenüber 2005 in Prozent,K03459,3.07692308,3.07692307692308
2013,Vechta,Ukraine,Veränderung gegenüber 2005 in Prozent,K03460,-7.31707317,-7.31707317073171
2013,Wesermarsch,Ukraine,Veränderung gegenüber 2005 in Prozent,K03461,-22.8571429,-22.8571428571429
2013,Wittmund,Ukraine,Veränderung gegenüber 2005 in Prozent,K03462,-36.3636364,-36.3636363636364
2013,Statistische Region Weser-Ems,Ukraine,Veränderung gegenüber 2005 in Prozent,K034,-15.2950622,-15.2950622240064
2013,Niedersachsen,Ukraine,Veränderung gegenüber 2005 in Prozent,K030,-14.8811574,-14.8811574233552
2014,"Braunschweig, Stadt",Ukraine,Veränderung gegenüber 2005 in Prozent,K03101,15.3409091,15.3409090909091
2014,"Salzgitter, Stadt",Ukraine,Veränderung gegenüber 2005 in Prozent,K03102,20.5882353,20.5882352941176
2014,"Wolfsburg, Stadt",Ukraine,Veränderung gegenüber 2005 in Prozent,K03103,48.3516484,48.3516483516484
2014,Gifhorn,Ukraine,Veränderung gegenüber 2005 in Prozent,K03151,-4.16666667,-4.16666666666667
2014,Goslar,Ukraine,Veränderung gegenüber 2005 in Prozent,K03153,8.69565217,8.69565217391304
2014,Helmstedt,Ukraine,Veränderung gegenüber 2005 in Prozent,K03154,-2.22222222,-2.22222222222222
2014,Northeim,Ukraine,Veränderung gegenüber 2005 in Prozent,K03155,28.8135593,28.8135593220339
2014,Peine,Ukraine,Veränderung gegenüber 2005 in Prozent,K03157,70.2702703,70.2702702702703
2014,Wolfenbüttel,Ukraine,Veränderung gegenüber 2005 in Prozent,K03158,-15.0943396,-15.0943396226415
2014,Göttingen,Ukraine,Veränderung gegenüber 2005 in Prozent,K03159,-19.8863636,-19.8863636363636
2014,Statistische Region Braunschweig,Ukraine,Veränderung gegenüber 2005 in Prozent,K031,3.16678395,3.1667839549613
2014,Region Hannover,Ukraine,Veränderung gegenüber 2005 in Prozent,K03241,-21.1981567,-21.1981566820277
2014,"dav. Hannover, Lhst.",Ukraine,Veränderung gegenüber 2005 in Prozent,K03241001,-24.1610738,-24.1610738255034
2014,"dav. Hannover, Umland",Ukraine,Veränderung gegenüber 2005 in Prozent,K03241999,-8.24931256,-8.24931255728689
2014,Diepholz,Ukraine,Veränderung gegenüber 2005 in Prozent,K03251,38.1355932,38.135593220339
2014,Hameln-Pyrmont,Ukraine,Veränderung gegenüber 2005 in Prozent,K03252,-30.3149606,-30.3149606299213
2014,Hildesheim,Ukraine,Veränderung gegenüber 2005 in Prozent,K03254,4.78723404,4.78723404255319
2014,Holzminden,Ukraine,Veränderung gegenüber 2005 in Prozent,K03255,82.6086957,82.6086956521739
2014,Nienburg (Weser),Ukraine,Veränderung gegenüber 2005 in Prozent,K03256,27.5862069,27.5862068965517
2014,Schaumburg,Ukraine,Veränderung gegenüber 2005 in Prozent,K03257,-10.0917431,-10.0917431192661
2014,Statistische Region Hannover,Ukraine,Veränderung gegenüber 2005 in Prozent,K032,-19.2044295,-19.2044295497596
2014,Celle,Ukraine,Veränderung gegenüber 2005 in Prozent,K03351,1.7699115,1.76991150442478
2014,Cuxhaven,Ukraine,Veränderung gegenüber 2005 in Prozent,K03352,7.46268657,7.46268656716418
2014,Harburg,Ukraine,Veränderung gegenüber 2005 in Prozent,K03353,36.5853659,36.5853658536585
2014,Lüchow-Dannenberg,Ukraine,Veränderung gegenüber 2005 in Prozent,K03354,30.0,30.0
2014,Lüneburg,Ukraine,Veränderung gegenüber 2005 in Prozent,K03355,18.1818182,18.1818181818182
2014,Osterholz,Ukraine,Veränderung gegenüber 2005 in Prozent,K03356,23.0769231,23.0769230769231
2014,Rotenburg (Wümme),Ukraine,Veränderung gegenüber 2005 in Prozent,K03357,7.79220779,7.79220779220779
2014,Heidekreis,Ukraine,Veränderung gegenüber 2005 in Prozent,K03358,16.4835165,16.4835164835165
2014,Stade,Ukraine,Veränderung gegenüber 2005 in Prozent,K03359,11.9266055,11.9266055045872
2014,Uelzen,Ukraine,Veränderung gegenüber 2005 in Prozent,K03360,48.4848485,48.4848484848485
2014,Verden,Ukraine,Veränderung gegenüber 2005 in Prozent,K03361,3.125,3.125
2014,Statistische Region Lüneburg,Ukraine,Veränderung gegenüber 2005 in Prozent,K033,16.4874552,16.4874551971326
2014,"Delmenhorst, Stadt",Ukraine,Veränderung gegenüber 2005 in Prozent,K03401,-23.7037037,-23.7037037037037
2014,"Emden, Stadt",Ukraine,Veränderung gegenüber 2005 in Prozent,K03402,15.625,15.625
2014,"Oldenburg (Oldb), Stadt",Ukraine,Veränderung gegenüber 2005 in Prozent,K03403,0.4048583,0.404858299595142
2014,"Osnabrück, Stadt",Ukraine,Veränderung gegenüber 2005 in Prozent,K03404,-37.394958,-37.3949579831933
2014,"Wilhelmshaven, Stadt",Ukraine,Veränderung gegenüber 2005 in Prozent,K03405,-12.962963,-12.962962962963
2014,Ammerland,Ukraine,Veränderung gegenüber 2005 in Prozent,K03451,46.875,46.875
2014,Aurich,Ukraine,Veränderung gegenüber 2005 in Prozent,K03452,0.0,0.0
2014,Cloppenburg,Ukraine,Veränderung gegenüber 2005 in Prozent,K03453,31.4285714,31.4285714285714
2014,Emsland,Ukraine,Veränderung gegenüber 2005 in Prozent,K03454,2.45901639,2.45901639344262
2014,Friesland,Ukraine,Veränderung gegenüber 2005 in Prozent,K03455,-7.40740741,-7.40740740740741
2014,Grafschaft Bentheim,Ukraine,Veränderung gegenüber 2005 in Prozent,K03456,102.12766,102.127659574468
2014,Leer,Ukraine,Veränderung gegenüber 2005 in Prozent,K03457,25.8064516,25.8064516129032
2014,Oldenburg,Ukraine,Veränderung gegenüber 2005 in Prozent,K03458,55.2631579,55.2631578947368
2014,Osnabrück,Ukraine,Veränderung gegenüber 2005 in Prozent,K03459,8.84615385,8.84615384615385
2014,Vechta,Ukraine,Veränderung gegenüber 2005 in Prozent,K03460,4.06504065,4.0650406504065
2014,Wesermarsch,Ukraine,Veränderung gegenüber 2005 in Prozent,K03461,-24.2857143,-24.2857142857143
2014,Wittmund,Ukraine,Veränderung gegenüber 2005 in Prozent,K03462,-9.09090909,-9.09090909090909
2014,Statistische Region Weser-Ems,Ukraine,Veränderung gegenüber 2005 in Prozent,K034,-11.1200321,-11.1200321156162
2014,Niedersachsen,Ukraine,Veränderung gegenüber 2005 in Prozent,K030,-12.1598347,-12.1598346538064
2015,"Braunschweig, Stadt",Ukraine,Veränderung gegenüber 2005 in Prozent,K03101,13.0681818,13.0681818181818
2015,"Salzgitter, Stadt",Ukraine,Veränderung gegenüber 2005 in Prozent,K03102,19.1176471,19.1176470588235
2015,"Wolfsburg, Stadt",Ukraine,Veränderung gegenüber 2005 in Prozent,K03103,68.1318681,68.1318681318681
2015,Gifhorn,Ukraine,Veränderung gegenüber 2005 in Prozent,K03151,7.29166667,7.29166666666667
2015,Goslar,Ukraine,Veränderung gegenüber 2005 in Prozent,K03153,9.7826087,9.78260869565217
2015,Helmstedt,Ukraine,Veränderung gegenüber 2005 in Prozent,K03154,-2.22222222,-2.22222222222222
2015,Northeim,Ukraine,Veränderung gegenüber 2005 in Prozent,K03155,27.1186441,27.1186440677966
2015,Peine,Ukraine,Veränderung gegenüber 2005 in Prozent,K03157,83.7837838,83.7837837837838
2015,Wolfenbüttel,Ukraine,Veränderung gegenüber 2005 in Prozent,K03158,-15.0943396,-15.0943396226415
2015,Göttingen,Ukraine,Veränderung gegenüber 2005 in Prozent,K03159,-15.530303,-15.530303030303
2015,Statistische Region Braunschweig,Ukraine,Veränderung gegenüber 2005 in Prozent,K031,6.54468684,6.54468684025334
2015,Region Hannover,Ukraine,Veränderung gegenüber 2005 in Prozent,K03241,-23.3828298,-23.3828298344427
2015,"dav. Hannover, Lhst.",Ukraine,Veränderung gegenüber 2005 in Prozent,K03241001,-26.3003356,-26.3003355704698
2015,"dav. Hannover, Umland",Ukraine,Veränderung gegenüber 2005 in Prozent,K03241999,-10.6324473,-10.6324472960587
2015,Diepholz,Ukraine,Veränderung gegenüber 2005 in Prozent,K03251,41.5254237,41.5254237288136
2015,Hameln-Pyrmont,Ukraine,Veränderung gegenüber 2005 in Prozent,K03252,-25.7874016,-25.7874015748031
2015,Hildesheim,Ukraine,Veränderung gegenüber 2005 in Prozent,K03254,13.8297872,13.8297872340426
2015,Holzminden,Ukraine,Veränderung gegenüber 2005 in Prozent,K03255,95.6521739,95.6521739130435
2015,Nienburg (Weser),Ukraine,Veränderung gegenüber 2005 in Prozent,K03256,13.7931034,13.7931034482759
2015,Schaumburg,Ukraine,Veränderung gegenüber 2005 in Prozent,K03257,-10.0917431,-10.0917431192661
2015,Statistische Region Hannover,Ukraine,Veränderung gegenüber 2005 in Prozent,K032,-20.5012385,-20.5012385254262
2015,Celle,Ukraine,Veränderung gegenüber 2005 in Prozent,K03351,10.619469,10.6194690265487
2015,Cuxhaven,Ukraine,Veränderung gegenüber 2005 in Prozent,K03352,29.8507463,29.8507462686567
2015,Harburg,Ukraine,Veränderung gegenüber 2005 in Prozent,K03353,40.6504065,40.650406504065
2015,Lüchow-Dannenberg,Ukraine,Veränderung gegenüber 2005 in Prozent,K03354,20.0,20.0
2015,Lüneburg,Ukraine,Veränderung gegenüber 2005 in Prozent,K03355,17.0454545,17.0454545454545
2015,Osterholz,Ukraine,Veränderung gegenüber 2005 in Prozent,K03356,19.2307692,19.2307692307692
2015,Rotenburg (Wümme),Ukraine,Veränderung gegenüber 2005 in Prozent,K03357,15.5844156,15.5844155844156
2015,Heidekreis,Ukraine,Veränderung gegenüber 2005 in Prozent,K03358,32.967033,32.967032967033
2015,Stade,Ukraine,Veränderung gegenüber 2005 in Prozent,K03359,16.5137615,16.5137614678899
2015,Uelzen,Ukraine,Veränderung gegenüber 2005 in Prozent,K03360,57.5757576,57.5757575757576
2015,Verden,Ukraine,Veränderung gegenüber 2005 in Prozent,K03361,9.375,9.375
2015,Statistische Region Lüneburg,Ukraine,Veränderung gegenüber 2005 in Prozent,K033,23.4169654,23.4169653524492
2015,"Delmenhorst, Stadt",Ukraine,Veränderung gegenüber 2005 in Prozent,K03401,-20.7407407,-20.7407407407407
2015,"Emden, Stadt",Ukraine,Veränderung gegenüber 2005 in Prozent,K03402,18.75,18.75
2015,"Oldenburg (Oldb), Stadt",Ukraine,Veränderung gegenüber 2005 in Prozent,K03403,-5.66801619,-5.66801619433198
2015,"Osnabrück, Stadt",Ukraine,Veränderung gegenüber 2005 in Prozent,K03404,-38.6554622,-38.6554621848739
2015,"Wilhelmshaven, Stadt",Ukraine,Veränderung gegenüber 2005 in Prozent,K03405,-11.1111111,-11.1111111111111
2015,Ammerland,Ukraine,Veränderung gegenüber 2005 in Prozent,K03451,53.125,53.125
2015,Aurich,Ukraine,Veränderung gegenüber 2005 in Prozent,K03452,28.2051282,28.2051282051282
2015,Cloppenburg,Ukraine,Veränderung gegenüber 2005 in Prozent,K03453,40.952381,40.9523809523809
2015,Emsland,Ukraine,Veränderung gegenüber 2005 in Prozent,K03454,24.5901639,24.5901639344262
2015,Friesland,Ukraine,Veränderung gegenüber 2005 in Prozent,K03455,33.3333333,33.3333333333333
2015,Grafschaft Bentheim,Ukraine,Veränderung gegenüber 2005 in Prozent,K03456,80.8510638,80.8510638297872
2015,Leer,Ukraine,Veränderung gegenüber 2005 in Prozent,K03457,35.483871,35.4838709677419
2015,Oldenburg,Ukraine,Veränderung gegenüber 2005 in Prozent,K03458,100.0,100.0
2015,Osnabrück,Ukraine,Veränderung gegenüber 2005 in Prozent,K03459,13.4615385,13.4615384615385
2015,Vechta,Ukraine,Veränderung gegenüber 2005 in Prozent,K03460,3.25203252,3.2520325203252
2015,Wesermarsch,Ukraine,Veränderung gegenüber 2005 in Prozent,K03461,-14.2857143,-14.2857142857143
2015,Wittmund,Ukraine,Veränderung gegenüber 2005 in Prozent,K03462,18.1818182,18.1818181818182
2015,Statistische Region Weser-Ems,Ukraine,Veränderung gegenüber 2005 in Prozent,K034,-7.98875953,-7.98875953432356
2015,Niedersachsen,Ukraine,Veränderung gegenüber 2005 in Prozent,K030,-11.3417155,-11.3417154667585
2016,"Braunschweig, Stadt",Ukraine,Veränderung gegenüber 2005 in Prozent,K03101,12.2159091,12.2159090909091
2016,"Salzgitter, Stadt",Ukraine,Veränderung gegenüber 2005 in Prozent,K03102,39.7058824,39.7058823529412
2016,"Wolfsburg, Stadt",Ukraine,Veränderung gegenüber 2005 in Prozent,K03103,59.3406593,59.3406593406593
2016,Gifhorn,Ukraine,Veränderung gegenüber 2005 in Prozent,K03151,14.5833333,14.5833333333333
2016,Goslar,Ukraine,Veränderung gegenüber 2005 in Prozent,K03153,14.1304348,14.1304347826087
2016,Helmstedt,Ukraine,Veränderung gegenüber 2005 in Prozent,K03154,22.2222222,22.2222222222222
2016,Northeim,Ukraine,Veränderung gegenüber 2005 in Prozent,K03155,61.0169492,61.0169491525424
2016,Peine,Ukraine,Veränderung gegenüber 2005 in Prozent,K03157,89.1891892,89.1891891891892
2016,Wolfenbüttel,Ukraine,Veränderung gegenüber 2005 in Prozent,K03158,-5.66037736,-5.66037735849057
2016,Göttingen,Ukraine,Veränderung gegenüber 2005 in Prozent,K03159,-12.8787879,-12.8787878787879
2016,Statistische Region Braunschweig,Ukraine,Veränderung gegenüber 2005 in Prozent,K031,11.5411682,11.5411681914145
2016,Region Hannover,Ukraine,Veränderung gegenüber 2005 in Prozent,K03241,-25.1578768,-25.15787677078
2016,"dav. Hannover, Lhst.",Ukraine,Veränderung gegenüber 2005 in Prozent,K03241001,-28.6912752,-28.6912751677852
2016,"dav. Hannover, Umland",Ukraine,Veränderung gegenüber 2005 in Prozent,K03241999,-9.71585701,-9.71585701191567
2016,Diepholz,Ukraine,Veränderung gegenüber 2005 in Prozent,K03251,35.5932203,35.5932203389831
2016,Hameln-Pyrmont,Ukraine,Veränderung gegenüber 2005 in Prozent,K03252,-26.1811024,-26.1811023622047
2016,Hildesheim,Ukraine,Veränderung gegenüber 2005 in Prozent,K03254,25.0,25.0
2016,Holzminden,Ukraine,Veränderung gegenüber 2005 in Prozent,K03255,95.6521739,95.6521739130435
2016,Nienburg (Weser),Ukraine,Veränderung gegenüber 2005 in Prozent,K03256,12.0689655,12.0689655172414
2016,Schaumburg,Ukraine,Veränderung gegenüber 2005 in Prozent,K03257,-17.4311927,-17.4311926605505
2016,Statistische Region Hannover,Ukraine,Veränderung gegenüber 2005 in Prozent,K032,-21.9000437,-21.9000437126621
2016,Celle,Ukraine,Veränderung gegenüber 2005 in Prozent,K03351,6.19469027,6.19469026548673
2016,Cuxhaven,Ukraine,Veränderung gegenüber 2005 in Prozent,K03352,41.7910448,41.7910447761194
2016,Harburg,Ukraine,Veränderung gegenüber 2005 in Prozent,K03353,46.3414634,46.3414634146341
2016,Lüchow-Dannenberg,Ukraine,Veränderung gegenüber 2005 in Prozent,K03354,25.0,25.0
2016,Lüneburg,Ukraine,Veränderung gegenüber 2005 in Prozent,K03355,13.6363636,13.6363636363636
2016,Osterholz,Ukraine,Veränderung gegenüber 2005 in Prozent,K03356,15.3846154,15.3846153846154
2016,Rotenburg (Wümme),Ukraine,Veränderung gegenüber 2005 in Prozent,K03357,16.8831169,16.8831168831169
2016,Heidekreis,Ukraine,Veränderung gegenüber 2005 in Prozent,K03358,31.8681319,31.8681318681319
2016,Stade,Ukraine,Veränderung gegenüber 2005 in Prozent,K03359,33.0275229,33.0275229357798
2016,Uelzen,Ukraine,Veränderung gegenüber 2005 in Prozent,K03360,66.6666667,66.6666666666667
2016,Verden,Ukraine,Veränderung gegenüber 2005 in Prozent,K03361,17.1875,17.1875
2016,Statistische Region Lüneburg,Ukraine,Veränderung gegenüber 2005 in Prozent,K033,26.6427718,26.6427718040621
2016,"Delmenhorst, Stadt",Ukraine,Veränderung gegenüber 2005 in Prozent,K03401,-24.0740741,-24.0740740740741
2016,"Emden, Stadt",Ukraine,Veränderung gegenüber 2005 in Prozent,K03402,25.0,25.0
2016,"Oldenburg (Oldb), Stadt",Ukraine,Veränderung gegenüber 2005 in Prozent,K03403,-14.9797571,-14.9797570850202
2016,"Osnabrück, Stadt",Ukraine,Veränderung gegenüber 2005 in Prozent,K03404,-40.1260504,-40.1260504201681
2016,"Wilhelmshaven, Stadt",Ukraine,Veränderung gegenüber 2005 in Prozent,K03405,1.85185185,1.85185185185185
2016,Ammerland,Ukraine,Veränderung gegenüber 2005 in Prozent,K03451,87.5,87.5
2016,Aurich,Ukraine,Veränderung gegenüber 2005 in Prozent,K03452,53.8461538,53.8461538461538
2016,Cloppenburg,Ukraine,Veränderung gegenüber 2005 in Prozent,K03453,80.952381,80.9523809523809
2016,Emsland,Ukraine,Veränderung gegenüber 2005 in Prozent,K03454,31.147541,31.1475409836066
2016,Friesland,Ukraine,Veränderung gegenüber 2005 in Prozent,K03455,-7.40740741,-7.40740740740741
2016,Grafschaft Bentheim,Ukraine,Veränderung gegenüber 2005 in Prozent,K03456,112.765957,112.765957446809
2016,Leer,Ukraine,Veränderung gegenüber 2005 in Prozent,K03457,29.0322581,29.0322580645161
2016,Oldenburg,Ukraine,Veränderung gegenüber 2005 in Prozent,K03458,163.157895,163.157894736842
2016,Osnabrück,Ukraine,Veränderung gegenüber 2005 in Prozent,K03459,17.3076923,17.3076923076923
2016,Vechta,Ukraine,Veränderung gegenüber 2005 in Prozent,K03460,17.8861789,17.8861788617886
2016,Wesermarsch,Ukraine,Veränderung gegenüber 2005 in Prozent,K03461,-7.14285714,-7.14285714285714
2016,Wittmund,Ukraine,Veränderung gegenüber 2005 in Prozent,K03462,-9.09090909,-9.09090909090909
2016,Statistische Region Weser-Ems,Ukraine,Veränderung gegenüber 2005 in Prozent,K034,-4.25531915,-4.25531914893617
2016,Niedersachsen,Ukraine,Veränderung gegenüber 2005 in Prozent,K030,-10.5235963,-10.5235962797106
2017,"Braunschweig, Stadt",Ukraine,Veränderung gegenüber 2005 in Prozent,K03101,9.375,9.375
2017,"Salzgitter, Stadt",Ukraine,Veränderung gegenüber 2005 in Prozent,K03102,39.7058824,39.7058823529412
2017,"Wolfsburg, Stadt",Ukraine,Veränderung gegenüber 2005 in Prozent,K03103,64.8351648,64.8351648351648
2017,Gifhorn,Ukraine,Veränderung gegenüber 2005 in Prozent,K03151,19.7916667,19.7916666666667
2017,Goslar,Ukraine,Veränderung gegenüber 2005 in Prozent,K03153,19.5652174,19.5652173913043
2017,Helmstedt,Ukraine,Veränderung gegenüber 2005 in Prozent,K03154,11.1111111,11.1111111111111
2017,Northeim,Ukraine,Veränderung gegenüber 2005 in Prozent,K03155,52.5423729,52.5423728813559
2017,Peine,Ukraine,Veränderung gegenüber 2005 in Prozent,K03157,89.1891892,89.1891891891892
2017,Wolfenbüttel,Ukraine,Veränderung gegenüber 2005 in Prozent,K03158,3.77358491,3.77358490566038
2017,Göttingen,Ukraine,Veränderung gegenüber 2005 in Prozent,K03159,-8.14393939,-8.14393939393939
2017,Statistische Region Braunschweig,Ukraine,Veränderung gegenüber 2005 in Prozent,K031,12.9486277,12.9486277269529
2017,Region Hannover,Ukraine,Veränderung gegenüber 2005 in Prozent,K03241,-24.9871992,-24.9871991807476
2017,"dav. Hannover, Lhst.",Ukraine,Veränderung gegenüber 2005 in Prozent,K03241001,-28.6912752,-28.6912751677852
2017,"dav. Hannover, Umland",Ukraine,Veränderung gegenüber 2005 in Prozent,K03241999,-8.79926673,-8.79926672777269
2017,Diepholz,Ukraine,Veränderung gegenüber 2005 in Prozent,K03251,39.8305085,39.8305084745763
2017,Hameln-Pyrmont,Ukraine,Veränderung gegenüber 2005 in Prozent,K03252,-25.1968504,-25.1968503937008
2017,Hildesheim,Ukraine,Veränderung gegenüber 2005 in Prozent,K03254,40.9574468,40.9574468085106
2017,Holzminden,Ukraine,Veränderung gegenüber 2005 in Prozent,K03255,73.9130435,73.9130434782609
2017,Nienburg (Weser),Ukraine,Veränderung gegenüber 2005 in Prozent,K03256,20.6896552,20.6896551724138
2017,Schaumburg,Ukraine,Veränderung gegenüber 2005 in Prozent,K03257,-17.4311927,-17.4311926605505
2017,Statistische Region Hannover,Ukraine,Veränderung gegenüber 2005 in Prozent,K032,-21.2443538,-21.2443537811453
2017,Celle,Ukraine,Veränderung gegenüber 2005 in Prozent,K03351,10.619469,10.6194690265487
2017,Cuxhaven,Ukraine,Veränderung gegenüber 2005 in Prozent,K03352,41.7910448,41.7910447761194
2017,Harburg,Ukraine,Veränderung gegenüber 2005 in Prozent,K03353,46.3414634,46.3414634146341
2017,Lüchow-Dannenberg,Ukraine,Veränderung gegenüber 2005 in Prozent,K03354,50.0,50.0
2017,Lüneburg,Ukraine,Veränderung gegenüber 2005 in Prozent,K03355,13.6363636,13.6363636363636
2017,Osterholz,Ukraine,Veränderung gegenüber 2005 in Prozent,K03356,15.3846154,15.3846153846154
2017,Rotenburg (Wümme),Ukraine,Veränderung gegenüber 2005 in Prozent,K03357,16.8831169,16.8831168831169
2017,Heidekreis,Ukraine,Veränderung gegenüber 2005 in Prozent,K03358,37.3626374,37.3626373626374
2017,Stade,Ukraine,Veränderung gegenüber 2005 in Prozent,K03359,33.0275229,33.0275229357798
2017,Uelzen,Ukraine,Veränderung gegenüber 2005 in Prozent,K03360,66.6666667,66.6666666666667
2017,Verden,Ukraine,Veränderung gegenüber 2005 in Prozent,K03361,17.1875,17.1875
2017,Statistische Region Lüneburg,Ukraine,Veränderung gegenüber 2005 in Prozent,K033,30.2270012,30.2270011947431
2017,"Delmenhorst, Stadt",Ukraine,Veränderung gegenüber 2005 in Prozent,K03401,-22.2222222,-22.2222222222222
2017,"Emden, Stadt",Ukraine,Veränderung gegenüber 2005 in Prozent,K03402,56.25,56.25
2017,"Oldenburg (Oldb), Stadt",Ukraine,Veränderung gegenüber 2005 in Prozent,K03403,-12.9554656,-12.9554655870445
2017,"Osnabrück, Stadt",Ukraine,Veränderung gegenüber 2005 in Prozent,K03404,-40.6512605,-40.6512605042017
2017,"Wilhelmshaven, Stadt",Ukraine,Veränderung gegenüber 2005 in Prozent,K03405,-7.40740741,-7.40740740740741
2017,Ammerland,Ukraine,Veränderung gegenüber 2005 in Prozent,K03451,87.5,87.5
2017,Aurich,Ukraine,Veränderung gegenüber 2005 in Prozent,K03452,79.4871795,79.4871794871795
2017,Cloppenburg,Ukraine,Veränderung gegenüber 2005 in Prozent,K03453,114.285714,114.285714285714
2017,Emsland,Ukraine,Veränderung gegenüber 2005 in Prozent,K03454,47.5409836,47.5409836065574
2017,Friesland,Ukraine,Veränderung gegenüber 2005 in Prozent,K03455,11.1111111,11.1111111111111
2017,Grafschaft Bentheim,Ukraine,Veränderung gegenüber 2005 in Prozent,K03456,91.4893617,91.4893617021277
2017,Leer,Ukraine,Veränderung gegenüber 2005 in Prozent,K03457,37.0967742,37.0967741935484
2017,Oldenburg,Ukraine,Veränderung gegenüber 2005 in Prozent,K03458,189.473684,189.473684210526
2017,Osnabrück,Ukraine,Veränderung gegenüber 2005 in Prozent,K03459,25.0,25.0
2017,Vechta,Ukraine,Veränderung gegenüber 2005 in Prozent,K03460,21.9512195,21.9512195121951
2017,Wesermarsch,Ukraine,Veränderung gegenüber 2005 in Prozent,K03461,-14.2857143,-14.2857142857143
2017,Wittmund,Ukraine,Veränderung gegenüber 2005 in Prozent,K03462,-9.09090909,-9.09090909090909
2017,Statistische Region Weser-Ems,Ukraine,Veränderung gegenüber 2005 in Prozent,K034,0.16057808,0.160578081091931
2017,Niedersachsen,Ukraine,Veränderung gegenüber 2005 in Prozent,K030,-8.75818119,-8.75818119187048
2018,"Braunschweig, Stadt",Ukraine,Veränderung gegenüber 2005 in Prozent,K03101,12.2159091,12.2159090909091
2018,"Salzgitter, Stadt",Ukraine,Veränderung gegenüber 2005 in Prozent,K03102,47.0588235,47.0588235294118
2018,"Wolfsburg, Stadt",Ukraine,Veränderung gegenüber 2005 in Prozent,K03103,81.3186813,81.3186813186813
2018,Gifhorn,Ukraine,Veränderung gegenüber 2005 in Prozent,K03151,35.4166667,35.4166666666667
2018,Goslar,Ukraine,Veränderung gegenüber 2005 in Prozent,K03153,30.4347826,30.4347826086957
2018,Helmstedt,Ukraine,Veränderung gegenüber 2005 in Prozent,K03154,22.2222222,22.2222222222222
2018,Northeim,Ukraine,Veränderung gegenüber 2005 in Prozent,K03155,77.9661017,77.9661016949153
2018,Peine,Ukraine,Veränderung gegenüber 2005 in Prozent,K03157,116.216216,116.216216216216
2018,Wolfenbüttel,Ukraine,Veränderung gegenüber 2005 in Prozent,K03158,3.77358491,3.77358490566038
2018,Göttingen,Ukraine,Veränderung gegenüber 2005 in Prozent,K03159,-6.25,-6.25
2018,Statistische Region Braunschweig,Ukraine,Veränderung gegenüber 2005 in Prozent,K031,19.9859254,19.9859254046446
2018,Region Hannover,Ukraine,Veränderung gegenüber 2005 in Prozent,K03241,-24.21915,-24.2191500256016
2018,"dav. Hannover, Lhst.",Ukraine,Veränderung gegenüber 2005 in Prozent,K03241001,-28.4815436,-28.4815436241611
2018,"dav. Hannover, Umland",Ukraine,Veränderung gegenüber 2005 in Prozent,K03241999,-5.59120073,-5.59120073327223
2018,Diepholz,Ukraine,Veränderung gegenüber 2005 in Prozent,K03251,39.8305085,39.8305084745763
2018,Hameln-Pyrmont,Ukraine,Veränderung gegenüber 2005 in Prozent,K03252,-29.1338583,-29.1338582677165
2018,Hildesheim,Ukraine,Veränderung gegenüber 2005 in Prozent,K03254,51.5957447,51.5957446808511
2018,Holzminden,Ukraine,Veränderung gegenüber 2005 in Prozent,K03255,117.391304,117.391304347826
2018,Nienburg (Weser),Ukraine,Veränderung gegenüber 2005 in Prozent,K03256,29.3103448,29.3103448275862
2018,Schaumburg,Ukraine,Veränderung gegenüber 2005 in Prozent,K03257,-12.8440367,-12.8440366972477
2018,Statistische Region Hannover,Ukraine,Veränderung gegenüber 2005 in Prozent,K032,-20.2243917,-20.2243916654524
2018,Celle,Ukraine,Veränderung gegenüber 2005 in Prozent,K03351,19.4690265,19.4690265486726
2018,Cuxhaven,Ukraine,Veränderung gegenüber 2005 in Prozent,K03352,86.5671642,86.5671641791045
2018,Harburg,Ukraine,Veränderung gegenüber 2005 in Prozent,K03353,66.6666667,66.6666666666667
2018,Lüchow-Dannenberg,Ukraine,Veränderung gegenüber 2005 in Prozent,K03354,75.0,75.0
2018,Lüneburg,Ukraine,Veränderung gegenüber 2005 in Prozent,K03355,25.0,25.0
2018,Osterholz,Ukraine,Veränderung gegenüber 2005 in Prozent,K03356,15.3846154,15.3846153846154
2018,Rotenburg (Wümme),Ukraine,Veränderung gegenüber 2005 in Prozent,K03357,29.8701299,29.8701298701299
2018,Heidekreis,Ukraine,Veränderung gegenüber 2005 in Prozent,K03358,48.3516484,48.3516483516484
2018,Stade,Ukraine,Veränderung gegenüber 2005 in Prozent,K03359,33.0275229,33.0275229357798
2018,Uelzen,Ukraine,Veränderung gegenüber 2005 in Prozent,K03360,66.6666667,66.6666666666667
2018,Verden,Ukraine,Veränderung gegenüber 2005 in Prozent,K03361,32.8125,32.8125
2018,Statistische Region Lüneburg,Ukraine,Veränderung gegenüber 2005 in Prozent,K033,42.1744325,42.1744324970131
2018,"Delmenhorst, Stadt",Ukraine,Veränderung gegenüber 2005 in Prozent,K03401,-24.0740741,-24.0740740740741
2018,"Emden, Stadt",Ukraine,Veränderung gegenüber 2005 in Prozent,K03402,56.25,56.25
2018,"Oldenburg (Oldb), Stadt",Ukraine,Veränderung gegenüber 2005 in Prozent,K03403,-12.9554656,-12.9554655870445
2018,"Osnabrück, Stadt",Ukraine,Veränderung gegenüber 2005 in Prozent,K03404,-41.1764706,-41.1764705882353
2018,"Wilhelmshaven, Stadt",Ukraine,Veränderung gegenüber 2005 in Prozent,K03405,1.85185185,1.85185185185185
2018,Ammerland,Ukraine,Veränderung gegenüber 2005 in Prozent,K03451,103.125,103.125
2018,Aurich,Ukraine,Veränderung gegenüber 2005 in Prozent,K03452,79.4871795,79.4871794871795
2018,Cloppenburg,Ukraine,Veränderung gegenüber 2005 in Prozent,K03453,161.904762,161.904761904762
2018,Emsland,Ukraine,Veränderung gegenüber 2005 in Prozent,K03454,80.3278689,80.327868852459
2018,Friesland,Ukraine,Veränderung gegenüber 2005 in Prozent,K03455,11.1111111,11.1111111111111
2018,Grafschaft Bentheim,Ukraine,Veränderung gegenüber 2005 in Prozent,K03456,112.765957,112.765957446809
2018,Leer,Ukraine,Veränderung gegenüber 2005 in Prozent,K03457,37.0967742,37.0967741935484
2018,Oldenburg,Ukraine,Veränderung gegenüber 2005 in Prozent,K03458,215.789474,215.789473684211
2018,Osnabrück,Ukraine,Veränderung gegenüber 2005 in Prozent,K03459,40.3846154,40.3846153846154
2018,Vechta,Ukraine,Veränderung gegenüber 2005 in Prozent,K03460,38.2113821,38.2113821138211
2018,Wesermarsch,Ukraine,Veränderung gegenüber 2005 in Prozent,K03461,-21.4285714,-21.4285714285714
2018,Wittmund,Ukraine,Veränderung gegenüber 2005 in Prozent,K03462,36.3636364,36.3636363636364
2018,Statistische Region Weser-Ems,Ukraine,Veränderung gegenüber 2005 in Prozent,K034,6.78442393,6.78442392613408
2018,Niedersachsen,Ukraine,Veränderung gegenüber 2005 in Prozent,K030,-5.01205649,-5.01205649328281
2019,"Braunschweig, Stadt",Ukraine,Veränderung gegenüber 2005 in Prozent,K03101,20.7386364,20.7386363636364
2019,"Salzgitter, Stadt",Ukraine,Veränderung gegenüber 2005 in Prozent,K03102,69.1176471,69.1176470588235
2019,"Wolfsburg, Stadt",Ukraine,Veränderung gegenüber 2005 in Prozent,K03103,92.3076923,92.3076923076923
2019,Gifhorn,Ukraine,Veränderung gegenüber 2005 in Prozent,K03151,40.625,40.625
2019,Goslar,Ukraine,Veränderung gegenüber 2005 in Prozent,K03153,46.7391304,46.7391304347826
2019,Helmstedt,Ukraine,Veränderung gegenüber 2005 in Prozent,K03154,33.3333333,33.3333333333333
2019,Northeim,Ukraine,Veränderung gegenüber 2005 in Prozent,K03155,94.9152542,94.9152542372881
2019,Peine,Ukraine,Veränderung gegenüber 2005 in Prozent,K03157,129.72973,129.72972972973
2019,Wolfenbüttel,Ukraine,Veränderung gegenüber 2005 in Prozent,K03158,3.77358491,3.77358490566038
2019,Göttingen,Ukraine,Veränderung gegenüber 2005 in Prozent,K03159,-8.14393939,-8.14393939393939
2019,Statistische Region Braunschweig,Ukraine,Veränderung gegenüber 2005 in Prozent,K031,25.6157635,25.615763546798
2019,Region Hannover,Ukraine,Veränderung gegenüber 2005 in Prozent,K03241,-23.8777948,-23.8777948455368
2019,"dav. Hannover, Lhst.",Ukraine,Veränderung gegenüber 2005 in Prozent,K03241001,-27.5377517,-27.5377516778523
2019,"dav. Hannover, Umland",Ukraine,Veränderung gegenüber 2005 in Prozent,K03241999,-7.88267644,-7.8826764436297
2019,Diepholz,Ukraine,Veränderung gegenüber 2005 in Prozent,K03251,52.5423729,52.5423728813559
2019,Hameln-Pyrmont,Ukraine,Veränderung gegenüber 2005 in Prozent,K03252,-26.1811024,-26.1811023622047
2019,Hildesheim,Ukraine,Veränderung gegenüber 2005 in Prozent,K03254,51.5957447,51.5957446808511
2019,Holzminden,Ukraine,Veränderung gegenüber 2005 in Prozent,K03255,139.130435,139.130434782609
2019,Nienburg (Weser),Ukraine,Veränderung gegenüber 2005 in Prozent,K03256,20.6896552,20.6896551724138
2019,Schaumburg,Ukraine,Veränderung gegenüber 2005 in Prozent,K03257,-8.25688073,-8.25688073394495
2019,Statistische Region Hannover,Ukraine,Veränderung gegenüber 2005 in Prozent,K032,-19.5687017,-19.5687017339356
2019,Celle,Ukraine,Veränderung gegenüber 2005 in Prozent,K03351,23.8938053,23.8938053097345
2019,Cuxhaven,Ukraine,Veränderung gegenüber 2005 in Prozent,K03352,79.1044776,79.1044776119403
2019,Harburg,Ukraine,Veränderung gegenüber 2005 in Prozent,K03353,95.1219512,95.1219512195122
2019,Lüchow-Dannenberg,Ukraine,Veränderung gegenüber 2005 in Prozent,K03354,50.0,50.0
2019,Lüneburg,Ukraine,Veränderung gegenüber 2005 in Prozent,K03355,25.0,25.0
2019,Osterholz,Ukraine,Veränderung gegenüber 2005 in Prozent,K03356,15.3846154,15.3846153846154
2019,Rotenburg (Wümme),Ukraine,Veränderung gegenüber 2005 in Prozent,K03357,49.3506494,49.3506493506493
2019,Heidekreis,Ukraine,Veränderung gegenüber 2005 in Prozent,K03358,70.3296703,70.3296703296703
2019,Stade,Ukraine,Veränderung gegenüber 2005 in Prozent,K03359,28.440367,28.4403669724771
2019,Uelzen,Ukraine,Veränderung gegenüber 2005 in Prozent,K03360,112.121212,112.121212121212
2019,Verden,Ukraine,Veränderung gegenüber 2005 in Prozent,K03361,40.625,40.625
2019,Statistische Region Lüneburg,Ukraine,Veränderung gegenüber 2005 in Prozent,K033,52.3297491,52.3297491039427
2019,"Delmenhorst, Stadt",Ukraine,Veränderung gegenüber 2005 in Prozent,K03401,-18.5185185,-18.5185185185185
2019,"Emden, Stadt",Ukraine,Veränderung gegenüber 2005 in Prozent,K03402,71.875,71.875
2019,"Oldenburg (Oldb), Stadt",Ukraine,Veränderung gegenüber 2005 in Prozent,K03403,-12.9554656,-12.9554655870445
2019,"Osnabrück, Stadt",Ukraine,Veränderung gegenüber 2005 in Prozent,K03404,-42.7521008,-42.7521008403361
2019,"Wilhelmshaven, Stadt",Ukraine,Veränderung gegenüber 2005 in Prozent,K03405,20.3703704,20.3703703703704
2019,Ammerland,Ukraine,Veränderung gegenüber 2005 in Prozent,K03451,118.75,118.75
2019,Aurich,Ukraine,Veränderung gegenüber 2005 in Prozent,K03452,105.128205,105.128205128205
2019,Cloppenburg,Ukraine,Veränderung gegenüber 2005 in Prozent,K03453,152.380952,152.380952380952
2019,Emsland,Ukraine,Veränderung gegenüber 2005 in Prozent,K03454,109.016393,109.016393442623
2019,Friesland,Ukraine,Veränderung gegenüber 2005 in Prozent,K03455,29.6296296,29.6296296296296
2019,Grafschaft Bentheim,Ukraine,Veränderung gegenüber 2005 in Prozent,K03456,123.404255,123.404255319149
2019,Leer,Ukraine,Veränderung gegenüber 2005 in Prozent,K03457,109.677419,109.677419354839
2019,Oldenburg,Ukraine,Veränderung gegenüber 2005 in Prozent,K03458,84.2105263,84.2105263157895
2019,Osnabrück,Ukraine,Veränderung gegenüber 2005 in Prozent,K03459,57.6923077,57.6923076923077
2019,Vechta,Ukraine,Veränderung gegenüber 2005 in Prozent,K03460,30.0813008,30.0813008130081
2019,Wesermarsch,Ukraine,Veränderung gegenüber 2005 in Prozent,K03461,-7.14285714,-7.14285714285714
2019,Wittmund,Ukraine,Veränderung gegenüber 2005 in Prozent,K03462,-9.09090909,-9.09090909090909
2019,Statistische Region Weser-Ems,Ukraine,Veränderung gegenüber 2005 in Prozent,K034,10.9995986,10.9995985547973
2019,Niedersachsen,Ukraine,Veränderung gegenüber 2005 in Prozent,K030,-2.2993455,-2.29934550465036
2020,"Braunschweig, Stadt",Ukraine,Veränderung gegenüber 2005 in Prozent,K03101,17.8977273,17.8977272727273
2020,"Salzgitter, Stadt",Ukraine,Veränderung gegenüber 2005 in Prozent,K03102,105.882353,105.882352941176
2020,"Wolfsburg, Stadt",Ukraine,Veränderung gegenüber 2005 in Prozent,K03103,92.3076923,92.3076923076923
2020,Gifhorn,Ukraine,Veränderung gegenüber 2005 in Prozent,K03151,61.4583333,61.4583333333333
2020,Goslar,Ukraine,Veränderung gegenüber 2005 in Prozent,K03153,57.6086957,57.6086956521739
2020,Helmstedt,Ukraine,Veränderung gegenüber 2005 in Prozent,K03154,55.5555556,55.5555555555556
2020,Northeim,Ukraine,Veränderung gegenüber 2005 in Prozent,K03155,77.9661017,77.9661016949153
2020,Peine,Ukraine,Veränderung gegenüber 2005 in Prozent,K03157,129.72973,129.72972972973
2020,Wolfenbüttel,Ukraine,Veränderung gegenüber 2005 in Prozent,K03158,13.2075472,13.2075471698113
2020,Göttingen,Ukraine,Veränderung gegenüber 2005 in Prozent,K03159,-8.14393939,-8.14393939393939
2020,Statistische Region Braunschweig,Ukraine,Veränderung gegenüber 2005 in Prozent,K031,29.1344124,29.1344123856439
2020,Region Hannover,Ukraine,Veränderung gegenüber 2005 in Prozent,K03241,-26.1819423,-26.1819423109746
2020,"dav. Hannover, Lhst.",Ukraine,Veränderung gegenüber 2005 in Prozent,K03241001,-30.7885906,-30.7885906040268
2020,"dav. Hannover, Umland",Ukraine,Veränderung gegenüber 2005 in Prozent,K03241999,-6.50779102,-6.50779101741522
2020,Diepholz,Ukraine,Veränderung gegenüber 2005 in Prozent,K03251,56.779661,56.7796610169492
2020,Hameln-Pyrmont,Ukraine,Veränderung gegenüber 2005 in Prozent,K03252,-25.1968504,-25.1968503937008
2020,Hildesheim,Ukraine,Veränderung gegenüber 2005 in Prozent,K03254,51.5957447,51.5957446808511
2020,Holzminden,Ukraine,Veränderung gegenüber 2005 in Prozent,K03255,95.6521739,95.6521739130435
2020,Nienburg (Weser),Ukraine,Veränderung gegenüber 2005 in Prozent,K03256,55.1724138,55.1724137931034
2020,Schaumburg,Ukraine,Veränderung gegenüber 2005 in Prozent,K03257,0.91743119,0.917431192660551
2020,Statistische Region Hannover,Ukraine,Veränderung gegenüber 2005 in Prozent,K032,-21.1714993,-21.1714993443101
2020,Celle,Ukraine,Veränderung gegenüber 2005 in Prozent,K03351,23.8938053,23.8938053097345
2020,Cuxhaven,Ukraine,Veränderung gegenüber 2005 in Prozent,K03352,94.0298507,94.0298507462687
2020,Harburg,Ukraine,Veränderung gegenüber 2005 in Prozent,K03353,103.252033,103.252032520325
2020,Lüchow-Dannenberg,Ukraine,Veränderung gegenüber 2005 in Prozent,K03354,175.0,175.0
2020,Lüneburg,Ukraine,Veränderung gegenüber 2005 in Prozent,K03355,30.6818182,30.6818181818182
2020,Osterholz,Ukraine,Veränderung gegenüber 2005 in Prozent,K03356,34.6153846,34.6153846153846
2020,Rotenburg (Wümme),Ukraine,Veränderung gegenüber 2005 in Prozent,K03357,49.3506494,49.3506493506493
2020,Heidekreis,Ukraine,Veränderung gegenüber 2005 in Prozent,K03358,59.3406593,59.3406593406593
2020,Stade,Ukraine,Veränderung gegenüber 2005 in Prozent,K03359,28.440367,28.4403669724771
2020,Uelzen,Ukraine,Veränderung gegenüber 2005 in Prozent,K03360,142.424242,142.424242424242
2020,Verden,Ukraine,Veränderung gegenüber 2005 in Prozent,K03361,48.4375,48.4375
2020,Statistische Region Lüneburg,Ukraine,Veränderung gegenüber 2005 in Prozent,K033,59.4982079,59.4982078853047
2020,"Delmenhorst, Stadt",Ukraine,Veränderung gegenüber 2005 in Prozent,K03401,-16.6666667,-16.6666666666667
2020,"Emden, Stadt",Ukraine,Veränderung gegenüber 2005 in Prozent,K03402,103.125,103.125
2020,"Oldenburg (Oldb), Stadt",Ukraine,Veränderung gegenüber 2005 in Prozent,K03403,-8.90688259,-8.90688259109312
2020,"Osnabrück, Stadt",Ukraine,Veränderung gegenüber 2005 in Prozent,K03404,-43.2773109,-43.2773109243698
2020,"Wilhelmshaven, Stadt",Ukraine,Veränderung gegenüber 2005 in Prozent,K03405,20.3703704,20.3703703703704
2020,Ammerland,Ukraine,Veränderung gegenüber 2005 in Prozent,K03451,165.625,165.625
2020,Aurich,Ukraine,Veränderung gegenüber 2005 in Prozent,K03452,130.769231,130.769230769231
2020,Cloppenburg,Ukraine,Veränderung gegenüber 2005 in Prozent,K03453,142.857143,142.857142857143
2020,Emsland,Ukraine,Veränderung gegenüber 2005 in Prozent,K03454,117.213115,117.213114754098
2020,Friesland,Ukraine,Veränderung gegenüber 2005 in Prozent,K03455,66.6666667,66.6666666666667
2020,Grafschaft Bentheim,Ukraine,Veränderung gegenüber 2005 in Prozent,K03456,134.042553,134.042553191489
2020,Leer,Ukraine,Veränderung gegenüber 2005 in Prozent,K03457,93.5483871,93.5483870967742
2020,Oldenburg,Ukraine,Veränderung gegenüber 2005 in Prozent,K03458,97.3684211,97.3684210526316
2020,Osnabrück,Ukraine,Veränderung gegenüber 2005 in Prozent,K03459,63.4615385,63.4615384615385
2020,Vechta,Ukraine,Veränderung gegenüber 2005 in Prozent,K03460,34.1463415,34.1463414634146
2020,Wesermarsch,Ukraine,Veränderung gegenüber 2005 in Prozent,K03461,-21.4285714,-21.4285714285714
2020,Wittmund,Ukraine,Veränderung gegenüber 2005 in Prozent,K03462,36.3636364,36.3636363636364
2020,Statistische Region Weser-Ems,Ukraine,Veränderung gegenüber 2005 in Prozent,K034,13.6089924,13.6089923725411
2020,Niedersachsen,Ukraine,Veränderung gegenüber 2005 in Prozent,K030,-1.73957975,-1.73957974509128
2021,"Braunschweig, Stadt",Ukraine,Veränderung gegenüber 2005 in Prozent,K03101,22.1590909,22.1590909090909
2021,"Salzgitter, Stadt",Ukraine,Veränderung gegenüber 2005 in Prozent,K03102,120.588235,120.588235294118
2021,"Wolfsburg, Stadt",Ukraine,Veränderung gegenüber 2005 in Prozent,K03103,97.8021978,97.8021978021978
2021,Gifhorn,Ukraine,Veränderung gegenüber 2005 in Prozent,K03151,66.6666667,66.6666666666667
2021,Goslar,Ukraine,Veränderung gegenüber 2005 in Prozent,K03153,52.173913,52.1739130434783
2021,Helmstedt,Ukraine,Veränderung gegenüber 2005 in Prozent,K03154,66.6666667,66.6666666666667
2021,Northeim,Ukraine,Veränderung gegenüber 2005 in Prozent,K03155,94.9152542,94.9152542372881
2021,Peine,Ukraine,Veränderung gegenüber 2005 in Prozent,K03157,156.756757,156.756756756757
2021,Wolfenbüttel,Ukraine,Veränderung gegenüber 2005 in Prozent,K03158,32.0754717,32.0754716981132
2021,Göttingen,Ukraine,Veränderung gegenüber 2005 in Prozent,K03159,-6.25,-6.25
2021,Statistische Region Braunschweig,Ukraine,Veränderung gegenüber 2005 in Prozent,K031,34.0605208,34.0605207600281
2021,Region Hannover,Ukraine,Veränderung gegenüber 2005 in Prozent,K03241,-25.2432156,-25.2432155657962
2021,"dav. Hannover, Lhst.",Ukraine,Veränderung gegenüber 2005 in Prozent,K03241001,-30.8934564,-30.8934563758389
2021,"dav. Hannover, Umland",Ukraine,Veränderung gegenüber 2005 in Prozent,K03241999,-0.54995417,-0.549954170485793
2021,Diepholz,Ukraine,Veränderung gegenüber 2005 in Prozent,K03251,86.440678,86.4406779661017
2021,Hameln-Pyrmont,Ukraine,Veränderung gegenüber 2005 in Prozent,K03252,-23.2283465,-23.2283464566929
2021,Hildesheim,Ukraine,Veränderung gegenüber 2005 in Prozent,K03254,64.893617,64.8936170212766
2021,Holzminden,Ukraine,Veränderung gegenüber 2005 in Prozent,K03255,139.130435,139.130434782609
2021,Nienburg (Weser),Ukraine,Veränderung gegenüber 2005 in Prozent,K03256,46.5517241,46.551724137931
2021,Schaumburg,Ukraine,Veränderung gegenüber 2005 in Prozent,K03257,14.6788991,14.6788990825688
2021,Statistische Region Hannover,Ukraine,Veränderung gegenüber 2005 in Prozent,K032,-18.9858662,-18.985866239254
2021,Celle,Ukraine,Veränderung gegenüber 2005 in Prozent,K03351,28.3185841,28.3185840707965
2021,Cuxhaven,Ukraine,Veränderung gegenüber 2005 in Prozent,K03352,131.343284,131.34328358209
2021,Harburg,Ukraine,Veränderung gegenüber 2005 in Prozent,K03353,123.577236,123.577235772358
2021,Lüchow-Dannenberg,Ukraine,Veränderung gegenüber 2005 in Prozent,K03354,50.0,50.0
2021,Lüneburg,Ukraine,Veränderung gegenüber 2005 in Prozent,K03355,36.3636364,36.3636363636364
2021,Osterholz,Ukraine,Veränderung gegenüber 2005 in Prozent,K03356,63.4615385,63.4615384615385
2021,Rotenburg (Wümme),Ukraine,Veränderung gegenüber 2005 in Prozent,K03357,81.8181818,81.8181818181818
2021,Heidekreis,Ukraine,Veränderung gegenüber 2005 in Prozent,K03358,81.3186813,81.3186813186813
2021,Stade,Ukraine,Veränderung gegenüber 2005 in Prozent,K03359,42.2018349,42.2018348623853
2021,Uelzen,Ukraine,Veränderung gegenüber 2005 in Prozent,K03360,142.424242,142.424242424242
2021,Verden,Ukraine,Veränderung gegenüber 2005 in Prozent,K03361,48.4375,48.4375
2021,Statistische Region Lüneburg,Ukraine,Veränderung gegenüber 2005 in Prozent,K033,72.0430108,72.0430107526882
2021,"Delmenhorst, Stadt",Ukraine,Veränderung gegenüber 2005 in Prozent,K03401,-12.962963,-12.962962962963
2021,"Emden, Stadt",Ukraine,Veränderung gegenüber 2005 in Prozent,K03402,118.75,118.75
2021,"Oldenburg (Oldb), Stadt",Ukraine,Veränderung gegenüber 2005 in Prozent,K03403,-2.8340081,-2.83400809716599
2021,"Osnabrück, Stadt",Ukraine,Veränderung gegenüber 2005 in Prozent,K03404,-42.7521008,-42.7521008403361
2021,"Wilhelmshaven, Stadt",Ukraine,Veränderung gegenüber 2005 in Prozent,K03405,29.6296296,29.6296296296296
2021,Ammerland,Ukraine,Veränderung gegenüber 2005 in Prozent,K03451,165.625,165.625
2021,Aurich,Ukraine,Veränderung gegenüber 2005 in Prozent,K03452,143.589744,143.589743589744
2021,Cloppenburg,Ukraine,Veränderung gegenüber 2005 in Prozent,K03453,128.571429,128.571428571429
2021,Emsland,Ukraine,Veränderung gegenüber 2005 in Prozent,K03454,133.606557,133.606557377049
2021,Friesland,Ukraine,Veränderung gegenüber 2005 in Prozent,K03455,66.6666667,66.6666666666667
2021,Grafschaft Bentheim,Ukraine,Veränderung gegenüber 2005 in Prozent,K03456,219.148936,219.148936170213
2021,Leer,Ukraine,Veränderung gegenüber 2005 in Prozent,K03457,109.677419,109.677419354839
2021,Oldenburg,Ukraine,Veränderung gegenüber 2005 in Prozent,K03458,123.684211,123.684210526316
2021,Osnabrück,Ukraine,Veränderung gegenüber 2005 in Prozent,K03459,71.1538462,71.1538461538462
2021,Vechta,Ukraine,Veränderung gegenüber 2005 in Prozent,K03460,46.3414634,46.3414634146341
2021,Wesermarsch,Ukraine,Veränderung gegenüber 2005 in Prozent,K03461,-21.4285714,-21.4285714285714
2021,Wittmund,Ukraine,Veränderung gegenüber 2005 in Prozent,K03462,127.272727,127.272727272727
2021,Statistische Region Weser-Ems,Ukraine,Veränderung gegenüber 2005 in Prozent,K034,19.6306704,19.6306704134886
2021,Niedersachsen,Ukraine,Veränderung gegenüber 2005 in Prozent,K030,2.39407509,2.39407509472959
2022,"Braunschweig, Stadt",Ukraine,Veränderung gegenüber 2005 in Prozent,K03101,912.784091,912.784090909091
2022,"Salzgitter, Stadt",Ukraine,Veränderung gegenüber 2005 in Prozent,K03102,1936.76471,1936.76470588235
2022,"Wolfsburg, Stadt",Ukraine,Veränderung gegenüber 2005 in Prozent,K03103,2328.57143,2328.57142857143
2022,Gifhorn,Ukraine,Veränderung gegenüber 2005 in Prozent,K03151,2155.20833,2155.20833333333
2022,Goslar,Ukraine,Veränderung gegenüber 2005 in Prozent,K03153,1905.43478,1905.4347826087
2022,Helmstedt,Ukraine,Veränderung gegenüber 2005 in Prozent,K03154,3177.77778,3177.77777777778
2022,Northeim,Ukraine,Veränderung gegenüber 2005 in Prozent,K03155,4442.37288,4442.37288135593
2022,Peine,Ukraine,Veränderung gegenüber 2005 in Prozent,K03157,4845.94595,4845.94594594595
2022,Wolfenbüttel,Ukraine,Veränderung gegenüber 2005 in Prozent,K03158,3088.67925,3088.67924528302
2022,Göttingen,Ukraine,Veränderung gegenüber 2005 in Prozent,K03159,731.439394,731.439393939394
2022,Statistische Region Braunschweig,Ukraine,Veränderung gegenüber 2005 in Prozent,K031,1535.11612,1535.11611541168
2022,Region Hannover,Ukraine,Veränderung gegenüber 2005 in Prozent,K03241,287.438129,287.438129373613
2022,"dav. Hannover, Lhst.",Ukraine,Veränderung gegenüber 2005 in Prozent,K03241001,113.401846,113.401845637584
2022,"dav. Hannover, Umland",Ukraine,Veränderung gegenüber 2005 in Prozent,K03241999,1048.02933,1048.02933088909
2022,Diepholz,Ukraine,Veränderung gegenüber 2005 in Prozent,K03251,2315.25424,2315.25423728814
2022,Hameln-Pyrmont,Ukraine,Veränderung gegenüber 2005 in Prozent,K03252,442.322835,442.322834645669
2022,Hildesheim,Ukraine,Veränderung gegenüber 2005 in Prozent,K03254,2192.55319,2192.55319148936
2022,Holzminden,Ukraine,Veränderung gegenüber 2005 in Prozent,K03255,5573.91304,5573.91304347826
2022,Nienburg (Weser),Ukraine,Veränderung gegenüber 2005 in Prozent,K03256,2968.96552,2968.96551724138
2022,Schaumburg,Ukraine,Veränderung gegenüber 2005 in Prozent,K03257,1730.27523,1730.2752293578
2022,Statistische Region Hannover,Ukraine,Veränderung gegenüber 2005 in Prozent,K032,449.249599,449.249599300597
2022,Celle,Ukraine,Veränderung gegenüber 2005 in Prozent,K03351,1908.84956,1908.84955752212
2022,Cuxhaven,Ukraine,Veränderung gegenüber 2005 in Prozent,K03352,3467.16418,3467.16417910448
2022,Harburg,Ukraine,Veränderung gegenüber 2005 in Prozent,K03353,2460.97561,2460.9756097561
2022,Lüchow-Dannenberg,Ukraine,Veränderung gegenüber 2005 in Prozent,K03354,3775.0,3775.0
2022,Lüneburg,Ukraine,Veränderung gegenüber 2005 in Prozent,K03355,2110.22727,2110.22727272727
2022,Osterholz,Ukraine,Veränderung gegenüber 2005 in Prozent,K03356,2755.76923,2755.76923076923
2022,Rotenburg (Wümme),Ukraine,Veränderung gegenüber 2005 in Prozent,K03357,2640.25974,2640.25974025974
2022,Heidekreis,Ukraine,Veränderung gegenüber 2005 in Prozent,K03358,3685.71429,3685.71428571429
2022,Stade,Ukraine,Veränderung gegenüber 2005 in Prozent,K03359,2601.83486,2601.83486238532
2022,Uelzen,Ukraine,Veränderung gegenüber 2005 in Prozent,K03360,4490.90909,4490.90909090909
2022,Verden,Ukraine,Veränderung gegenüber 2005 in Prozent,K03361,2603.125,2603.125
2022,Statistische Region Lüneburg,Ukraine,Veränderung gegenüber 2005 in Prozent,K033,2738.70968,2738.70967741935
2022,"Delmenhorst, Stadt",Ukraine,Veränderung gegenüber 2005 in Prozent,K03401,335.185185,335.185185185185
2022,"Emden, Stadt",Ukraine,Veränderung gegenüber 2005 in Prozent,K03402,2946.875,2946.875
2022,"Oldenburg (Oldb), Stadt",Ukraine,Veränderung gegenüber 2005 in Prozent,K03403,715.789474,715.789473684211
2022,"Osnabrück, Stadt",Ukraine,Veränderung gegenüber 2005 in Prozent,K03404,204.621849,204.621848739496
2022,"Wilhelmshaven, Stadt",Ukraine,Veränderung gegenüber 2005 in Prozent,K03405,1937.03704,1937.03703703704
2022,Ammerland,Ukraine,Veränderung gegenüber 2005 in Prozent,K03451,4650.0,4650.0
2022,Aurich,Ukraine,Veränderung gegenüber 2005 in Prozent,K03452,4464.10256,4464.10256410256
2022,Cloppenburg,Ukraine,Veränderung gegenüber 2005 in Prozent,K03453,2671.42857,2671.42857142857
2022,Emsland,Ukraine,Veränderung gegenüber 2005 in Prozent,K03454,3162.29508,3162.29508196721
2022,Friesland,Ukraine,Veränderung gegenüber 2005 in Prozent,K03455,4511.11111,4511.11111111111
2022,Grafschaft Bentheim,Ukraine,Veränderung gegenüber 2005 in Prozent,K03456,4400.0,4400.0
2022,Leer,Ukraine,Veränderung gegenüber 2005 in Prozent,K03457,3190.32258,3190.32258064516
2022,Oldenburg,Ukraine,Veränderung gegenüber 2005 in Prozent,K03458,3426.31579,3426.31578947368
2022,Osnabrück,Ukraine,Veränderung gegenüber 2005 in Prozent,K03459,1826.92308,1826.92307692308
2022,Vechta,Ukraine,Veränderung gegenüber 2005 in Prozent,K03460,1708.94309,1708.94308943089
2022,Wesermarsch,Ukraine,Veränderung gegenüber 2005 in Prozent,K03461,1757.14286,1757.14285714286
2022,Wittmund,Ukraine,Veränderung gegenüber 2005 in Prozent,K03462,8127.27273,8127.27272727273
2022,Statistische Region Weser-Ems,Ukraine,Veränderung gegenüber 2005 in Prozent,K034,1286.59173,1286.59173022882
2022,Niedersachsen,Ukraine,Veränderung gegenüber 2005 in Prozent,K030,926.782639,926.782638649673
2023,"Braunschweig, Stadt",Ukraine,Veränderung gegenüber 2005 in Prozent,K03101,969.602273,969.602272727273
2023,"Salzgitter, Stadt",Ukraine,Veränderung gegenüber 2005 in Prozent,K03102,1936.76471,1936.76470588235
2023,"Wolfsburg, Stadt",Ukraine,Veränderung gegenüber 2005 in Prozent,K03103,2284.61538,2284.61538461538
2023,Gifhorn,Ukraine,Veränderung gegenüber 2005 in Prozent,K03151,1821.875,1821.875
2023,Goslar,Ukraine,Veränderung gegenüber 2005 in Prozent,K03153,2361.95652,2361.95652173913
2023,Helmstedt,Ukraine,Veränderung gegenüber 2005 in Prozent,K03154,3355.55556,3355.55555555556
2023,Northeim,Ukraine,Veränderung gegenüber 2005 in Prozent,K03155,4332.20339,4332.20338983051
2023,Peine,Ukraine,Veränderung gegenüber 2005 in Prozent,K03157,5251.35135,5251.35135135135
2023,Wolfenbüttel,Ukraine,Veränderung gegenüber 2005 in Prozent,K03158,2975.4717,2975.47169811321
2023,Göttingen,Ukraine,Veränderung gegenüber 2005 in Prozent,K03159,793.939394,793.939393939394
2023,Statistische Region Braunschweig,Ukraine,Veränderung gegenüber 2005 in Prozent,K031,1583.67347,1583.67346938776
2023,Region Hannover,Ukraine,Veränderung gegenüber 2005 in Prozent,K03241,240.928486,240.928486089776
2023,"dav. Hannover, Lhst.",Ukraine,Veränderung gegenüber 2005 in Prozent,K03241001,136.157718,136.157718120805
2023,"dav. Hannover, Umland",Ukraine,Veränderung gegenüber 2005 in Prozent,K03241999,698.808433,698.808432630614
2023,Diepholz,Ukraine,Veränderung gegenüber 2005 in Prozent,K03251,2391.52542,2391.52542372881
2023,Hameln-Pyrmont,Ukraine,Veränderung gegenüber 2005 in Prozent,K03252,485.629921,485.629921259843
2023,Hildesheim,Ukraine,Veränderung gegenüber 2005 in Prozent,K03254,2043.61702,2043.6170212766
2023,Holzminden,Ukraine,Veränderung gegenüber 2005 in Prozent,K03255,6334.78261,6334.78260869565
2023,Nienburg (Weser),Ukraine,Veränderung gegenüber 2005 in Prozent,K03256,3201.72414,3201.72413793103
2023,Schaumburg,Ukraine,Veränderung gegenüber 2005 in Prozent,K03257,1799.08257,1799.08256880734
2023,Statistische Region Hannover,Ukraine,Veränderung gegenüber 2005 in Prozent,K032,415.590849,415.590849482734
2023,Celle,Ukraine,Veränderung gegenüber 2005 in Prozent,K03351,2059.29204,2059.29203539823
2023,Cuxhaven,Ukraine,Veränderung gegenüber 2005 in Prozent,K03352,3571.64179,3571.64179104478
2023,Harburg,Ukraine,Veränderung gegenüber 2005 in Prozent,K03353,2318.69919,2318.69918699187
2023,Lüchow-Dannenberg,Ukraine,Veränderung gegenüber 2005 in Prozent,K03354,3725.0,3725.0
2023,Lüneburg,Ukraine,Veränderung gegenüber 2005 in Prozent,K03355,2070.45455,2070.45454545455
2023,Osterholz,Ukraine,Veränderung gegenüber 2005 in Prozent,K03356,2880.76923,2880.76923076923
2023,Rotenburg (Wümme),Ukraine,Veränderung gegenüber 2005 in Prozent,K03357,2614.28571,2614.28571428571
2023,Heidekreis,Ukraine,Veränderung gegenüber 2005 in Prozent,K03358,3328.57143,3328.57142857143
2023,Stade,Ukraine,Veränderung gegenüber 2005 in Prozent,K03359,3060.55046,3060.5504587156
2023,Uelzen,Ukraine,Veränderung gegenüber 2005 in Prozent,K03360,4551.51515,4551.51515151515
2023,Verden,Ukraine,Veränderung gegenüber 2005 in Prozent,K03361,2790.625,2790.625
2023,Statistische Region Lüneburg,Ukraine,Veränderung gegenüber 2005 in Prozent,K033,2784.10992,2784.10991636798
2023,"Delmenhorst, Stadt",Ukraine,Veränderung gegenüber 2005 in Prozent,K03401,372.222222,372.222222222222
2023,"Emden, Stadt",Ukraine,Veränderung gegenüber 2005 in Prozent,K03402,3103.125,3103.125
2023,"Oldenburg (Oldb), Stadt",Ukraine,Veränderung gegenüber 2005 in Prozent,K03403,948.582996,948.582995951417
2023,"Osnabrück, Stadt",Ukraine,Veränderung gegenüber 2005 in Prozent,K03404,239.810924,239.810924369748
2023,"Wilhelmshaven, Stadt",Ukraine,Veränderung gegenüber 2005 in Prozent,K03405,2566.66667,2566.66666666667
2023,Ammerland,Ukraine,Veränderung gegenüber 2005 in Prozent,K03451,4431.25,4431.25
2023,Aurich,Ukraine,Veränderung gegenüber 2005 in Prozent,K03452,4656.41026,4656.41025641026
2023,Cloppenburg,Ukraine,Veränderung gegenüber 2005 in Prozent,K03453,2776.19048,2776.19047619048
2023,Emsland,Ukraine,Veränderung gegenüber 2005 in Prozent,K03454,3617.21311,3617.2131147541
2023,Friesland,Ukraine,Veränderung gegenüber 2005 in Prozent,K03455,4511.11111,4511.11111111111
2023,Grafschaft Bentheim,Ukraine,Veränderung gegenüber 2005 in Prozent,K03456,4570.21277,4570.21276595745
2023,Leer,Ukraine,Veränderung gegenüber 2005 in Prozent,K03457,3029.03226,3029.03225806452
2023,Oldenburg,Ukraine,Veränderung gegenüber 2005 in Prozent,K03458,3347.36842,3347.36842105263
2023,Osnabrück,Ukraine,Veränderung gegenüber 2005 in Prozent,K03459,1946.15385,1946.15384615385
2023,Vechta,Ukraine,Veränderung gegenüber 2005 in Prozent,K03460,1830.89431,1830.89430894309
2023,Wesermarsch,Ukraine,Veränderung gegenüber 2005 in Prozent,K03461,1678.57143,1678.57142857143
2023,Wittmund,Ukraine,Veränderung gegenüber 2005 in Prozent,K03462,7445.45455,7445.45454545455
2023,Statistische Region Weser-Ems,Ukraine,Veränderung gegenüber 2005 in Prozent,K034,1380.52991,1380.5299076676
2023,Niedersachsen,Ukraine,Veränderung gegenüber 2005 in Prozent,K030,936.212539,936.212538753014
2024,"Braunschweig, Stadt",Ukraine,Veränderung gegenüber 2005 in Prozent,K03101,936.931818,936.931818181818
2024,"Salzgitter, Stadt",Ukraine,Veränderung gegenüber 2005 in Prozent,K03102,2083.82353,2083.82352941176
2024,"Wolfsburg, Stadt",Ukraine,Veränderung gegenüber 2005 in Prozent,K03103,2345.05495,2345.05494505495
2024,Gifhorn,Ukraine,Veränderung gegenüber 2005 in Prozent,K03151,1837.5,1837.5
2024,Goslar,Ukraine,Veränderung gegenüber 2005 in Prozent,K03153,2307.6087,2307.60869565217
2024,Helmstedt,Ukraine,Veränderung gegenüber 2005 in Prozent,K03154,3188.88889,3188.88888888889
2024,Northeim,Ukraine,Veränderung gegenüber 2005 in Prozent,K03155,4425.42373,4425.42372881356
2024,Peine,Ukraine,Veränderung gegenüber 2005 in Prozent,K03157,5251.35135,5251.35135135135
2024,Wolfenbüttel,Ukraine,Veränderung gegenüber 2005 in Prozent,K03158,2805.66038,2805.66037735849
2024,Göttingen,Ukraine,Veränderung gegenüber 2005 in Prozent,K03159,777.840909,777.840909090909
2024,Statistische Region Braunschweig,Ukraine,Veränderung gegenüber 2005 in Prozent,K031,1570.65447,1570.65446868403
2024,Region Hannover,Ukraine,Veränderung gegenüber 2005 in Prozent,K03241,253.643967,253.643966547192
2024,"dav. Hannover, Lhst.",Ukraine,Veränderung gegenüber 2005 in Prozent,K03241001,153.041107,153.04110738255
2024,"dav. Hannover, Umland",Ukraine,Veränderung gegenüber 2005 in Prozent,K03241999,693.308891,693.308890925756
2024,Diepholz,Ukraine,Veränderung gegenüber 2005 in Prozent,K03251,2565.25424,2565.25423728814
2024,Hameln-Pyrmont,Ukraine,Veränderung gegenüber 2005 in Prozent,K03252,472.834646,472.834645669291
2024,Hildesheim,Ukraine,Veränderung gegenüber 2005 in Prozent,K03254,1939.89362,1939.89361702128
2024,Holzminden,Ukraine,Veränderung gegenüber 2005 in Prozent,K03255,6747.82609,6747.82608695652
2024,Nienburg (Weser),Ukraine,Veränderung gegenüber 2005 in Prozent,K03256,3632.75862,3632.75862068966
2024,Schaumburg,Ukraine,Veränderung gegenüber 2005 in Prozent,K03257,1858.7156,1858.71559633028
2024,Statistische Region Hannover,Ukraine,Veränderung gegenüber 2005 in Prozent,K032,431.618826,431.618825586478
2024,Celle,Ukraine,Veränderung gegenüber 2005 in Prozent,K03351,2076.99115,2076.99115044248
2024,Cuxhaven,Ukraine,Veränderung gegenüber 2005 in Prozent,K03352,3347.76119,3347.76119402985
2024,Harburg,Ukraine,Veränderung gegenüber 2005 in Prozent,K03353,2269.9187,2269.91869918699
2024,Lüchow-Dannenberg,Ukraine,Veränderung gegenüber 2005 in Prozent,K03354,3375.0,3375.0
2024,Lüneburg,Ukraine,Veränderung gegenüber 2005 in Prozent,K03355,2036.36364,2036.36363636364
2024,Osterholz,Ukraine,Veränderung gegenüber 2005 in Prozent,K03356,2736.53846,2736.53846153846
2024,Rotenburg (Wümme),Ukraine,Veränderung gegenüber 2005 in Prozent,K03357,2510.38961,2510.38961038961
2024,Heidekreis,Ukraine,Veränderung gegenüber 2005 in Prozent,K03358,2537.36264,2537.36263736264
2024,Stade,Ukraine,Veränderung gegenüber 2005 in Prozent,K03359,3046.78899,3046.78899082569
2024,Uelzen,Ukraine,Veränderung gegenüber 2005 in Prozent,K03360,4187.87879,4187.87878787879
2024,Verden,Ukraine,Veränderung gegenüber 2005 in Prozent,K03361,3001.5625,3001.5625
2024,Statistische Region Lüneburg,Ukraine,Veränderung gegenüber 2005 in Prozent,K033,2644.32497,2644.32497013142
2024,"Delmenhorst, Stadt",Ukraine,Veränderung gegenüber 2005 in Prozent,K03401,368.518519,368.518518518519
2024,"Emden, Stadt",Ukraine,Veränderung gegenüber 2005 in Prozent,K03402,3118.75,3118.75
2024,"Oldenburg (Oldb), Stadt",Ukraine,Veränderung gegenüber 2005 in Prozent,K03403,1029.55466,1029.55465587045
2024,"Osnabrück, Stadt",Ukraine,Veränderung gegenüber 2005 in Prozent,K03404,251.890756,251.890756302521
2024,"Wilhelmshaven, Stadt",Ukraine,Veränderung gegenüber 2005 in Prozent,K03405,2612.96296,2612.96296296296
2024,Ammerland,Ukraine,Veränderung gegenüber 2005 in Prozent,K03451,4446.875,4446.875
2024,Aurich,Ukraine,Veränderung gegenüber 2005 in Prozent,K03452,4553.84615,4553.84615384615
2024,Cloppenburg,Ukraine,Veränderung gegenüber 2005 in Prozent,K03453,2785.71429,2785.71428571429
2024,Emsland,Ukraine,Veränderung gegenüber 2005 in Prozent,K03454,4072.13115,4072.13114754098
2024,Friesland,Ukraine,Veränderung gegenüber 2005 in Prozent,K03455,4362.96296,4362.96296296296
2024,Grafschaft Bentheim,Ukraine,Veränderung gegenüber 2005 in Prozent,K03456,4410.6383,4410.63829787234
2024,Leer,Ukraine,Veränderung gegenüber 2005 in Prozent,K03457,2956.45161,2956.45161290323
2024,Oldenburg,Ukraine,Veränderung gegenüber 2005 in Prozent,K03458,3189.47368,3189.47368421053
2024,Osnabrück,Ukraine,Veränderung gegenüber 2005 in Prozent,K03459,1913.46154,1913.46153846154
2024,Vechta,Ukraine,Veränderung gegenüber 2005 in Prozent,K03460,1981.30081,1981.30081300813
2024,Wesermarsch,Ukraine,Veränderung gegenüber 2005 in Prozent,K03461,1542.85714,1542.85714285714
2024,Wittmund,Ukraine,Veränderung gegenüber 2005 in Prozent,K03462,6672.72727,6672.72727272727
2024,Statistische Region Weser-Ems,Ukraine,Veränderung gegenüber 2005 in Prozent,K034,1403.01084,1403.01083902047
2024,Niedersachsen,Ukraine,Veränderung gegenüber 2005 in Prozent,K030,938.882191,938.882190837065
2025,"Braunschweig, Stadt",Ukraine,Veränderung gegenüber 2005 in Prozent,K03101,952.556818,952.556818181818
2025,"Salzgitter, Stadt",Ukraine,Veränderung gegenüber 2005 in Prozent,K03102,2091.17647,2091.17647058824
2025,"Wolfsburg, Stadt",Ukraine,Veränderung gegenüber 2005 in Prozent,K03103,2553.84615,2553.84615384615
2025,Gifhorn,Ukraine,Veränderung gegenüber 2005 in Prozent,K03151,1967.70833,1967.70833333333
2025,Goslar,Ukraine,Veränderung gegenüber 2005 in Prozent,K03153,2361.95652,2361.95652173913
2025,Helmstedt,Ukraine,Veränderung gegenüber 2005 in Prozent,K03154,3677.77778,3677.77777777778
2025,Northeim,Ukraine,Veränderung gegenüber 2005 in Prozent,K03155,4281.35593,4281.35593220339
2025,Peine,Ukraine,Veränderung gegenüber 2005 in Prozent,K03157,5710.81081,5710.81081081081
2025,Wolfenbüttel,Ukraine,Veränderung gegenüber 2005 in Prozent,K03158,2900.0,2900.0
2025,Göttingen,Ukraine,Veränderung gegenüber 2005 in Prozent,K03159,847.916667,847.916666666667
2025,Statistische Region Braunschweig,Ukraine,Veränderung gegenüber 2005 in Prozent,K031,1651.93526,1651.93525686137
2025,Region Hannover,Ukraine,Veränderung gegenüber 2005 in Prozent,K03241,266.530125,266.530124594641
2025,"dav. Hannover, Lhst.",Ukraine,Veränderung gegenüber 2005 in Prozent,K03241001,176.321309,176.321308724832
2025,"dav. Hannover, Umland",Ukraine,Veränderung gegenüber 2005 in Prozent,K03241999,660.769936,660.76993583868
2025,Diepholz,Ukraine,Veränderung gegenüber 2005 in Prozent,K03251,2743.22034,2743.22033898305
2025,Hameln-Pyrmont,Ukraine,Veränderung gegenüber 2005 in Prozent,K03252,487.598425,487.59842519685
2025,Hildesheim,Ukraine,Veränderung gegenüber 2005 in Prozent,K03254,2088.82979,2088.82978723404
2025,Holzminden,Ukraine,Veränderung gegenüber 2005 in Prozent,K03255,7334.78261,7334.78260869565
2025,Nienburg (Weser),Ukraine,Veränderung gegenüber 2005 in Prozent,K03256,3753.44828,3753.44827586207
2025,Schaumburg,Ukraine,Veränderung gegenüber 2005 in Prozent,K03257,1913.76147,1913.76146788991
2025,Statistische Region Hannover,Ukraine,Veränderung gegenüber 2005 in Prozent,K032,454.859391,454.859390936908
2025,Celle,Ukraine,Veränderung gegenüber 2005 in Prozent,K03351,2223.00885,2223.00884955752
2025,Cuxhaven,Ukraine,Veränderung gegenüber 2005 in Prozent,K03352,3623.8806,3623.88059701493
2025,Harburg,Ukraine,Veränderung gegenüber 2005 in Prozent,K03353,2367.47967,2367.47967479675
2025,Lüchow-Dannenberg,Ukraine,Veränderung gegenüber 2005 in Prozent,K03354,4000.0,4000.0
2025,Lüneburg,Ukraine,Veränderung gegenüber 2005 in Prozent,K03355,2303.40909,2303.40909090909
2025,Osterholz,Ukraine,Veränderung gegenüber 2005 in Prozent,K03356,2755.76923,2755.76923076923
2025,Rotenburg (Wümme),Ukraine,Veränderung gegenüber 2005 in Prozent,K03357,2796.1039,2796.1038961039
2025,Heidekreis,Ukraine,Veränderung gegenüber 2005 in Prozent,K03358,2625.27473,2625.27472527473
2025,Stade,Ukraine,Veränderung gegenüber 2005 in Prozent,K03359,3000.91743,3000.91743119266
2025,Uelzen,Ukraine,Veränderung gegenüber 2005 in Prozent,K03360,4096.9697,4096.9696969697
2025,Verden,Ukraine,Veränderung gegenüber 2005 in Prozent,K03361,3485.9375,3485.9375
2025,Statistische Region Lüneburg,Ukraine,Veränderung gegenüber 2005 in Prozent,K033,2809.79689,2809.79689366786
2025,"Delmenhorst, Stadt",Ukraine,Veränderung gegenüber 2005 in Prozent,K03401,412.962963,412.962962962963
2025,"Emden, Stadt",Ukraine,Veränderung gegenüber 2005 in Prozent,K03402,3290.625,3290.625
2025,"Oldenburg (Oldb), Stadt",Ukraine,Veränderung gegenüber 2005 in Prozent,K03403,1142.91498,1142.91497975709
2025,"Osnabrück, Stadt",Ukraine,Veränderung gegenüber 2005 in Prozent,K03404,259.768908,259.768907563025
2025,"Wilhelmshaven, Stadt",Ukraine,Veränderung gegenüber 2005 in Prozent,K03405,2844.44444,2844.44444444444
2025,Ammerland,Ukraine,Veränderung gegenüber 2005 in Prozent,K03451,4868.75,4868.75
2025,Aurich,Ukraine,Veränderung gegenüber 2005 in Prozent,K03452,4874.35897,4874.35897435897
2025,Cloppenburg,Ukraine,Veränderung gegenüber 2005 in Prozent,K03453,3095.2381,3095.2380952381
2025,Emsland,Ukraine,Veränderung gegenüber 2005 in Prozent,K03454,4170.4918,4170.49180327869
2025,Friesland,Ukraine,Veränderung gegenüber 2005 in Prozent,K03455,4677.77778,4677.77777777778
2025,Grafschaft Bentheim,Ukraine,Veränderung gegenüber 2005 in Prozent,K03456,4580.85106,4580.85106382979
2025,Leer,Ukraine,Veränderung gegenüber 2005 in Prozent,K03457,3246.77419,3246.77419354839
2025,Oldenburg,Ukraine,Veränderung gegenüber 2005 in Prozent,K03458,3636.84211,3636.84210526316
2025,Osnabrück,Ukraine,Veränderung gegenüber 2005 in Prozent,K03459,1928.84615,1928.84615384615
2025,Vechta,Ukraine,Veränderung gegenüber 2005 in Prozent,K03460,2070.73171,2070.73170731707
2025,Wesermarsch,Ukraine,Veränderung gegenüber 2005 in Prozent,K03461,1764.28571,1764.28571428571
2025,Wittmund,Ukraine,Veränderung gegenüber 2005 in Prozent,K03462,6900.0,6900.0
2025,Statistische Region Weser-Ems,Ukraine,Veränderung gegenüber 2005 in Prozent,K034,1491.73023,1491.73022882377
2025,Niedersachsen,Ukraine,Veränderung gegenüber 2005 in Prozent,K030,993.523941,993.523940750947
2005,"Braunschweig, Stadt",Polen,Veränderung gegenüber 2005 in Prozent,K03101,0.0,0.0
2005,"Salzgitter, Stadt",Polen,Veränderung gegenüber 2005 in Prozent,K03102,0.0,0.0
2005,"Wolfsburg, Stadt",Polen,Veränderung gegenüber 2005 in Prozent,K03103,0.0,0.0
2005,Gifhorn,Polen,Veränderung gegenüber 2005 in Prozent,K03151,0.0,0.0
2005,Goslar,Polen,Veränderung gegenüber 2005 in Prozent,K03153,0.0,0.0
2005,Helmstedt,Polen,Veränderung gegenüber 2005 in Prozent,K03154,0.0,0.0
2005,Northeim,Polen,Veränderung gegenüber 2005 in Prozent,K03155,0.0,0.0
2005,Peine,Polen,Veränderung gegenüber 2005 in Prozent,K03157,0.0,0.0
2005,Wolfenbüttel,Polen,Veränderung gegenüber 2005 in Prozent,K03158,0.0,0.0
2005,Göttingen,Polen,Veränderung gegenüber 2005 in Prozent,K03159,0.0,0.0
2005,Statistische Region Braunschweig,Polen,Veränderung gegenüber 2005 in Prozent,K031,0.0,0.0
2005,Region Hannover,Polen,Veränderung gegenüber 2005 in Prozent,K03241,0.0,0.0
2005,"dav. Hannover, Lhst.",Polen,Veränderung gegenüber 2005 in Prozent,K03241001,0.0,0.0
2005,"dav. Hannover, Umland",Polen,Veränderung gegenüber 2005 in Prozent,K03241999,0.0,0.0
2005,Diepholz,Polen,Veränderung gegenüber 2005 in Prozent,K03251,0.0,0.0
2005,Hameln-Pyrmont,Polen,Veränderung gegenüber 2005 in Prozent,K03252,0.0,0.0
2005,Hildesheim,Polen,Veränderung gegenüber 2005 in Prozent,K03254,0.0,0.0
2005,Holzminden,Polen,Veränderung gegenüber 2005 in Prozent,K03255,0.0,0.0
2005,Nienburg (Weser),Polen,Veränderung gegenüber 2005 in Prozent,K03256,0.0,0.0
2005,Schaumburg,Polen,Veränderung gegenüber 2005 in Prozent,K03257,0.0,0.0
2005,Statistische Region Hannover,Polen,Veränderung gegenüber 2005 in Prozent,K032,0.0,0.0
2005,Celle,Polen,Veränderung gegenüber 2005 in Prozent,K03351,0.0,0.0
2005,Cuxhaven,Polen,Veränderung gegenüber 2005 in Prozent,K03352,0.0,0.0
2005,Harburg,Polen,Veränderung gegenüber 2005 in Prozent,K03353,0.0,0.0
2005,Lüchow-Dannenberg,Polen,Veränderung gegenüber 2005 in Prozent,K03354,0.0,0.0
2005,Lüneburg,Polen,Veränderung gegenüber 2005 in Prozent,K03355,0.0,0.0
2005,Osterholz,Polen,Veränderung gegenüber 2005 in Prozent,K03356,0.0,0.0
2005,Rotenburg (Wümme),Polen,Veränderung gegenüber 2005 in Prozent,K03357,0.0,0.0
2005,Heidekreis,Polen,Veränderung gegenüber 2005 in Prozent,K03358,0.0,0.0
2005,Stade,Polen,Veränderung gegenüber 2005 in Prozent,K03359,0.0,0.0
2005,Uelzen,Polen,Veränderung gegenüber 2005 in Prozent,K03360,0.0,0.0
2005,Verden,Polen,Veränderung gegenüber 2005 in Prozent,K03361,0.0,0.0
2005,Statistische Region Lüneburg,Polen,Veränderung gegenüber 2005 in Prozent,K033,0.0,0.0
2005,"Delmenhorst, Stadt",Polen,Veränderung gegenüber 2005 in Prozent,K03401,0.0,0.0
2005,"Emden, Stadt",Polen,Veränderung gegenüber 2005 in Prozent,K03402,0.0,0.0
2005,"Oldenburg (Oldb), Stadt",Polen,Veränderung gegenüber 2005 in Prozent,K03403,0.0,0.0
2005,"Osnabrück, Stadt",Polen,Veränderung gegenüber 2005 in Prozent,K03404,0.0,0.0
2005,"Wilhelmshaven, Stadt",Polen,Veränderung gegenüber 2005 in Prozent,K03405,0.0,0.0
2005,Ammerland,Polen,Veränderung gegenüber 2005 in Prozent,K03451,0.0,0.0
2005,Aurich,Polen,Veränderung gegenüber 2005 in Prozent,K03452,0.0,0.0
2005,Cloppenburg,Polen,Veränderung gegenüber 2005 in Prozent,K03453,0.0,0.0
2005,Emsland,Polen,Veränderung gegenüber 2005 in Prozent,K03454,0.0,0.0
2005,Friesland,Polen,Veränderung gegenüber 2005 in Prozent,K03455,0.0,0.0
2005,Grafschaft Bentheim,Polen,Veränderung gegenüber 2005 in Prozent,K03456,0.0,0.0
2005,Leer,Polen,Veränderung gegenüber 2005 in Prozent,K03457,0.0,0.0
2005,Oldenburg,Polen,Veränderung gegenüber 2005 in Prozent,K03458,0.0,0.0
2005,Osnabrück,Polen,Veränderung gegenüber 2005 in Prozent,K03459,0.0,0.0
2005,Vechta,Polen,Veränderung gegenüber 2005 in Prozent,K03460,0.0,0.0
2005,Wesermarsch,Polen,Veränderung gegenüber 2005 in Prozent,K03461,0.0,0.0
2005,Wittmund,Polen,Veränderung gegenüber 2005 in Prozent,K03462,0.0,0.0
2005,Statistische Region Weser-Ems,Polen,Veränderung gegenüber 2005 in Prozent,K034,0.0,0.0
2005,Niedersachsen,Polen,Veränderung gegenüber 2005 in Prozent,K030,0.0,0.0
2011,"Braunschweig, Stadt",Polen,Veränderung gegenüber 2005 in Prozent,K03101,23.8928939,23.8928939237899
2011,"Salzgitter, Stadt",Polen,Veränderung gegenüber 2005 in Prozent,K03102,20.626151,20.6261510128913
2011,"Wolfsburg, Stadt",Polen,Veränderung gegenüber 2005 in Prozent,K03103,27.6845638,27.6845637583893
2011,Gifhorn,Polen,Veränderung gegenüber 2005 in Prozent,K03151,24.2829828,24.282982791587
2011,Goslar,Polen,Veränderung gegenüber 2005 in Prozent,K03153,2.3255814,2.32558139534884
2011,Helmstedt,Polen,Veränderung gegenüber 2005 in Prozent,K03154,42.0886076,42.0886075949367
2011,Northeim,Polen,Veränderung gegenüber 2005 in Prozent,K03155,-0.89285714,-0.892857142857143
2011,Peine,Polen,Veränderung gegenüber 2005 in Prozent,K03157,36.4016736,36.4016736401674
2011,Wolfenbüttel,Polen,Veränderung gegenüber 2005 in Prozent,K03158,48.1595092,48.159509202454
2011,Göttingen,Polen,Veränderung gegenüber 2005 in Prozent,K03159,-7.38119312,-7.38119312436805
2011,Statistische Region Braunschweig,Polen,Veränderung gegenüber 2005 in Prozent,K031,19.5400525,19.5400524772341
2011,Region Hannover,Polen,Veränderung gegenüber 2005 in Prozent,K03241,30.2446444,30.2446444416276
2011,"dav. Hannover, Lhst.",Polen,Veränderung gegenüber 2005 in Prozent,K03241001,36.7546848,36.7546848381601
2011,"dav. Hannover, Umland",Polen,Veränderung gegenüber 2005 in Prozent,K03241999,20.6702161,20.6702160977137
2011,Diepholz,Polen,Veränderung gegenüber 2005 in Prozent,K03251,59.4164456,59.4164456233422
2011,Hameln-Pyrmont,Polen,Veränderung gegenüber 2005 in Prozent,K03252,20.7746479,20.7746478873239
2011,Hildesheim,Polen,Veränderung gegenüber 2005 in Prozent,K03254,12.4616956,12.461695607763
2011,Holzminden,Polen,Veränderung gegenüber 2005 in Prozent,K03255,1.67597765,1.67597765363128
2011,Nienburg (Weser),Polen,Veränderung gegenüber 2005 in Prozent,K03256,29.6680498,29.6680497925311
2011,Schaumburg,Polen,Veränderung gegenüber 2005 in Prozent,K03257,36.39399,36.3939899833055
2011,Statistische Region Hannover,Polen,Veränderung gegenüber 2005 in Prozent,K032,30.0262009,30.0262008733624
2011,Celle,Polen,Veränderung gegenüber 2005 in Prozent,K03351,34.4418052,34.4418052256532
2011,Cuxhaven,Polen,Veränderung gegenüber 2005 in Prozent,K03352,31.9248826,31.924882629108
2011,Harburg,Polen,Veränderung gegenüber 2005 in Prozent,K03353,72.095672,72.0956719817768
2011,Lüchow-Dannenberg,Polen,Veränderung gegenüber 2005 in Prozent,K03354,40.8510638,40.8510638297872
2011,Lüneburg,Polen,Veränderung gegenüber 2005 in Prozent,K03355,50.5982906,50.5982905982906
2011,Osterholz,Polen,Veränderung gegenüber 2005 in Prozent,K03356,53.6121673,53.6121673003802
2011,Rotenburg (Wümme),Polen,Veränderung gegenüber 2005 in Prozent,K03357,23.4132581,23.4132581100141
2011,Heidekreis,Polen,Veränderung gegenüber 2005 in Prozent,K03358,39.6551724,39.6551724137931
2011,Stade,Polen,Veränderung gegenüber 2005 in Prozent,K03359,109.272468,109.272467902996
2011,Uelzen,Polen,Veränderung gegenüber 2005 in Prozent,K03360,34.3537415,34.3537414965986
2011,Verden,Polen,Veränderung gegenüber 2005 in Prozent,K03361,34.0807175,34.0807174887892
2011,Statistische Region Lüneburg,Polen,Veränderung gegenüber 2005 in Prozent,K033,51.9365548,51.9365547768351
2011,"Delmenhorst, Stadt",Polen,Veränderung gegenüber 2005 in Prozent,K03401,26.6533066,26.6533066132265
2011,"Emden, Stadt",Polen,Veränderung gegenüber 2005 in Prozent,K03402,-13.7037037,-13.7037037037037
2011,"Oldenburg (Oldb), Stadt",Polen,Veränderung gegenüber 2005 in Prozent,K03403,3.4965035,3.4965034965035
2011,"Osnabrück, Stadt",Polen,Veränderung gegenüber 2005 in Prozent,K03404,43.457189,43.4571890145396
2011,"Wilhelmshaven, Stadt",Polen,Veränderung gegenüber 2005 in Prozent,K03405,159.813084,159.81308411215
2011,Ammerland,Polen,Veränderung gegenüber 2005 in Prozent,K03451,129.151292,129.151291512915
2011,Aurich,Polen,Veränderung gegenüber 2005 in Prozent,K03452,100.955414,100.955414012739
2011,Cloppenburg,Polen,Veränderung gegenüber 2005 in Prozent,K03453,85.5498721,85.5498721227622
2011,Emsland,Polen,Veränderung gegenüber 2005 in Prozent,K03454,115.261538,115.261538461538
2011,Friesland,Polen,Veränderung gegenüber 2005 in Prozent,K03455,37.7245509,37.7245508982036
2011,Grafschaft Bentheim,Polen,Veränderung gegenüber 2005 in Prozent,K03456,115.853659,115.853658536585
2011,Leer,Polen,Veränderung gegenüber 2005 in Prozent,K03457,40.8521303,40.8521303258145
2011,Oldenburg,Polen,Veränderung gegenüber 2005 in Prozent,K03458,146.059113,146.059113300493
2011,Osnabrück,Polen,Veränderung gegenüber 2005 in Prozent,K03459,124.567789,124.567788898999
2011,Vechta,Polen,Veränderung gegenüber 2005 in Prozent,K03460,114.128035,114.128035320088
2011,Wesermarsch,Polen,Veränderung gegenüber 2005 in Prozent,K03461,28.3707865,28.3707865168539
2011,Wittmund,Polen,Veränderung gegenüber 2005 in Prozent,K03462,68.4782609,68.4782608695652
2011,Statistische Region Weser-Ems,Polen,Veränderung gegenüber 2005 in Prozent,K034,85.0474509,85.0474508938424
2011,Niedersachsen,Polen,Veränderung gegenüber 2005 in Prozent,K030,46.9780644,46.9780643568938
2012,"Braunschweig, Stadt",Polen,Veränderung gegenüber 2005 in Prozent,K03101,42.6364573,42.6364572605561
2012,"Salzgitter, Stadt",Polen,Veränderung gegenüber 2005 in Prozent,K03102,32.9650092,32.9650092081031
2012,"Wolfsburg, Stadt",Polen,Veränderung gegenüber 2005 in Prozent,K03103,41.6107383,41.6107382550336
2012,Gifhorn,Polen,Veränderung gegenüber 2005 in Prozent,K03151,45.5066922,45.5066921606119
2012,Goslar,Polen,Veränderung gegenüber 2005 in Prozent,K03153,20.6976744,20.6976744186047
2012,Helmstedt,Polen,Veränderung gegenüber 2005 in Prozent,K03154,43.6708861,43.6708860759494
2012,Northeim,Polen,Veränderung gegenüber 2005 in Prozent,K03155,6.25,6.25
2012,Peine,Polen,Veränderung gegenüber 2005 in Prozent,K03157,57.5313808,57.5313807531381
2012,Wolfenbüttel,Polen,Veränderung gegenüber 2005 in Prozent,K03158,65.0306748,65.0306748466258
2012,Göttingen,Polen,Veränderung gegenüber 2005 in Prozent,K03159,0.3033367,0.303336703741153
2012,Statistische Region Braunschweig,Polen,Veränderung gegenüber 2005 in Prozent,K031,34.4343263,34.4343262849205
2012,Region Hannover,Polen,Veränderung gegenüber 2005 in Prozent,K03241,47.0401825,47.0401825326404
2012,"dav. Hannover, Lhst.",Polen,Veränderung gegenüber 2005 in Prozent,K03241001,51.1499148,51.1499148211244
2012,"dav. Hannover, Umland",Polen,Veränderung gegenüber 2005 in Prozent,K03241999,40.9959286,40.9959285937989
2012,Diepholz,Polen,Veränderung gegenüber 2005 in Prozent,K03251,101.724138,101.724137931034
2012,Hameln-Pyrmont,Polen,Veränderung gegenüber 2005 in Prozent,K03252,12.3239437,12.3239436619718
2012,Hildesheim,Polen,Veränderung gegenüber 2005 in Prozent,K03254,28.0898876,28.0898876404494
2012,Holzminden,Polen,Veränderung gegenüber 2005 in Prozent,K03255,2.23463687,2.23463687150838
2012,Nienburg (Weser),Polen,Veränderung gegenüber 2005 in Prozent,K03256,51.0373444,51.0373443983403
2012,Schaumburg,Polen,Veränderung gegenüber 2005 in Prozent,K03257,52.9215359,52.9215358931553
2012,Statistische Region Hannover,Polen,Veränderung gegenüber 2005 in Prozent,K032,47.0742358,47.0742358078603
2012,Celle,Polen,Veränderung gegenüber 2005 in Prozent,K03351,54.1567696,54.1567695961995
2012,Cuxhaven,Polen,Veränderung gegenüber 2005 in Prozent,K03352,43.42723,43.4272300469484
2012,Harburg,Polen,Veränderung gegenüber 2005 in Prozent,K03353,77.7904328,77.7904328018223
2012,Lüchow-Dannenberg,Polen,Veränderung gegenüber 2005 in Prozent,K03354,58.7234043,58.7234042553191
2012,Lüneburg,Polen,Veränderung gegenüber 2005 in Prozent,K03355,67.5213675,67.5213675213675
2012,Osterholz,Polen,Veränderung gegenüber 2005 in Prozent,K03356,109.505703,109.505703422053
2012,Rotenburg (Wümme),Polen,Veränderung gegenüber 2005 in Prozent,K03357,47.2496474,47.2496473906911
2012,Heidekreis,Polen,Veränderung gegenüber 2005 in Prozent,K03358,76.2931034,76.2931034482759
2012,Stade,Polen,Veränderung gegenüber 2005 in Prozent,K03359,158.059914,158.059914407989
2012,Uelzen,Polen,Veränderung gegenüber 2005 in Prozent,K03360,52.3809524,52.3809523809524
2012,Verden,Polen,Veränderung gegenüber 2005 in Prozent,K03361,63.0044843,63.0044843049327
2012,Statistische Region Lüneburg,Polen,Veränderung gegenüber 2005 in Prozent,K033,76.5215788,76.5215787532276
2012,"Delmenhorst, Stadt",Polen,Veränderung gegenüber 2005 in Prozent,K03401,66.5330661,66.5330661322645
2012,"Emden, Stadt",Polen,Veränderung gegenüber 2005 in Prozent,K03402,49.6296296,49.6296296296296
2012,"Oldenburg (Oldb), Stadt",Polen,Veränderung gegenüber 2005 in Prozent,K03403,14.965035,14.965034965035
2012,"Osnabrück, Stadt",Polen,Veränderung gegenüber 2005 in Prozent,K03404,73.9903069,73.9903069466882
2012,"Wilhelmshaven, Stadt",Polen,Veränderung gegenüber 2005 in Prozent,K03405,172.897196,172.897196261682
2012,Ammerland,Polen,Veränderung gegenüber 2005 in Prozent,K03451,280.442804,280.442804428044
2012,Aurich,Polen,Veränderung gegenüber 2005 in Prozent,K03452,153.184713,153.184713375796
2012,Cloppenburg,Polen,Veränderung gegenüber 2005 in Prozent,K03453,176.598465,176.598465473146
2012,Emsland,Polen,Veränderung gegenüber 2005 in Prozent,K03454,149.353846,149.353846153846
2012,Friesland,Polen,Veränderung gegenüber 2005 in Prozent,K03455,57.4850299,57.4850299401198
2012,Grafschaft Bentheim,Polen,Veränderung gegenüber 2005 in Prozent,K03456,237.5,237.5
2012,Leer,Polen,Veränderung gegenüber 2005 in Prozent,K03457,68.9223058,68.922305764411
2012,Oldenburg,Polen,Veränderung gegenüber 2005 in Prozent,K03458,208.866995,208.866995073892
2012,Osnabrück,Polen,Veränderung gegenüber 2005 in Prozent,K03459,170.791629,170.791628753412
2012,Vechta,Polen,Veränderung gegenüber 2005 in Prozent,K03460,143.92936,143.9293598234
2012,Wesermarsch,Polen,Veränderung gegenüber 2005 in Prozent,K03461,42.1348315,42.1348314606742
2012,Wittmund,Polen,Veränderung gegenüber 2005 in Prozent,K03462,100.0,100.0
2012,Statistische Region Weser-Ems,Polen,Veränderung gegenüber 2005 in Prozent,K034,130.997572,130.99757227985
2012,Niedersachsen,Polen,Veränderung gegenüber 2005 in Prozent,K030,72.9367846,72.9367846234535
2013,"Braunschweig, Stadt",Polen,Veränderung gegenüber 2005 in Prozent,K03101,60.4016478,60.4016477857878
2013,"Salzgitter, Stadt",Polen,Veränderung gegenüber 2005 in Prozent,K03102,72.9281768,72.9281767955801
2013,"Wolfsburg, Stadt",Polen,Veränderung gegenüber 2005 in Prozent,K03103,65.9395973,65.9395973154362
2013,Gifhorn,Polen,Veränderung gegenüber 2005 in Prozent,K03151,55.83174,55.8317399617591
2013,Goslar,Polen,Veränderung gegenüber 2005 in Prozent,K03153,41.8604651,41.8604651162791
2013,Helmstedt,Polen,Veränderung gegenüber 2005 in Prozent,K03154,54.4303797,54.4303797468354
2013,Northeim,Polen,Veränderung gegenüber 2005 in Prozent,K03155,23.2142857,23.2142857142857
2013,Peine,Polen,Veränderung gegenüber 2005 in Prozent,K03157,85.7740586,85.7740585774059
2013,Wolfenbüttel,Polen,Veränderung gegenüber 2005 in Prozent,K03158,91.1042945,91.1042944785276
2013,Göttingen,Polen,Veränderung gegenüber 2005 in Prozent,K03159,8.69565217,8.69565217391304
2013,Statistische Region Braunschweig,Polen,Veränderung gegenüber 2005 in Prozent,K031,53.6656891,53.6656891495601
2013,Region Hannover,Polen,Veränderung gegenüber 2005 in Prozent,K03241,70.5792876,70.5792876156674
2013,"dav. Hannover, Lhst.",Polen,Veränderung gegenüber 2005 in Prozent,K03241001,67.270017,67.2700170357751
2013,"dav. Hannover, Umland",Polen,Veränderung gegenüber 2005 in Prozent,K03241999,75.4462888,75.4462887566552
2013,Diepholz,Polen,Veränderung gegenüber 2005 in Prozent,K03251,214.456233,214.456233421751
2013,Hameln-Pyrmont,Polen,Veränderung gegenüber 2005 in Prozent,K03252,23.5915493,23.5915492957746
2013,Hildesheim,Polen,Veränderung gegenüber 2005 in Prozent,K03254,47.0888662,47.0888661899898
2013,Holzminden,Polen,Veränderung gegenüber 2005 in Prozent,K03255,3.35195531,3.35195530726257
2013,Nienburg (Weser),Polen,Veränderung gegenüber 2005 in Prozent,K03256,99.5850622,99.5850622406639
2013,Schaumburg,Polen,Veränderung gegenüber 2005 in Prozent,K03257,70.7846411,70.7846410684474
2013,Statistische Region Hannover,Polen,Veränderung gegenüber 2005 in Prozent,K032,75.8951965,75.8951965065502
2013,Celle,Polen,Veränderung gegenüber 2005 in Prozent,K03351,96.912114,96.9121140142518
2013,Cuxhaven,Polen,Veränderung gegenüber 2005 in Prozent,K03352,80.5164319,80.5164319248826
2013,Harburg,Polen,Veränderung gegenüber 2005 in Prozent,K03353,75.3986333,75.3986332574032
2013,Lüchow-Dannenberg,Polen,Veränderung gegenüber 2005 in Prozent,K03354,127.659574,127.659574468085
2013,Lüneburg,Polen,Veränderung gegenüber 2005 in Prozent,K03355,85.6410256,85.6410256410256
2013,Osterholz,Polen,Veränderung gegenüber 2005 in Prozent,K03356,122.813688,122.813688212928
2013,Rotenburg (Wümme),Polen,Veränderung gegenüber 2005 in Prozent,K03357,78.4203103,78.4203102961918
2013,Heidekreis,Polen,Veränderung gegenüber 2005 in Prozent,K03358,159.267241,159.26724137931
2013,Stade,Polen,Veränderung gegenüber 2005 in Prozent,K03359,212.268188,212.268188302425
2013,Uelzen,Polen,Veränderung gegenüber 2005 in Prozent,K03360,85.3741497,85.3741496598639
2013,Verden,Polen,Veränderung gegenüber 2005 in Prozent,K03361,108.295964,108.295964125561
2013,Statistische Region Lüneburg,Polen,Veränderung gegenüber 2005 in Prozent,K033,111.656215,111.656215418665
2013,"Delmenhorst, Stadt",Polen,Veränderung gegenüber 2005 in Prozent,K03401,110.821643,110.821643286573
2013,"Emden, Stadt",Polen,Veränderung gegenüber 2005 in Prozent,K03402,128.888889,128.888888888889
2013,"Oldenburg (Oldb), Stadt",Polen,Veränderung gegenüber 2005 in Prozent,K03403,38.3216783,38.3216783216783
2013,"Osnabrück, Stadt",Polen,Veränderung gegenüber 2005 in Prozent,K03404,91.276252,91.2762520193861
2013,"Wilhelmshaven, Stadt",Polen,Veränderung gegenüber 2005 in Prozent,K03405,139.252336,139.252336448598
2013,Ammerland,Polen,Veränderung gegenüber 2005 in Prozent,K03451,284.870849,284.870848708487
2013,Aurich,Polen,Veränderung gegenüber 2005 in Prozent,K03452,237.579618,237.579617834395
2013,Cloppenburg,Polen,Veränderung gegenüber 2005 in Prozent,K03453,210.741688,210.74168797954
2013,Emsland,Polen,Veränderung gegenüber 2005 in Prozent,K03454,169.415385,169.415384615385
2013,Friesland,Polen,Veränderung gegenüber 2005 in Prozent,K03455,79.6407186,79.6407185628743
2013,Grafschaft Bentheim,Polen,Veränderung gegenüber 2005 in Prozent,K03456,327.743902,327.743902439024
2013,Leer,Polen,Veränderung gegenüber 2005 in Prozent,K03457,94.4862155,94.4862155388471
2013,Oldenburg,Polen,Veränderung gegenüber 2005 in Prozent,K03458,276.600985,276.600985221675
2013,Osnabrück,Polen,Veränderung gegenüber 2005 in Prozent,K03459,223.475887,223.475887170155
2013,Vechta,Polen,Veränderung gegenüber 2005 in Prozent,K03460,186.092715,186.092715231788
2013,Wesermarsch,Polen,Veränderung gegenüber 2005 in Prozent,K03461,72.752809,72.752808988764
2013,Wittmund,Polen,Veränderung gegenüber 2005 in Prozent,K03462,163.043478,163.04347826087
2013,Statistische Region Weser-Ems,Polen,Veränderung gegenüber 2005 in Prozent,K034,167.909954,167.909953652615
2013,Niedersachsen,Polen,Veränderung gegenüber 2005 in Prozent,K030,103.159226,103.159226236387
2014,"Braunschweig, Stadt",Polen,Veränderung gegenüber 2005 in Prozent,K03101,73.5324408,73.5324407826982
2014,"Salzgitter, Stadt",Polen,Veränderung gegenüber 2005 in Prozent,K03102,113.996317,113.996316758748
2014,"Wolfsburg, Stadt",Polen,Veränderung gegenüber 2005 in Prozent,K03103,88.2550336,88.255033557047
2014,Gifhorn,Polen,Veränderung gegenüber 2005 in Prozent,K03151,80.6883365,80.6883365200765
2014,Goslar,Polen,Veränderung gegenüber 2005 in Prozent,K03153,54.4186047,54.4186046511628
2014,Helmstedt,Polen,Veränderung gegenüber 2005 in Prozent,K03154,61.0759494,61.0759493670886
2014,Northeim,Polen,Veränderung gegenüber 2005 in Prozent,K03155,66.0714286,66.0714285714286
2014,Peine,Polen,Veränderung gegenüber 2005 in Prozent,K03157,113.807531,113.807531380753
2014,Wolfenbüttel,Polen,Veränderung gegenüber 2005 in Prozent,K03158,107.97546,107.975460122699
2014,Göttingen,Polen,Veränderung gegenüber 2005 in Prozent,K03159,17.7957533,17.7957532861476
2014,Statistische Region Braunschweig,Polen,Veränderung gegenüber 2005 in Prozent,K031,72.7890106,72.7890106497916
2014,Region Hannover,Polen,Veränderung gegenüber 2005 in Prozent,K03241,92.5212321,92.5212320953226
2014,"dav. Hannover, Lhst.",Polen,Veränderung gegenüber 2005 in Prozent,K03241001,87.1592845,87.1592844974446
2014,"dav. Hannover, Umland",Polen,Veränderung gegenüber 2005 in Prozent,K03241999,100.407141,100.407140620106
2014,Diepholz,Polen,Veränderung gegenüber 2005 in Prozent,K03251,225.596817,225.596816976127
2014,Hameln-Pyrmont,Polen,Veränderung gegenüber 2005 in Prozent,K03252,39.2605634,39.2605633802817
2014,Hildesheim,Polen,Veränderung gegenüber 2005 in Prozent,K03254,66.4964249,66.4964249233912
2014,Holzminden,Polen,Veränderung gegenüber 2005 in Prozent,K03255,-3.91061453,-3.91061452513966
2014,Nienburg (Weser),Polen,Veränderung gegenüber 2005 in Prozent,K03256,132.780083,132.780082987552
2014,Schaumburg,Polen,Veränderung gegenüber 2005 in Prozent,K03257,90.6510851,90.6510851419032
2014,Statistische Region Hannover,Polen,Veränderung gegenüber 2005 in Prozent,K032,96.5065502,96.5065502183406
2014,Celle,Polen,Veränderung gegenüber 2005 in Prozent,K03351,156.769596,156.769596199525
2014,Cuxhaven,Polen,Veränderung gegenüber 2005 in Prozent,K03352,145.305164,145.305164319249
2014,Harburg,Polen,Veränderung gegenüber 2005 in Prozent,K03353,73.8041002,73.8041002277904
2014,Lüchow-Dannenberg,Polen,Veränderung gegenüber 2005 in Prozent,K03354,168.510638,168.510638297872
2014,Lüneburg,Polen,Veränderung gegenüber 2005 in Prozent,K03355,101.709402,101.709401709402
2014,Osterholz,Polen,Veränderung gegenüber 2005 in Prozent,K03356,152.471483,152.471482889734
2014,Rotenburg (Wümme),Polen,Veränderung gegenüber 2005 in Prozent,K03357,111.565585,111.565585331453
2014,Heidekreis,Polen,Veränderung gegenüber 2005 in Prozent,K03358,207.327586,207.327586206897
2014,Stade,Polen,Veränderung gegenüber 2005 in Prozent,K03359,271.184023,271.184022824536
2014,Uelzen,Polen,Veränderung gegenüber 2005 in Prozent,K03360,131.972789,131.972789115646
2014,Verden,Polen,Veränderung gegenüber 2005 in Prozent,K03361,136.547085,136.547085201794
2014,Statistische Region Lüneburg,Polen,Veränderung gegenüber 2005 in Prozent,K033,146.993729,146.993729251199
2014,"Delmenhorst, Stadt",Polen,Veränderung gegenüber 2005 in Prozent,K03401,158.316633,158.316633266533
2014,"Emden, Stadt",Polen,Veränderung gegenüber 2005 in Prozent,K03402,181.851852,181.851851851852
2014,"Oldenburg (Oldb), Stadt",Polen,Veränderung gegenüber 2005 in Prozent,K03403,60.1398601,60.1398601398601
2014,"Osnabrück, Stadt",Polen,Veränderung gegenüber 2005 in Prozent,K03404,108.239095,108.239095315024
2014,"Wilhelmshaven, Stadt",Polen,Veränderung gegenüber 2005 in Prozent,K03405,174.299065,174.299065420561
2014,Ammerland,Polen,Veränderung gegenüber 2005 in Prozent,K03451,329.151292,329.151291512915
2014,Aurich,Polen,Veränderung gegenüber 2005 in Prozent,K03452,333.43949,333.43949044586
2014,Cloppenburg,Polen,Veränderung gegenüber 2005 in Prozent,K03453,259.590793,259.590792838875
2014,Emsland,Polen,Veränderung gegenüber 2005 in Prozent,K03454,212.738462,212.738461538462
2014,Friesland,Polen,Veränderung gegenüber 2005 in Prozent,K03455,108.982036,108.982035928144
2014,Grafschaft Bentheim,Polen,Veränderung gegenüber 2005 in Prozent,K03456,422.865854,422.865853658537
2014,Leer,Polen,Veränderung gegenüber 2005 in Prozent,K03457,123.809524,123.809523809524
2014,Oldenburg,Polen,Veränderung gegenüber 2005 in Prozent,K03458,287.192118,287.192118226601
2014,Osnabrück,Polen,Veränderung gegenüber 2005 in Prozent,K03459,250.409463,250.409463148317
2014,Vechta,Polen,Veränderung gegenüber 2005 in Prozent,K03460,241.501104,241.501103752759
2014,Wesermarsch,Polen,Veränderung gegenüber 2005 in Prozent,K03461,119.94382,119.943820224719
2014,Wittmund,Polen,Veränderung gegenüber 2005 in Prozent,K03462,255.434783,255.434782608696
2014,Statistische Region Weser-Ems,Polen,Veränderung gegenüber 2005 in Prozent,K034,209.788126,209.788126241448
2014,Niedersachsen,Polen,Veränderung gegenüber 2005 in Prozent,K030,131.882269,131.882269459785
2015,"Braunschweig, Stadt",Polen,Veränderung gegenüber 2005 in Prozent,K03101,87.3326468,87.3326467559217
2015,"Salzgitter, Stadt",Polen,Veränderung gegenüber 2005 in Prozent,K03102,171.823204,171.823204419889
2015,"Wolfsburg, Stadt",Polen,Veränderung gegenüber 2005 in Prozent,K03103,101.677852,101.677852348993
2015,Gifhorn,Polen,Veränderung gegenüber 2005 in Prozent,K03151,98.8527725,98.8527724665392
2015,Goslar,Polen,Veränderung gegenüber 2005 in Prozent,K03153,72.3255814,72.3255813953488
2015,Helmstedt,Polen,Veränderung gegenüber 2005 in Prozent,K03154,111.075949,111.075949367089
2015,Northeim,Polen,Veränderung gegenüber 2005 in Prozent,K03155,102.380952,102.380952380952
2015,Peine,Polen,Veränderung gegenüber 2005 in Prozent,K03157,139.121339,139.121338912134
2015,Wolfenbüttel,Polen,Veränderung gegenüber 2005 in Prozent,K03158,123.006135,123.006134969325
2015,Göttingen,Polen,Veränderung gegenüber 2005 in Prozent,K03159,30.5358948,30.535894843276
2015,Statistische Region Braunschweig,Polen,Veränderung gegenüber 2005 in Prozent,K031,94.5516283,94.5516283377064
2015,Region Hannover,Polen,Veränderung gegenüber 2005 in Prozent,K03241,115.033591,115.033591076182
2015,"dav. Hannover, Lhst.",Polen,Veränderung gegenüber 2005 in Prozent,K03241001,101.660988,101.660988074957
2015,"dav. Hannover, Umland",Polen,Veränderung gegenüber 2005 in Prozent,K03241999,134.700908,134.700908236768
2015,Diepholz,Polen,Veränderung gegenüber 2005 in Prozent,K03251,255.702918,255.702917771883
2015,Hameln-Pyrmont,Polen,Veränderung gegenüber 2005 in Prozent,K03252,53.3450704,53.3450704225352
2015,Hildesheim,Polen,Veränderung gegenüber 2005 in Prozent,K03254,90.3983657,90.3983656792646
2015,Holzminden,Polen,Veränderung gegenüber 2005 in Prozent,K03255,-8.93854749,-8.93854748603352
2015,Nienburg (Weser),Polen,Veränderung gegenüber 2005 in Prozent,K03256,149.585062,149.585062240664
2015,Schaumburg,Polen,Veränderung gegenüber 2005 in Prozent,K03257,122.871452,122.871452420701
2015,Statistische Region Hannover,Polen,Veränderung gegenüber 2005 in Prozent,K032,119.056769,119.056768558952
2015,Celle,Polen,Veränderung gegenüber 2005 in Prozent,K03351,191.686461,191.686460807601
2015,Cuxhaven,Polen,Veränderung gegenüber 2005 in Prozent,K03352,192.957746,192.957746478873
2015,Harburg,Polen,Veränderung gegenüber 2005 in Prozent,K03353,78.7015945,78.7015945330296
2015,Lüchow-Dannenberg,Polen,Veränderung gegenüber 2005 in Prozent,K03354,211.06383,211.063829787234
2015,Lüneburg,Polen,Veränderung gegenüber 2005 in Prozent,K03355,114.358974,114.358974358974
2015,Osterholz,Polen,Veränderung gegenüber 2005 in Prozent,K03356,175.665399,175.665399239544
2015,Rotenburg (Wümme),Polen,Veränderung gegenüber 2005 in Prozent,K03357,135.96615,135.966149506347
2015,Heidekreis,Polen,Veränderung gegenüber 2005 in Prozent,K03358,273.275862,273.275862068966
2015,Stade,Polen,Veränderung gegenüber 2005 in Prozent,K03359,294.579173,294.579172610556
2015,Uelzen,Polen,Veränderung gegenüber 2005 in Prozent,K03360,156.462585,156.462585034014
2015,Verden,Polen,Veränderung gegenüber 2005 in Prozent,K03361,157.174888,157.174887892377
2015,Statistische Region Lüneburg,Polen,Veränderung gegenüber 2005 in Prozent,K033,173.459978,173.459977867945
2015,"Delmenhorst, Stadt",Polen,Veränderung gegenüber 2005 in Prozent,K03401,198.196393,198.196392785571
2015,"Emden, Stadt",Polen,Veränderung gegenüber 2005 in Prozent,K03402,221.481481,221.481481481481
2015,"Oldenburg (Oldb), Stadt",Polen,Veränderung gegenüber 2005 in Prozent,K03403,84.4755245,84.4755244755245
2015,"Osnabrück, Stadt",Polen,Veränderung gegenüber 2005 in Prozent,K03404,134.57189,134.571890145396
2015,"Wilhelmshaven, Stadt",Polen,Veränderung gegenüber 2005 in Prozent,K03405,178.971963,178.971962616822
2015,Ammerland,Polen,Veränderung gegenüber 2005 in Prozent,K03451,365.313653,365.313653136531
2015,Aurich,Polen,Veränderung gegenüber 2005 in Prozent,K03452,373.88535,373.885350318471
2015,Cloppenburg,Polen,Veränderung gegenüber 2005 in Prozent,K03453,278.005115,278.005115089514
2015,Emsland,Polen,Veränderung gegenüber 2005 in Prozent,K03454,257.6,257.6
2015,Friesland,Polen,Veränderung gegenüber 2005 in Prozent,K03455,123.952096,123.952095808383
2015,Grafschaft Bentheim,Polen,Veränderung gegenüber 2005 in Prozent,K03456,529.573171,529.573170731707
2015,Leer,Polen,Veränderung gegenüber 2005 in Prozent,K03457,145.112782,145.112781954887
2015,Oldenburg,Polen,Veränderung gegenüber 2005 in Prozent,K03458,313.546798,313.546798029557
2015,Osnabrück,Polen,Veränderung gegenüber 2005 in Prozent,K03459,285.896269,285.89626933576
2015,Vechta,Polen,Veränderung gegenüber 2005 in Prozent,K03460,292.384106,292.384105960265
2015,Wesermarsch,Polen,Veränderung gegenüber 2005 in Prozent,K03461,156.179775,156.179775280899
2015,Wittmund,Polen,Veränderung gegenüber 2005 in Prozent,K03462,326.086957,326.086956521739
2015,Statistische Region Weser-Ems,Polen,Veränderung gegenüber 2005 in Prozent,K034,246.899139,246.899139262856
2015,Niedersachsen,Polen,Veränderung gegenüber 2005 in Prozent,K030,159.001018,159.001018110018
2016,"Braunschweig, Stadt",Polen,Veränderung gegenüber 2005 in Prozent,K03101,88.9804325,88.9804325437693
2016,"Salzgitter, Stadt",Polen,Veränderung gegenüber 2005 in Prozent,K03102,211.233886,211.233885819521
2016,"Wolfsburg, Stadt",Polen,Veränderung gegenüber 2005 in Prozent,K03103,110.57047,110.570469798658
2016,Gifhorn,Polen,Veränderung gegenüber 2005 in Prozent,K03151,95.0286807,95.0286806883365
2016,Goslar,Polen,Veränderung gegenüber 2005 in Prozent,K03153,86.0465116,86.046511627907
2016,Helmstedt,Polen,Veränderung gegenüber 2005 in Prozent,K03154,135.759494,135.759493670886
2016,Northeim,Polen,Veränderung gegenüber 2005 in Prozent,K03155,139.583333,139.583333333333
2016,Peine,Polen,Veränderung gegenüber 2005 in Prozent,K03157,160.460251,160.460251046025
2016,Wolfenbüttel,Polen,Veränderung gegenüber 2005 in Prozent,K03158,120.858896,120.858895705521
2016,Göttingen,Polen,Veränderung gegenüber 2005 in Prozent,K03159,39.0293225,39.0293225480283
2016,Statistische Region Braunschweig,Polen,Veränderung gegenüber 2005 in Prozent,K031,105.664454,105.66445439111
2016,Region Hannover,Polen,Veränderung gegenüber 2005 in Prozent,K03241,131.271391,131.271390543795
2016,"dav. Hannover, Lhst.",Polen,Veränderung gegenüber 2005 in Prozent,K03241001,114.970187,114.970187393526
2016,"dav. Hannover, Umland",Polen,Veränderung gegenüber 2005 in Prozent,K03241999,155.24585,155.245850297526
2016,Diepholz,Polen,Veränderung gegenüber 2005 in Prozent,K03251,279.310345,279.310344827586
2016,Hameln-Pyrmont,Polen,Veränderung gegenüber 2005 in Prozent,K03252,61.971831,61.9718309859155
2016,Hildesheim,Polen,Veränderung gegenüber 2005 in Prozent,K03254,111.95097,111.950970377937
2016,Holzminden,Polen,Veränderung gegenüber 2005 in Prozent,K03255,-16.2011173,-16.2011173184358
2016,Nienburg (Weser),Polen,Veränderung gegenüber 2005 in Prozent,K03256,189.419087,189.419087136929
2016,Schaumburg,Polen,Veränderung gegenüber 2005 in Prozent,K03257,147.913189,147.913188647746
2016,Statistische Region Hannover,Polen,Veränderung gegenüber 2005 in Prozent,K032,136.943231,136.943231441048
2016,Celle,Polen,Veränderung gegenüber 2005 in Prozent,K03351,221.852732,221.852731591449
2016,Cuxhaven,Polen,Veränderung gegenüber 2005 in Prozent,K03352,195.774648,195.774647887324
2016,Harburg,Polen,Veränderung gegenüber 2005 in Prozent,K03353,112.414579,112.414578587699
2016,Lüchow-Dannenberg,Polen,Veränderung gegenüber 2005 in Prozent,K03354,251.06383,251.063829787234
2016,Lüneburg,Polen,Veränderung gegenüber 2005 in Prozent,K03355,137.606838,137.606837606838
2016,Osterholz,Polen,Veränderung gegenüber 2005 in Prozent,K03356,156.653992,156.653992395437
2016,Rotenburg (Wümme),Polen,Veränderung gegenüber 2005 in Prozent,K03357,139.77433,139.774330042313
2016,Heidekreis,Polen,Veränderung gegenüber 2005 in Prozent,K03358,311.637931,311.637931034483
2016,Stade,Polen,Veränderung gegenüber 2005 in Prozent,K03359,347.21826,347.218259629101
2016,Uelzen,Polen,Veränderung gegenüber 2005 in Prozent,K03360,187.414966,187.414965986395
2016,Verden,Polen,Veränderung gegenüber 2005 in Prozent,K03361,176.90583,176.905829596413
2016,Statistische Region Lüneburg,Polen,Veränderung gegenüber 2005 in Prozent,K033,198.874954,198.874953891553
2016,"Delmenhorst, Stadt",Polen,Veränderung gegenüber 2005 in Prozent,K03401,196.593186,196.593186372745
2016,"Emden, Stadt",Polen,Veränderung gegenüber 2005 in Prozent,K03402,240.740741,240.740740740741
2016,"Oldenburg (Oldb), Stadt",Polen,Veränderung gegenüber 2005 in Prozent,K03403,83.2167832,83.2167832167832
2016,"Osnabrück, Stadt",Polen,Veränderung gegenüber 2005 in Prozent,K03404,147.980614,147.980613893376
2016,"Wilhelmshaven, Stadt",Polen,Veränderung gegenüber 2005 in Prozent,K03405,187.383178,187.383177570093
2016,Ammerland,Polen,Veränderung gegenüber 2005 in Prozent,K03451,400.0,400.0
2016,Aurich,Polen,Veränderung gegenüber 2005 in Prozent,K03452,384.076433,384.076433121019
2016,Cloppenburg,Polen,Veränderung gegenüber 2005 in Prozent,K03453,328.388747,328.388746803069
2016,Emsland,Polen,Veränderung gegenüber 2005 in Prozent,K03454,296.615385,296.615384615385
2016,Friesland,Polen,Veränderung gegenüber 2005 in Prozent,K03455,127.54491,127.544910179641
2016,Grafschaft Bentheim,Polen,Veränderung gegenüber 2005 in Prozent,K03456,584.45122,584.451219512195
2016,Leer,Polen,Veränderung gegenüber 2005 in Prozent,K03457,170.676692,170.676691729323
2016,Oldenburg,Polen,Veränderung gegenüber 2005 in Prozent,K03458,316.256158,316.256157635468
2016,Osnabrück,Polen,Veränderung gegenüber 2005 in Prozent,K03459,307.643312,307.643312101911
2016,Vechta,Polen,Veränderung gegenüber 2005 in Prozent,K03460,308.388521,308.388520971302
2016,Wesermarsch,Polen,Veränderung gegenüber 2005 in Prozent,K03461,187.921348,187.921348314607
2016,Wittmund,Polen,Veränderung gegenüber 2005 in Prozent,K03462,313.043478,313.04347826087
2016,Statistische Region Weser-Ems,Polen,Veränderung gegenüber 2005 in Prozent,K034,269.785919,269.78591922313
2016,Niedersachsen,Polen,Veränderung gegenüber 2005 in Prozent,K030,178.206275,178.206275259927
2017,"Braunschweig, Stadt",Polen,Veränderung gegenüber 2005 in Prozent,K03101,91.8125644,91.8125643666323
2017,"Salzgitter, Stadt",Polen,Veränderung gegenüber 2005 in Prozent,K03102,232.412523,232.412523020258
2017,"Wolfsburg, Stadt",Polen,Veränderung gegenüber 2005 in Prozent,K03103,119.798658,119.798657718121
2017,Gifhorn,Polen,Veränderung gegenüber 2005 in Prozent,K03151,89.292543,89.2925430210325
2017,Goslar,Polen,Veränderung gegenüber 2005 in Prozent,K03153,97.6744186,97.6744186046512
2017,Helmstedt,Polen,Veränderung gegenüber 2005 in Prozent,K03154,159.493671,159.493670886076
2017,Northeim,Polen,Veränderung gegenüber 2005 in Prozent,K03155,139.583333,139.583333333333
2017,Peine,Polen,Veränderung gegenüber 2005 in Prozent,K03157,187.656904,187.65690376569
2017,Wolfenbüttel,Polen,Veränderung gegenüber 2005 in Prozent,K03158,119.325153,119.325153374233
2017,Göttingen,Polen,Veränderung gegenüber 2005 in Prozent,K03159,42.0626896,42.0626895854398
2017,Statistische Region Braunschweig,Polen,Veränderung gegenüber 2005 in Prozent,K031,113.150177,113.150177496527
2017,Region Hannover,Polen,Veränderung gegenüber 2005 in Prozent,K03241,135.898086,135.898085942452
2017,"dav. Hannover, Lhst.",Polen,Veränderung gegenüber 2005 in Prozent,K03241001,115.502555,115.502555366269
2017,"dav. Hannover, Umland",Polen,Veränderung gegenüber 2005 in Prozent,K03241999,165.894143,165.894143438772
2017,Diepholz,Polen,Veränderung gegenüber 2005 in Prozent,K03251,283.952255,283.95225464191
2017,Hameln-Pyrmont,Polen,Veränderung gegenüber 2005 in Prozent,K03252,68.1338028,68.1338028169014
2017,Hildesheim,Polen,Veränderung gegenüber 2005 in Prozent,K03254,121.144025,121.144024514811
2017,Holzminden,Polen,Veränderung gegenüber 2005 in Prozent,K03255,-16.2011173,-16.2011173184358
2017,Nienburg (Weser),Polen,Veränderung gegenüber 2005 in Prozent,K03256,251.659751,251.659751037344
2017,Schaumburg,Polen,Veränderung gegenüber 2005 in Prozent,K03257,159.599332,159.599332220367
2017,Statistische Region Hannover,Polen,Veränderung gegenüber 2005 in Prozent,K032,144.716157,144.71615720524
2017,Celle,Polen,Veränderung gegenüber 2005 in Prozent,K03351,247.980998,247.980997624703
2017,Cuxhaven,Polen,Veränderung gegenüber 2005 in Prozent,K03352,208.685446,208.68544600939
2017,Harburg,Polen,Veränderung gegenüber 2005 in Prozent,K03353,168.792711,168.79271070615
2017,Lüchow-Dannenberg,Polen,Veränderung gegenüber 2005 in Prozent,K03354,170.212766,170.212765957447
2017,Lüneburg,Polen,Veränderung gegenüber 2005 in Prozent,K03355,135.897436,135.897435897436
2017,Osterholz,Polen,Veränderung gegenüber 2005 in Prozent,K03356,154.752852,154.752851711027
2017,Rotenburg (Wümme),Polen,Veränderung gegenüber 2005 in Prozent,K03357,139.069111,139.069111424542
2017,Heidekreis,Polen,Veränderung gegenüber 2005 in Prozent,K03358,329.956897,329.956896551724
2017,Stade,Polen,Veränderung gegenüber 2005 in Prozent,K03359,397.146933,397.146932952924
2017,Uelzen,Polen,Veränderung gegenüber 2005 in Prozent,K03360,204.421769,204.421768707483
2017,Verden,Polen,Veränderung gegenüber 2005 in Prozent,K03361,195.964126,195.964125560538
2017,Statistische Region Lüneburg,Polen,Veränderung gegenüber 2005 in Prozent,K033,217.502767,217.502766506824
2017,"Delmenhorst, Stadt",Polen,Veränderung gegenüber 2005 in Prozent,K03401,194.589178,194.589178356713
2017,"Emden, Stadt",Polen,Veränderung gegenüber 2005 in Prozent,K03402,257.407407,257.407407407407
2017,"Oldenburg (Oldb), Stadt",Polen,Veränderung gegenüber 2005 in Prozent,K03403,79.7202797,79.7202797202797
2017,"Osnabrück, Stadt",Polen,Veränderung gegenüber 2005 in Prozent,K03404,155.250404,155.250403877221
2017,"Wilhelmshaven, Stadt",Polen,Veränderung gegenüber 2005 in Prozent,K03405,196.728972,196.728971962617
2017,Ammerland,Polen,Veränderung gegenüber 2005 in Prozent,K03451,457.195572,457.19557195572
2017,Aurich,Polen,Veränderung gegenüber 2005 in Prozent,K03452,412.738854,412.738853503185
2017,Cloppenburg,Polen,Veränderung gegenüber 2005 in Prozent,K03453,308.567775,308.567774936061
2017,Emsland,Polen,Veränderung gegenüber 2005 in Prozent,K03454,333.538462,333.538461538462
2017,Friesland,Polen,Veränderung gegenüber 2005 in Prozent,K03455,142.51497,142.51497005988
2017,Grafschaft Bentheim,Polen,Veränderung gegenüber 2005 in Prozent,K03456,636.280488,636.280487804878
2017,Leer,Polen,Veränderung gegenüber 2005 in Prozent,K03457,179.448622,179.448621553885
2017,Oldenburg,Polen,Veränderung gegenüber 2005 in Prozent,K03458,349.507389,349.507389162562
2017,Osnabrück,Polen,Veränderung gegenüber 2005 in Prozent,K03459,333.121019,333.12101910828
2017,Vechta,Polen,Veränderung gegenüber 2005 in Prozent,K03460,333.222958,333.222958057395
2017,Wesermarsch,Polen,Veränderung gegenüber 2005 in Prozent,K03461,185.11236,185.112359550562
2017,Wittmund,Polen,Veränderung gegenüber 2005 in Prozent,K03462,340.217391,340.217391304348
2017,Statistische Region Weser-Ems,Polen,Veränderung gegenüber 2005 in Prozent,K034,288.048996,288.048995806665
2017,Niedersachsen,Polen,Veränderung gegenüber 2005 in Prozent,K030,190.654984,190.654984111313
2018,"Braunschweig, Stadt",Polen,Veränderung gegenüber 2005 in Prozent,K03101,94.9021627,94.9021627188466
2018,"Salzgitter, Stadt",Polen,Veränderung gegenüber 2005 in Prozent,K03102,226.887661,226.887661141805
2018,"Wolfsburg, Stadt",Polen,Veränderung gegenüber 2005 in Prozent,K03103,128.187919,128.187919463087
2018,Gifhorn,Polen,Veränderung gegenüber 2005 in Prozent,K03151,95.0286807,95.0286806883365
2018,Goslar,Polen,Veränderung gegenüber 2005 in Prozent,K03153,104.651163,104.651162790698
2018,Helmstedt,Polen,Veränderung gegenüber 2005 in Prozent,K03154,161.075949,161.075949367089
2018,Northeim,Polen,Veränderung gegenüber 2005 in Prozent,K03155,160.416667,160.416666666667
2018,Peine,Polen,Veränderung gegenüber 2005 in Prozent,K03157,198.117155,198.117154811715
2018,Wolfenbüttel,Polen,Veränderung gegenüber 2005 in Prozent,K03158,128.527607,128.527607361963
2018,Göttingen,Polen,Veränderung gegenüber 2005 in Prozent,K03159,49.6461072,49.6461071789687
2018,Statistische Region Braunschweig,Polen,Veränderung gegenüber 2005 in Prozent,K031,118.552246,118.552245716932
2018,Region Hannover,Polen,Veränderung gegenüber 2005 in Prozent,K03241,134.44036,134.44035999493
2018,"dav. Hannover, Lhst.",Polen,Veränderung gegenüber 2005 in Prozent,K03241001,108.262351,108.262350936968
2018,"dav. Hannover, Umland",Polen,Veränderung gegenüber 2005 in Prozent,K03241999,173.097401,173.097400563733
2018,Diepholz,Polen,Veränderung gegenüber 2005 in Prozent,K03251,319.098143,319.098143236074
2018,Hameln-Pyrmont,Polen,Veränderung gegenüber 2005 in Prozent,K03252,76.9366197,76.9366197183099
2018,Hildesheim,Polen,Veränderung gegenüber 2005 in Prozent,K03254,123.697651,123.697650663943
2018,Holzminden,Polen,Veränderung gegenüber 2005 in Prozent,K03255,-18.9944134,-18.9944134078212
2018,Nienburg (Weser),Polen,Veränderung gegenüber 2005 in Prozent,K03256,257.883817,257.883817427386
2018,Schaumburg,Polen,Veränderung gegenüber 2005 in Prozent,K03257,176.293823,176.293823038397
2018,Statistische Region Hannover,Polen,Veränderung gegenüber 2005 in Prozent,K032,147.816594,147.816593886463
2018,Celle,Polen,Veränderung gegenüber 2005 in Prozent,K03351,269.35867,269.358669833729
2018,Cuxhaven,Polen,Veränderung gegenüber 2005 in Prozent,K03352,236.85446,236.854460093897
2018,Harburg,Polen,Veränderung gegenüber 2005 in Prozent,K03353,200.113895,200.113895216401
2018,Lüchow-Dannenberg,Polen,Veränderung gegenüber 2005 in Prozent,K03354,170.212766,170.212765957447
2018,Lüneburg,Polen,Veränderung gegenüber 2005 in Prozent,K03355,149.57265,149.57264957265
2018,Osterholz,Polen,Veränderung gegenüber 2005 in Prozent,K03356,160.456274,160.456273764259
2018,Rotenburg (Wümme),Polen,Veränderung gegenüber 2005 in Prozent,K03357,150.352609,150.352609308886
2018,Heidekreis,Polen,Veränderung gegenüber 2005 in Prozent,K03358,362.284483,362.284482758621
2018,Stade,Polen,Veränderung gegenüber 2005 in Prozent,K03359,424.25107,424.251069900143
2018,Uelzen,Polen,Veränderung gegenüber 2005 in Prozent,K03360,228.231293,228.231292517007
2018,Verden,Polen,Veränderung gegenüber 2005 in Prozent,K03361,220.627803,220.627802690583
2018,Statistische Region Lüneburg,Polen,Veränderung gegenüber 2005 in Prozent,K033,239.265954,239.265953522685
2018,"Delmenhorst, Stadt",Polen,Veränderung gegenüber 2005 in Prozent,K03401,197.59519,197.595190380762
2018,"Emden, Stadt",Polen,Veränderung gegenüber 2005 in Prozent,K03402,225.925926,225.925925925926
2018,"Oldenburg (Oldb), Stadt",Polen,Veränderung gegenüber 2005 in Prozent,K03403,78.3216783,78.3216783216783
2018,"Osnabrück, Stadt",Polen,Veränderung gegenüber 2005 in Prozent,K03404,156.058158,156.058158319871
2018,"Wilhelmshaven, Stadt",Polen,Veränderung gegenüber 2005 in Prozent,K03405,201.401869,201.401869158878
2018,Ammerland,Polen,Veränderung gegenüber 2005 in Prozent,K03451,479.335793,479.335793357934
2018,Aurich,Polen,Veränderung gegenüber 2005 in Prozent,K03452,427.070064,427.070063694268
2018,Cloppenburg,Polen,Veränderung gegenüber 2005 in Prozent,K03453,339.258312,339.25831202046
2018,Emsland,Polen,Veränderung gegenüber 2005 in Prozent,K03454,358.153846,358.153846153846
2018,Friesland,Polen,Veränderung gegenüber 2005 in Prozent,K03455,169.461078,169.461077844311
2018,Grafschaft Bentheim,Polen,Veränderung gegenüber 2005 in Prozent,K03456,666.768293,666.768292682927
2018,Leer,Polen,Veränderung gegenüber 2005 in Prozent,K03457,185.714286,185.714285714286
2018,Oldenburg,Polen,Veränderung gegenüber 2005 in Prozent,K03458,344.581281,344.581280788177
2018,Osnabrück,Polen,Veränderung gegenüber 2005 in Prozent,K03459,355.414013,355.414012738854
2018,Vechta,Polen,Veränderung gegenüber 2005 in Prozent,K03460,327.152318,327.152317880795
2018,Wesermarsch,Polen,Veränderung gegenüber 2005 in Prozent,K03461,197.752809,197.752808988764
2018,Wittmund,Polen,Veränderung gegenüber 2005 in Prozent,K03462,334.782609,334.782608695652
2018,Statistische Region Weser-Ems,Polen,Veränderung gegenüber 2005 in Prozent,K034,299.635842,299.635841977488
2018,Niedersachsen,Polen,Veränderung gegenüber 2005 in Prozent,K030,199.709993,199.709992904082
2019,"Braunschweig, Stadt",Polen,Veränderung gegenüber 2005 in Prozent,K03101,87.1781668,87.178166838311
2019,"Salzgitter, Stadt",Polen,Veränderung gegenüber 2005 in Prozent,K03102,209.392265,209.39226519337
2019,"Wolfsburg, Stadt",Polen,Veränderung gegenüber 2005 in Prozent,K03103,123.154362,123.154362416107
2019,Gifhorn,Polen,Veränderung gegenüber 2005 in Prozent,K03151,100.764818,100.764818355641
2019,Goslar,Polen,Veränderung gegenüber 2005 in Prozent,K03153,103.488372,103.488372093023
2019,Helmstedt,Polen,Veränderung gegenüber 2005 in Prozent,K03154,172.151899,172.151898734177
2019,Northeim,Polen,Veränderung gegenüber 2005 in Prozent,K03155,166.369048,166.369047619048
2019,Peine,Polen,Veränderung gegenüber 2005 in Prozent,K03157,203.34728,203.347280334728
2019,Wolfenbüttel,Polen,Veränderung gegenüber 2005 in Prozent,K03158,130.06135,130.061349693252
2019,Göttingen,Polen,Veränderung gegenüber 2005 in Prozent,K03159,56.2184024,56.2184024266936
2019,Statistische Region Braunschweig,Polen,Veränderung gegenüber 2005 in Prozent,K031,117.08597,117.085970057108
2019,Region Hannover,Polen,Veränderung gegenüber 2005 in Prozent,K03241,128.989733,128.989732538978
2019,"dav. Hannover, Lhst.",Polen,Veränderung gegenüber 2005 in Prozent,K03241001,101.660988,101.660988074957
2019,"dav. Hannover, Umland",Polen,Veränderung gegenüber 2005 in Prozent,K03241999,169.182587,169.182586908863
2019,Diepholz,Polen,Veränderung gegenüber 2005 in Prozent,K03251,354.907162,354.907161803714
2019,Hameln-Pyrmont,Polen,Veränderung gegenüber 2005 in Prozent,K03252,84.8591549,84.8591549295775
2019,Hildesheim,Polen,Veränderung gegenüber 2005 in Prozent,K03254,136.976507,136.976506639428
2019,Holzminden,Polen,Veränderung gegenüber 2005 in Prozent,K03255,-13.4078212,-13.4078212290503
2019,Nienburg (Weser),Polen,Veränderung gegenüber 2005 in Prozent,K03256,246.473029,246.473029045643
2019,Schaumburg,Polen,Veränderung gegenüber 2005 in Prozent,K03257,188.814691,188.81469115192
2019,Statistische Region Hannover,Polen,Veränderung gegenüber 2005 in Prozent,K032,148.253275,148.25327510917
2019,Celle,Polen,Veränderung gegenüber 2005 in Prozent,K03351,278.859857,278.859857482185
2019,Cuxhaven,Polen,Veränderung gegenüber 2005 in Prozent,K03352,240.375587,240.37558685446
2019,Harburg,Polen,Veränderung gegenüber 2005 in Prozent,K03353,253.644647,253.644646924829
2019,Lüchow-Dannenberg,Polen,Veränderung gegenüber 2005 in Prozent,K03354,174.468085,174.468085106383
2019,Lüneburg,Polen,Veränderung gegenüber 2005 in Prozent,K03355,150.42735,150.42735042735
2019,Osterholz,Polen,Veränderung gegenüber 2005 in Prozent,K03356,175.665399,175.665399239544
2019,Rotenburg (Wümme),Polen,Veränderung gegenüber 2005 in Prozent,K03357,159.520451,159.520451339915
2019,Heidekreis,Polen,Veränderung gegenüber 2005 in Prozent,K03358,406.465517,406.465517241379
2019,Stade,Polen,Veränderung gegenüber 2005 in Prozent,K03359,432.810271,432.810271041369
2019,Uelzen,Polen,Veränderung gegenüber 2005 in Prozent,K03360,219.727891,219.727891156463
2019,Verden,Polen,Veränderung gegenüber 2005 in Prozent,K03361,210.538117,210.538116591928
2019,Statistische Region Lüneburg,Polen,Veränderung gegenüber 2005 in Prozent,K033,254.850609,254.850608631501
2019,"Delmenhorst, Stadt",Polen,Veränderung gegenüber 2005 in Prozent,K03401,185.571142,185.571142284569
2019,"Emden, Stadt",Polen,Veränderung gegenüber 2005 in Prozent,K03402,209.259259,209.259259259259
2019,"Oldenburg (Oldb), Stadt",Polen,Veränderung gegenüber 2005 in Prozent,K03403,90.9090909,90.9090909090909
2019,"Osnabrück, Stadt",Polen,Veränderung gegenüber 2005 in Prozent,K03404,156.058158,156.058158319871
2019,"Wilhelmshaven, Stadt",Polen,Veränderung gegenüber 2005 in Prozent,K03405,217.757009,217.757009345794
2019,Ammerland,Polen,Veränderung gegenüber 2005 in Prozent,K03451,510.701107,510.70110701107
2019,Aurich,Polen,Veränderung gegenüber 2005 in Prozent,K03452,376.11465,376.114649681529
2019,Cloppenburg,Polen,Veränderung gegenüber 2005 in Prozent,K03453,337.340153,337.340153452685
2019,Emsland,Polen,Veränderung gegenüber 2005 in Prozent,K03454,352.923077,352.923076923077
2019,Friesland,Polen,Veränderung gegenüber 2005 in Prozent,K03455,184.431138,184.431137724551
2019,Grafschaft Bentheim,Polen,Veränderung gegenüber 2005 in Prozent,K03456,701.829268,701.829268292683
2019,Leer,Polen,Veränderung gegenüber 2005 in Prozent,K03457,210.776942,210.77694235589
2019,Oldenburg,Polen,Veränderung gegenüber 2005 in Prozent,K03458,348.275862,348.275862068966
2019,Osnabrück,Polen,Veränderung gegenüber 2005 in Prozent,K03459,345.404914,345.40491355778
2019,Vechta,Polen,Veränderung gegenüber 2005 in Prozent,K03460,330.463576,330.46357615894
2019,Wesermarsch,Polen,Veränderung gegenüber 2005 in Prozent,K03461,211.797753,211.797752808989
2019,Wittmund,Polen,Veränderung gegenüber 2005 in Prozent,K03462,329.347826,329.347826086957
2019,Statistische Region Weser-Ems,Polen,Veränderung gegenüber 2005 in Prozent,K034,300.463474,300.463473846833
2019,Niedersachsen,Polen,Veränderung gegenüber 2005 in Prozent,K030,202.394101,202.394101132262
2020,"Braunschweig, Stadt",Polen,Veränderung gegenüber 2005 in Prozent,K03101,81.2564367,81.2564366632338
2020,"Salzgitter, Stadt",Polen,Veränderung gegenüber 2005 in Prozent,K03102,210.313076,210.313075506446
2020,"Wolfsburg, Stadt",Polen,Veränderung gegenüber 2005 in Prozent,K03103,104.697987,104.697986577181
2020,Gifhorn,Polen,Veränderung gegenüber 2005 in Prozent,K03151,110.325048,110.325047801147
2020,Goslar,Polen,Veränderung gegenüber 2005 in Prozent,K03153,119.767442,119.767441860465
2020,Helmstedt,Polen,Veränderung gegenüber 2005 in Prozent,K03154,175.316456,175.316455696203
2020,Northeim,Polen,Veränderung gegenüber 2005 in Prozent,K03155,170.833333,170.833333333333
2020,Peine,Polen,Veränderung gegenüber 2005 in Prozent,K03157,228.451883,228.451882845188
2020,Wolfenbüttel,Polen,Veränderung gegenüber 2005 in Prozent,K03158,150.0,150.0
2020,Göttingen,Polen,Veränderung gegenüber 2005 in Prozent,K03159,57.7350859,57.7350859453994
2020,Statistische Region Braunschweig,Polen,Veränderung gegenüber 2005 in Prozent,K031,119.01528,119.015280135823
2020,Region Hannover,Polen,Veränderung gegenüber 2005 in Prozent,K03241,122.651794,122.651793636709
2020,"dav. Hannover, Lhst.",Polen,Veränderung gegenüber 2005 in Prozent,K03241001,91.7589438,91.7589437819421
2020,"dav. Hannover, Umland",Polen,Veränderung gegenüber 2005 in Prozent,K03241999,168.086439,168.0864390855
2020,Diepholz,Polen,Veränderung gegenüber 2005 in Prozent,K03251,378.116711,378.116710875332
2020,Hameln-Pyrmont,Polen,Veränderung gegenüber 2005 in Prozent,K03252,89.2605634,89.2605633802817
2020,Hildesheim,Polen,Veränderung gegenüber 2005 in Prozent,K03254,131.358529,131.358529111338
2020,Holzminden,Polen,Veränderung gegenüber 2005 in Prozent,K03255,0.55865922,0.558659217877095
2020,Nienburg (Weser),Polen,Veränderung gegenüber 2005 in Prozent,K03256,236.099585,236.099585062241
2020,Schaumburg,Polen,Veränderung gegenüber 2005 in Prozent,K03257,207.178631,207.178631051753
2020,Statistische Region Hannover,Polen,Veränderung gegenüber 2005 in Prozent,K032,145.895197,145.89519650655
2020,Celle,Polen,Veränderung gegenüber 2005 in Prozent,K03351,288.361045,288.361045130641
2020,Cuxhaven,Polen,Veränderung gegenüber 2005 in Prozent,K03352,254.460094,254.460093896714
2020,Harburg,Polen,Veränderung gegenüber 2005 in Prozent,K03353,288.382688,288.382687927107
2020,Lüchow-Dannenberg,Polen,Veränderung gegenüber 2005 in Prozent,K03354,187.234043,187.234042553192
2020,Lüneburg,Polen,Veränderung gegenüber 2005 in Prozent,K03355,141.880342,141.880341880342
2020,Osterholz,Polen,Veränderung gegenüber 2005 in Prozent,K03356,177.56654,177.566539923954
2020,Rotenburg (Wümme),Polen,Veränderung gegenüber 2005 in Prozent,K03357,167.277856,167.277856135402
2020,Heidekreis,Polen,Veränderung gegenüber 2005 in Prozent,K03358,411.853448,411.853448275862
2020,Stade,Polen,Veränderung gegenüber 2005 in Prozent,K03359,434.950071,434.950071326676
2020,Uelzen,Polen,Veränderung gegenüber 2005 in Prozent,K03360,231.632653,231.632653061224
2020,Verden,Polen,Veränderung gegenüber 2005 in Prozent,K03361,218.38565,218.385650224215
2020,Statistische Region Lüneburg,Polen,Veränderung gegenüber 2005 in Prozent,K033,264.810033,264.810033198082
2020,"Delmenhorst, Stadt",Polen,Veränderung gegenüber 2005 in Prozent,K03401,191.583166,191.583166332665
2020,"Emden, Stadt",Polen,Veränderung gegenüber 2005 in Prozent,K03402,209.259259,209.259259259259
2020,"Oldenburg (Oldb), Stadt",Polen,Veränderung gegenüber 2005 in Prozent,K03403,78.3216783,78.3216783216783
2020,"Osnabrück, Stadt",Polen,Veränderung gegenüber 2005 in Prozent,K03404,148.788368,148.788368336026
2020,"Wilhelmshaven, Stadt",Polen,Veränderung gegenüber 2005 in Prozent,K03405,178.037383,178.03738317757
2020,Ammerland,Polen,Veränderung gegenüber 2005 in Prozent,K03451,477.490775,477.490774907749
2020,Aurich,Polen,Veränderung gegenüber 2005 in Prozent,K03452,364.968153,364.968152866242
2020,Cloppenburg,Polen,Veränderung gegenüber 2005 in Prozent,K03453,350.127877,350.127877237852
2020,Emsland,Polen,Veränderung gegenüber 2005 in Prozent,K03454,352.0,352.0
2020,Friesland,Polen,Veränderung gegenüber 2005 in Prozent,K03455,181.437126,181.437125748503
2020,Grafschaft Bentheim,Polen,Veränderung gegenüber 2005 in Prozent,K03456,717.073171,717.073170731707
2020,Leer,Polen,Veränderung gegenüber 2005 in Prozent,K03457,214.536341,214.53634085213
2020,Oldenburg,Polen,Veränderung gegenüber 2005 in Prozent,K03458,345.812808,345.812807881773
2020,Osnabrück,Polen,Veränderung gegenüber 2005 in Prozent,K03459,360.418562,360.41856232939
2020,Vechta,Polen,Veränderung gegenüber 2005 in Prozent,K03460,328.256071,328.256070640177
2020,Wesermarsch,Polen,Veränderung gegenüber 2005 in Prozent,K03461,204.775281,204.775280898876
2020,Wittmund,Polen,Veränderung gegenüber 2005 in Prozent,K03462,334.782609,334.782608695652
2020,Statistische Region Weser-Ems,Polen,Veränderung gegenüber 2005 in Prozent,K034,299.801368,299.801368351357
2020,Niedersachsen,Polen,Veränderung gegenüber 2005 in Prozent,K030,203.443063,203.443062968562
2021,"Braunschweig, Stadt",Polen,Veränderung gegenüber 2005 in Prozent,K03101,82.0288363,82.0288362512873
2021,"Salzgitter, Stadt",Polen,Veränderung gegenüber 2005 in Prozent,K03102,214.917127,214.917127071823
2021,"Wolfsburg, Stadt",Polen,Veränderung gegenüber 2005 in Prozent,K03103,126.510067,126.510067114094
2021,Gifhorn,Polen,Veränderung gegenüber 2005 in Prozent,K03151,114.14914,114.14913957935
2021,Goslar,Polen,Veränderung gegenüber 2005 in Prozent,K03153,119.767442,119.767441860465
2021,Helmstedt,Polen,Veränderung gegenüber 2005 in Prozent,K03154,173.734177,173.73417721519
2021,Northeim,Polen,Veränderung gegenüber 2005 in Prozent,K03155,173.809524,173.809523809524
2021,Peine,Polen,Veränderung gegenüber 2005 in Prozent,K03157,232.635983,232.635983263598
2021,Wolfenbüttel,Polen,Veränderung gegenüber 2005 in Prozent,K03158,143.865031,143.865030674847
2021,Göttingen,Polen,Veränderung gegenüber 2005 in Prozent,K03159,56.2184024,56.2184024266936
2021,Statistische Region Braunschweig,Polen,Veränderung gegenüber 2005 in Prozent,K031,121.870659,121.870659052323
2021,Region Hannover,Polen,Veränderung gegenüber 2005 in Prozent,K03241,124.996831,124.996831030549
2021,"dav. Hannover, Lhst.",Polen,Veränderung gegenüber 2005 in Prozent,K03241001,96.6567291,96.6567291311755
2021,"dav. Hannover, Umland",Polen,Veränderung gegenüber 2005 in Prozent,K03241999,166.677106,166.677106169746
2021,Diepholz,Polen,Veränderung gegenüber 2005 in Prozent,K03251,405.96817,405.968169761273
2021,Hameln-Pyrmont,Polen,Veränderung gegenüber 2005 in Prozent,K03252,98.0633803,98.0633802816901
2021,Hildesheim,Polen,Veränderung gegenüber 2005 in Prozent,K03254,131.358529,131.358529111338
2021,Holzminden,Polen,Veränderung gegenüber 2005 in Prozent,K03255,8.93854749,8.93854748603352
2021,Nienburg (Weser),Polen,Veränderung gegenüber 2005 in Prozent,K03256,246.473029,246.473029045643
2021,Schaumburg,Polen,Veränderung gegenüber 2005 in Prozent,K03257,212.186978,212.186978297162
2021,Statistische Region Hannover,Polen,Veränderung gegenüber 2005 in Prozent,K032,150.611354,150.61135371179
2021,Celle,Polen,Veränderung gegenüber 2005 in Prozent,K03351,309.738717,309.738717339667
2021,Cuxhaven,Polen,Veränderung gegenüber 2005 in Prozent,K03352,247.41784,247.417840375587
2021,Harburg,Polen,Veränderung gegenüber 2005 in Prozent,K03353,347.038724,347.038724373576
2021,Lüchow-Dannenberg,Polen,Veränderung gegenüber 2005 in Prozent,K03354,161.702128,161.702127659574
2021,Lüneburg,Polen,Veränderung gegenüber 2005 in Prozent,K03355,141.025641,141.025641025641
2021,Osterholz,Polen,Veränderung gegenüber 2005 in Prozent,K03356,175.665399,175.665399239544
2021,Rotenburg (Wümme),Polen,Veränderung gegenüber 2005 in Prozent,K03357,172.214386,172.214386459803
2021,Heidekreis,Polen,Veränderung gegenüber 2005 in Prozent,K03358,416.163793,416.163793103448
2021,Stade,Polen,Veränderung gegenüber 2005 in Prozent,K03359,428.53067,428.530670470756
2021,Uelzen,Polen,Veränderung gegenüber 2005 in Prozent,K03360,253.741497,253.741496598639
2021,Verden,Polen,Veränderung gegenüber 2005 in Prozent,K03361,223.991031,223.991031390135
2021,Statistische Region Lüneburg,Polen,Veränderung gegenüber 2005 in Prozent,K033,276.060494,276.060494282553
2021,"Delmenhorst, Stadt",Polen,Veränderung gegenüber 2005 in Prozent,K03401,201.603206,201.603206412826
2021,"Emden, Stadt",Polen,Veränderung gegenüber 2005 in Prozent,K03402,209.259259,209.259259259259
2021,"Oldenburg (Oldb), Stadt",Polen,Veränderung gegenüber 2005 in Prozent,K03403,73.4265734,73.4265734265734
2021,"Osnabrück, Stadt",Polen,Veränderung gegenüber 2005 in Prozent,K03404,149.596123,149.596122778675
2021,"Wilhelmshaven, Stadt",Polen,Veränderung gegenüber 2005 in Prozent,K03405,187.383178,187.383177570093
2021,Ammerland,Polen,Veränderung gegenüber 2005 in Prozent,K03451,473.800738,473.80073800738
2021,Aurich,Polen,Veränderung gegenüber 2005 in Prozent,K03452,342.675159,342.675159235669
2021,Cloppenburg,Polen,Veränderung gegenüber 2005 in Prozent,K03453,373.785166,373.785166240409
2021,Emsland,Polen,Veränderung gegenüber 2005 in Prozent,K03454,360.615385,360.615384615385
2021,Friesland,Polen,Veränderung gegenüber 2005 in Prozent,K03455,190.419162,190.419161676647
2021,Grafschaft Bentheim,Polen,Veränderung gegenüber 2005 in Prozent,K03456,771.95122,771.951219512195
2021,Leer,Polen,Veränderung gegenüber 2005 in Prozent,K03457,237.092732,237.092731829574
2021,Oldenburg,Polen,Veränderung gegenüber 2005 in Prozent,K03458,344.581281,344.581280788177
2021,Osnabrück,Polen,Veränderung gegenüber 2005 in Prozent,K03459,363.603276,363.603275705187
2021,Vechta,Polen,Veränderung gegenüber 2005 in Prozent,K03460,325.496689,325.496688741722
2021,Wesermarsch,Polen,Veränderung gegenüber 2005 in Prozent,K03461,193.539326,193.539325842697
2021,Wittmund,Polen,Veränderung gegenüber 2005 in Prozent,K03462,329.347826,329.347826086957
2021,Statistische Region Weser-Ems,Polen,Veränderung gegenüber 2005 in Prozent,K034,305.649967,305.649966894725
2021,Niedersachsen,Polen,Veränderung gegenüber 2005 in Prozent,K030,209.196927,209.196927158856
2022,"Braunschweig, Stadt",Polen,Veränderung gegenüber 2005 in Prozent,K03101,78.6817714,78.6817713697219
2022,"Salzgitter, Stadt",Polen,Veränderung gegenüber 2005 in Prozent,K03102,225.966851,225.966850828729
2022,"Wolfsburg, Stadt",Polen,Veränderung gegenüber 2005 in Prozent,K03103,124.832215,124.832214765101
2022,Gifhorn,Polen,Veränderung gegenüber 2005 in Prozent,K03151,107.456979,107.456978967495
2022,Goslar,Polen,Veränderung gegenüber 2005 in Prozent,K03153,125.581395,125.581395348837
2022,Helmstedt,Polen,Veränderung gegenüber 2005 in Prozent,K03154,161.075949,161.075949367089
2022,Northeim,Polen,Veränderung gegenüber 2005 in Prozent,K03155,181.25,181.25
2022,Peine,Polen,Veränderung gegenüber 2005 in Prozent,K03157,243.096234,243.096234309623
2022,Wolfenbüttel,Polen,Veränderung gegenüber 2005 in Prozent,K03158,150.0,150.0
2022,Göttingen,Polen,Veränderung gegenüber 2005 in Prozent,K03159,59.2517695,59.2517694641052
2022,Statistische Region Braunschweig,Polen,Veränderung gegenüber 2005 in Prozent,K031,122.8739,122.873900293255
2022,Region Hannover,Polen,Veränderung gegenüber 2005 in Prozent,K03241,125.630625,125.630624920776
2022,"dav. Hannover, Lhst.",Polen,Veränderung gegenüber 2005 in Prozent,K03241001,96.4437819,96.4437819420784
2022,"dav. Hannover, Umland",Polen,Veränderung gegenüber 2005 in Prozent,K03241999,168.556217,168.556216724084
2022,Diepholz,Polen,Veränderung gegenüber 2005 in Prozent,K03251,407.95756,407.957559681698
2022,Hameln-Pyrmont,Polen,Veränderung gegenüber 2005 in Prozent,K03252,109.507042,109.507042253521
2022,Hildesheim,Polen,Veränderung gegenüber 2005 in Prozent,K03254,132.890705,132.890704800817
2022,Holzminden,Polen,Veränderung gegenüber 2005 in Prozent,K03255,3.35195531,3.35195530726257
2022,Nienburg (Weser),Polen,Veränderung gegenüber 2005 in Prozent,K03256,262.033195,262.033195020747
2022,Schaumburg,Polen,Veränderung gegenüber 2005 in Prozent,K03257,227.21202,227.212020033389
2022,Statistische Region Hannover,Polen,Veränderung gegenüber 2005 in Prozent,K032,153.187773,153.187772925764
2022,Celle,Polen,Veränderung gegenüber 2005 in Prozent,K03351,334.679335,334.679334916865
2022,Cuxhaven,Polen,Veränderung gegenüber 2005 in Prozent,K03352,245.070423,245.070422535211
2022,Harburg,Polen,Veränderung gegenüber 2005 in Prozent,K03353,366.400911,366.400911161731
2022,Lüchow-Dannenberg,Polen,Veränderung gegenüber 2005 in Prozent,K03354,157.446809,157.446808510638
2022,Lüneburg,Polen,Veränderung gegenüber 2005 in Prozent,K03355,159.82906,159.82905982906
2022,Osterholz,Polen,Veränderung gegenüber 2005 in Prozent,K03356,177.56654,177.566539923954
2022,Rotenburg (Wümme),Polen,Veränderung gegenüber 2005 in Prozent,K03357,171.509168,171.509167842031
2022,Heidekreis,Polen,Veränderung gegenüber 2005 in Prozent,K03358,421.551724,421.551724137931
2022,Stade,Polen,Veränderung gegenüber 2005 in Prozent,K03359,440.656205,440.656205420827
2022,Uelzen,Polen,Veränderung gegenüber 2005 in Prozent,K03360,257.142857,257.142857142857
2022,Verden,Polen,Veränderung gegenüber 2005 in Prozent,K03361,226.233184,226.233183856502
2022,Statistische Region Lüneburg,Polen,Veränderung gegenüber 2005 in Prozent,K033,285.189967,285.189966801918
2022,"Delmenhorst, Stadt",Polen,Veränderung gegenüber 2005 in Prozent,K03401,213.627255,213.627254509018
2022,"Emden, Stadt",Polen,Veränderung gegenüber 2005 in Prozent,K03402,233.333333,233.333333333333
2022,"Oldenburg (Oldb), Stadt",Polen,Veränderung gegenüber 2005 in Prozent,K03403,69.9300699,69.9300699300699
2022,"Osnabrück, Stadt",Polen,Veränderung gegenüber 2005 in Prozent,K03404,160.904685,160.904684975767
2022,"Wilhelmshaven, Stadt",Polen,Veränderung gegenüber 2005 in Prozent,K03405,192.056075,192.056074766355
2022,Ammerland,Polen,Veränderung gegenüber 2005 in Prozent,K03451,523.616236,523.616236162362
2022,Aurich,Polen,Veränderung gegenüber 2005 in Prozent,K03452,361.783439,361.783439490446
2022,Cloppenburg,Polen,Veränderung gegenüber 2005 in Prozent,K03453,348.849105,348.849104859335
2022,Emsland,Polen,Veränderung gegenüber 2005 in Prozent,K03454,379.076923,379.076923076923
2022,Friesland,Polen,Veränderung gegenüber 2005 in Prozent,K03455,166.467066,166.467065868263
2022,Grafschaft Bentheim,Polen,Veränderung gegenüber 2005 in Prozent,K03456,807.012195,807.012195121951
2022,Leer,Polen,Veränderung gegenüber 2005 in Prozent,K03457,224.561404,224.561403508772
2022,Oldenburg,Polen,Veränderung gegenüber 2005 in Prozent,K03458,345.812808,345.812807881773
2022,Osnabrück,Polen,Veränderung gegenüber 2005 in Prozent,K03459,364.968153,364.968152866242
2022,Vechta,Polen,Veränderung gegenüber 2005 in Prozent,K03460,322.737307,322.737306843267
2022,Wesermarsch,Polen,Veränderung gegenüber 2005 in Prozent,K03461,199.157303,199.157303370787
2022,Wittmund,Polen,Veränderung gegenüber 2005 in Prozent,K03462,372.826087,372.826086956522
2022,Statistische Region Weser-Ems,Polen,Veränderung gegenüber 2005 in Prozent,K034,311.884794,311.884793643787
2022,Niedersachsen,Polen,Veränderung gegenüber 2005 in Prozent,K030,213.56246,213.562459506988
2023,"Braunschweig, Stadt",Polen,Veränderung gegenüber 2005 in Prozent,K03101,69.9279094,69.9279093717817
2023,"Salzgitter, Stadt",Polen,Veränderung gegenüber 2005 in Prozent,K03102,228.729282,228.729281767956
2023,"Wolfsburg, Stadt",Polen,Veränderung gegenüber 2005 in Prozent,K03103,123.154362,123.154362416107
2023,Gifhorn,Polen,Veränderung gegenüber 2005 in Prozent,K03151,132.313576,132.313575525813
2023,Goslar,Polen,Veränderung gegenüber 2005 in Prozent,K03153,126.744186,126.744186046512
2023,Helmstedt,Polen,Veränderung gegenüber 2005 in Prozent,K03154,178.481013,178.481012658228
2023,Northeim,Polen,Veränderung gegenüber 2005 in Prozent,K03155,188.690476,188.690476190476
2023,Peine,Polen,Veränderung gegenüber 2005 in Prozent,K03157,269.246862,269.246861924686
2023,Wolfenbüttel,Polen,Veränderung gegenüber 2005 in Prozent,K03158,160.736196,160.736196319018
2023,Göttingen,Polen,Veränderung gegenüber 2005 in Prozent,K03159,63.80182,63.8018200202224
2023,Statistische Region Braunschweig,Polen,Veränderung gegenüber 2005 in Prozent,K031,126.655348,126.655348047538
2023,Region Hannover,Polen,Veränderung gegenüber 2005 in Prozent,K03241,125.567246,125.567245531753
2023,"dav. Hannover, Lhst.",Polen,Veränderung gegenüber 2005 in Prozent,K03241001,93.6754685,93.675468483816
2023,"dav. Hannover, Umland",Polen,Veränderung gegenüber 2005 in Prozent,K03241999,172.47103,172.471030378954
2023,Diepholz,Polen,Veränderung gegenüber 2005 in Prozent,K03251,415.915119,415.915119363395
2023,Hameln-Pyrmont,Polen,Veränderung gegenüber 2005 in Prozent,K03252,110.387324,110.387323943662
2023,Hildesheim,Polen,Veränderung gegenüber 2005 in Prozent,K03254,137.997957,137.997957099081
2023,Holzminden,Polen,Veränderung gegenüber 2005 in Prozent,K03255,8.93854749,8.93854748603352
2023,Nienburg (Weser),Polen,Veränderung gegenüber 2005 in Prozent,K03256,272.406639,272.406639004149
2023,Schaumburg,Polen,Veränderung gegenüber 2005 in Prozent,K03257,232.220367,232.220367278798
2023,Statistische Region Hannover,Polen,Veränderung gegenüber 2005 in Prozent,K032,154.934498,154.934497816594
2023,Celle,Polen,Veränderung gegenüber 2005 in Prozent,K03351,353.68171,353.681710213777
2023,Cuxhaven,Polen,Veränderung gegenüber 2005 in Prozent,K03352,259.15493,259.154929577465
2023,Harburg,Polen,Veränderung gegenüber 2005 in Prozent,K03353,364.123007,364.123006833713
2023,Lüchow-Dannenberg,Polen,Veränderung gegenüber 2005 in Prozent,K03354,155.319149,155.31914893617
2023,Lüneburg,Polen,Veränderung gegenüber 2005 in Prozent,K03355,145.299145,145.299145299145
2023,Osterholz,Polen,Veränderung gegenüber 2005 in Prozent,K03356,177.56654,177.566539923954
2023,Rotenburg (Wümme),Polen,Veränderung gegenüber 2005 in Prozent,K03357,182.087447,182.087447108604
2023,Heidekreis,Polen,Veränderung gegenüber 2005 in Prozent,K03358,440.948276,440.948275862069
2023,Stade,Polen,Veränderung gegenüber 2005 in Prozent,K03359,448.50214,448.502139800285
2023,Uelzen,Polen,Veränderung gegenüber 2005 in Prozent,K03360,257.142857,257.142857142857
2023,Verden,Polen,Veränderung gegenüber 2005 in Prozent,K03361,235.201794,235.201793721973
2023,Statistische Region Lüneburg,Polen,Veränderung gegenüber 2005 in Prozent,K033,290.630764,290.630763555883
2023,"Delmenhorst, Stadt",Polen,Veränderung gegenüber 2005 in Prozent,K03401,230.661323,230.661322645291
2023,"Emden, Stadt",Polen,Veränderung gegenüber 2005 in Prozent,K03402,250.0,250.0
2023,"Oldenburg (Oldb), Stadt",Polen,Veränderung gegenüber 2005 in Prozent,K03403,65.7342657,65.7342657342657
2023,"Osnabrück, Stadt",Polen,Veränderung gegenüber 2005 in Prozent,K03404,165.751212,165.751211631664
2023,"Wilhelmshaven, Stadt",Polen,Veränderung gegenüber 2005 in Prozent,K03405,206.074766,206.07476635514
2023,Ammerland,Polen,Veränderung gegenüber 2005 in Prozent,K03451,481.180812,481.180811808118
2023,Aurich,Polen,Veränderung gegenüber 2005 in Prozent,K03452,382.484076,382.484076433121
2023,Cloppenburg,Polen,Veränderung gegenüber 2005 in Prozent,K03453,374.424552,374.424552429668
2023,Emsland,Polen,Veränderung gegenüber 2005 in Prozent,K03454,375.692308,375.692307692308
2023,Friesland,Polen,Veränderung gegenüber 2005 in Prozent,K03455,175.449102,175.449101796407
2023,Grafschaft Bentheim,Polen,Veränderung gegenüber 2005 in Prozent,K03456,855.792683,855.792682926829
2023,Leer,Polen,Veränderung gegenüber 2005 in Prozent,K03457,220.802005,220.802005012531
2023,Oldenburg,Polen,Veränderung gegenüber 2005 in Prozent,K03458,338.423645,338.423645320197
2023,Osnabrück,Polen,Veränderung gegenüber 2005 in Prozent,K03459,362.238399,362.238398544131
2023,Vechta,Polen,Veränderung gegenüber 2005 in Prozent,K03460,320.529801,320.529801324503
2023,Wesermarsch,Polen,Veränderung gegenüber 2005 in Prozent,K03461,223.033708,223.033707865169
2023,Wittmund,Polen,Veränderung gegenüber 2005 in Prozent,K03462,334.782609,334.782608695652
2023,Statistische Region Weser-Ems,Polen,Veränderung gegenüber 2005 in Prozent,K034,316.078128,316.078128448466
2023,Niedersachsen,Polen,Veränderung gegenüber 2005 in Prozent,K030,217.033289,217.033289112393
2024,"Braunschweig, Stadt",Polen,Veränderung gegenüber 2005 in Prozent,K03101,67.0957775,67.0957775489186
2024,"Salzgitter, Stadt",Polen,Veränderung gegenüber 2005 in Prozent,K03102,211.233886,211.233885819521
2024,"Wolfsburg, Stadt",Polen,Veränderung gegenüber 2005 in Prozent,K03103,101.342282,101.342281879195
2024,Gifhorn,Polen,Veränderung gegenüber 2005 in Prozent,K03151,126.577438,126.577437858509
2024,Goslar,Polen,Veränderung gegenüber 2005 in Prozent,K03153,117.44186,117.441860465116
2024,Helmstedt,Polen,Veränderung gegenüber 2005 in Prozent,K03154,173.734177,173.73417721519
2024,Northeim,Polen,Veränderung gegenüber 2005 in Prozent,K03155,206.547619,206.547619047619
2024,Peine,Polen,Veränderung gegenüber 2005 in Prozent,K03157,270.292887,270.292887029289
2024,Wolfenbüttel,Polen,Veränderung gegenüber 2005 in Prozent,K03158,151.533742,151.533742331288
2024,Göttingen,Polen,Veränderung gegenüber 2005 in Prozent,K03159,63.2962588,63.2962588473205
2024,Statistische Region Braunschweig,Polen,Veränderung gegenüber 2005 in Prozent,K031,121.561969,121.561969439728
2024,Region Hannover,Polen,Veränderung gegenüber 2005 in Prozent,K03241,123.792623,123.792622639118
2024,"dav. Hannover, Lhst.",Polen,Veränderung gegenüber 2005 in Prozent,K03241001,95.379046,95.3790459965929
2024,"dav. Hannover, Umland",Polen,Veränderung gegenüber 2005 in Prozent,K03241999,165.580958,165.580958346383
2024,Diepholz,Polen,Veränderung gegenüber 2005 in Prozent,K03251,415.251989,415.25198938992
2024,Hameln-Pyrmont,Polen,Veränderung gegenüber 2005 in Prozent,K03252,113.028169,113.028169014085
2024,Hildesheim,Polen,Veränderung gegenüber 2005 in Prozent,K03254,124.719101,124.719101123596
2024,Holzminden,Polen,Veränderung gegenüber 2005 in Prozent,K03255,28.4916201,28.4916201117318
2024,Nienburg (Weser),Polen,Veränderung gegenüber 2005 in Prozent,K03256,253.73444,253.734439834025
2024,Schaumburg,Polen,Veränderung gegenüber 2005 in Prozent,K03257,223.873122,223.873121869783
2024,Statistische Region Hannover,Polen,Veränderung gegenüber 2005 in Prozent,K032,151.746725,151.74672489083
2024,Celle,Polen,Veränderung gegenüber 2005 in Prozent,K03351,351.306413,351.306413301663
2024,Cuxhaven,Polen,Veränderung gegenüber 2005 in Prozent,K03352,249.765258,249.765258215962
2024,Harburg,Polen,Veränderung gegenüber 2005 in Prozent,K03353,343.052392,343.052391799544
2024,Lüchow-Dannenberg,Polen,Veränderung gegenüber 2005 in Prozent,K03354,165.957447,165.957446808511
2024,Lüneburg,Polen,Veränderung gegenüber 2005 in Prozent,K03355,129.91453,129.91452991453
2024,Osterholz,Polen,Veränderung gegenüber 2005 in Prozent,K03356,156.653992,156.653992395437
2024,Rotenburg (Wümme),Polen,Veränderung gegenüber 2005 in Prozent,K03357,183.497884,183.497884344147
2024,Heidekreis,Polen,Veränderung gegenüber 2005 in Prozent,K03358,436.637931,436.637931034483
2024,Stade,Polen,Veränderung gegenüber 2005 in Prozent,K03359,439.229672,439.22967189729
2024,Uelzen,Polen,Veränderung gegenüber 2005 in Prozent,K03360,233.333333,233.333333333333
2024,Verden,Polen,Veränderung gegenüber 2005 in Prozent,K03361,218.38565,218.385650224215
2024,Statistische Region Lüneburg,Polen,Veränderung gegenüber 2005 in Prozent,K033,279.933604,279.933603836223
2024,"Delmenhorst, Stadt",Polen,Veränderung gegenüber 2005 in Prozent,K03401,192.58517,192.585170340681
2024,"Emden, Stadt",Polen,Veränderung gegenüber 2005 in Prozent,K03402,222.222222,222.222222222222
2024,"Oldenburg (Oldb), Stadt",Polen,Veränderung gegenüber 2005 in Prozent,K03403,58.7412587,58.7412587412587
2024,"Osnabrück, Stadt",Polen,Veränderung gegenüber 2005 in Prozent,K03404,160.096931,160.096930533118
2024,"Wilhelmshaven, Stadt",Polen,Veränderung gegenüber 2005 in Prozent,K03405,192.056075,192.056074766355
2024,Ammerland,Polen,Veränderung gegenüber 2005 in Prozent,K03451,471.95572,471.955719557196
2024,Aurich,Polen,Veränderung gegenüber 2005 in Prozent,K03452,337.898089,337.898089171975
2024,Cloppenburg,Polen,Veränderung gegenüber 2005 in Prozent,K03453,356.521739,356.521739130435
2024,Emsland,Polen,Veränderung gegenüber 2005 in Prozent,K03454,363.384615,363.384615384615
2024,Friesland,Polen,Veränderung gegenüber 2005 in Prozent,K03455,190.419162,190.419161676647
2024,Grafschaft Bentheim,Polen,Veränderung gegenüber 2005 in Prozent,K03456,837.5,837.5
2024,Leer,Polen,Veränderung gegenüber 2005 in Prozent,K03457,195.739348,195.739348370927
2024,Oldenburg,Polen,Veränderung gegenüber 2005 in Prozent,K03458,312.561576,312.56157635468
2024,Osnabrück,Polen,Veränderung gegenüber 2005 in Prozent,K03459,347.679709,347.679708826206
2024,Vechta,Polen,Veränderung gegenüber 2005 in Prozent,K03460,313.355408,313.355408388521
2024,Wesermarsch,Polen,Veränderung gegenüber 2005 in Prozent,K03461,230.05618,230.056179775281
2024,Wittmund,Polen,Veränderung gegenüber 2005 in Prozent,K03462,340.217391,340.217391304348
2024,Statistische Region Weser-Ems,Polen,Veränderung gegenüber 2005 in Prozent,K034,301.511808,301.511807548003
2024,Niedersachsen,Polen,Veränderung gegenüber 2005 in Prozent,K030,209.027242,209.027242155925
2025,"Braunschweig, Stadt",Polen,Veränderung gegenüber 2005 in Prozent,K03101,67.3532441,67.3532440782698
2025,"Salzgitter, Stadt",Polen,Veränderung gegenüber 2005 in Prozent,K03102,214.917127,214.917127071823
2025,"Wolfsburg, Stadt",Polen,Veränderung gegenüber 2005 in Prozent,K03103,100.503356,100.503355704698
2025,Gifhorn,Polen,Veränderung gegenüber 2005 in Prozent,K03151,106.500956,106.500956022945
2025,Goslar,Polen,Veränderung gegenüber 2005 in Prozent,K03153,100.0,100.0
2025,Helmstedt,Polen,Veränderung gegenüber 2005 in Prozent,K03154,167.405063,167.405063291139
2025,Northeim,Polen,Veränderung gegenüber 2005 in Prozent,K03155,197.619048,197.619047619048
2025,Peine,Polen,Veränderung gegenüber 2005 in Prozent,K03157,275.523013,275.523012552301
2025,Wolfenbüttel,Polen,Veränderung gegenüber 2005 in Prozent,K03158,151.533742,151.533742331288
2025,Göttingen,Polen,Veränderung gegenüber 2005 in Prozent,K03159,64.8129424,64.8129423660263
2025,Statistische Region Braunschweig,Polen,Veränderung gegenüber 2005 in Prozent,K031,119.01528,119.015280135823
2025,Region Hannover,Polen,Veränderung gegenüber 2005 in Prozent,K03241,108.264672,108.264672328559
2025,"dav. Hannover, Lhst.",Polen,Veränderung gegenüber 2005 in Prozent,K03241001,71.741908,71.7419080068143
2025,"dav. Hannover, Umland",Polen,Veränderung gegenüber 2005 in Prozent,K03241999,161.97933,161.979329783902
2025,Diepholz,Polen,Veränderung gegenüber 2005 in Prozent,K03251,401.98939,401.989389920424
2025,Hameln-Pyrmont,Polen,Veränderung gegenüber 2005 in Prozent,K03252,108.626761,108.62676056338
2025,Hildesheim,Polen,Veränderung gegenüber 2005 in Prozent,K03254,120.633299,120.633299284985
2025,Holzminden,Polen,Veränderung gegenüber 2005 in Prozent,K03255,25.698324,25.6983240223464
2025,Nienburg (Weser),Polen,Veränderung gegenüber 2005 in Prozent,K03256,242.323651,242.323651452282
2025,Schaumburg,Polen,Veränderung gegenüber 2005 in Prozent,K03257,212.186978,212.186978297162
2025,Statistische Region Hannover,Polen,Veränderung gegenüber 2005 in Prozent,K032,138.515284,138.515283842795
2025,Celle,Polen,Veränderung gegenüber 2005 in Prozent,K03351,337.054632,337.054631828979
2025,Cuxhaven,Polen,Veränderung gegenüber 2005 in Prozent,K03352,236.85446,236.854460093897
2025,Harburg,Polen,Veränderung gegenüber 2005 in Prozent,K03353,306.036446,306.036446469248
2025,Lüchow-Dannenberg,Polen,Veränderung gegenüber 2005 in Prozent,K03354,151.06383,151.063829787234
2025,Lüneburg,Polen,Veränderung gegenüber 2005 in Prozent,K03355,127.350427,127.350427350427
2025,Osterholz,Polen,Veränderung gegenüber 2005 in Prozent,K03356,149.04943,149.049429657795
2025,Rotenburg (Wümme),Polen,Veränderung gegenüber 2005 in Prozent,K03357,183.497884,183.497884344147
2025,Heidekreis,Polen,Veränderung gegenüber 2005 in Prozent,K03358,404.310345,404.310344827586
2025,Stade,Polen,Veränderung gegenüber 2005 in Prozent,K03359,418.544936,418.544935805991
2025,Uelzen,Polen,Veränderung gegenüber 2005 in Prozent,K03360,228.231293,228.231292517007
2025,Verden,Polen,Veränderung gegenüber 2005 in Prozent,K03361,213.901345,213.90134529148
2025,Statistische Region Lüneburg,Polen,Veränderung gegenüber 2005 in Prozent,K033,264.625599,264.625599409812
2025,"Delmenhorst, Stadt",Polen,Veränderung gegenüber 2005 in Prozent,K03401,189.579158,189.579158316633
2025,"Emden, Stadt",Polen,Veränderung gegenüber 2005 in Prozent,K03402,207.407407,207.407407407407
2025,"Oldenburg (Oldb), Stadt",Polen,Veränderung gegenüber 2005 in Prozent,K03403,51.7482517,51.7482517482517
2025,"Osnabrück, Stadt",Polen,Veränderung gegenüber 2005 in Prozent,K03404,155.250404,155.250403877221
2025,"Wilhelmshaven, Stadt",Polen,Veränderung gegenüber 2005 in Prozent,K03405,152.336449,152.336448598131
2025,Ammerland,Polen,Veränderung gegenüber 2005 in Prozent,K03451,475.645756,475.645756457565
2025,Aurich,Polen,Veränderung gegenüber 2005 in Prozent,K03452,321.974522,321.974522292994
2025,Cloppenburg,Polen,Veränderung gegenüber 2005 in Prozent,K03453,329.667519,329.667519181586
2025,Emsland,Polen,Veränderung gegenüber 2005 in Prozent,K03454,356.0,356.0
2025,Friesland,Polen,Veränderung gegenüber 2005 in Prozent,K03455,169.461078,169.461077844311
2025,Grafschaft Bentheim,Polen,Veränderung gegenüber 2005 in Prozent,K03456,857.317073,857.317073170732
2025,Leer,Polen,Veränderung gegenüber 2005 in Prozent,K03457,181.954887,181.954887218045
2025,Oldenburg,Polen,Veränderung gegenüber 2005 in Prozent,K03458,295.320197,295.320197044335
2025,Osnabrück,Polen,Veränderung gegenüber 2005 in Prozent,K03459,322.656961,322.656960873521
2025,Vechta,Polen,Veränderung gegenüber 2005 in Prozent,K03460,299.558499,299.558498896247
2025,Wesermarsch,Polen,Veränderung gegenüber 2005 in Prozent,K03461,231.460674,231.460674157303
2025,Wittmund,Polen,Veränderung gegenüber 2005 in Prozent,K03462,280.434783,280.434782608696
2025,Statistische Region Weser-Ems,Polen,Veränderung gegenüber 2005 in Prozent,K034,288.986979,288.986978591922
2025,Niedersachsen,Polen,Veränderung gegenüber 2005 in Prozent,K030,197.766328,197.766328325055
2005,"Braunschweig, Stadt",Syrien,Veränderung gegenüber 2005 in Prozent,K03101,0.0,0.0
2005,"Salzgitter, Stadt",Syrien,Veränderung gegenüber 2005 in Prozent,K03102,0.0,0.0
2005,"Wolfsburg, Stadt",Syrien,Veränderung gegenüber 2005 in Prozent,K03103,0.0,0.0
2005,Gifhorn,Syrien,Veränderung gegenüber 2005 in Prozent,K03151,0.0,0.0
2005,Goslar,Syrien,Veränderung gegenüber 2005 in Prozent,K03153,0.0,0.0
2005,Helmstedt,Syrien,Veränderung gegenüber 2005 in Prozent,K03154,0.0,0.0
2005,Northeim,Syrien,Veränderung gegenüber 2005 in Prozent,K03155,0.0,0.0
2005,Peine,Syrien,Veränderung gegenüber 2005 in Prozent,K03157,0.0,0.0
2005,Wolfenbüttel,Syrien,Veränderung gegenüber 2005 in Prozent,K03158,0.0,0.0
2005,Göttingen,Syrien,Veränderung gegenüber 2005 in Prozent,K03159,0.0,0.0
2005,Statistische Region Braunschweig,Syrien,Veränderung gegenüber 2005 in Prozent,K031,0.0,0.0
2005,Region Hannover,Syrien,Veränderung gegenüber 2005 in Prozent,K03241,0.0,0.0
2005,"dav. Hannover, Lhst.",Syrien,Veränderung gegenüber 2005 in Prozent,K03241001,0.0,0.0
2005,"dav. Hannover, Umland",Syrien,Veränderung gegenüber 2005 in Prozent,K03241999,0.0,0.0
2005,Diepholz,Syrien,Veränderung gegenüber 2005 in Prozent,K03251,0.0,0.0
2005,Hameln-Pyrmont,Syrien,Veränderung gegenüber 2005 in Prozent,K03252,0.0,0.0
2005,Hildesheim,Syrien,Veränderung gegenüber 2005 in Prozent,K03254,0.0,0.0
2005,Holzminden,Syrien,Veränderung gegenüber 2005 in Prozent,K03255,0.0,0.0
2005,Nienburg (Weser),Syrien,Veränderung gegenüber 2005 in Prozent,K03256,0.0,0.0
2005,Schaumburg,Syrien,Veränderung gegenüber 2005 in Prozent,K03257,0.0,0.0
2005,Statistische Region Hannover,Syrien,Veränderung gegenüber 2005 in Prozent,K032,0.0,0.0
2005,Celle,Syrien,Veränderung gegenüber 2005 in Prozent,K03351,0.0,0.0
2005,Cuxhaven,Syrien,Veränderung gegenüber 2005 in Prozent,K03352,0.0,0.0
2005,Harburg,Syrien,Veränderung gegenüber 2005 in Prozent,K03353,0.0,0.0
2005,Lüchow-Dannenberg,Syrien,Veränderung gegenüber 2005 in Prozent,K03354,0.0,0.0
2005,Lüneburg,Syrien,Veränderung gegenüber 2005 in Prozent,K03355,0.0,0.0
2005,Osterholz,Syrien,Veränderung gegenüber 2005 in Prozent,K03356,0.0,0.0
2005,Rotenburg (Wümme),Syrien,Veränderung gegenüber 2005 in Prozent,K03357,0.0,0.0
2005,Heidekreis,Syrien,Veränderung gegenüber 2005 in Prozent,K03358,0.0,0.0
2005,Stade,Syrien,Veränderung gegenüber 2005 in Prozent,K03359,0.0,0.0
2005,Uelzen,Syrien,Veränderung gegenüber 2005 in Prozent,K03360,0.0,0.0
2005,Verden,Syrien,Veränderung gegenüber 2005 in Prozent,K03361,0.0,0.0
2005,Statistische Region Lüneburg,Syrien,Veränderung gegenüber 2005 in Prozent,K033,0.0,0.0
2005,"Delmenhorst, Stadt",Syrien,Veränderung gegenüber 2005 in Prozent,K03401,0.0,0.0
2005,"Emden, Stadt",Syrien,Veränderung gegenüber 2005 in Prozent,K03402,0.0,0.0
2005,"Oldenburg (Oldb), Stadt",Syrien,Veränderung gegenüber 2005 in Prozent,K03403,0.0,0.0
2005,"Osnabrück, Stadt",Syrien,Veränderung gegenüber 2005 in Prozent,K03404,0.0,0.0
2005,"Wilhelmshaven, Stadt",Syrien,Veränderung gegenüber 2005 in Prozent,K03405,0.0,0.0
2005,Ammerland,Syrien,Veränderung gegenüber 2005 in Prozent,K03451,0.0,0.0
2005,Aurich,Syrien,Veränderung gegenüber 2005 in Prozent,K03452,0.0,0.0
2005,Cloppenburg,Syrien,Veränderung gegenüber 2005 in Prozent,K03453,0.0,0.0
2005,Emsland,Syrien,Veränderung gegenüber 2005 in Prozent,K03454,0.0,0.0
2005,Friesland,Syrien,Veränderung gegenüber 2005 in Prozent,K03455,0.0,0.0
2005,Grafschaft Bentheim,Syrien,Veränderung gegenüber 2005 in Prozent,K03456,0.0,0.0
2005,Leer,Syrien,Veränderung gegenüber 2005 in Prozent,K03457,0.0,0.0
2005,Oldenburg,Syrien,Veränderung gegenüber 2005 in Prozent,K03458,0.0,0.0
2005,Osnabrück,Syrien,Veränderung gegenüber 2005 in Prozent,K03459,0.0,0.0
2005,Vechta,Syrien,Veränderung gegenüber 2005 in Prozent,K03460,0.0,0.0
2005,Wesermarsch,Syrien,Veränderung gegenüber 2005 in Prozent,K03461,0.0,0.0
2005,Wittmund,Syrien,Veränderung gegenüber 2005 in Prozent,K03462,0.0,0.0
2005,Statistische Region Weser-Ems,Syrien,Veränderung gegenüber 2005 in Prozent,K034,0.0,0.0
2005,Niedersachsen,Syrien,Veränderung gegenüber 2005 in Prozent,K030,0.0,0.0
2011,"Braunschweig, Stadt",Syrien,Veränderung gegenüber 2005 in Prozent,K03101,-6.55737705,-6.55737704918033
2011,"Salzgitter, Stadt",Syrien,Veränderung gegenüber 2005 in Prozent,K03102,-26.0869565,-26.0869565217391
2011,"Wolfsburg, Stadt",Syrien,Veränderung gegenüber 2005 in Prozent,K03103,39.2857143,39.2857142857143
2011,Gifhorn,Syrien,Veränderung gegenüber 2005 in Prozent,K03151,-29.5081967,-29.5081967213115
2011,Goslar,Syrien,Veränderung gegenüber 2005 in Prozent,K03153,8.62068966,8.62068965517241
2011,Helmstedt,Syrien,Veränderung gegenüber 2005 in Prozent,K03154,92.3076923,92.3076923076923
2011,Northeim,Syrien,Veränderung gegenüber 2005 in Prozent,K03155,-5.05050505,-5.05050505050505
2011,Peine,Syrien,Veränderung gegenüber 2005 in Prozent,K03157,21.7821782,21.7821782178218
2011,Wolfenbüttel,Syrien,Veränderung gegenüber 2005 in Prozent,K03158,-4.34782609,-4.34782608695652
2011,Göttingen,Syrien,Veränderung gegenüber 2005 in Prozent,K03159,28.1767956,28.1767955801105
2011,Statistische Region Braunschweig,Syrien,Veränderung gegenüber 2005 in Prozent,K031,8.94941634,8.94941634241245
2011,Region Hannover,Syrien,Veränderung gegenüber 2005 in Prozent,K03241,21.2678937,21.2678936605317
2011,"dav. Hannover, Lhst.",Syrien,Veränderung gegenüber 2005 in Prozent,K03241001,5.23255814,5.23255813953488
2011,"dav. Hannover, Umland",Syrien,Veränderung gegenüber 2005 in Prozent,K03241999,39.1774892,39.1774891774892
2011,Diepholz,Syrien,Veränderung gegenüber 2005 in Prozent,K03251,53.7190083,53.7190082644628
2011,Hameln-Pyrmont,Syrien,Veränderung gegenüber 2005 in Prozent,K03252,-4.92957746,-4.92957746478873
2011,Hildesheim,Syrien,Veränderung gegenüber 2005 in Prozent,K03254,-5.82191781,-5.82191780821918
2011,Holzminden,Syrien,Veränderung gegenüber 2005 in Prozent,K03255,250.0,250.0
2011,Nienburg (Weser),Syrien,Veränderung gegenüber 2005 in Prozent,K03256,4.22960725,4.22960725075529
2011,Schaumburg,Syrien,Veränderung gegenüber 2005 in Prozent,K03257,-6.53594771,-6.5359477124183
2011,Statistische Region Hannover,Syrien,Veränderung gegenüber 2005 in Prozent,K032,15.5653451,15.5653450807636
2011,Celle,Syrien,Veränderung gegenüber 2005 in Prozent,K03351,14.8760331,14.8760330578512
2011,Cuxhaven,Syrien,Veränderung gegenüber 2005 in Prozent,K03352,8.04597701,8.04597701149425
2011,Harburg,Syrien,Veränderung gegenüber 2005 in Prozent,K03353,10.4166667,10.4166666666667
2011,Lüchow-Dannenberg,Syrien,Veränderung gegenüber 2005 in Prozent,K03354,14.2857143,14.2857142857143
2011,Lüneburg,Syrien,Veränderung gegenüber 2005 in Prozent,K03355,-29.0598291,-29.0598290598291
2011,Osterholz,Syrien,Veränderung gegenüber 2005 in Prozent,K03356,14.4578313,14.4578313253012
2011,Rotenburg (Wümme),Syrien,Veränderung gegenüber 2005 in Prozent,K03357,48.8372093,48.8372093023256
2011,Heidekreis,Syrien,Veränderung gegenüber 2005 in Prozent,K03358,4.3956044,4.3956043956044
2011,Stade,Syrien,Veränderung gegenüber 2005 in Prozent,K03359,35.7142857,35.7142857142857
2011,Uelzen,Syrien,Veränderung gegenüber 2005 in Prozent,K03360,41.1764706,41.1764705882353
2011,Verden,Syrien,Veränderung gegenüber 2005 in Prozent,K03361,40.8602151,40.8602150537634
2011,Statistische Region Lüneburg,Syrien,Veränderung gegenüber 2005 in Prozent,K033,13.7767221,13.7767220902613
2011,"Delmenhorst, Stadt",Syrien,Veränderung gegenüber 2005 in Prozent,K03401,-27.8846154,-27.8846153846154
2011,"Emden, Stadt",Syrien,Veränderung gegenüber 2005 in Prozent,K03402,500.0,500.0
2011,"Oldenburg (Oldb), Stadt",Syrien,Veränderung gegenüber 2005 in Prozent,K03403,66.3043478,66.304347826087
2011,"Osnabrück, Stadt",Syrien,Veränderung gegenüber 2005 in Prozent,K03404,29.1666667,29.1666666666667
2011,"Wilhelmshaven, Stadt",Syrien,Veränderung gegenüber 2005 in Prozent,K03405,-21.4285714,-21.4285714285714
2011,Ammerland,Syrien,Veränderung gegenüber 2005 in Prozent,K03451,20.6185567,20.6185567010309
2011,Aurich,Syrien,Veränderung gegenüber 2005 in Prozent,K03452,-1.14942529,-1.14942528735632
2011,Cloppenburg,Syrien,Veränderung gegenüber 2005 in Prozent,K03453,23.9130435,23.9130434782609
2011,Emsland,Syrien,Veränderung gegenüber 2005 in Prozent,K03454,24.5098039,24.5098039215686
2011,Friesland,Syrien,Veränderung gegenüber 2005 in Prozent,K03455,7.5,7.5
2011,Grafschaft Bentheim,Syrien,Veränderung gegenüber 2005 in Prozent,K03456,-20.6185567,-20.6185567010309
2011,Leer,Syrien,Veränderung gegenüber 2005 in Prozent,K03457,5.40540541,5.40540540540541
2011,Oldenburg,Syrien,Veränderung gegenüber 2005 in Prozent,K03458,-18.487395,-18.4873949579832
2011,Osnabrück,Syrien,Veränderung gegenüber 2005 in Prozent,K03459,5.23255814,5.23255813953488
2011,Vechta,Syrien,Veränderung gegenüber 2005 in Prozent,K03460,4.34782609,4.34782608695652
2011,Wesermarsch,Syrien,Veränderung gegenüber 2005 in Prozent,K03461,30.2325581,30.2325581395349
2011,Wittmund,Syrien,Veränderung gegenüber 2005 in Prozent,K03462,85.7142857,85.7142857142857
2011,Statistische Region Weser-Ems,Syrien,Veränderung gegenüber 2005 in Prozent,K034,8.22006472,8.22006472491909
2011,Niedersachsen,Syrien,Veränderung gegenüber 2005 in Prozent,K030,11.9640894,11.9640894100403
2012,"Braunschweig, Stadt",Syrien,Veränderung gegenüber 2005 in Prozent,K03101,-8.19672131,-8.19672131147541
2012,"Salzgitter, Stadt",Syrien,Veränderung gegenüber 2005 in Prozent,K03102,76.0869565,76.0869565217391
2012,"Wolfsburg, Stadt",Syrien,Veränderung gegenüber 2005 in Prozent,K03103,100.892857,100.892857142857
2012,Gifhorn,Syrien,Veränderung gegenüber 2005 in Prozent,K03151,16.3934426,16.3934426229508
2012,Goslar,Syrien,Veränderung gegenüber 2005 in Prozent,K03153,29.3103448,29.3103448275862
2012,Helmstedt,Syrien,Veränderung gegenüber 2005 in Prozent,K03154,119.230769,119.230769230769
2012,Northeim,Syrien,Veränderung gegenüber 2005 in Prozent,K03155,8.08080808,8.08080808080808
2012,Peine,Syrien,Veränderung gegenüber 2005 in Prozent,K03157,34.6534653,34.6534653465347
2012,Wolfenbüttel,Syrien,Veränderung gegenüber 2005 in Prozent,K03158,14.9068323,14.9068322981366
2012,Göttingen,Syrien,Veränderung gegenüber 2005 in Prozent,K03159,95.0276243,95.0276243093923
2012,Statistische Region Braunschweig,Syrien,Veränderung gegenüber 2005 in Prozent,K031,41.8287938,41.8287937743191
2012,Region Hannover,Syrien,Veränderung gegenüber 2005 in Prozent,K03241,42.2290389,42.2290388548057
2012,"dav. Hannover, Lhst.",Syrien,Veränderung gegenüber 2005 in Prozent,K03241001,18.6046512,18.6046511627907
2012,"dav. Hannover, Umland",Syrien,Veränderung gegenüber 2005 in Prozent,K03241999,68.6147186,68.6147186147186
2012,Diepholz,Syrien,Veränderung gegenüber 2005 in Prozent,K03251,80.9917355,80.9917355371901
2012,Hameln-Pyrmont,Syrien,Veränderung gegenüber 2005 in Prozent,K03252,42.9577465,42.9577464788732
2012,Hildesheim,Syrien,Veränderung gegenüber 2005 in Prozent,K03254,21.5753425,21.5753424657534
2012,Holzminden,Syrien,Veränderung gegenüber 2005 in Prozent,K03255,265.384615,265.384615384615
2012,Nienburg (Weser),Syrien,Veränderung gegenüber 2005 in Prozent,K03256,13.897281,13.8972809667674
2012,Schaumburg,Syrien,Veränderung gegenüber 2005 in Prozent,K03257,-7.18954248,-7.18954248366013
2012,Statistische Region Hannover,Syrien,Veränderung gegenüber 2005 in Prozent,K032,36.1722956,36.1722956436613
2012,Celle,Syrien,Veränderung gegenüber 2005 in Prozent,K03351,33.8842975,33.8842975206612
2012,Cuxhaven,Syrien,Veränderung gegenüber 2005 in Prozent,K03352,4.59770115,4.59770114942529
2012,Harburg,Syrien,Veränderung gegenüber 2005 in Prozent,K03353,6.25,6.25
2012,Lüchow-Dannenberg,Syrien,Veränderung gegenüber 2005 in Prozent,K03354,171.428571,171.428571428571
2012,Lüneburg,Syrien,Veränderung gegenüber 2005 in Prozent,K03355,-21.3675214,-21.3675213675214
2012,Osterholz,Syrien,Veränderung gegenüber 2005 in Prozent,K03356,-28.9156627,-28.9156626506024
2012,Rotenburg (Wümme),Syrien,Veränderung gegenüber 2005 in Prozent,K03357,34.8837209,34.8837209302326
2012,Heidekreis,Syrien,Veränderung gegenüber 2005 in Prozent,K03358,41.7582418,41.7582417582418
2012,Stade,Syrien,Veränderung gegenüber 2005 in Prozent,K03359,-15.7142857,-15.7142857142857
2012,Uelzen,Syrien,Veränderung gegenüber 2005 in Prozent,K03360,47.0588235,47.0588235294118
2012,Verden,Syrien,Veränderung gegenüber 2005 in Prozent,K03361,92.4731183,92.4731182795699
2012,Statistische Region Lüneburg,Syrien,Veränderung gegenüber 2005 in Prozent,K033,18.7648456,18.7648456057007
2012,"Delmenhorst, Stadt",Syrien,Veränderung gegenüber 2005 in Prozent,K03401,-25.0,-25.0
2012,"Emden, Stadt",Syrien,Veränderung gegenüber 2005 in Prozent,K03402,1100.0,1100.0
2012,"Oldenburg (Oldb), Stadt",Syrien,Veränderung gegenüber 2005 in Prozent,K03403,127.173913,127.173913043478
2012,"Osnabrück, Stadt",Syrien,Veränderung gegenüber 2005 in Prozent,K03404,48.6111111,48.6111111111111
2012,"Wilhelmshaven, Stadt",Syrien,Veränderung gegenüber 2005 in Prozent,K03405,-14.2857143,-14.2857142857143
2012,Ammerland,Syrien,Veränderung gegenüber 2005 in Prozent,K03451,41.2371134,41.2371134020619
2012,Aurich,Syrien,Veränderung gegenüber 2005 in Prozent,K03452,12.6436782,12.6436781609195
2012,Cloppenburg,Syrien,Veränderung gegenüber 2005 in Prozent,K03453,50.7246377,50.7246376811594
2012,Emsland,Syrien,Veränderung gegenüber 2005 in Prozent,K03454,40.1960784,40.1960784313725
2012,Friesland,Syrien,Veränderung gegenüber 2005 in Prozent,K03455,0.0,0.0
2012,Grafschaft Bentheim,Syrien,Veränderung gegenüber 2005 in Prozent,K03456,-12.371134,-12.3711340206186
2012,Leer,Syrien,Veränderung gegenüber 2005 in Prozent,K03457,23.4234234,23.4234234234234
2012,Oldenburg,Syrien,Veränderung gegenüber 2005 in Prozent,K03458,-10.0840336,-10.0840336134454
2012,Osnabrück,Syrien,Veränderung gegenüber 2005 in Prozent,K03459,1.1627907,1.16279069767442
2012,Vechta,Syrien,Veränderung gegenüber 2005 in Prozent,K03460,43.4782609,43.4782608695652
2012,Wesermarsch,Syrien,Veränderung gegenüber 2005 in Prozent,K03461,34.8837209,34.8837209302326
2012,Wittmund,Syrien,Veränderung gegenüber 2005 in Prozent,K03462,214.285714,214.285714285714
2012,Statistische Region Weser-Ems,Syrien,Veränderung gegenüber 2005 in Prozent,K034,26.8608414,26.8608414239482
2012,Niedersachsen,Syrien,Veränderung gegenüber 2005 in Prozent,K030,31.9164529,31.916452913155
2013,"Braunschweig, Stadt",Syrien,Veränderung gegenüber 2005 in Prozent,K03101,27.8688525,27.8688524590164
2013,"Salzgitter, Stadt",Syrien,Veränderung gegenüber 2005 in Prozent,K03102,341.304348,341.304347826087
2013,"Wolfsburg, Stadt",Syrien,Veränderung gegenüber 2005 in Prozent,K03103,152.678571,152.678571428571
2013,Gifhorn,Syrien,Veränderung gegenüber 2005 in Prozent,K03151,52.4590164,52.4590163934426
2013,Goslar,Syrien,Veränderung gegenüber 2005 in Prozent,K03153,168.965517,168.965517241379
2013,Helmstedt,Syrien,Veränderung gegenüber 2005 in Prozent,K03154,111.538462,111.538461538462
2013,Northeim,Syrien,Veränderung gegenüber 2005 in Prozent,K03155,36.3636364,36.3636363636364
2013,Peine,Syrien,Veränderung gegenüber 2005 in Prozent,K03157,50.4950495,50.4950495049505
2013,Wolfenbüttel,Syrien,Veränderung gegenüber 2005 in Prozent,K03158,38.5093168,38.5093167701863
2013,Göttingen,Syrien,Veränderung gegenüber 2005 in Prozent,K03159,119.337017,119.337016574586
2013,Statistische Region Braunschweig,Syrien,Veränderung gegenüber 2005 in Prozent,K031,87.8404669,87.84046692607
2013,Region Hannover,Syrien,Veränderung gegenüber 2005 in Prozent,K03241,104.294479,104.294478527607
2013,"dav. Hannover, Lhst.",Syrien,Veränderung gegenüber 2005 in Prozent,K03241001,71.7054264,71.7054263565891
2013,"dav. Hannover, Umland",Syrien,Veränderung gegenüber 2005 in Prozent,K03241999,140.692641,140.692640692641
2013,Diepholz,Syrien,Veränderung gegenüber 2005 in Prozent,K03251,150.413223,150.413223140496
2013,Hameln-Pyrmont,Syrien,Veränderung gegenüber 2005 in Prozent,K03252,61.2676056,61.2676056338028
2013,Hildesheim,Syrien,Veränderung gegenüber 2005 in Prozent,K03254,59.5890411,59.5890410958904
2013,Holzminden,Syrien,Veränderung gegenüber 2005 in Prozent,K03255,323.076923,323.076923076923
2013,Nienburg (Weser),Syrien,Veränderung gegenüber 2005 in Prozent,K03256,39.8791541,39.8791540785498
2013,Schaumburg,Syrien,Veränderung gegenüber 2005 in Prozent,K03257,7.18954248,7.18954248366013
2013,Statistische Region Hannover,Syrien,Veränderung gegenüber 2005 in Prozent,K032,82.721488,82.7214880078316
2013,Celle,Syrien,Veränderung gegenüber 2005 in Prozent,K03351,104.132231,104.132231404959
2013,Cuxhaven,Syrien,Veränderung gegenüber 2005 in Prozent,K03352,0.0,0.0
2013,Harburg,Syrien,Veränderung gegenüber 2005 in Prozent,K03353,22.9166667,22.9166666666667
2013,Lüchow-Dannenberg,Syrien,Veränderung gegenüber 2005 in Prozent,K03354,314.285714,314.285714285714
2013,Lüneburg,Syrien,Veränderung gegenüber 2005 in Prozent,K03355,12.8205128,12.8205128205128
2013,Osterholz,Syrien,Veränderung gegenüber 2005 in Prozent,K03356,10.8433735,10.8433734939759
2013,Rotenburg (Wümme),Syrien,Veränderung gegenüber 2005 in Prozent,K03357,102.325581,102.325581395349
2013,Heidekreis,Syrien,Veränderung gegenüber 2005 in Prozent,K03358,104.395604,104.395604395604
2013,Stade,Syrien,Veränderung gegenüber 2005 in Prozent,K03359,15.7142857,15.7142857142857
2013,Uelzen,Syrien,Veränderung gegenüber 2005 in Prozent,K03360,117.647059,117.647058823529
2013,Verden,Syrien,Veränderung gegenüber 2005 in Prozent,K03361,122.580645,122.58064516129
2013,Statistische Region Lüneburg,Syrien,Veränderung gegenüber 2005 in Prozent,K033,59.1448931,59.144893111639
2013,"Delmenhorst, Stadt",Syrien,Veränderung gegenüber 2005 in Prozent,K03401,8.65384615,8.65384615384615
2013,"Emden, Stadt",Syrien,Veränderung gegenüber 2005 in Prozent,K03402,4500.0,4500.0
2013,"Oldenburg (Oldb), Stadt",Syrien,Veränderung gegenüber 2005 in Prozent,K03403,183.695652,183.695652173913
2013,"Osnabrück, Stadt",Syrien,Veränderung gegenüber 2005 in Prozent,K03404,211.111111,211.111111111111
2013,"Wilhelmshaven, Stadt",Syrien,Veränderung gegenüber 2005 in Prozent,K03405,10.7142857,10.7142857142857
2013,Ammerland,Syrien,Veränderung gegenüber 2005 in Prozent,K03451,52.5773196,52.5773195876289
2013,Aurich,Syrien,Veränderung gegenüber 2005 in Prozent,K03452,67.816092,67.816091954023
2013,Cloppenburg,Syrien,Veränderung gegenüber 2005 in Prozent,K03453,67.3913043,67.3913043478261
2013,Emsland,Syrien,Veränderung gegenüber 2005 in Prozent,K03454,68.627451,68.6274509803922
2013,Friesland,Syrien,Veränderung gegenüber 2005 in Prozent,K03455,22.5,22.5
2013,Grafschaft Bentheim,Syrien,Veränderung gegenüber 2005 in Prozent,K03456,2.06185567,2.06185567010309
2013,Leer,Syrien,Veränderung gegenüber 2005 in Prozent,K03457,45.9459459,45.9459459459459
2013,Oldenburg,Syrien,Veränderung gegenüber 2005 in Prozent,K03458,13.4453782,13.4453781512605
2013,Osnabrück,Syrien,Veränderung gegenüber 2005 in Prozent,K03459,58.1395349,58.1395348837209
2013,Vechta,Syrien,Veränderung gegenüber 2005 in Prozent,K03460,79.7101449,79.7101449275362
2013,Wesermarsch,Syrien,Veränderung gegenüber 2005 in Prozent,K03461,20.9302326,20.9302325581395
2013,Wittmund,Syrien,Veränderung gegenüber 2005 in Prozent,K03462,385.714286,385.714285714286
2013,Statistische Region Weser-Ems,Syrien,Veränderung gegenüber 2005 in Prozent,K034,66.8608414,66.8608414239482
2013,Niedersachsen,Syrien,Veränderung gegenüber 2005 in Prozent,K030,75.5588128,75.5588127519238
2014,"Braunschweig, Stadt",Syrien,Veränderung gegenüber 2005 in Prozent,K03101,126.229508,126.229508196721
2014,"Salzgitter, Stadt",Syrien,Veränderung gegenüber 2005 in Prozent,K03102,1032.6087,1032.60869565217
2014,"Wolfsburg, Stadt",Syrien,Veränderung gegenüber 2005 in Prozent,K03103,416.964286,416.964285714286
2014,Gifhorn,Syrien,Veränderung gegenüber 2005 in Prozent,K03151,150.819672,150.819672131148
2014,Goslar,Syrien,Veränderung gegenüber 2005 in Prozent,K03153,343.103448,343.103448275862
2014,Helmstedt,Syrien,Veränderung gegenüber 2005 in Prozent,K03154,226.923077,226.923076923077
2014,Northeim,Syrien,Veränderung gegenüber 2005 in Prozent,K03155,128.282828,128.282828282828
2014,Peine,Syrien,Veränderung gegenüber 2005 in Prozent,K03157,154.455446,154.455445544554
2014,Wolfenbüttel,Syrien,Veränderung gegenüber 2005 in Prozent,K03158,95.6521739,95.6521739130435
2014,Göttingen,Syrien,Veränderung gegenüber 2005 in Prozent,K03159,169.060773,169.060773480663
2014,Statistische Region Braunschweig,Syrien,Veränderung gegenüber 2005 in Prozent,K031,220.428016,220.428015564202
2014,Region Hannover,Syrien,Veränderung gegenüber 2005 in Prozent,K03241,253.271984,253.271983640082
2014,"dav. Hannover, Lhst.",Syrien,Veränderung gegenüber 2005 in Prozent,K03241001,184.689922,184.68992248062
2014,"dav. Hannover, Umland",Syrien,Veränderung gegenüber 2005 in Prozent,K03241999,329.87013,329.87012987013
2014,Diepholz,Syrien,Veränderung gegenüber 2005 in Prozent,K03251,290.082645,290.082644628099
2014,Hameln-Pyrmont,Syrien,Veränderung gegenüber 2005 in Prozent,K03252,176.760563,176.760563380282
2014,Hildesheim,Syrien,Veränderung gegenüber 2005 in Prozent,K03254,172.260274,172.260273972603
2014,Holzminden,Syrien,Veränderung gegenüber 2005 in Prozent,K03255,465.384615,465.384615384615
2014,Nienburg (Weser),Syrien,Veränderung gegenüber 2005 in Prozent,K03256,68.5800604,68.5800604229607
2014,Schaumburg,Syrien,Veränderung gegenüber 2005 in Prozent,K03257,77.7777778,77.7777777777778
2014,Statistische Region Hannover,Syrien,Veränderung gegenüber 2005 in Prozent,K032,198.188938,198.188937836515
2014,Celle,Syrien,Veränderung gegenüber 2005 in Prozent,K03351,254.545455,254.545454545455
2014,Cuxhaven,Syrien,Veränderung gegenüber 2005 in Prozent,K03352,96.5517241,96.551724137931
2014,Harburg,Syrien,Veränderung gegenüber 2005 in Prozent,K03353,151.041667,151.041666666667
2014,Lüchow-Dannenberg,Syrien,Veränderung gegenüber 2005 in Prozent,K03354,957.142857,957.142857142857
2014,Lüneburg,Syrien,Veränderung gegenüber 2005 in Prozent,K03355,165.811966,165.811965811966
2014,Osterholz,Syrien,Veränderung gegenüber 2005 in Prozent,K03356,65.060241,65.0602409638554
2014,Rotenburg (Wümme),Syrien,Veränderung gegenüber 2005 in Prozent,K03357,183.72093,183.720930232558
2014,Heidekreis,Syrien,Veränderung gegenüber 2005 in Prozent,K03358,215.384615,215.384615384615
2014,Stade,Syrien,Veränderung gegenüber 2005 in Prozent,K03359,107.142857,107.142857142857
2014,Uelzen,Syrien,Veränderung gegenüber 2005 in Prozent,K03360,500.0,500.0
2014,Verden,Syrien,Veränderung gegenüber 2005 in Prozent,K03361,191.397849,191.397849462366
2014,Statistische Region Lüneburg,Syrien,Veränderung gegenüber 2005 in Prozent,K033,184.085511,184.085510688836
2014,"Delmenhorst, Stadt",Syrien,Veränderung gegenüber 2005 in Prozent,K03401,123.076923,123.076923076923
2014,"Emden, Stadt",Syrien,Veränderung gegenüber 2005 in Prozent,K03402,11900.0,11900.0
2014,"Oldenburg (Oldb), Stadt",Syrien,Veränderung gegenüber 2005 in Prozent,K03403,286.956522,286.95652173913
2014,"Osnabrück, Stadt",Syrien,Veränderung gegenüber 2005 in Prozent,K03404,623.611111,623.611111111111
2014,"Wilhelmshaven, Stadt",Syrien,Veränderung gegenüber 2005 in Prozent,K03405,98.2142857,98.2142857142857
2014,Ammerland,Syrien,Veränderung gegenüber 2005 in Prozent,K03451,188.659794,188.659793814433
2014,Aurich,Syrien,Veränderung gegenüber 2005 in Prozent,K03452,390.804598,390.804597701149
2014,Cloppenburg,Syrien,Veränderung gegenüber 2005 in Prozent,K03453,163.043478,163.04347826087
2014,Emsland,Syrien,Veränderung gegenüber 2005 in Prozent,K03454,349.019608,349.019607843137
2014,Friesland,Syrien,Veränderung gegenüber 2005 in Prozent,K03455,105.0,105.0
2014,Grafschaft Bentheim,Syrien,Veränderung gegenüber 2005 in Prozent,K03456,141.237113,141.237113402062
2014,Leer,Syrien,Veränderung gegenüber 2005 in Prozent,K03457,242.342342,242.342342342342
2014,Oldenburg,Syrien,Veränderung gegenüber 2005 in Prozent,K03458,105.042017,105.042016806723
2014,Osnabrück,Syrien,Veränderung gegenüber 2005 in Prozent,K03459,239.534884,239.53488372093
2014,Vechta,Syrien,Veränderung gegenüber 2005 in Prozent,K03460,222.705314,222.705314009662
2014,Wesermarsch,Syrien,Veränderung gegenüber 2005 in Prozent,K03461,127.906977,127.906976744186
2014,Wittmund,Syrien,Veränderung gegenüber 2005 in Prozent,K03462,1000.0,1000.0
2014,Statistische Region Weser-Ems,Syrien,Veränderung gegenüber 2005 in Prozent,K034,238.834951,238.834951456311
2014,Niedersachsen,Syrien,Veränderung gegenüber 2005 in Prozent,K030,211.707585,211.707585196043
2015,"Braunschweig, Stadt",Syrien,Veränderung gegenüber 2005 in Prozent,K03101,592.896175,592.896174863388
2015,"Salzgitter, Stadt",Syrien,Veränderung gegenüber 2005 in Prozent,K03102,2376.08696,2376.08695652174
2015,"Wolfsburg, Stadt",Syrien,Veränderung gegenüber 2005 in Prozent,K03103,721.428571,721.428571428571
2015,Gifhorn,Syrien,Veränderung gegenüber 2005 in Prozent,K03151,409.836066,409.836065573771
2015,Goslar,Syrien,Veränderung gegenüber 2005 in Prozent,K03153,1258.62069,1258.62068965517
2015,Helmstedt,Syrien,Veränderung gegenüber 2005 in Prozent,K03154,1100.0,1100.0
2015,Northeim,Syrien,Veränderung gegenüber 2005 in Prozent,K03155,479.79798,479.79797979798
2015,Peine,Syrien,Veränderung gegenüber 2005 in Prozent,K03157,574.257426,574.257425742574
2015,Wolfenbüttel,Syrien,Veränderung gegenüber 2005 in Prozent,K03158,321.118012,321.11801242236
2015,Göttingen,Syrien,Veränderung gegenüber 2005 in Prozent,K03159,643.646409,643.646408839779
2015,Statistische Region Braunschweig,Syrien,Veränderung gegenüber 2005 in Prozent,K031,679.863813,679.863813229572
2015,Region Hannover,Syrien,Veränderung gegenüber 2005 in Prozent,K03241,620.245399,620.245398773006
2015,"dav. Hannover, Lhst.",Syrien,Veränderung gegenüber 2005 in Prozent,K03241001,414.922481,414.922480620155
2015,"dav. Hannover, Umland",Syrien,Veränderung gegenüber 2005 in Prozent,K03241999,849.5671,849.5670995671
2015,Diepholz,Syrien,Veränderung gegenüber 2005 in Prozent,K03251,732.231405,732.231404958678
2015,Hameln-Pyrmont,Syrien,Veränderung gegenüber 2005 in Prozent,K03252,540.140845,540.140845070423
2015,Hildesheim,Syrien,Veränderung gegenüber 2005 in Prozent,K03254,419.178082,419.178082191781
2015,Holzminden,Syrien,Veränderung gegenüber 2005 in Prozent,K03255,1338.46154,1338.46153846154
2015,Nienburg (Weser),Syrien,Veränderung gegenüber 2005 in Prozent,K03256,178.851964,178.851963746224
2015,Schaumburg,Syrien,Veränderung gegenüber 2005 in Prozent,K03257,273.202614,273.202614379085
2015,Statistische Region Hannover,Syrien,Veränderung gegenüber 2005 in Prozent,K032,504.209496,504.209495839452
2015,Celle,Syrien,Veränderung gegenüber 2005 in Prozent,K03351,668.595041,668.595041322314
2015,Cuxhaven,Syrien,Veränderung gegenüber 2005 in Prozent,K03352,948.275862,948.275862068965
2015,Harburg,Syrien,Veränderung gegenüber 2005 in Prozent,K03353,355.208333,355.208333333333
2015,Lüchow-Dannenberg,Syrien,Veränderung gegenüber 2005 in Prozent,K03354,4171.42857,4171.42857142857
2015,Lüneburg,Syrien,Veränderung gegenüber 2005 in Prozent,K03355,418.803419,418.803418803419
2015,Osterholz,Syrien,Veränderung gegenüber 2005 in Prozent,K03356,465.060241,465.060240963855
2015,Rotenburg (Wümme),Syrien,Veränderung gegenüber 2005 in Prozent,K03357,1351.16279,1351.16279069767
2015,Heidekreis,Syrien,Veränderung gegenüber 2005 in Prozent,K03358,487.912088,487.912087912088
2015,Stade,Syrien,Veränderung gegenüber 2005 in Prozent,K03359,1675.71429,1675.71428571429
2015,Uelzen,Syrien,Veränderung gegenüber 2005 in Prozent,K03360,823.529412,823.529411764706
2015,Verden,Syrien,Veränderung gegenüber 2005 in Prozent,K03361,794.623656,794.623655913979
2015,Statistische Region Lüneburg,Syrien,Veränderung gegenüber 2005 in Prozent,K033,755.344418,755.344418052257
2015,"Delmenhorst, Stadt",Syrien,Veränderung gegenüber 2005 in Prozent,K03401,605.769231,605.769230769231
2015,"Emden, Stadt",Syrien,Veränderung gegenüber 2005 in Prozent,K03402,56200.0,56200.0
2015,"Oldenburg (Oldb), Stadt",Syrien,Veränderung gegenüber 2005 in Prozent,K03403,839.130435,839.130434782609
2015,"Osnabrück, Stadt",Syrien,Veränderung gegenüber 2005 in Prozent,K03404,1427.77778,1427.77777777778
2015,"Wilhelmshaven, Stadt",Syrien,Veränderung gegenüber 2005 in Prozent,K03405,419.642857,419.642857142857
2015,Ammerland,Syrien,Veränderung gegenüber 2005 in Prozent,K03451,554.639175,554.639175257732
2015,Aurich,Syrien,Veränderung gegenüber 2005 in Prozent,K03452,1249.42529,1249.42528735632
2015,Cloppenburg,Syrien,Veränderung gegenüber 2005 in Prozent,K03453,602.173913,602.173913043478
2015,Emsland,Syrien,Veränderung gegenüber 2005 in Prozent,K03454,1380.39216,1380.39215686275
2015,Friesland,Syrien,Veränderung gegenüber 2005 in Prozent,K03455,807.5,807.5
2015,Grafschaft Bentheim,Syrien,Veränderung gegenüber 2005 in Prozent,K03456,592.783505,592.783505154639
2015,Leer,Syrien,Veränderung gegenüber 2005 in Prozent,K03457,637.837838,637.837837837838
2015,Oldenburg,Syrien,Veränderung gegenüber 2005 in Prozent,K03458,509.243697,509.243697478992
2015,Osnabrück,Syrien,Veränderung gegenüber 2005 in Prozent,K03459,537.790698,537.790697674419
2015,Vechta,Syrien,Veränderung gegenüber 2005 in Prozent,K03460,642.995169,642.995169082126
2015,Wesermarsch,Syrien,Veränderung gegenüber 2005 in Prozent,K03461,820.930233,820.93023255814
2015,Wittmund,Syrien,Veränderung gegenüber 2005 in Prozent,K03462,4342.85714,4342.85714285714
2015,Statistische Region Weser-Ems,Syrien,Veränderung gegenüber 2005 in Prozent,K034,790.679612,790.679611650485
2015,Niedersachsen,Syrien,Veränderung gegenüber 2005 in Prozent,K030,657.127153,657.127152803225
2016,"Braunschweig, Stadt",Syrien,Veränderung gegenüber 2005 in Prozent,K03101,796.174863,796.174863387978
2016,"Salzgitter, Stadt",Syrien,Veränderung gegenüber 2005 in Prozent,K03102,6323.91304,6323.91304347826
2016,"Wolfsburg, Stadt",Syrien,Veränderung gegenüber 2005 in Prozent,K03103,1033.92857,1033.92857142857
2016,Gifhorn,Syrien,Veränderung gegenüber 2005 in Prozent,K03151,1088.52459,1088.52459016393
2016,Goslar,Syrien,Veränderung gegenüber 2005 in Prozent,K03153,2218.96552,2218.96551724138
2016,Helmstedt,Syrien,Veränderung gegenüber 2005 in Prozent,K03154,1880.76923,1880.76923076923
2016,Northeim,Syrien,Veränderung gegenüber 2005 in Prozent,K03155,728.282828,728.282828282828
2016,Peine,Syrien,Veränderung gegenüber 2005 in Prozent,K03157,1063.36634,1063.36633663366
2016,Wolfenbüttel,Syrien,Veränderung gegenüber 2005 in Prozent,K03158,552.173913,552.173913043478
2016,Göttingen,Syrien,Veränderung gegenüber 2005 in Prozent,K03159,1104.41989,1104.41988950276
2016,Statistische Region Braunschweig,Syrien,Veränderung gegenüber 2005 in Prozent,K031,1230.25292,1230.25291828794
2016,Region Hannover,Syrien,Veränderung gegenüber 2005 in Prozent,K03241,972.08589,972.085889570552
2016,"dav. Hannover, Lhst.",Syrien,Veränderung gegenüber 2005 in Prozent,K03241001,663.565891,663.565891472868
2016,"dav. Hannover, Umland",Syrien,Veränderung gegenüber 2005 in Prozent,K03241999,1316.66667,1316.66666666667
2016,Diepholz,Syrien,Veränderung gegenüber 2005 in Prozent,K03251,1114.87603,1114.87603305785
2016,Hameln-Pyrmont,Syrien,Veränderung gegenüber 2005 in Prozent,K03252,928.169014,928.169014084507
2016,Hildesheim,Syrien,Veränderung gegenüber 2005 in Prozent,K03254,619.178082,619.178082191781
2016,Holzminden,Syrien,Veränderung gegenüber 2005 in Prozent,K03255,2361.53846,2361.53846153846
2016,Nienburg (Weser),Syrien,Veränderung gegenüber 2005 in Prozent,K03256,298.791541,298.791540785499
2016,Schaumburg,Syrien,Veränderung gegenüber 2005 in Prozent,K03257,782.352941,782.352941176471
2016,Statistische Region Hannover,Syrien,Veränderung gegenüber 2005 in Prozent,K032,821.43906,821.43906020558
2016,Celle,Syrien,Veränderung gegenüber 2005 in Prozent,K03351,1081.81818,1081.81818181818
2016,Cuxhaven,Syrien,Veränderung gegenüber 2005 in Prozent,K03352,1762.06897,1762.06896551724
2016,Harburg,Syrien,Veränderung gegenüber 2005 in Prozent,K03353,952.083333,952.083333333333
2016,Lüchow-Dannenberg,Syrien,Veränderung gegenüber 2005 in Prozent,K03354,3757.14286,3757.14285714286
2016,Lüneburg,Syrien,Veränderung gegenüber 2005 in Prozent,K03355,1186.32479,1186.32478632479
2016,Osterholz,Syrien,Veränderung gegenüber 2005 in Prozent,K03356,677.108434,677.10843373494
2016,Rotenburg (Wümme),Syrien,Veränderung gegenüber 2005 in Prozent,K03357,2586.04651,2586.04651162791
2016,Heidekreis,Syrien,Veränderung gegenüber 2005 in Prozent,K03358,1169.23077,1169.23076923077
2016,Stade,Syrien,Veränderung gegenüber 2005 in Prozent,K03359,2557.14286,2557.14285714286
2016,Uelzen,Syrien,Veränderung gegenüber 2005 in Prozent,K03360,1752.94118,1752.94117647059
2016,Verden,Syrien,Veränderung gegenüber 2005 in Prozent,K03361,1002.15054,1002.15053763441
2016,Statistische Region Lüneburg,Syrien,Veränderung gegenüber 2005 in Prozent,K033,1361.99525,1361.99524940618
2016,"Delmenhorst, Stadt",Syrien,Veränderung gegenüber 2005 in Prozent,K03401,1044.23077,1044.23076923077
2016,"Emden, Stadt",Syrien,Veränderung gegenüber 2005 in Prozent,K03402,65900.0,65900.0
2016,"Oldenburg (Oldb), Stadt",Syrien,Veränderung gegenüber 2005 in Prozent,K03403,1438.04348,1438.04347826087
2016,"Osnabrück, Stadt",Syrien,Veränderung gegenüber 2005 in Prozent,K03404,3080.55556,3080.55555555556
2016,"Wilhelmshaven, Stadt",Syrien,Veränderung gegenüber 2005 in Prozent,K03405,1819.64286,1819.64285714286
2016,Ammerland,Syrien,Veränderung gegenüber 2005 in Prozent,K03451,961.85567,961.855670103093
2016,Aurich,Syrien,Veränderung gegenüber 2005 in Prozent,K03452,1819.54023,1819.54022988506
2016,Cloppenburg,Syrien,Veränderung gegenüber 2005 in Prozent,K03453,1037.68116,1037.68115942029
2016,Emsland,Syrien,Veränderung gegenüber 2005 in Prozent,K03454,2684.31373,2684.3137254902
2016,Friesland,Syrien,Veränderung gegenüber 2005 in Prozent,K03455,2125.0,2125.0
2016,Grafschaft Bentheim,Syrien,Veränderung gegenüber 2005 in Prozent,K03456,889.690722,889.690721649485
2016,Leer,Syrien,Veränderung gegenüber 2005 in Prozent,K03457,1188.28829,1188.28828828829
2016,Oldenburg,Syrien,Veränderung gegenüber 2005 in Prozent,K03458,773.94958,773.949579831933
2016,Osnabrück,Syrien,Veränderung gegenüber 2005 in Prozent,K03459,1077.32558,1077.32558139535
2016,Vechta,Syrien,Veränderung gegenüber 2005 in Prozent,K03460,912.077295,912.07729468599
2016,Wesermarsch,Syrien,Veränderung gegenüber 2005 in Prozent,K03461,1411.62791,1411.62790697674
2016,Wittmund,Syrien,Veränderung gegenüber 2005 in Prozent,K03462,4971.42857,4971.42857142857
2016,Statistische Region Weser-Ems,Syrien,Veränderung gegenüber 2005 in Prozent,K034,1401.2945,1401.29449838188
2016,Niedersachsen,Syrien,Veränderung gegenüber 2005 in Prozent,K030,1145.96922,1145.96921949432
2017,"Braunschweig, Stadt",Syrien,Veränderung gegenüber 2005 in Prozent,K03101,957.377049,957.377049180328
2017,"Salzgitter, Stadt",Syrien,Veränderung gegenüber 2005 in Prozent,K03102,8323.91304,8323.91304347826
2017,"Wolfsburg, Stadt",Syrien,Veränderung gegenüber 2005 in Prozent,K03103,1145.53571,1145.53571428571
2017,Gifhorn,Syrien,Veränderung gegenüber 2005 in Prozent,K03151,1113.11475,1113.11475409836
2017,Goslar,Syrien,Veränderung gegenüber 2005 in Prozent,K03153,2503.44828,2503.44827586207
2017,Helmstedt,Syrien,Veränderung gegenüber 2005 in Prozent,K03154,1630.76923,1630.76923076923
2017,Northeim,Syrien,Veränderung gegenüber 2005 in Prozent,K03155,798.989899,798.989898989899
2017,Peine,Syrien,Veränderung gegenüber 2005 in Prozent,K03157,1236.63366,1236.63366336634
2017,Wolfenbüttel,Syrien,Veränderung gegenüber 2005 in Prozent,K03158,539.751553,539.751552795031
2017,Göttingen,Syrien,Veränderung gegenüber 2005 in Prozent,K03159,1308.83978,1308.83977900552
2017,Statistische Region Braunschweig,Syrien,Veränderung gegenüber 2005 in Prozent,K031,1429.66926,1429.66926070039
2017,Region Hannover,Syrien,Veränderung gegenüber 2005 in Prozent,K03241,1144.37628,1144.37627811861
2017,"dav. Hannover, Lhst.",Syrien,Veränderung gegenüber 2005 in Prozent,K03241001,872.868217,872.868217054264
2017,"dav. Hannover, Umland",Syrien,Veränderung gegenüber 2005 in Prozent,K03241999,1447.61905,1447.61904761905
2017,Diepholz,Syrien,Veränderung gegenüber 2005 in Prozent,K03251,1201.65289,1201.65289256198
2017,Hameln-Pyrmont,Syrien,Veränderung gegenüber 2005 in Prozent,K03252,1139.43662,1139.43661971831
2017,Hildesheim,Syrien,Veränderung gegenüber 2005 in Prozent,K03254,660.273973,660.27397260274
2017,Holzminden,Syrien,Veränderung gegenüber 2005 in Prozent,K03255,2707.69231,2707.69230769231
2017,Nienburg (Weser),Syrien,Veränderung gegenüber 2005 in Prozent,K03256,315.407855,315.407854984894
2017,Schaumburg,Syrien,Veränderung gegenüber 2005 in Prozent,K03257,867.320261,867.320261437908
2017,Statistische Region Hannover,Syrien,Veränderung gegenüber 2005 in Prozent,K032,943.318649,943.318649045521
2017,Celle,Syrien,Veränderung gegenüber 2005 in Prozent,K03351,1209.91736,1209.9173553719
2017,Cuxhaven,Syrien,Veränderung gegenüber 2005 in Prozent,K03352,1744.82759,1744.8275862069
2017,Harburg,Syrien,Veränderung gegenüber 2005 in Prozent,K03353,1030.20833,1030.20833333333
2017,Lüchow-Dannenberg,Syrien,Veränderung gegenüber 2005 in Prozent,K03354,3400.0,3400.0
2017,Lüneburg,Syrien,Veränderung gegenüber 2005 in Prozent,K03355,1352.99145,1352.99145299145
2017,Osterholz,Syrien,Veränderung gegenüber 2005 in Prozent,K03356,707.228916,707.228915662651
2017,Rotenburg (Wümme),Syrien,Veränderung gegenüber 2005 in Prozent,K03357,2469.76744,2469.76744186047
2017,Heidekreis,Syrien,Veränderung gegenüber 2005 in Prozent,K03358,1031.86813,1031.86813186813
2017,Stade,Syrien,Veränderung gegenüber 2005 in Prozent,K03359,2878.57143,2878.57142857143
2017,Uelzen,Syrien,Veränderung gegenüber 2005 in Prozent,K03360,1885.29412,1885.29411764706
2017,Verden,Syrien,Veränderung gegenüber 2005 in Prozent,K03361,1061.29032,1061.29032258065
2017,Statistische Region Lüneburg,Syrien,Veränderung gegenüber 2005 in Prozent,K033,1427.90974,1427.90973871734
2017,"Delmenhorst, Stadt",Syrien,Veränderung gegenüber 2005 in Prozent,K03401,1395.19231,1395.19230769231
2017,"Emden, Stadt",Syrien,Veränderung gegenüber 2005 in Prozent,K03402,78400.0,78400.0
2017,"Oldenburg (Oldb), Stadt",Syrien,Veränderung gegenüber 2005 in Prozent,K03403,1726.08696,1726.08695652174
2017,"Osnabrück, Stadt",Syrien,Veränderung gegenüber 2005 in Prozent,K03404,3684.72222,3684.72222222222
2017,"Wilhelmshaven, Stadt",Syrien,Veränderung gegenüber 2005 in Prozent,K03405,2917.85714,2917.85714285714
2017,Ammerland,Syrien,Veränderung gegenüber 2005 in Prozent,K03451,956.701031,956.701030927835
2017,Aurich,Syrien,Veränderung gegenüber 2005 in Prozent,K03452,1762.06897,1762.06896551724
2017,Cloppenburg,Syrien,Veränderung gegenüber 2005 in Prozent,K03453,961.594203,961.594202898551
2017,Emsland,Syrien,Veränderung gegenüber 2005 in Prozent,K03454,2591.17647,2591.17647058824
2017,Friesland,Syrien,Veränderung gegenüber 2005 in Prozent,K03455,1937.5,1937.5
2017,Grafschaft Bentheim,Syrien,Veränderung gegenüber 2005 in Prozent,K03456,967.010309,967.010309278351
2017,Leer,Syrien,Veränderung gegenüber 2005 in Prozent,K03457,1143.24324,1143.24324324324
2017,Oldenburg,Syrien,Veränderung gegenüber 2005 in Prozent,K03458,698.319328,698.319327731092
2017,Osnabrück,Syrien,Veränderung gegenüber 2005 in Prozent,K03459,1083.13953,1083.13953488372
2017,Vechta,Syrien,Veränderung gegenüber 2005 in Prozent,K03460,1018.35749,1018.35748792271
2017,Wesermarsch,Syrien,Veränderung gegenüber 2005 in Prozent,K03461,1516.27907,1516.27906976744
2017,Wittmund,Syrien,Veränderung gegenüber 2005 in Prozent,K03462,4828.57143,4828.57142857143
2017,Statistische Region Weser-Ems,Syrien,Veränderung gegenüber 2005 in Prozent,K034,1508.73786,1508.73786407767
2017,Niedersachsen,Syrien,Veränderung gegenüber 2005 in Prozent,K030,1269.64089,1269.6408941004
2018,"Braunschweig, Stadt",Syrien,Veränderung gegenüber 2005 in Prozent,K03101,1181.42077,1181.42076502732
2018,"Salzgitter, Stadt",Syrien,Veränderung gegenüber 2005 in Prozent,K03102,8791.30435,8791.30434782609
2018,"Wolfsburg, Stadt",Syrien,Veränderung gegenüber 2005 in Prozent,K03103,1216.96429,1216.96428571429
2018,Gifhorn,Syrien,Veränderung gegenüber 2005 in Prozent,K03151,1268.85246,1268.85245901639
2018,Goslar,Syrien,Veränderung gegenüber 2005 in Prozent,K03153,2512.06897,2512.06896551724
2018,Helmstedt,Syrien,Veränderung gegenüber 2005 in Prozent,K03154,1592.30769,1592.30769230769
2018,Northeim,Syrien,Veränderung gegenüber 2005 in Prozent,K03155,889.89899,889.89898989899
2018,Peine,Syrien,Veränderung gegenüber 2005 in Prozent,K03157,1345.54455,1345.54455445545
2018,Wolfenbüttel,Syrien,Veränderung gegenüber 2005 in Prozent,K03158,521.118012,521.11801242236
2018,Göttingen,Syrien,Veränderung gegenüber 2005 in Prozent,K03159,1386.18785,1386.18784530387
2018,Statistische Region Braunschweig,Syrien,Veränderung gegenüber 2005 in Prozent,K031,1537.15953,1537.15953307393
2018,Region Hannover,Syrien,Veränderung gegenüber 2005 in Prozent,K03241,1290.59305,1290.59304703476
2018,"dav. Hannover, Lhst.",Syrien,Veränderung gegenüber 2005 in Prozent,K03241001,1036.62791,1036.62790697674
2018,"dav. Hannover, Umland",Syrien,Veränderung gegenüber 2005 in Prozent,K03241999,1574.24242,1574.24242424242
2018,Diepholz,Syrien,Veränderung gegenüber 2005 in Prozent,K03251,1321.4876,1321.48760330579
2018,Hameln-Pyrmont,Syrien,Veränderung gegenüber 2005 in Prozent,K03252,1290.84507,1290.84507042254
2018,Hildesheim,Syrien,Veränderung gegenüber 2005 in Prozent,K03254,747.60274,747.602739726027
2018,Holzminden,Syrien,Veränderung gegenüber 2005 in Prozent,K03255,2496.15385,2496.15384615385
2018,Nienburg (Weser),Syrien,Veränderung gegenüber 2005 in Prozent,K03256,310.876133,310.876132930514
2018,Schaumburg,Syrien,Veränderung gegenüber 2005 in Prozent,K03257,893.464052,893.464052287582
2018,Statistische Region Hannover,Syrien,Veränderung gegenüber 2005 in Prozent,K032,1041.70338,1041.7033773862
2018,Celle,Syrien,Veränderung gegenüber 2005 in Prozent,K03351,1255.3719,1255.37190082645
2018,Cuxhaven,Syrien,Veränderung gegenüber 2005 in Prozent,K03352,1721.83908,1721.83908045977
2018,Harburg,Syrien,Veränderung gegenüber 2005 in Prozent,K03353,1087.5,1087.5
2018,Lüchow-Dannenberg,Syrien,Veränderung gegenüber 2005 in Prozent,K03354,3685.71429,3685.71428571429
2018,Lüneburg,Syrien,Veränderung gegenüber 2005 in Prozent,K03355,1459.82906,1459.82905982906
2018,Osterholz,Syrien,Veränderung gegenüber 2005 in Prozent,K03356,743.373494,743.373493975904
2018,Rotenburg (Wümme),Syrien,Veränderung gegenüber 2005 in Prozent,K03357,2446.51163,2446.51162790698
2018,Heidekreis,Syrien,Veränderung gegenüber 2005 in Prozent,K03358,1097.8022,1097.8021978022
2018,Stade,Syrien,Veränderung gegenüber 2005 in Prozent,K03359,3242.85714,3242.85714285714
2018,Uelzen,Syrien,Veränderung gegenüber 2005 in Prozent,K03360,1885.29412,1885.29411764706
2018,Verden,Syrien,Veränderung gegenüber 2005 in Prozent,K03361,1082.7957,1082.79569892473
2018,Statistische Region Lüneburg,Syrien,Veränderung gegenüber 2005 in Prozent,K033,1498.57482,1498.57482185273
2018,"Delmenhorst, Stadt",Syrien,Veränderung gegenüber 2005 in Prozent,K03401,1520.19231,1520.19230769231
2018,"Emden, Stadt",Syrien,Veränderung gegenüber 2005 in Prozent,K03402,83900.0,83900.0
2018,"Oldenburg (Oldb), Stadt",Syrien,Veränderung gegenüber 2005 in Prozent,K03403,1932.6087,1932.60869565217
2018,"Osnabrück, Stadt",Syrien,Veränderung gegenüber 2005 in Prozent,K03404,4101.38889,4101.38888888889
2018,"Wilhelmshaven, Stadt",Syrien,Veränderung gegenüber 2005 in Prozent,K03405,3337.5,3337.5
2018,Ammerland,Syrien,Veränderung gegenüber 2005 in Prozent,K03451,992.783505,992.783505154639
2018,Aurich,Syrien,Veränderung gegenüber 2005 in Prozent,K03452,1842.52874,1842.52873563218
2018,Cloppenburg,Syrien,Veränderung gegenüber 2005 in Prozent,K03453,925.362319,925.36231884058
2018,Emsland,Syrien,Veränderung gegenüber 2005 in Prozent,K03454,2596.07843,2596.07843137255
2018,Friesland,Syrien,Veränderung gegenüber 2005 in Prozent,K03455,1900.0,1900.0
2018,Grafschaft Bentheim,Syrien,Veränderung gegenüber 2005 in Prozent,K03456,1064.94845,1064.94845360825
2018,Leer,Syrien,Veränderung gegenüber 2005 in Prozent,K03457,1246.84685,1246.84684684685
2018,Oldenburg,Syrien,Veränderung gegenüber 2005 in Prozent,K03458,681.512605,681.512605042017
2018,Osnabrück,Syrien,Veränderung gegenüber 2005 in Prozent,K03459,1158.72093,1158.72093023256
2018,Vechta,Syrien,Veränderung gegenüber 2005 in Prozent,K03460,1119.80676,1119.80676328502
2018,Wesermarsch,Syrien,Veränderung gegenüber 2005 in Prozent,K03461,1574.4186,1574.41860465116
2018,Wittmund,Syrien,Veränderung gegenüber 2005 in Prozent,K03462,4114.28571,4114.28571428571
2018,Statistische Region Weser-Ems,Syrien,Veränderung gegenüber 2005 in Prozent,K034,1603.23625,1603.23624595469
2018,Niedersachsen,Syrien,Veränderung gegenüber 2005 in Prozent,K030,1364.45584,1364.45584463173
2019,"Braunschweig, Stadt",Syrien,Veränderung gegenüber 2005 in Prozent,K03101,1345.35519,1345.35519125683
2019,"Salzgitter, Stadt",Syrien,Veränderung gegenüber 2005 in Prozent,K03102,9302.17391,9302.17391304348
2019,"Wolfsburg, Stadt",Syrien,Veränderung gegenüber 2005 in Prozent,K03103,1350.89286,1350.89285714286
2019,Gifhorn,Syrien,Veränderung gegenüber 2005 in Prozent,K03151,1334.42623,1334.4262295082
2019,Goslar,Syrien,Veränderung gegenüber 2005 in Prozent,K03153,2606.89655,2606.89655172414
2019,Helmstedt,Syrien,Veränderung gegenüber 2005 in Prozent,K03154,1611.53846,1611.53846153846
2019,Northeim,Syrien,Veränderung gegenüber 2005 in Prozent,K03155,975.757576,975.757575757576
2019,Peine,Syrien,Veränderung gegenüber 2005 in Prozent,K03157,1469.30693,1469.30693069307
2019,Wolfenbüttel,Syrien,Veränderung gegenüber 2005 in Prozent,K03158,552.173913,552.173913043478
2019,Göttingen,Syrien,Veränderung gegenüber 2005 in Prozent,K03159,1480.1105,1480.11049723757
2019,Statistische Region Braunschweig,Syrien,Veränderung gegenüber 2005 in Prozent,K031,1655.35019,1655.35019455253
2019,Region Hannover,Syrien,Veränderung gegenüber 2005 in Prozent,K03241,1410.22495,1410.22494887526
2019,"dav. Hannover, Lhst.",Syrien,Veränderung gegenüber 2005 in Prozent,K03241001,1201.35659,1201.35658914729
2019,"dav. Hannover, Umland",Syrien,Veränderung gegenüber 2005 in Prozent,K03241999,1643.50649,1643.50649350649
2019,Diepholz,Syrien,Veränderung gegenüber 2005 in Prozent,K03251,1391.73554,1391.73553719008
2019,Hameln-Pyrmont,Syrien,Veränderung gegenüber 2005 in Prozent,K03252,1428.16901,1428.16901408451
2019,Hildesheim,Syrien,Veränderung gegenüber 2005 in Prozent,K03254,804.109589,804.109589041096
2019,Holzminden,Syrien,Veränderung gegenüber 2005 in Prozent,K03255,2361.53846,2361.53846153846
2019,Nienburg (Weser),Syrien,Veränderung gegenüber 2005 in Prozent,K03256,315.407855,315.407854984894
2019,Schaumburg,Syrien,Veränderung gegenüber 2005 in Prozent,K03257,913.071895,913.071895424837
2019,Statistische Region Hannover,Syrien,Veränderung gegenüber 2005 in Prozent,K032,1121.24327,1121.24326970142
2019,Celle,Syrien,Veränderung gegenüber 2005 in Prozent,K03351,1271.90083,1271.90082644628
2019,Cuxhaven,Syrien,Veränderung gegenüber 2005 in Prozent,K03352,1716.09195,1716.09195402299
2019,Harburg,Syrien,Veränderung gegenüber 2005 in Prozent,K03353,1139.58333,1139.58333333333
2019,Lüchow-Dannenberg,Syrien,Veränderung gegenüber 2005 in Prozent,K03354,3828.57143,3828.57142857143
2019,Lüneburg,Syrien,Veränderung gegenüber 2005 in Prozent,K03355,1532.47863,1532.47863247863
2019,Osterholz,Syrien,Veränderung gegenüber 2005 in Prozent,K03356,761.445783,761.44578313253
2019,Rotenburg (Wümme),Syrien,Veränderung gegenüber 2005 in Prozent,K03357,2574.4186,2574.41860465116
2019,Heidekreis,Syrien,Veränderung gegenüber 2005 in Prozent,K03358,1185.71429,1185.71428571429
2019,Stade,Syrien,Veränderung gegenüber 2005 in Prozent,K03359,3457.14286,3457.14285714286
2019,Uelzen,Syrien,Veränderung gegenüber 2005 in Prozent,K03360,1988.23529,1988.23529411765
2019,Verden,Syrien,Veränderung gegenüber 2005 in Prozent,K03361,1131.1828,1131.18279569892
2019,Statistische Region Lüneburg,Syrien,Veränderung gegenüber 2005 in Prozent,K033,1561.52019,1561.52019002375
2019,"Delmenhorst, Stadt",Syrien,Veränderung gegenüber 2005 in Prozent,K03401,1606.73077,1606.73076923077
2019,"Emden, Stadt",Syrien,Veränderung gegenüber 2005 in Prozent,K03402,94400.0,94400.0
2019,"Oldenburg (Oldb), Stadt",Syrien,Veränderung gegenüber 2005 in Prozent,K03403,2117.3913,2117.39130434783
2019,"Osnabrück, Stadt",Syrien,Veränderung gegenüber 2005 in Prozent,K03404,4483.33333,4483.33333333333
2019,"Wilhelmshaven, Stadt",Syrien,Veränderung gegenüber 2005 in Prozent,K03405,3650.0,3650.0
2019,Ammerland,Syrien,Veränderung gegenüber 2005 in Prozent,K03451,1023.71134,1023.71134020619
2019,Aurich,Syrien,Veränderung gegenüber 2005 in Prozent,K03452,1859.77011,1859.77011494253
2019,Cloppenburg,Syrien,Veränderung gegenüber 2005 in Prozent,K03453,892.753623,892.753623188406
2019,Emsland,Syrien,Veränderung gegenüber 2005 in Prozent,K03454,2733.33333,2733.33333333333
2019,Friesland,Syrien,Veränderung gegenüber 2005 in Prozent,K03455,1912.5,1912.5
2019,Grafschaft Bentheim,Syrien,Veränderung gegenüber 2005 in Prozent,K03456,1137.1134,1137.11340206186
2019,Leer,Syrien,Veränderung gegenüber 2005 in Prozent,K03457,1390.99099,1390.99099099099
2019,Oldenburg,Syrien,Veränderung gegenüber 2005 in Prozent,K03458,694.117647,694.117647058824
2019,Osnabrück,Syrien,Veränderung gegenüber 2005 in Prozent,K03459,1211.04651,1211.04651162791
2019,Vechta,Syrien,Veränderung gegenüber 2005 in Prozent,K03460,1197.10145,1197.10144927536
2019,Wesermarsch,Syrien,Veränderung gegenüber 2005 in Prozent,K03461,1609.30233,1609.3023255814
2019,Wittmund,Syrien,Veränderung gegenüber 2005 in Prozent,K03462,4542.85714,4542.85714285714
2019,Statistische Region Weser-Ems,Syrien,Veränderung gegenüber 2005 in Prozent,K034,1700.64725,1700.64724919094
2019,Niedersachsen,Syrien,Veränderung gegenüber 2005 in Prozent,K030,1453.77428,1453.77427629168
2020,"Braunschweig, Stadt",Syrien,Veränderung gegenüber 2005 in Prozent,K03101,1419.12568,1419.12568306011
2020,"Salzgitter, Stadt",Syrien,Veränderung gegenüber 2005 in Prozent,K03102,9595.65217,9595.65217391304
2020,"Wolfsburg, Stadt",Syrien,Veränderung gegenüber 2005 in Prozent,K03103,1516.07143,1516.07142857143
2020,Gifhorn,Syrien,Veränderung gegenüber 2005 in Prozent,K03151,1449.18033,1449.18032786885
2020,Goslar,Syrien,Veränderung gegenüber 2005 in Prozent,K03153,2537.93103,2537.93103448276
2020,Helmstedt,Syrien,Veränderung gegenüber 2005 in Prozent,K03154,1630.76923,1630.76923076923
2020,Northeim,Syrien,Veränderung gegenüber 2005 in Prozent,K03155,970.707071,970.707070707071
2020,Peine,Syrien,Veränderung gegenüber 2005 in Prozent,K03157,1593.06931,1593.06930693069
2020,Wolfenbüttel,Syrien,Veränderung gegenüber 2005 in Prozent,K03158,561.490683,561.490683229814
2020,Göttingen,Syrien,Veränderung gegenüber 2005 in Prozent,K03159,1272.92818,1272.92817679558
2020,Statistische Region Braunschweig,Syrien,Veränderung gegenüber 2005 in Prozent,K031,1680.15564,1680.15564202335
2020,Region Hannover,Syrien,Veränderung gegenüber 2005 in Prozent,K03241,1483.33333,1483.33333333333
2020,"dav. Hannover, Lhst.",Syrien,Veränderung gegenüber 2005 in Prozent,K03241001,1281.78295,1281.78294573643
2020,"dav. Hannover, Umland",Syrien,Veränderung gegenüber 2005 in Prozent,K03241999,1708.44156,1708.44155844156
2020,Diepholz,Syrien,Veränderung gegenüber 2005 in Prozent,K03251,1400.0,1400.0
2020,Hameln-Pyrmont,Syrien,Veränderung gegenüber 2005 in Prozent,K03252,1480.98592,1480.98591549296
2020,Hildesheim,Syrien,Veränderung gegenüber 2005 in Prozent,K03254,853.767123,853.767123287671
2020,Holzminden,Syrien,Veränderung gegenüber 2005 in Prozent,K03255,2342.30769,2342.30769230769
2020,Nienburg (Weser),Syrien,Veränderung gegenüber 2005 in Prozent,K03256,322.960725,322.960725075529
2020,Schaumburg,Syrien,Veränderung gegenüber 2005 in Prozent,K03257,968.627451,968.627450980392
2020,Statistische Region Hannover,Syrien,Veränderung gegenüber 2005 in Prozent,K032,1172.39354,1172.39353891336
2020,Celle,Syrien,Veränderung gegenüber 2005 in Prozent,K03351,1209.91736,1209.9173553719
2020,Cuxhaven,Syrien,Veränderung gegenüber 2005 in Prozent,K03352,1727.58621,1727.58620689655
2020,Harburg,Syrien,Veränderung gegenüber 2005 in Prozent,K03353,1217.70833,1217.70833333333
2020,Lüchow-Dannenberg,Syrien,Veränderung gegenüber 2005 in Prozent,K03354,4114.28571,4114.28571428571
2020,Lüneburg,Syrien,Veränderung gegenüber 2005 in Prozent,K03355,1541.02564,1541.02564102564
2020,Osterholz,Syrien,Veränderung gegenüber 2005 in Prozent,K03356,809.638554,809.638554216867
2020,Rotenburg (Wümme),Syrien,Veränderung gegenüber 2005 in Prozent,K03357,2841.86047,2841.86046511628
2020,Heidekreis,Syrien,Veränderung gegenüber 2005 in Prozent,K03358,1251.64835,1251.64835164835
2020,Stade,Syrien,Veränderung gegenüber 2005 in Prozent,K03359,3742.85714,3742.85714285714
2020,Uelzen,Syrien,Veränderung gegenüber 2005 in Prozent,K03360,2105.88235,2105.88235294118
2020,Verden,Syrien,Veränderung gegenüber 2005 in Prozent,K03361,1115.05376,1115.05376344086
2020,Statistische Region Lüneburg,Syrien,Veränderung gegenüber 2005 in Prozent,K033,1619.12114,1619.12114014252
2020,"Delmenhorst, Stadt",Syrien,Veränderung gegenüber 2005 in Prozent,K03401,1707.69231,1707.69230769231
2020,"Emden, Stadt",Syrien,Veränderung gegenüber 2005 in Prozent,K03402,99900.0,99900.0
2020,"Oldenburg (Oldb), Stadt",Syrien,Veränderung gegenüber 2005 in Prozent,K03403,2280.43478,2280.4347826087
2020,"Osnabrück, Stadt",Syrien,Veränderung gegenüber 2005 in Prozent,K03404,4719.44444,4719.44444444444
2020,"Wilhelmshaven, Stadt",Syrien,Veränderung gegenüber 2005 in Prozent,K03405,3667.85714,3667.85714285714
2020,Ammerland,Syrien,Veränderung gegenüber 2005 in Prozent,K03451,1028.86598,1028.86597938144
2020,Aurich,Syrien,Veränderung gegenüber 2005 in Prozent,K03452,1836.78161,1836.7816091954
2020,Cloppenburg,Syrien,Veränderung gegenüber 2005 in Prozent,K03453,889.130435,889.130434782609
2020,Emsland,Syrien,Veränderung gegenüber 2005 in Prozent,K03454,2821.56863,2821.56862745098
2020,Friesland,Syrien,Veränderung gegenüber 2005 in Prozent,K03455,1950.0,1950.0
2020,Grafschaft Bentheim,Syrien,Veränderung gegenüber 2005 in Prozent,K03456,1209.27835,1209.27835051546
2020,Leer,Syrien,Veränderung gegenüber 2005 in Prozent,K03457,1562.16216,1562.16216216216
2020,Oldenburg,Syrien,Veränderung gegenüber 2005 in Prozent,K03458,689.915966,689.915966386555
2020,Osnabrück,Syrien,Veränderung gegenüber 2005 in Prozent,K03459,1245.93023,1245.93023255814
2020,Vechta,Syrien,Veränderung gegenüber 2005 in Prozent,K03460,1242.99517,1242.99516908213
2020,Wesermarsch,Syrien,Veränderung gegenüber 2005 in Prozent,K03461,1725.5814,1725.58139534884
2020,Wittmund,Syrien,Veränderung gegenüber 2005 in Prozent,K03462,5114.28571,5114.28571428571
2020,Statistische Region Weser-Ems,Syrien,Veränderung gegenüber 2005 in Prozent,K034,1770.87379,1770.87378640777
2020,Niedersachsen,Syrien,Veränderung gegenüber 2005 in Prozent,K030,1506.44925,1506.44924880909
2021,"Braunschweig, Stadt",Syrien,Veränderung gegenüber 2005 in Prozent,K03101,1386.3388,1386.33879781421
2021,"Salzgitter, Stadt",Syrien,Veränderung gegenüber 2005 in Prozent,K03102,10182.6087,10182.6086956522
2021,"Wolfsburg, Stadt",Syrien,Veränderung gegenüber 2005 in Prozent,K03103,1658.92857,1658.92857142857
2021,Gifhorn,Syrien,Veränderung gegenüber 2005 in Prozent,K03151,1686.88525,1686.88524590164
2021,Goslar,Syrien,Veränderung gegenüber 2005 in Prozent,K03153,2460.34483,2460.34482758621
2021,Helmstedt,Syrien,Veränderung gegenüber 2005 in Prozent,K03154,1861.53846,1861.53846153846
2021,Northeim,Syrien,Veränderung gegenüber 2005 in Prozent,K03155,1001.0101,1001.0101010101
2021,Peine,Syrien,Veränderung gegenüber 2005 in Prozent,K03157,1711.88119,1711.88118811881
2021,Wolfenbüttel,Syrien,Veränderung gegenüber 2005 in Prozent,K03158,611.180124,611.180124223602
2021,Göttingen,Syrien,Veränderung gegenüber 2005 in Prozent,K03159,1253.59116,1253.59116022099
2021,Statistische Region Braunschweig,Syrien,Veränderung gegenüber 2005 in Prozent,K031,1750.19455,1750.19455252918
2021,Region Hannover,Syrien,Veränderung gegenüber 2005 in Prozent,K03241,1683.23108,1683.23108384458
2021,"dav. Hannover, Lhst.",Syrien,Veränderung gegenüber 2005 in Prozent,K03241001,1366.08527,1366.08527131783
2021,"dav. Hannover, Umland",Syrien,Veränderung gegenüber 2005 in Prozent,K03241999,2037.44589,2037.44588744589
2021,Diepholz,Syrien,Veränderung gegenüber 2005 in Prozent,K03251,1424.79339,1424.79338842975
2021,Hameln-Pyrmont,Syrien,Veränderung gegenüber 2005 in Prozent,K03252,1551.40845,1551.40845070423
2021,Hildesheim,Syrien,Veränderung gegenüber 2005 in Prozent,K03254,889.726027,889.72602739726
2021,Holzminden,Syrien,Veränderung gegenüber 2005 in Prozent,K03255,2592.30769,2592.30769230769
2021,Nienburg (Weser),Syrien,Veränderung gegenüber 2005 in Prozent,K03256,348.640483,348.640483383686
2021,Schaumburg,Syrien,Veränderung gegenüber 2005 in Prozent,K03257,1004.57516,1004.57516339869
2021,Statistische Region Hannover,Syrien,Veränderung gegenüber 2005 in Prozent,K032,1289.86784,1289.86784140969
2021,Celle,Syrien,Veränderung gegenüber 2005 in Prozent,K03351,1205.78512,1205.78512396694
2021,Cuxhaven,Syrien,Veränderung gegenüber 2005 in Prozent,K03352,1842.52874,1842.52873563218
2021,Harburg,Syrien,Veränderung gegenüber 2005 in Prozent,K03353,1379.16667,1379.16666666667
2021,Lüchow-Dannenberg,Syrien,Veränderung gegenüber 2005 in Prozent,K03354,4257.14286,4257.14285714286
2021,Lüneburg,Syrien,Veränderung gegenüber 2005 in Prozent,K03355,1549.57265,1549.57264957265
2021,Osterholz,Syrien,Veränderung gegenüber 2005 in Prozent,K03356,893.975904,893.975903614458
2021,Rotenburg (Wümme),Syrien,Veränderung gegenüber 2005 in Prozent,K03357,3086.04651,3086.04651162791
2021,Heidekreis,Syrien,Veränderung gegenüber 2005 in Prozent,K03358,1389.01099,1389.01098901099
2021,Stade,Syrien,Veränderung gegenüber 2005 in Prozent,K03359,3864.28571,3864.28571428571
2021,Uelzen,Syrien,Veränderung gegenüber 2005 in Prozent,K03360,2076.47059,2076.47058823529
2021,Verden,Syrien,Veränderung gegenüber 2005 in Prozent,K03361,1141.93548,1141.93548387097
2021,Statistische Region Lüneburg,Syrien,Veränderung gegenüber 2005 in Prozent,K033,1699.28741,1699.28741092637
2021,"Delmenhorst, Stadt",Syrien,Veränderung gegenüber 2005 in Prozent,K03401,1746.15385,1746.15384615385
2021,"Emden, Stadt",Syrien,Veränderung gegenüber 2005 in Prozent,K03402,103900.0,103900.0
2021,"Oldenburg (Oldb), Stadt",Syrien,Veränderung gegenüber 2005 in Prozent,K03403,2264.13043,2264.13043478261
2021,"Osnabrück, Stadt",Syrien,Veränderung gegenüber 2005 in Prozent,K03404,4927.77778,4927.77777777778
2021,"Wilhelmshaven, Stadt",Syrien,Veränderung gegenüber 2005 in Prozent,K03405,3864.28571,3864.28571428571
2021,Ammerland,Syrien,Veränderung gegenüber 2005 in Prozent,K03451,1106.18557,1106.18556701031
2021,Aurich,Syrien,Veränderung gegenüber 2005 in Prozent,K03452,1951.72414,1951.72413793103
2021,Cloppenburg,Syrien,Veränderung gegenüber 2005 in Prozent,K03453,900.0,900.0
2021,Emsland,Syrien,Veränderung gegenüber 2005 in Prozent,K03454,3022.54902,3022.54901960784
2021,Friesland,Syrien,Veränderung gegenüber 2005 in Prozent,K03455,2075.0,2075.0
2021,Grafschaft Bentheim,Syrien,Veränderung gegenüber 2005 in Prozent,K03456,1240.20619,1240.20618556701
2021,Leer,Syrien,Veränderung gegenüber 2005 in Prozent,K03457,1728.82883,1728.82882882883
2021,Oldenburg,Syrien,Veränderung gegenüber 2005 in Prozent,K03458,740.336134,740.336134453781
2021,Osnabrück,Syrien,Veränderung gegenüber 2005 in Prozent,K03459,1106.39535,1106.39534883721
2021,Vechta,Syrien,Veränderung gegenüber 2005 in Prozent,K03460,1262.31884,1262.31884057971
2021,Wesermarsch,Syrien,Veränderung gegenüber 2005 in Prozent,K03461,1830.23256,1830.23255813953
2021,Wittmund,Syrien,Veränderung gegenüber 2005 in Prozent,K03462,6185.71429,6185.71428571429
2021,Statistische Region Weser-Ems,Syrien,Veränderung gegenüber 2005 in Prozent,K034,1833.00971,1833.00970873786
2021,Niedersachsen,Syrien,Veränderung gegenüber 2005 in Prozent,K030,1593.47746,1593.47746427263
2022,"Braunschweig, Stadt",Syrien,Veränderung gegenüber 2005 in Prozent,K03101,1607.65027,1607.65027322404
2022,"Salzgitter, Stadt",Syrien,Veränderung gegenüber 2005 in Prozent,K03102,10410.8696,10410.8695652174
2022,"Wolfsburg, Stadt",Syrien,Veränderung gegenüber 2005 in Prozent,K03103,1725.89286,1725.89285714286
2022,Gifhorn,Syrien,Veränderung gegenüber 2005 in Prozent,K03151,1785.2459,1785.24590163934
2022,Goslar,Syrien,Veränderung gegenüber 2005 in Prozent,K03153,2374.13793,2374.13793103448
2022,Helmstedt,Syrien,Veränderung gegenüber 2005 in Prozent,K03154,2053.84615,2053.84615384615
2022,Northeim,Syrien,Veränderung gegenüber 2005 in Prozent,K03155,1051.51515,1051.51515151515
2022,Peine,Syrien,Veränderung gegenüber 2005 in Prozent,K03157,1682.17822,1682.17821782178
2022,Wolfenbüttel,Syrien,Veränderung gegenüber 2005 in Prozent,K03158,639.130435,639.130434782609
2022,Göttingen,Syrien,Veränderung gegenüber 2005 in Prozent,K03159,1134.80663,1134.80662983425
2022,Statistische Region Braunschweig,Syrien,Veränderung gegenüber 2005 in Prozent,K031,1798.3463,1798.34630350195
2022,Region Hannover,Syrien,Veränderung gegenüber 2005 in Prozent,K03241,1902.04499,1902.04498977505
2022,"dav. Hannover, Lhst.",Syrien,Veränderung gegenüber 2005 in Prozent,K03241001,1470.73643,1470.73643410853
2022,"dav. Hannover, Umland",Syrien,Veränderung gegenüber 2005 in Prozent,K03241999,2383.76623,2383.76623376623
2022,Diepholz,Syrien,Veränderung gegenüber 2005 in Prozent,K03251,1391.73554,1391.73553719008
2022,Hameln-Pyrmont,Syrien,Veränderung gegenüber 2005 in Prozent,K03252,1632.39437,1632.39436619718
2022,Hildesheim,Syrien,Veränderung gegenüber 2005 in Prozent,K03254,935.958904,935.958904109589
2022,Holzminden,Syrien,Veränderung gegenüber 2005 in Prozent,K03255,2592.30769,2592.30769230769
2022,Nienburg (Weser),Syrien,Veränderung gegenüber 2005 in Prozent,K03256,359.214502,359.214501510574
2022,Schaumburg,Syrien,Veränderung gegenüber 2005 in Prozent,K03257,1066.66667,1066.66666666667
2022,Statistische Region Hannover,Syrien,Veränderung gegenüber 2005 in Prozent,K032,1411.50269,1411.50269211943
2022,Celle,Syrien,Veränderung gegenüber 2005 in Prozent,K03351,1185.12397,1185.12396694215
2022,Cuxhaven,Syrien,Veränderung gegenüber 2005 in Prozent,K03352,1842.52874,1842.52873563218
2022,Harburg,Syrien,Veränderung gegenüber 2005 in Prozent,K03353,1530.20833,1530.20833333333
2022,Lüchow-Dannenberg,Syrien,Veränderung gegenüber 2005 in Prozent,K03354,3614.28571,3614.28571428571
2022,Lüneburg,Syrien,Veränderung gegenüber 2005 in Prozent,K03355,1361.53846,1361.53846153846
2022,Osterholz,Syrien,Veränderung gegenüber 2005 in Prozent,K03356,954.216867,954.21686746988
2022,Rotenburg (Wümme),Syrien,Veränderung gegenüber 2005 in Prozent,K03357,3248.83721,3248.83720930233
2022,Heidekreis,Syrien,Veränderung gegenüber 2005 in Prozent,K03358,1356.04396,1356.04395604396
2022,Stade,Syrien,Veränderung gegenüber 2005 in Prozent,K03359,3928.57143,3928.57142857143
2022,Uelzen,Syrien,Veränderung gegenüber 2005 in Prozent,K03360,2105.88235,2105.88235294118
2022,Verden,Syrien,Veränderung gegenüber 2005 in Prozent,K03361,1270.96774,1270.96774193548
2022,Statistische Region Lüneburg,Syrien,Veränderung gegenüber 2005 in Prozent,K033,1712.94537,1712.94536817102
2022,"Delmenhorst, Stadt",Syrien,Veränderung gegenüber 2005 in Prozent,K03401,1789.42308,1789.42307692308
2022,"Emden, Stadt",Syrien,Veränderung gegenüber 2005 in Prozent,K03402,106400.0,106400.0
2022,"Oldenburg (Oldb), Stadt",Syrien,Veränderung gegenüber 2005 in Prozent,K03403,2383.69565,2383.69565217391
2022,"Osnabrück, Stadt",Syrien,Veränderung gegenüber 2005 in Prozent,K03404,5170.83333,5170.83333333333
2022,"Wilhelmshaven, Stadt",Syrien,Veränderung gegenüber 2005 in Prozent,K03405,3944.64286,3944.64285714286
2022,Ammerland,Syrien,Veränderung gegenüber 2005 in Prozent,K03451,1157.73196,1157.73195876289
2022,Aurich,Syrien,Veränderung gegenüber 2005 in Prozent,K03452,1957.47126,1957.47126436782
2022,Cloppenburg,Syrien,Veränderung gegenüber 2005 in Prozent,K03453,871.014493,871.014492753623
2022,Emsland,Syrien,Veränderung gegenüber 2005 in Prozent,K03454,3306.86275,3306.86274509804
2022,Friesland,Syrien,Veränderung gegenüber 2005 in Prozent,K03455,2137.5,2137.5
2022,Grafschaft Bentheim,Syrien,Veränderung gegenüber 2005 in Prozent,K03456,1214.43299,1214.43298969072
2022,Leer,Syrien,Veränderung gegenüber 2005 in Prozent,K03457,1827.92793,1827.92792792793
2022,Oldenburg,Syrien,Veränderung gegenüber 2005 in Prozent,K03458,782.352941,782.352941176471
2022,Osnabrück,Syrien,Veränderung gegenüber 2005 in Prozent,K03459,1091.86047,1091.86046511628
2022,Vechta,Syrien,Veränderung gegenüber 2005 in Prozent,K03460,1211.5942,1211.59420289855
2022,Wesermarsch,Syrien,Veränderung gegenüber 2005 in Prozent,K03461,1900.0,1900.0
2022,Wittmund,Syrien,Veränderung gegenüber 2005 in Prozent,K03462,6828.57143,6828.57142857143
2022,Statistische Region Weser-Ems,Syrien,Veränderung gegenüber 2005 in Prozent,K034,1898.05825,1898.05825242718
2022,Niedersachsen,Syrien,Veränderung gegenüber 2005 in Prozent,K030,1664.93221,1664.93220960059
2023,"Braunschweig, Stadt",Syrien,Veränderung gegenüber 2005 in Prozent,K03101,1492.89617,1492.89617486339
2023,"Salzgitter, Stadt",Syrien,Veränderung gegenüber 2005 in Prozent,K03102,11106.5217,11106.5217391304
2023,"Wolfsburg, Stadt",Syrien,Veränderung gegenüber 2005 in Prozent,K03103,1859.82143,1859.82142857143
2023,Gifhorn,Syrien,Veränderung gegenüber 2005 in Prozent,K03151,2121.31148,2121.31147540984
2023,Goslar,Syrien,Veränderung gegenüber 2005 in Prozent,K03153,2408.62069,2408.62068965517
2023,Helmstedt,Syrien,Veränderung gegenüber 2005 in Prozent,K03154,2650.0,2650.0
2023,Northeim,Syrien,Veränderung gegenüber 2005 in Prozent,K03155,1091.91919,1091.91919191919
2023,Peine,Syrien,Veränderung gegenüber 2005 in Prozent,K03157,1865.34653,1865.34653465347
2023,Wolfenbüttel,Syrien,Veränderung gegenüber 2005 in Prozent,K03158,834.782609,834.782608695652
2023,Göttingen,Syrien,Veränderung gegenüber 2005 in Prozent,K03159,1198.34254,1198.34254143646
2023,Statistische Region Braunschweig,Syrien,Veränderung gegenüber 2005 in Prozent,K031,1923.83268,1923.8326848249
2023,Region Hannover,Syrien,Veränderung gegenüber 2005 in Prozent,K03241,1812.06544,1812.0654396728
2023,"dav. Hannover, Lhst.",Syrien,Veränderung gegenüber 2005 in Prozent,K03241001,1598.64341,1598.64341085271
2023,"dav. Hannover, Umland",Syrien,Veränderung gegenüber 2005 in Prozent,K03241999,2050.4329,2050.4329004329
2023,Diepholz,Syrien,Veränderung gegenüber 2005 in Prozent,K03251,1594.21488,1594.21487603306
2023,Hameln-Pyrmont,Syrien,Veränderung gegenüber 2005 in Prozent,K03252,1769.71831,1769.71830985915
2023,Hildesheim,Syrien,Veränderung gegenüber 2005 in Prozent,K03254,1060.9589,1060.95890410959
2023,Holzminden,Syrien,Veränderung gegenüber 2005 in Prozent,K03255,2784.61538,2784.61538461538
2023,Nienburg (Weser),Syrien,Veränderung gegenüber 2005 in Prozent,K03256,357.703927,357.703927492447
2023,Schaumburg,Syrien,Veränderung gegenüber 2005 in Prozent,K03257,1184.31373,1184.3137254902
2023,Statistische Region Hannover,Syrien,Veränderung gegenüber 2005 in Prozent,K032,1418.6001,1418.60009789525
2023,Celle,Syrien,Veränderung gegenüber 2005 in Prozent,K03351,1313.22314,1313.22314049587
2023,Cuxhaven,Syrien,Veränderung gegenüber 2005 in Prozent,K03352,1790.8046,1790.80459770115
2023,Harburg,Syrien,Veränderung gegenüber 2005 in Prozent,K03353,1681.25,1681.25
2023,Lüchow-Dannenberg,Syrien,Veränderung gegenüber 2005 in Prozent,K03354,3971.42857,3971.42857142857
2023,Lüneburg,Syrien,Veränderung gegenüber 2005 in Prozent,K03355,1395.7265,1395.7264957265
2023,Osterholz,Syrien,Veränderung gegenüber 2005 in Prozent,K03356,1002.40964,1002.40963855422
2023,Rotenburg (Wümme),Syrien,Veränderung gegenüber 2005 in Prozent,K03357,3760.46512,3760.46511627907
2023,Heidekreis,Syrien,Veränderung gegenüber 2005 in Prozent,K03358,1163.73626,1163.73626373626
2023,Stade,Syrien,Veränderung gegenüber 2005 in Prozent,K03359,4200.0,4200.0
2023,Uelzen,Syrien,Veränderung gegenüber 2005 in Prozent,K03360,2194.11765,2194.11764705882
2023,Verden,Syrien,Veränderung gegenüber 2005 in Prozent,K03361,1324.73118,1324.7311827957
2023,Statistische Region Lüneburg,Syrien,Veränderung gegenüber 2005 in Prozent,K033,1792.51781,1792.51781472684
2023,"Delmenhorst, Stadt",Syrien,Veränderung gegenüber 2005 in Prozent,K03401,1895.19231,1895.19230769231
2023,"Emden, Stadt",Syrien,Veränderung gegenüber 2005 in Prozent,K03402,106900.0,106900.0
2023,"Oldenburg (Oldb), Stadt",Syrien,Veränderung gegenüber 2005 in Prozent,K03403,2378.26087,2378.26086956522
2023,"Osnabrück, Stadt",Syrien,Veränderung gegenüber 2005 in Prozent,K03404,5177.77778,5177.77777777778
2023,"Wilhelmshaven, Stadt",Syrien,Veränderung gegenüber 2005 in Prozent,K03405,4382.14286,4382.14285714286
2023,Ammerland,Syrien,Veränderung gegenüber 2005 in Prozent,K03451,1343.29897,1343.29896907216
2023,Aurich,Syrien,Veränderung gegenüber 2005 in Prozent,K03452,2014.94253,2014.94252873563
2023,Cloppenburg,Syrien,Veränderung gegenüber 2005 in Prozent,K03453,1008.69565,1008.69565217391
2023,Emsland,Syrien,Veränderung gegenüber 2005 in Prozent,K03454,3556.86275,3556.86274509804
2023,Friesland,Syrien,Veränderung gegenüber 2005 in Prozent,K03455,2225.0,2225.0
2023,Grafschaft Bentheim,Syrien,Veränderung gegenüber 2005 in Prozent,K03456,1188.65979,1188.65979381443
2023,Leer,Syrien,Veränderung gegenüber 2005 in Prozent,K03457,2170.27027,2170.27027027027
2023,Oldenburg,Syrien,Veränderung gegenüber 2005 in Prozent,K03458,937.815126,937.81512605042
2023,Osnabrück,Syrien,Veränderung gegenüber 2005 in Prozent,K03459,1147.09302,1147.09302325581
2023,Vechta,Syrien,Veränderung gegenüber 2005 in Prozent,K03460,1197.10145,1197.10144927536
2023,Wesermarsch,Syrien,Veränderung gegenüber 2005 in Prozent,K03461,2132.55814,2132.55813953488
2023,Wittmund,Syrien,Veränderung gegenüber 2005 in Prozent,K03462,8185.71429,8185.71428571429
2023,Statistische Region Weser-Ems,Syrien,Veränderung gegenüber 2005 in Prozent,K034,2006.47249,2006.47249190939
2023,Niedersachsen,Syrien,Veränderung gegenüber 2005 in Prozent,K030,1737.85269,1737.85269329425
2024,"Braunschweig, Stadt",Syrien,Veränderung gegenüber 2005 in Prozent,K03101,1454.64481,1454.64480874317
2024,"Salzgitter, Stadt",Syrien,Veränderung gegenüber 2005 in Prozent,K03102,11160.8696,11160.8695652174
2024,"Wolfsburg, Stadt",Syrien,Veränderung gegenüber 2005 in Prozent,K03103,1989.28571,1989.28571428571
2024,Gifhorn,Syrien,Veränderung gegenüber 2005 in Prozent,K03151,2211.47541,2211.47540983607
2024,Goslar,Syrien,Veränderung gegenüber 2005 in Prozent,K03153,2236.2069,2236.20689655172
2024,Helmstedt,Syrien,Veränderung gegenüber 2005 in Prozent,K03154,3188.46154,3188.46153846154
2024,Northeim,Syrien,Veränderung gegenüber 2005 in Prozent,K03155,1091.91919,1091.91919191919
2024,Peine,Syrien,Veränderung gegenüber 2005 in Prozent,K03157,1984.15842,1984.15841584158
2024,Wolfenbüttel,Syrien,Veränderung gegenüber 2005 in Prozent,K03158,862.732919,862.732919254658
2024,Göttingen,Syrien,Veränderung gegenüber 2005 in Prozent,K03159,1203.8674,1203.86740331492
2024,Statistische Region Braunschweig,Syrien,Veränderung gegenüber 2005 in Prozent,K031,1961.28405,1961.28404669261
2024,Region Hannover,Syrien,Veränderung gegenüber 2005 in Prozent,K03241,1857.56646,1857.56646216769
2024,"dav. Hannover, Lhst.",Syrien,Veränderung gegenüber 2005 in Prozent,K03241001,1676.16279,1676.16279069767
2024,"dav. Hannover, Umland",Syrien,Veränderung gegenüber 2005 in Prozent,K03241999,2060.17316,2060.17316017316
2024,Diepholz,Syrien,Veränderung gegenüber 2005 in Prozent,K03251,1718.18182,1718.18181818182
2024,Hameln-Pyrmont,Syrien,Veränderung gegenüber 2005 in Prozent,K03252,1836.61972,1836.61971830986
2024,Hildesheim,Syrien,Veränderung gegenüber 2005 in Prozent,K03254,1093.49315,1093.49315068493
2024,Holzminden,Syrien,Veränderung gegenüber 2005 in Prozent,K03255,2726.92308,2726.92307692308
2024,Nienburg (Weser),Syrien,Veränderung gegenüber 2005 in Prozent,K03256,338.066465,338.066465256798
2024,Schaumburg,Syrien,Veränderung gegenüber 2005 in Prozent,K03257,1099.34641,1099.34640522876
2024,Statistische Region Hannover,Syrien,Veränderung gegenüber 2005 in Prozent,K032,1446.74498,1446.74498286833
2024,Celle,Syrien,Veränderung gegenüber 2005 in Prozent,K03351,1276.03306,1276.03305785124
2024,Cuxhaven,Syrien,Veränderung gegenüber 2005 in Prozent,K03352,1733.33333,1733.33333333333
2024,Harburg,Syrien,Veränderung gegenüber 2005 in Prozent,K03353,1660.41667,1660.41666666667
2024,Lüchow-Dannenberg,Syrien,Veränderung gegenüber 2005 in Prozent,K03354,3900.0,3900.0
2024,Lüneburg,Syrien,Veränderung gegenüber 2005 in Prozent,K03355,1528.20513,1528.20512820513
2024,Osterholz,Syrien,Veränderung gegenüber 2005 in Prozent,K03356,912.048193,912.048192771084
2024,Rotenburg (Wümme),Syrien,Veränderung gegenüber 2005 in Prozent,K03357,3551.16279,3551.16279069767
2024,Heidekreis,Syrien,Veränderung gegenüber 2005 in Prozent,K03358,1015.38462,1015.38461538462
2024,Stade,Syrien,Veränderung gegenüber 2005 in Prozent,K03359,3978.57143,3978.57142857143
2024,Uelzen,Syrien,Veränderung gegenüber 2005 in Prozent,K03360,2150.0,2150.0
2024,Verden,Syrien,Veränderung gegenüber 2005 in Prozent,K03361,1362.36559,1362.36559139785
2024,Statistische Region Lüneburg,Syrien,Veränderung gegenüber 2005 in Prozent,K033,1745.01188,1745.01187648456
2024,"Delmenhorst, Stadt",Syrien,Veränderung gegenüber 2005 in Prozent,K03401,1890.38462,1890.38461538462
2024,"Emden, Stadt",Syrien,Veränderung gegenüber 2005 in Prozent,K03402,107900.0,107900.0
2024,"Oldenburg (Oldb), Stadt",Syrien,Veränderung gegenüber 2005 in Prozent,K03403,2372.82609,2372.82608695652
2024,"Osnabrück, Stadt",Syrien,Veränderung gegenüber 2005 in Prozent,K03404,5031.94444,5031.94444444444
2024,"Wilhelmshaven, Stadt",Syrien,Veränderung gegenüber 2005 in Prozent,K03405,4417.85714,4417.85714285714
2024,Ammerland,Syrien,Veränderung gegenüber 2005 in Prozent,K03451,1343.29897,1343.29896907216
2024,Aurich,Syrien,Veränderung gegenüber 2005 in Prozent,K03452,1911.49425,1911.49425287356
2024,Cloppenburg,Syrien,Veränderung gegenüber 2005 in Prozent,K03453,1023.18841,1023.1884057971
2024,Emsland,Syrien,Veränderung gegenüber 2005 in Prozent,K03454,3797.05882,3797.05882352941
2024,Friesland,Syrien,Veränderung gegenüber 2005 in Prozent,K03455,2350.0,2350.0
2024,Grafschaft Bentheim,Syrien,Veränderung gegenüber 2005 in Prozent,K03456,1245.36082,1245.36082474227
2024,Leer,Syrien,Veränderung gegenüber 2005 in Prozent,K03457,2372.97297,2372.97297297297
2024,Oldenburg,Syrien,Veränderung gegenüber 2005 in Prozent,K03458,958.823529,958.823529411765
2024,Osnabrück,Syrien,Veränderung gegenüber 2005 in Prozent,K03459,1150.0,1150.0
2024,Vechta,Syrien,Veränderung gegenüber 2005 in Prozent,K03460,1090.82126,1090.82125603865
2024,Wesermarsch,Syrien,Veränderung gegenüber 2005 in Prozent,K03461,2353.48837,2353.48837209302
2024,Wittmund,Syrien,Veränderung gegenüber 2005 in Prozent,K03462,8328.57143,8328.57142857143
2024,Statistische Region Weser-Ems,Syrien,Veränderung gegenüber 2005 in Prozent,K034,2028.15534,2028.15533980583
2024,Niedersachsen,Syrien,Veränderung gegenüber 2005 in Prozent,K030,1754.15903,1754.15903261268
2025,"Braunschweig, Stadt",Syrien,Veränderung gegenüber 2005 in Prozent,K03101,1476.50273,1476.50273224044
2025,"Salzgitter, Stadt",Syrien,Veränderung gegenüber 2005 in Prozent,K03102,10497.8261,10497.8260869565
2025,"Wolfsburg, Stadt",Syrien,Veränderung gegenüber 2005 in Prozent,K03103,2051.78571,2051.78571428571
2025,Gifhorn,Syrien,Veränderung gegenüber 2005 in Prozent,K03151,2211.47541,2211.47540983607
2025,Goslar,Syrien,Veränderung gegenüber 2005 in Prozent,K03153,2029.31034,2029.31034482759
2025,Helmstedt,Syrien,Veränderung gegenüber 2005 in Prozent,K03154,3169.23077,3169.23076923077
2025,Northeim,Syrien,Veränderung gegenüber 2005 in Prozent,K03155,965.656566,965.656565656566
2025,Peine,Syrien,Veränderung gegenüber 2005 in Prozent,K03157,1964.35644,1964.35643564356
2025,Wolfenbüttel,Syrien,Veränderung gegenüber 2005 in Prozent,K03158,809.937888,809.937888198758
2025,Göttingen,Syrien,Veränderung gegenüber 2005 in Prozent,K03159,1109.94475,1109.94475138122
2025,Statistische Region Braunschweig,Syrien,Veränderung gegenüber 2005 in Prozent,K031,1890.27237,1890.27237354086
2025,Region Hannover,Syrien,Veränderung gegenüber 2005 in Prozent,K03241,1909.7137,1909.71370143149
2025,"dav. Hannover, Lhst.",Syrien,Veränderung gegenüber 2005 in Prozent,K03241001,1694.57364,1694.57364341085
2025,"dav. Hannover, Umland",Syrien,Veränderung gegenüber 2005 in Prozent,K03241999,2150.0,2150.0
2025,Diepholz,Syrien,Veränderung gegenüber 2005 in Prozent,K03251,1619.00826,1619.00826446281
2025,Hameln-Pyrmont,Syrien,Veränderung gegenüber 2005 in Prozent,K03252,1787.32394,1787.32394366197
2025,Hildesheim,Syrien,Veränderung gegenüber 2005 in Prozent,K03254,1050.68493,1050.68493150685
2025,Holzminden,Syrien,Veränderung gegenüber 2005 in Prozent,K03255,2592.30769,2592.30769230769
2025,Nienburg (Weser),Syrien,Veränderung gegenüber 2005 in Prozent,K03256,304.833837,304.833836858006
2025,Schaumburg,Syrien,Veränderung gegenüber 2005 in Prozent,K03257,1017.64706,1017.64705882353
2025,Statistische Region Hannover,Syrien,Veränderung gegenüber 2005 in Prozent,K032,1443.07391,1443.07391091532
2025,Celle,Syrien,Veränderung gegenüber 2005 in Prozent,K03351,1242.97521,1242.97520661157
2025,Cuxhaven,Syrien,Veränderung gegenüber 2005 in Prozent,K03352,1629.88506,1629.88505747126
2025,Harburg,Syrien,Veränderung gegenüber 2005 in Prozent,K03353,1446.875,1446.875
2025,Lüchow-Dannenberg,Syrien,Veränderung gegenüber 2005 in Prozent,K03354,3685.71429,3685.71428571429
2025,Lüneburg,Syrien,Veränderung gegenüber 2005 in Prozent,K03355,1352.99145,1352.99145299145
2025,Osterholz,Syrien,Veränderung gegenüber 2005 in Prozent,K03356,749.39759,749.397590361446
2025,Rotenburg (Wümme),Syrien,Veränderung gegenüber 2005 in Prozent,K03357,3086.04651,3086.04651162791
2025,Heidekreis,Syrien,Veränderung gegenüber 2005 in Prozent,K03358,1009.89011,1009.89010989011
2025,Stade,Syrien,Veränderung gegenüber 2005 in Prozent,K03359,3621.42857,3621.42857142857
2025,Uelzen,Syrien,Veränderung gegenüber 2005 in Prozent,K03360,2252.94118,2252.94117647059
2025,Verden,Syrien,Veränderung gegenüber 2005 in Prozent,K03361,1238.70968,1238.70967741935
2025,Statistische Region Lüneburg,Syrien,Veränderung gegenüber 2005 in Prozent,K033,1600.11876,1600.11876484561
2025,"Delmenhorst, Stadt",Syrien,Veränderung gegenüber 2005 in Prozent,K03401,1760.57692,1760.57692307692
2025,"Emden, Stadt",Syrien,Veränderung gegenüber 2005 in Prozent,K03402,105900.0,105900.0
2025,"Oldenburg (Oldb), Stadt",Syrien,Veränderung gegenüber 2005 in Prozent,K03403,2361.95652,2361.95652173913
2025,"Osnabrück, Stadt",Syrien,Veränderung gegenüber 2005 in Prozent,K03404,5156.94444,5156.94444444444
2025,"Wilhelmshaven, Stadt",Syrien,Veränderung gegenüber 2005 in Prozent,K03405,4453.57143,4453.57142857143
2025,Ammerland,Syrien,Veränderung gegenüber 2005 in Prozent,K03451,1131.95876,1131.9587628866
2025,Aurich,Syrien,Veränderung gegenüber 2005 in Prozent,K03452,1819.54023,1819.54022988506
2025,Cloppenburg,Syrien,Veränderung gegenüber 2005 in Prozent,K03453,914.492754,914.492753623188
2025,Emsland,Syrien,Veränderung gegenüber 2005 in Prozent,K03454,3424.5098,3424.50980392157
2025,Friesland,Syrien,Veränderung gegenüber 2005 in Prozent,K03455,2162.5,2162.5
2025,Grafschaft Bentheim,Syrien,Veränderung gegenüber 2005 in Prozent,K03456,1265.97938,1265.9793814433
2025,Leer,Syrien,Veränderung gegenüber 2005 in Prozent,K03457,2368.46847,2368.46846846847
2025,Oldenburg,Syrien,Veränderung gegenüber 2005 in Prozent,K03458,929.411765,929.411764705882
2025,Osnabrück,Syrien,Veränderung gegenüber 2005 in Prozent,K03459,1004.65116,1004.6511627907
2025,Vechta,Syrien,Veränderung gegenüber 2005 in Prozent,K03460,972.463768,972.463768115942
2025,Wesermarsch,Syrien,Veränderung gegenüber 2005 in Prozent,K03461,2353.48837,2353.48837209302
2025,Wittmund,Syrien,Veränderung gegenüber 2005 in Prozent,K03462,7685.71429,7685.71428571429
2025,Statistische Region Weser-Ems,Syrien,Veränderung gegenüber 2005 in Prozent,K034,1931.39159,1931.39158576052
2025,Niedersachsen,Syrien,Veränderung gegenüber 2005 in Prozent,K030,1689.75815,1689.75815316966
2005,"Braunschweig, Stadt",Türkei,Veränderung gegenüber 2005 in Prozent,K03101,0.0,0.0
2005,"Salzgitter, Stadt",Türkei,Veränderung gegenüber 2005 in Prozent,K03102,0.0,0.0
2005,"Wolfsburg, Stadt",Türkei,Veränderung gegenüber 2005 in Prozent,K03103,0.0,0.0
2005,Gifhorn,Türkei,Veränderung gegenüber 2005 in Prozent,K03151,0.0,0.0
2005,Goslar,Türkei,Veränderung gegenüber 2005 in Prozent,K03153,0.0,0.0
2005,Helmstedt,Türkei,Veränderung gegenüber 2005 in Prozent,K03154,0.0,0.0
2005,Northeim,Türkei,Veränderung gegenüber 2005 in Prozent,K03155,0.0,0.0
2005,Peine,Türkei,Veränderung gegenüber 2005 in Prozent,K03157,0.0,0.0
2005,Wolfenbüttel,Türkei,Veränderung gegenüber 2005 in Prozent,K03158,0.0,0.0
2005,Göttingen,Türkei,Veränderung gegenüber 2005 in Prozent,K03159,0.0,0.0
2005,Statistische Region Braunschweig,Türkei,Veränderung gegenüber 2005 in Prozent,K031,0.0,0.0
2005,Region Hannover,Türkei,Veränderung gegenüber 2005 in Prozent,K03241,0.0,0.0
2005,"dav. Hannover, Lhst.",Türkei,Veränderung gegenüber 2005 in Prozent,K03241001,0.0,0.0
2005,"dav. Hannover, Umland",Türkei,Veränderung gegenüber 2005 in Prozent,K03241999,0.0,0.0
2005,Diepholz,Türkei,Veränderung gegenüber 2005 in Prozent,K03251,0.0,0.0
2005,Hameln-Pyrmont,Türkei,Veränderung gegenüber 2005 in Prozent,K03252,0.0,0.0
2005,Hildesheim,Türkei,Veränderung gegenüber 2005 in Prozent,K03254,0.0,0.0
2005,Holzminden,Türkei,Veränderung gegenüber 2005 in Prozent,K03255,0.0,0.0
2005,Nienburg (Weser),Türkei,Veränderung gegenüber 2005 in Prozent,K03256,0.0,0.0
2005,Schaumburg,Türkei,Veränderung gegenüber 2005 in Prozent,K03257,0.0,0.0
2005,Statistische Region Hannover,Türkei,Veränderung gegenüber 2005 in Prozent,K032,0.0,0.0
2005,Celle,Türkei,Veränderung gegenüber 2005 in Prozent,K03351,0.0,0.0
2005,Cuxhaven,Türkei,Veränderung gegenüber 2005 in Prozent,K03352,0.0,0.0
2005,Harburg,Türkei,Veränderung gegenüber 2005 in Prozent,K03353,0.0,0.0
2005,Lüchow-Dannenberg,Türkei,Veränderung gegenüber 2005 in Prozent,K03354,0.0,0.0
2005,Lüneburg,Türkei,Veränderung gegenüber 2005 in Prozent,K03355,0.0,0.0
2005,Osterholz,Türkei,Veränderung gegenüber 2005 in Prozent,K03356,0.0,0.0
2005,Rotenburg (Wümme),Türkei,Veränderung gegenüber 2005 in Prozent,K03357,0.0,0.0
2005,Heidekreis,Türkei,Veränderung gegenüber 2005 in Prozent,K03358,0.0,0.0
2005,Stade,Türkei,Veränderung gegenüber 2005 in Prozent,K03359,0.0,0.0
2005,Uelzen,Türkei,Veränderung gegenüber 2005 in Prozent,K03360,0.0,0.0
2005,Verden,Türkei,Veränderung gegenüber 2005 in Prozent,K03361,0.0,0.0
2005,Statistische Region Lüneburg,Türkei,Veränderung gegenüber 2005 in Prozent,K033,0.0,0.0
2005,"Delmenhorst, Stadt",Türkei,Veränderung gegenüber 2005 in Prozent,K03401,0.0,0.0
2005,"Emden, Stadt",Türkei,Veränderung gegenüber 2005 in Prozent,K03402,0.0,0.0
2005,"Oldenburg (Oldb), Stadt",Türkei,Veränderung gegenüber 2005 in Prozent,K03403,0.0,0.0
2005,"Osnabrück, Stadt",Türkei,Veränderung gegenüber 2005 in Prozent,K03404,0.0,0.0
2005,"Wilhelmshaven, Stadt",Türkei,Veränderung gegenüber 2005 in Prozent,K03405,0.0,0.0
2005,Ammerland,Türkei,Veränderung gegenüber 2005 in Prozent,K03451,0.0,0.0
2005,Aurich,Türkei,Veränderung gegenüber 2005 in Prozent,K03452,0.0,0.0
2005,Cloppenburg,Türkei,Veränderung gegenüber 2005 in Prozent,K03453,0.0,0.0
2005,Emsland,Türkei,Veränderung gegenüber 2005 in Prozent,K03454,0.0,0.0
2005,Friesland,Türkei,Veränderung gegenüber 2005 in Prozent,K03455,0.0,0.0
2005,Grafschaft Bentheim,Türkei,Veränderung gegenüber 2005 in Prozent,K03456,0.0,0.0
2005,Leer,Türkei,Veränderung gegenüber 2005 in Prozent,K03457,0.0,0.0
2005,Oldenburg,Türkei,Veränderung gegenüber 2005 in Prozent,K03458,0.0,0.0
2005,Osnabrück,Türkei,Veränderung gegenüber 2005 in Prozent,K03459,0.0,0.0
2005,Vechta,Türkei,Veränderung gegenüber 2005 in Prozent,K03460,0.0,0.0
2005,Wesermarsch,Türkei,Veränderung gegenüber 2005 in Prozent,K03461,0.0,0.0
2005,Wittmund,Türkei,Veränderung gegenüber 2005 in Prozent,K03462,0.0,0.0
2005,Statistische Region Weser-Ems,Türkei,Veränderung gegenüber 2005 in Prozent,K034,0.0,0.0
2005,Niedersachsen,Türkei,Veränderung gegenüber 2005 in Prozent,K030,0.0,0.0
2011,"Braunschweig, Stadt",Türkei,Veränderung gegenüber 2005 in Prozent,K03101,-7.63807286,-7.63807285546416
2011,"Salzgitter, Stadt",Türkei,Veränderung gegenüber 2005 in Prozent,K03102,-10.3797468,-10.379746835443
2011,"Wolfsburg, Stadt",Türkei,Veränderung gegenüber 2005 in Prozent,K03103,6.71256454,6.71256454388984
2011,Gifhorn,Türkei,Veränderung gegenüber 2005 in Prozent,K03151,-12.2438255,-12.2438255386232
2011,Goslar,Türkei,Veränderung gegenüber 2005 in Prozent,K03153,-15.9090909,-15.9090909090909
2011,Helmstedt,Türkei,Veränderung gegenüber 2005 in Prozent,K03154,-15.6195462,-15.6195462478185
2011,Northeim,Türkei,Veränderung gegenüber 2005 in Prozent,K03155,-20.5653021,-20.5653021442495
2011,Peine,Türkei,Veränderung gegenüber 2005 in Prozent,K03157,-11.2355737,-11.2355736591989
2011,Wolfenbüttel,Türkei,Veränderung gegenüber 2005 in Prozent,K03158,-22.6415094,-22.6415094339623
2011,Göttingen,Türkei,Veränderung gegenüber 2005 in Prozent,K03159,-14.1773476,-14.1773476327492
2011,Statistische Region Braunschweig,Türkei,Veränderung gegenüber 2005 in Prozent,K031,-11.7791047,-11.779104699032
2011,Region Hannover,Türkei,Veränderung gegenüber 2005 in Prozent,K03241,-7.29990909,-7.29990908784808
2011,"dav. Hannover, Lhst.",Türkei,Veränderung gegenüber 2005 in Prozent,K03241001,-7.22997416,-7.22997416020672
2011,"dav. Hannover, Umland",Türkei,Veränderung gegenüber 2005 in Prozent,K03241999,-7.43066963,-7.43066962991593
2011,Diepholz,Türkei,Veränderung gegenüber 2005 in Prozent,K03251,-12.5838926,-12.5838926174497
2011,Hameln-Pyrmont,Türkei,Veränderung gegenüber 2005 in Prozent,K03252,-9.56224775,-9.56224774914623
2011,Hildesheim,Türkei,Veränderung gegenüber 2005 in Prozent,K03254,-15.7338458,-15.7338457842902
2011,Holzminden,Türkei,Veränderung gegenüber 2005 in Prozent,K03255,-14.6863469,-14.6863468634686
2011,Nienburg (Weser),Türkei,Veränderung gegenüber 2005 in Prozent,K03256,-21.0181452,-21.0181451612903
2011,Schaumburg,Türkei,Veränderung gegenüber 2005 in Prozent,K03257,-19.3137255,-19.3137254901961
2011,Statistische Region Hannover,Türkei,Veränderung gegenüber 2005 in Prozent,K032,-10.0795229,-10.0795228628231
2011,Celle,Türkei,Veränderung gegenüber 2005 in Prozent,K03351,-25.8891646,-25.889164598842
2011,Cuxhaven,Türkei,Veränderung gegenüber 2005 in Prozent,K03352,-16.8549088,-16.8549087749783
2011,Harburg,Türkei,Veränderung gegenüber 2005 in Prozent,K03353,-15.009265,-15.0092649783817
2011,Lüchow-Dannenberg,Türkei,Veränderung gegenüber 2005 in Prozent,K03354,1.92307692,1.92307692307692
2011,Lüneburg,Türkei,Veränderung gegenüber 2005 in Prozent,K03355,-12.5628141,-12.5628140703518
2011,Osterholz,Türkei,Veränderung gegenüber 2005 in Prozent,K03356,-13.7896825,-13.7896825396825
2011,Rotenburg (Wümme),Türkei,Veränderung gegenüber 2005 in Prozent,K03357,-20.5,-20.5
2011,Heidekreis,Türkei,Veränderung gegenüber 2005 in Prozent,K03358,-20.7401696,-20.7401696222051
2011,Stade,Türkei,Veränderung gegenüber 2005 in Prozent,K03359,-4.3345232,-4.33452320244773
2011,Uelzen,Türkei,Veränderung gegenüber 2005 in Prozent,K03360,-28.6516854,-28.6516853932584
2011,Verden,Türkei,Veränderung gegenüber 2005 in Prozent,K03361,-16.9471624,-16.9471624266145
2011,Statistische Region Lüneburg,Türkei,Veränderung gegenüber 2005 in Prozent,K033,-16.724281,-16.7242809734513
2011,"Delmenhorst, Stadt",Türkei,Veränderung gegenüber 2005 in Prozent,K03401,-17.5876224,-17.5876223555415
2011,"Emden, Stadt",Türkei,Veränderung gegenüber 2005 in Prozent,K03402,-10.9919571,-10.9919571045576
2011,"Oldenburg (Oldb), Stadt",Türkei,Veränderung gegenüber 2005 in Prozent,K03403,-17.0800187,-17.0800187178287
2011,"Osnabrück, Stadt",Türkei,Veränderung gegenüber 2005 in Prozent,K03404,-8.90133831,-8.90133831310302
2011,"Wilhelmshaven, Stadt",Türkei,Veränderung gegenüber 2005 in Prozent,K03405,-18.3791606,-18.3791606367583
2011,Ammerland,Türkei,Veränderung gegenüber 2005 in Prozent,K03451,-19.5290859,-19.5290858725762
2011,Aurich,Türkei,Veränderung gegenüber 2005 in Prozent,K03452,-19.0909091,-19.0909090909091
2011,Cloppenburg,Türkei,Veränderung gegenüber 2005 in Prozent,K03453,-11.4785992,-11.4785992217899
2011,Emsland,Türkei,Veränderung gegenüber 2005 in Prozent,K03454,-14.9501661,-14.9501661129568
2011,Friesland,Türkei,Veränderung gegenüber 2005 in Prozent,K03455,-21.1594203,-21.1594202898551
2011,Grafschaft Bentheim,Türkei,Veränderung gegenüber 2005 in Prozent,K03456,-15.3142857,-15.3142857142857
2011,Leer,Türkei,Veränderung gegenüber 2005 in Prozent,K03457,-34.741784,-34.7417840375587
2011,Oldenburg,Türkei,Veränderung gegenüber 2005 in Prozent,K03458,-20.0956938,-20.0956937799043
2011,Osnabrück,Türkei,Veränderung gegenüber 2005 in Prozent,K03459,-11.0749186,-11.0749185667752
2011,Vechta,Türkei,Veränderung gegenüber 2005 in Prozent,K03460,-8.33598473,-8.33598472796691
2011,Wesermarsch,Türkei,Veränderung gegenüber 2005 in Prozent,K03461,-20.0762389,-20.0762388818297
2011,Wittmund,Türkei,Veränderung gegenüber 2005 in Prozent,K03462,-31.7073171,-31.7073170731707
2011,Statistische Region Weser-Ems,Türkei,Veränderung gegenüber 2005 in Prozent,K034,-14.5616642,-14.5616641901932
2011,Niedersachsen,Türkei,Veränderung gegenüber 2005 in Prozent,K030,-12.3514758,-12.3514758329002
2012,"Braunschweig, Stadt",Türkei,Veränderung gegenüber 2005 in Prozent,K03101,-9.6860836,-9.68608359912708
2012,"Salzgitter, Stadt",Türkei,Veränderung gegenüber 2005 in Prozent,K03102,-12.3259494,-12.3259493670886
2012,"Wolfsburg, Stadt",Türkei,Veränderung gegenüber 2005 in Prozent,K03103,6.88468158,6.88468158347676
2012,Gifhorn,Türkei,Veränderung gegenüber 2005 in Prozent,K03151,-13.0320547,-13.0320546505518
2012,Goslar,Türkei,Veränderung gegenüber 2005 in Prozent,K03153,-16.5289256,-16.5289256198347
2012,Helmstedt,Türkei,Veränderung gegenüber 2005 in Prozent,K03154,-18.7609075,-18.760907504363
2012,Northeim,Türkei,Veränderung gegenüber 2005 in Prozent,K03155,-23.294347,-23.2943469785575
2012,Peine,Türkei,Veränderung gegenüber 2005 in Prozent,K03157,-14.2566191,-14.2566191446029
2012,Wolfenbüttel,Türkei,Veränderung gegenüber 2005 in Prozent,K03158,-24.6037736,-24.6037735849057
2012,Göttingen,Türkei,Veränderung gegenüber 2005 in Prozent,K03159,-16.5053623,-16.5053622809312
2012,Statistische Region Braunschweig,Türkei,Veränderung gegenüber 2005 in Prozent,K031,-13.7781404,-13.7781404146423
2012,Region Hannover,Türkei,Veränderung gegenüber 2005 in Prozent,K03241,-8.41442473,-8.41442472810532
2012,"dav. Hannover, Lhst.",Türkei,Veränderung gegenüber 2005 in Prozent,K03241001,-8.5994832,-8.59948320413437
2012,"dav. Hannover, Umland",Türkei,Veränderung gegenüber 2005 in Prozent,K03241999,-8.06841241,-8.06841240699585
2012,Diepholz,Türkei,Veränderung gegenüber 2005 in Prozent,K03251,-12.0246085,-12.0246085011186
2012,Hameln-Pyrmont,Türkei,Veränderung gegenüber 2005 in Prozent,K03252,-11.6113008,-11.611300838249
2012,Hildesheim,Türkei,Veränderung gegenüber 2005 in Prozent,K03254,-17.8717271,-17.8717271198655
2012,Holzminden,Türkei,Veränderung gegenüber 2005 in Prozent,K03255,-18.5239852,-18.5239852398524
2012,Nienburg (Weser),Türkei,Veränderung gegenüber 2005 in Prozent,K03256,-23.9415323,-23.9415322580645
2012,Schaumburg,Türkei,Veränderung gegenüber 2005 in Prozent,K03257,-22.2222222,-22.2222222222222
2012,Statistische Region Hannover,Türkei,Veränderung gegenüber 2005 in Prozent,K032,-11.5705765,-11.5705765407555
2012,Celle,Türkei,Veränderung gegenüber 2005 in Prozent,K03351,-28.0397022,-28.0397022332506
2012,Cuxhaven,Türkei,Veränderung gegenüber 2005 in Prozent,K03352,-19.6350999,-19.635099913119
2012,Harburg,Türkei,Veränderung gegenüber 2005 in Prozent,K03353,-15.6269302,-15.6269302038295
2012,Lüchow-Dannenberg,Türkei,Veränderung gegenüber 2005 in Prozent,K03354,-8.65384615,-8.65384615384615
2012,Lüneburg,Türkei,Veränderung gegenüber 2005 in Prozent,K03355,-17.5879397,-17.5879396984925
2012,Osterholz,Türkei,Veränderung gegenüber 2005 in Prozent,K03356,-18.75,-18.75
2012,Rotenburg (Wümme),Türkei,Veränderung gegenüber 2005 in Prozent,K03357,-22.5,-22.5
2012,Heidekreis,Türkei,Veränderung gegenüber 2005 in Prozent,K03358,-24.2868157,-24.2868157286045
2012,Stade,Türkei,Veränderung gegenüber 2005 in Prozent,K03359,-6.78225395,-6.78225395206527
2012,Uelzen,Türkei,Veränderung gegenüber 2005 in Prozent,K03360,-31.1797753,-31.1797752808989
2012,Verden,Türkei,Veränderung gegenüber 2005 in Prozent,K03361,-20.5870841,-20.587084148728
2012,Statistische Region Lüneburg,Türkei,Veränderung gegenüber 2005 in Prozent,K033,-19.6349558,-19.6349557522124
2012,"Delmenhorst, Stadt",Türkei,Veränderung gegenüber 2005 in Prozent,K03401,-19.3874329,-19.3874329017998
2012,"Emden, Stadt",Türkei,Veränderung gegenüber 2005 in Prozent,K03402,-9.38337802,-9.38337801608579
2012,"Oldenburg (Oldb), Stadt",Türkei,Veränderung gegenüber 2005 in Prozent,K03403,-18.9985962,-18.9985961628451
2012,"Osnabrück, Stadt",Türkei,Veränderung gegenüber 2005 in Prozent,K03404,-10.8932462,-10.8932461873638
2012,"Wilhelmshaven, Stadt",Türkei,Veränderung gegenüber 2005 in Prozent,K03405,-22.2865412,-22.2865412445731
2012,Ammerland,Türkei,Veränderung gegenüber 2005 in Prozent,K03451,-22.8531856,-22.8531855955679
2012,Aurich,Türkei,Veränderung gegenüber 2005 in Prozent,K03452,-21.1363636,-21.1363636363636
2012,Cloppenburg,Türkei,Veränderung gegenüber 2005 in Prozent,K03453,-15.9533074,-15.9533073929961
2012,Emsland,Türkei,Veränderung gegenüber 2005 in Prozent,K03454,-18.8538206,-18.8538205980066
2012,Friesland,Türkei,Veränderung gegenüber 2005 in Prozent,K03455,-24.3478261,-24.3478260869565
2012,Grafschaft Bentheim,Türkei,Veränderung gegenüber 2005 in Prozent,K03456,-18.8571429,-18.8571428571429
2012,Leer,Türkei,Veränderung gegenüber 2005 in Prozent,K03457,-37.4021909,-37.4021909233177
2012,Oldenburg,Türkei,Veränderung gegenüber 2005 in Prozent,K03458,-22.4880383,-22.488038277512
2012,Osnabrück,Türkei,Veränderung gegenüber 2005 in Prozent,K03459,-13.6807818,-13.6807817589577
2012,Vechta,Türkei,Veränderung gegenüber 2005 in Prozent,K03460,-12.9175947,-12.9175946547884
2012,Wesermarsch,Türkei,Veränderung gegenüber 2005 in Prozent,K03461,-23.0622618,-23.0622617534943
2012,Wittmund,Türkei,Veränderung gegenüber 2005 in Prozent,K03462,-36.5853659,-36.5853658536585
2012,Statistische Region Weser-Ems,Türkei,Veränderung gegenüber 2005 in Prozent,K034,-17.4089394,-17.4089394000241
2012,Niedersachsen,Türkei,Veränderung gegenüber 2005 in Prozent,K030,-14.4518719,-14.4518718973458
2013,"Braunschweig, Stadt",Türkei,Veränderung gegenüber 2005 in Prozent,K03101,-10.710089,-10.7100889709585
2013,"Salzgitter, Stadt",Türkei,Veränderung gegenüber 2005 in Prozent,K03102,-13.528481,-13.5284810126582
2013,"Wolfsburg, Stadt",Türkei,Veränderung gegenüber 2005 in Prozent,K03103,6.5404475,6.54044750430293
2013,Gifhorn,Türkei,Veränderung gegenüber 2005 in Prozent,K03151,-12.716763,-12.7167630057803
2013,Goslar,Türkei,Veränderung gegenüber 2005 in Prozent,K03153,-17.768595,-17.7685950413223
2013,Helmstedt,Türkei,Veränderung gegenüber 2005 in Prozent,K03154,-20.4188482,-20.4188481675393
2013,Northeim,Türkei,Veränderung gegenüber 2005 in Prozent,K03155,-26.9005848,-26.9005847953216
2013,Peine,Türkei,Veränderung gegenüber 2005 in Prozent,K03157,-16.1235574,-16.1235573659199
2013,Wolfenbüttel,Türkei,Veränderung gegenüber 2005 in Prozent,K03158,-26.7924528,-26.7924528301887
2013,Göttingen,Türkei,Veränderung gegenüber 2005 in Prozent,K03159,-17.8917081,-17.8917080826576
2013,Statistische Region Braunschweig,Türkei,Veränderung gegenüber 2005 in Prozent,K031,-15.0762156,-15.076215554649
2013,Region Hannover,Türkei,Veränderung gegenüber 2005 in Prozent,K03241,-9.87238628,-9.87238627563218
2013,"dav. Hannover, Lhst.",Türkei,Veränderung gegenüber 2005 in Prozent,K03241001,-10.4444444,-10.4444444444444
2013,"dav. Hannover, Umland",Türkei,Veränderung gegenüber 2005 in Prozent,K03241999,-8.80278288,-8.80278287757271
2013,Diepholz,Türkei,Veränderung gegenüber 2005 in Prozent,K03251,-13.4787472,-13.4787472035794
2013,Hameln-Pyrmont,Türkei,Veränderung gegenüber 2005 in Prozent,K03252,-13.5051226,-13.5051226327228
2013,Hildesheim,Türkei,Veränderung gegenüber 2005 in Prozent,K03254,-17.6074946,-17.6074945952438
2013,Holzminden,Türkei,Veränderung gegenüber 2005 in Prozent,K03255,-20.8118081,-20.8118081180812
2013,Nienburg (Weser),Türkei,Veränderung gegenüber 2005 in Prozent,K03256,-26.5625,-26.5625
2013,Schaumburg,Türkei,Veränderung gegenüber 2005 in Prozent,K03257,-23.8562092,-23.8562091503268
2013,Statistische Region Hannover,Türkei,Veränderung gegenüber 2005 in Prozent,K032,-12.9887343,-12.9887342611001
2013,Celle,Türkei,Veränderung gegenüber 2005 in Prozent,K03351,-30.6451613,-30.6451612903226
2013,Cuxhaven,Türkei,Veränderung gegenüber 2005 in Prozent,K03352,-24.4135534,-24.4135534317984
2013,Harburg,Türkei,Veränderung gegenüber 2005 in Prozent,K03353,-15.9975293,-15.9975293390982
2013,Lüchow-Dannenberg,Türkei,Veränderung gegenüber 2005 in Prozent,K03354,0.0,0.0
2013,Lüneburg,Türkei,Veränderung gegenüber 2005 in Prozent,K03355,-19.1959799,-19.1959798994975
2013,Osterholz,Türkei,Veränderung gegenüber 2005 in Prozent,K03356,-19.8412698,-19.8412698412698
2013,Rotenburg (Wümme),Türkei,Veränderung gegenüber 2005 in Prozent,K03357,-24.0,-24.0
2013,Heidekreis,Türkei,Veränderung gegenüber 2005 in Prozent,K03358,-26.4456438,-26.4456437933693
2013,Stade,Türkei,Veränderung gegenüber 2005 in Prozent,K03359,-6.98623151,-6.9862315145334
2013,Uelzen,Türkei,Veränderung gegenüber 2005 in Prozent,K03360,-28.9325843,-28.9325842696629
2013,Verden,Türkei,Veränderung gegenüber 2005 in Prozent,K03361,-24.9706458,-24.9706457925636
2013,Statistische Region Lüneburg,Türkei,Veränderung gegenüber 2005 in Prozent,K033,-21.6606748,-21.6606747787611
2013,"Delmenhorst, Stadt",Türkei,Veränderung gegenüber 2005 in Prozent,K03401,-21.3135459,-21.3135459425324
2013,"Emden, Stadt",Türkei,Veränderung gegenüber 2005 in Prozent,K03402,-9.91957105,-9.91957104557641
2013,"Oldenburg (Oldb), Stadt",Türkei,Veränderung gegenüber 2005 in Prozent,K03403,-20.9639682,-20.9639681796912
2013,"Osnabrück, Stadt",Türkei,Veränderung gegenüber 2005 in Prozent,K03404,-11.1733582,-11.1733582321818
2013,"Wilhelmshaven, Stadt",Türkei,Veränderung gegenüber 2005 in Prozent,K03405,-23.0101302,-23.0101302460203
2013,Ammerland,Türkei,Veränderung gegenüber 2005 in Prozent,K03451,-24.3767313,-24.3767313019391
2013,Aurich,Türkei,Veränderung gegenüber 2005 in Prozent,K03452,-18.8636364,-18.8636363636364
2013,Cloppenburg,Türkei,Veränderung gegenüber 2005 in Prozent,K03453,-18.5797665,-18.579766536965
2013,Emsland,Türkei,Veränderung gegenüber 2005 in Prozent,K03454,-22.0930233,-22.093023255814
2013,Friesland,Türkei,Veränderung gegenüber 2005 in Prozent,K03455,-27.5362319,-27.536231884058
2013,Grafschaft Bentheim,Türkei,Veränderung gegenüber 2005 in Prozent,K03456,-21.1428571,-21.1428571428571
2013,Leer,Türkei,Veränderung gegenüber 2005 in Prozent,K03457,-38.6541471,-38.6541471048513
2013,Oldenburg,Türkei,Veränderung gegenüber 2005 in Prozent,K03458,-26.4752791,-26.4752791068581
2013,Osnabrück,Türkei,Veränderung gegenüber 2005 in Prozent,K03459,-14.6036916,-14.6036916395223
2013,Vechta,Türkei,Veränderung gegenüber 2005 in Prozent,K03460,-15.7811009,-15.7811008590519
2013,Wesermarsch,Türkei,Veränderung gegenüber 2005 in Prozent,K03461,-26.8106734,-26.8106734434562
2013,Wittmund,Türkei,Veränderung gegenüber 2005 in Prozent,K03462,-40.2439024,-40.2439024390244
2013,Statistische Region Weser-Ems,Türkei,Veränderung gegenüber 2005 in Prozent,K034,-19.2522389,-19.252238865909
2013,Niedersachsen,Türkei,Veränderung gegenüber 2005 in Prozent,K030,-16.0146239,-16.0146239179914
2014,"Braunschweig, Stadt",Türkei,Veränderung gegenüber 2005 in Prozent,K03101,-11.4990767,-11.499076716468
2014,"Salzgitter, Stadt",Türkei,Veränderung gegenüber 2005 in Prozent,K03102,-14.556962,-14.5569620253165
2014,"Wolfsburg, Stadt",Türkei,Veränderung gegenüber 2005 in Prozent,K03103,7.74526678,7.74526678141136
2014,Gifhorn,Türkei,Veränderung gegenüber 2005 in Prozent,K03151,-13.7151865,-13.7151865475565
2014,Goslar,Türkei,Veränderung gegenüber 2005 in Prozent,K03153,-19.5764463,-19.5764462809917
2014,Helmstedt,Türkei,Veränderung gegenüber 2005 in Prozent,K03154,-20.8551483,-20.8551483420593
2014,Northeim,Türkei,Veränderung gegenüber 2005 in Prozent,K03155,-29.6296296,-29.6296296296296
2014,Peine,Türkei,Veränderung gegenüber 2005 in Prozent,K03157,-18.7712152,-18.7712152070604
2014,Wolfenbüttel,Türkei,Veränderung gegenüber 2005 in Prozent,K03158,-28.6792453,-28.6792452830189
2014,Göttingen,Türkei,Veränderung gegenüber 2005 in Prozent,K03159,-18.9903217,-18.9903217368559
2014,Statistische Region Braunschweig,Türkei,Veränderung gegenüber 2005 in Prozent,K031,-16.3260765,-16.3260764751697
2014,Region Hannover,Türkei,Veränderung gegenüber 2005 in Prozent,K03241,-10.4313277,-10.4313276541298
2014,"dav. Hannover, Lhst.",Türkei,Veränderung gegenüber 2005 in Prozent,K03241001,-11.1059432,-11.1059431524548
2014,"dav. Hannover, Umland",Türkei,Veränderung gegenüber 2005 in Prozent,K03241999,-9.16996811,-9.16996811286115
2014,Diepholz,Türkei,Veränderung gegenüber 2005 in Prozent,K03251,-17.9530201,-17.9530201342282
2014,Hameln-Pyrmont,Türkei,Veränderung gegenüber 2005 in Prozent,K03252,-13.9708165,-13.9708165166097
2014,Hildesheim,Türkei,Veränderung gegenüber 2005 in Prozent,K03254,-19.4811434,-19.4811434061975
2014,Holzminden,Türkei,Veränderung gegenüber 2005 in Prozent,K03255,-22.9520295,-22.9520295202952
2014,Nienburg (Weser),Türkei,Veränderung gegenüber 2005 in Prozent,K03256,-28.6794355,-28.679435483871
2014,Schaumburg,Türkei,Veränderung gegenüber 2005 in Prozent,K03257,-25.6535948,-25.6535947712418
2014,Statistische Region Hannover,Türkei,Veränderung gegenüber 2005 in Prozent,K032,-14.0159046,-14.0159045725646
2014,Celle,Türkei,Veränderung gegenüber 2005 in Prozent,K03351,-32.7956989,-32.7956989247312
2014,Cuxhaven,Türkei,Veränderung gegenüber 2005 in Prozent,K03352,-25.6298871,-25.629887054735
2014,Harburg,Türkei,Veränderung gegenüber 2005 in Prozent,K03353,-15.8739963,-15.8739962940086
2014,Lüchow-Dannenberg,Türkei,Veränderung gegenüber 2005 in Prozent,K03354,-0.96153846,-0.961538461538462
2014,Lüneburg,Türkei,Veränderung gegenüber 2005 in Prozent,K03355,-22.0100503,-22.0100502512563
2014,Osterholz,Türkei,Veränderung gegenüber 2005 in Prozent,K03356,-22.718254,-22.718253968254
2014,Rotenburg (Wümme),Türkei,Veränderung gegenüber 2005 in Prozent,K03357,-26.8,-26.8
2014,Heidekreis,Türkei,Veränderung gegenüber 2005 in Prozent,K03358,-27.7563608,-27.7563608326908
2014,Stade,Türkei,Veränderung gegenüber 2005 in Prozent,K03359,-7.75114737,-7.75114737378888
2014,Uelzen,Türkei,Veränderung gegenüber 2005 in Prozent,K03360,-28.3707865,-28.3707865168539
2014,Verden,Türkei,Veränderung gegenüber 2005 in Prozent,K03361,-27.1624266,-27.1624266144814
2014,Statistische Region Lüneburg,Türkei,Veränderung gegenüber 2005 in Prozent,K033,-23.2923119,-23.2923119469027
2014,"Delmenhorst, Stadt",Türkei,Veränderung gegenüber 2005 in Prozent,K03401,-22.2923903,-22.2923902747079
2014,"Emden, Stadt",Türkei,Veränderung gegenüber 2005 in Prozent,K03402,-12.3324397,-12.3324396782842
2014,"Oldenburg (Oldb), Stadt",Türkei,Veränderung gegenüber 2005 in Prozent,K03403,-23.2101076,-23.2101076275152
2014,"Osnabrück, Stadt",Türkei,Veränderung gegenüber 2005 in Prozent,K03404,-12.9162776,-12.91627762216
2014,"Wilhelmshaven, Stadt",Türkei,Veränderung gegenüber 2005 in Prozent,K03405,-23.878437,-23.8784370477569
2014,Ammerland,Türkei,Veränderung gegenüber 2005 in Prozent,K03451,-28.531856,-28.5318559556787
2014,Aurich,Türkei,Veränderung gegenüber 2005 in Prozent,K03452,-17.5,-17.5
2014,Cloppenburg,Türkei,Veränderung gegenüber 2005 in Prozent,K03453,-20.3307393,-20.3307392996109
2014,Emsland,Türkei,Veränderung gegenüber 2005 in Prozent,K03454,-23.255814,-23.2558139534884
2014,Friesland,Türkei,Veränderung gegenüber 2005 in Prozent,K03455,-34.4927536,-34.4927536231884
2014,Grafschaft Bentheim,Türkei,Veränderung gegenüber 2005 in Prozent,K03456,-23.3714286,-23.3714285714286
2014,Leer,Türkei,Veränderung gegenüber 2005 in Prozent,K03457,-40.8450704,-40.8450704225352
2014,Oldenburg,Türkei,Veränderung gegenüber 2005 in Prozent,K03458,-31.2599681,-31.2599681020734
2014,Osnabrück,Türkei,Veränderung gegenüber 2005 in Prozent,K03459,-16.9381107,-16.9381107491857
2014,Vechta,Türkei,Veränderung gegenüber 2005 in Prozent,K03460,-16.4174356,-16.4174355711104
2014,Wesermarsch,Türkei,Veränderung gegenüber 2005 in Prozent,K03461,-26.8106734,-26.8106734434562
2014,Wittmund,Türkei,Veränderung gegenüber 2005 in Prozent,K03462,-39.0243902,-39.0243902439024
2014,Statistische Region Weser-Ems,Türkei,Veränderung gegenüber 2005 in Prozent,K034,-20.9268704,-20.926870406811
2014,Niedersachsen,Türkei,Veränderung gegenüber 2005 in Prozent,K030,-17.3184107,-17.3184107242065
2015,"Braunschweig, Stadt",Türkei,Veränderung gegenüber 2005 in Prozent,K03101,-13.6981702,-13.6981702199094
2015,"Salzgitter, Stadt",Türkei,Veränderung gegenüber 2005 in Prozent,K03102,-15.5063291,-15.506329113924
2015,"Wolfsburg, Stadt",Türkei,Veränderung gegenüber 2005 in Prozent,K03103,8.95008606,8.95008605851979
2015,Gifhorn,Türkei,Veränderung gegenüber 2005 in Prozent,K03151,-14.188124,-14.1881240147136
2015,Goslar,Türkei,Veränderung gegenüber 2005 in Prozent,K03153,-20.7128099,-20.7128099173554
2015,Helmstedt,Türkei,Veränderung gegenüber 2005 in Prozent,K03154,-23.5602094,-23.5602094240838
2015,Northeim,Türkei,Veränderung gegenüber 2005 in Prozent,K03155,-30.0194932,-30.0194931773879
2015,Peine,Türkei,Veränderung gegenüber 2005 in Prozent,K03157,-19.1785472,-19.1785471826205
2015,Wolfenbüttel,Türkei,Veränderung gegenüber 2005 in Prozent,K03158,-29.5849057,-29.5849056603774
2015,Göttingen,Türkei,Veränderung gegenüber 2005 in Prozent,K03159,-19.3565263,-19.3565262882553
2015,Statistische Region Braunschweig,Türkei,Veränderung gegenüber 2005 in Prozent,K031,-17.3942069,-17.3942068760895
2015,Region Hannover,Türkei,Veränderung gegenüber 2005 in Prozent,K03241,-11.451564,-11.4515640257248
2015,"dav. Hannover, Lhst.",Türkei,Veränderung gegenüber 2005 in Prozent,K03241001,-12.2170543,-12.2170542635659
2015,"dav. Hannover, Umland",Türkei,Veränderung gegenüber 2005 in Prozent,K03241999,-10.0202918,-10.0202918156344
2015,Diepholz,Türkei,Veränderung gegenüber 2005 in Prozent,K03251,-17.2259508,-17.2259507829978
2015,Hameln-Pyrmont,Türkei,Veränderung gegenüber 2005 in Prozent,K03252,-14.4365104,-14.4365104004967
2015,Hildesheim,Türkei,Veränderung gegenüber 2005 in Prozent,K03254,-20.4900312,-20.4900312274802
2015,Holzminden,Türkei,Veränderung gegenüber 2005 in Prozent,K03255,-24.501845,-24.5018450184502
2015,Nienburg (Weser),Türkei,Veränderung gegenüber 2005 in Prozent,K03256,-29.7883065,-29.7883064516129
2015,Schaumburg,Türkei,Veränderung gegenüber 2005 in Prozent,K03257,-28.3006536,-28.3006535947712
2015,Statistische Region Hannover,Türkei,Veränderung gegenüber 2005 in Prozent,K032,-15.0563287,-15.0563286944997
2015,Celle,Türkei,Veränderung gegenüber 2005 in Prozent,K03351,-36.0215054,-36.0215053763441
2015,Cuxhaven,Türkei,Veränderung gegenüber 2005 in Prozent,K03352,-25.716768,-25.7167680278019
2015,Harburg,Türkei,Veränderung gegenüber 2005 in Prozent,K03353,-16.2445954,-16.2445954292773
2015,Lüchow-Dannenberg,Türkei,Veränderung gegenüber 2005 in Prozent,K03354,0.0,0.0
2015,Lüneburg,Türkei,Veränderung gegenüber 2005 in Prozent,K03355,-22.5125628,-22.5125628140704
2015,Osterholz,Türkei,Veränderung gegenüber 2005 in Prozent,K03356,-26.7857143,-26.7857142857143
2015,Rotenburg (Wümme),Türkei,Veränderung gegenüber 2005 in Prozent,K03357,-28.6,-28.6
2015,Heidekreis,Türkei,Veränderung gegenüber 2005 in Prozent,K03358,-28.9128759,-28.9128758673863
2015,Stade,Türkei,Veränderung gegenüber 2005 in Prozent,K03359,-8.77103519,-8.77103518612953
2015,Uelzen,Türkei,Veränderung gegenüber 2005 in Prozent,K03360,-27.247191,-27.247191011236
2015,Verden,Türkei,Veränderung gegenüber 2005 in Prozent,K03361,-29.0410959,-29.041095890411
2015,Statistische Region Lüneburg,Türkei,Veränderung gegenüber 2005 in Prozent,K033,-24.8617257,-24.8617256637168
2015,"Delmenhorst, Stadt",Türkei,Veränderung gegenüber 2005 in Prozent,K03401,-22.8923271,-22.8923271234607
2015,"Emden, Stadt",Türkei,Veränderung gegenüber 2005 in Prozent,K03402,-18.766756,-18.7667560321716
2015,"Oldenburg (Oldb), Stadt",Türkei,Veränderung gegenüber 2005 in Prozent,K03403,-25.7838091,-25.7838090781469
2015,"Osnabrück, Stadt",Türkei,Veränderung gegenüber 2005 in Prozent,K03404,-14.5347028,-14.5347027699969
2015,"Wilhelmshaven, Stadt",Türkei,Veränderung gegenüber 2005 in Prozent,K03405,-27.2069465,-27.2069464544139
2015,Ammerland,Türkei,Veränderung gegenüber 2005 in Prozent,K03451,-29.501385,-29.5013850415512
2015,Aurich,Türkei,Veränderung gegenüber 2005 in Prozent,K03452,-15.0,-15.0
2015,Cloppenburg,Türkei,Veränderung gegenüber 2005 in Prozent,K03453,-22.3735409,-22.3735408560311
2015,Emsland,Türkei,Veränderung gegenüber 2005 in Prozent,K03454,-24.1694352,-24.1694352159468
2015,Friesland,Türkei,Veränderung gegenüber 2005 in Prozent,K03455,-38.8405797,-38.8405797101449
2015,Grafschaft Bentheim,Türkei,Veränderung gegenüber 2005 in Prozent,K03456,-25.4285714,-25.4285714285714
2015,Leer,Türkei,Veränderung gegenüber 2005 in Prozent,K03457,-40.3755869,-40.3755868544601
2015,Oldenburg,Türkei,Veränderung gegenüber 2005 in Prozent,K03458,-33.8118022,-33.8118022328549
2015,Osnabrück,Türkei,Veränderung gegenüber 2005 in Prozent,K03459,-18.6210641,-18.6210640608035
2015,Vechta,Türkei,Veränderung gegenüber 2005 in Prozent,K03460,-17.690105,-17.6901049952275
2015,Wesermarsch,Türkei,Veränderung gegenüber 2005 in Prozent,K03461,-26.6200762,-26.6200762388818
2015,Wittmund,Türkei,Veränderung gegenüber 2005 in Prozent,K03462,-43.2926829,-43.2926829268293
2015,Statistische Region Weser-Ems,Türkei,Veränderung gegenüber 2005 in Prozent,K034,-22.4167704,-22.4167704108269
2015,Niedersachsen,Türkei,Veränderung gegenüber 2005 in Prozent,K030,-18.5343823,-18.534382336601
2016,"Braunschweig, Stadt",Türkei,Veränderung gegenüber 2005 in Prozent,K03101,-12.3719993,-12.3719993285211
2016,"Salzgitter, Stadt",Türkei,Veränderung gegenüber 2005 in Prozent,K03102,-16.3765823,-16.376582278481
2016,"Wolfsburg, Stadt",Türkei,Veränderung gegenüber 2005 in Prozent,K03103,8.43373494,8.43373493975904
2016,Gifhorn,Türkei,Veränderung gegenüber 2005 in Prozent,K03151,-13.8202838,-13.8202837624803
2016,Goslar,Türkei,Veränderung gegenüber 2005 in Prozent,K03153,-22.7789256,-22.7789256198347
2016,Helmstedt,Türkei,Veränderung gegenüber 2005 in Prozent,K03154,-22.3385689,-22.3385689354276
2016,Northeim,Türkei,Veränderung gegenüber 2005 in Prozent,K03155,-28.8499025,-28.8499025341131
2016,Peine,Türkei,Veränderung gegenüber 2005 in Prozent,K03157,-19.7216565,-19.7216564833673
2016,Wolfenbüttel,Türkei,Veränderung gegenüber 2005 in Prozent,K03158,-30.5660377,-30.5660377358491
2016,Göttingen,Türkei,Veränderung gegenüber 2005 in Prozent,K03159,-20.6120848,-20.6120847501962
2016,Statistische Region Braunschweig,Türkei,Veränderung gegenüber 2005 in Prozent,K031,-17.5907725,-17.5907725401476
2016,Region Hannover,Türkei,Veränderung gegenüber 2005 in Prozent,K03241,-12.1687599,-12.1687598909054
2016,"dav. Hannover, Lhst.",Türkei,Veränderung gegenüber 2005 in Prozent,K03241001,-13.9534884,-13.953488372093
2016,"dav. Hannover, Umland",Türkei,Veränderung gegenüber 2005 in Prozent,K03241999,-8.83177119,-8.8317711856218
2016,Diepholz,Türkei,Veränderung gegenüber 2005 in Prozent,K03251,-16.1073826,-16.1073825503356
2016,Hameln-Pyrmont,Türkei,Veränderung gegenüber 2005 in Prozent,K03252,-15.0884818,-15.0884818379385
2016,Hildesheim,Türkei,Veränderung gegenüber 2005 in Prozent,K03254,-21.8111939,-21.8111938505885
2016,Holzminden,Türkei,Veränderung gegenüber 2005 in Prozent,K03255,-25.0922509,-25.0922509225092
2016,Nienburg (Weser),Türkei,Veränderung gegenüber 2005 in Prozent,K03256,-30.6955645,-30.695564516129
2016,Schaumburg,Türkei,Veränderung gegenüber 2005 in Prozent,K03257,-28.7581699,-28.7581699346405
2016,Statistische Region Hannover,Türkei,Veränderung gegenüber 2005 in Prozent,K032,-15.7499448,-15.7499447757897
2016,Celle,Türkei,Veränderung gegenüber 2005 in Prozent,K03351,-38.3788255,-38.3788254755997
2016,Cuxhaven,Türkei,Veränderung gegenüber 2005 in Prozent,K03352,-27.0199826,-27.0199826238054
2016,Harburg,Türkei,Veränderung gegenüber 2005 in Prozent,K03353,-14.1445337,-14.1445336627548
2016,Lüchow-Dannenberg,Türkei,Veränderung gegenüber 2005 in Prozent,K03354,0.96153846,0.961538461538462
2016,Lüneburg,Türkei,Veränderung gegenüber 2005 in Prozent,K03355,-22.6130653,-22.6130653266332
2016,Osterholz,Türkei,Veränderung gegenüber 2005 in Prozent,K03356,-27.5793651,-27.5793650793651
2016,Rotenburg (Wümme),Türkei,Veränderung gegenüber 2005 in Prozent,K03357,-28.0,-28.0
2016,Heidekreis,Türkei,Veränderung gegenüber 2005 in Prozent,K03358,-29.4525829,-29.4525828835775
2016,Stade,Türkei,Veränderung gegenüber 2005 in Prozent,K03359,-9.2299847,-9.22998470168281
2016,Uelzen,Türkei,Veränderung gegenüber 2005 in Prozent,K03360,-25.5617978,-25.561797752809
2016,Verden,Türkei,Veränderung gegenüber 2005 in Prozent,K03361,-31.1154599,-31.1154598825832
2016,Statistische Region Lüneburg,Türkei,Veränderung gegenüber 2005 in Prozent,K033,-25.5738385,-25.5738384955752
2016,"Delmenhorst, Stadt",Türkei,Veränderung gegenüber 2005 in Prozent,K03401,-23.9027471,-23.9027470792548
2016,"Emden, Stadt",Türkei,Veränderung gegenüber 2005 in Prozent,K03402,-23.5924933,-23.5924932975871
2016,"Oldenburg (Oldb), Stadt",Türkei,Veränderung gegenüber 2005 in Prozent,K03403,-27.2344408,-27.2344408048666
2016,"Osnabrück, Stadt",Türkei,Veränderung gegenüber 2005 in Prozent,K03404,-15.3439153,-15.3439153439153
2016,"Wilhelmshaven, Stadt",Türkei,Veränderung gegenüber 2005 in Prozent,K03405,-27.6410999,-27.6410998552822
2016,Ammerland,Türkei,Veränderung gegenüber 2005 in Prozent,K03451,-30.0554017,-30.0554016620499
2016,Aurich,Türkei,Veränderung gegenüber 2005 in Prozent,K03452,-12.5,-12.5
2016,Cloppenburg,Türkei,Veränderung gegenüber 2005 in Prozent,K03453,-24.1245136,-24.124513618677
2016,Emsland,Türkei,Veränderung gegenüber 2005 in Prozent,K03454,-26.0797342,-26.0797342192691
2016,Friesland,Türkei,Veränderung gegenüber 2005 in Prozent,K03455,-42.0289855,-42.0289855072464
2016,Grafschaft Bentheim,Türkei,Veränderung gegenüber 2005 in Prozent,K03456,-27.1428571,-27.1428571428571
2016,Leer,Türkei,Veränderung gegenüber 2005 in Prozent,K03457,-35.8372457,-35.8372456964006
2016,Oldenburg,Türkei,Veränderung gegenüber 2005 in Prozent,K03458,-33.8118022,-33.8118022328549
2016,Osnabrück,Türkei,Veränderung gegenüber 2005 in Prozent,K03459,-18.7024973,-18.7024972855592
2016,Vechta,Türkei,Veränderung gegenüber 2005 in Prozent,K03460,-19.6627426,-19.662742602609
2016,Wesermarsch,Türkei,Veränderung gegenüber 2005 in Prozent,K03461,-27.5730623,-27.5730622617535
2016,Wittmund,Türkei,Veränderung gegenüber 2005 in Prozent,K03462,-48.1707317,-48.1707317073171
2016,Statistische Region Weser-Ems,Türkei,Veränderung gegenüber 2005 in Prozent,K034,-23.4368098,-23.436809766676
2016,Niedersachsen,Türkei,Veränderung gegenüber 2005 in Prozent,K030,-19.1876198,-19.1876198498181
2017,"Braunschweig, Stadt",Türkei,Veränderung gegenüber 2005 in Prozent,K03101,-14.3025013,-14.302501259023
2017,"Salzgitter, Stadt",Türkei,Veränderung gegenüber 2005 in Prozent,K03102,-16.693038,-16.6930379746835
2017,"Wolfsburg, Stadt",Türkei,Veränderung gegenüber 2005 in Prozent,K03103,14.4578313,14.4578313253012
2017,Gifhorn,Türkei,Veränderung gegenüber 2005 in Prozent,K03151,-13.8202838,-13.8202837624803
2017,Goslar,Türkei,Veränderung gegenüber 2005 in Prozent,K03153,-22.7789256,-22.7789256198347
2017,Helmstedt,Türkei,Veränderung gegenüber 2005 in Prozent,K03154,-23.2111693,-23.2111692844677
2017,Northeim,Türkei,Veränderung gegenüber 2005 in Prozent,K03155,-29.8245614,-29.8245614035088
2017,Peine,Türkei,Veränderung gegenüber 2005 in Prozent,K03157,-20.9097081,-20.9097080787509
2017,Wolfenbüttel,Türkei,Veränderung gegenüber 2005 in Prozent,K03158,-32.4528302,-32.4528301886792
2017,Göttingen,Türkei,Veränderung gegenüber 2005 in Prozent,K03159,-20.3505101,-20.3505100706252
2017,Statistische Region Braunschweig,Türkei,Veränderung gegenüber 2005 in Prozent,K031,-18.258354,-18.2583540407225
2017,Region Hannover,Türkei,Veränderung gegenüber 2005 in Prozent,K03241,-12.7411697,-12.7411697363548
2017,"dav. Hannover, Lhst.",Türkei,Veränderung gegenüber 2005 in Prozent,K03241001,-14.8062016,-14.8062015503876
2017,"dav. Hannover, Umland",Türkei,Veränderung gegenüber 2005 in Prozent,K03241999,-8.88008503,-8.88008503237028
2017,Diepholz,Türkei,Veränderung gegenüber 2005 in Prozent,K03251,-16.1073826,-16.1073825503356
2017,Hameln-Pyrmont,Türkei,Veränderung gegenüber 2005 in Prozent,K03252,-15.3989444,-15.3989444271965
2017,Hildesheim,Türkei,Veränderung gegenüber 2005 in Prozent,K03254,-21.9312995,-21.9312995435984
2017,Holzminden,Türkei,Veränderung gegenüber 2005 in Prozent,K03255,-26.199262,-26.1992619926199
2017,Nienburg (Weser),Türkei,Veränderung gegenüber 2005 in Prozent,K03256,-31.9556452,-31.9556451612903
2017,Schaumburg,Türkei,Veränderung gegenüber 2005 in Prozent,K03257,-29.5751634,-29.5751633986928
2017,Statistische Region Hannover,Türkei,Veränderung gegenüber 2005 in Prozent,K032,-16.2800972,-16.2800971946101
2017,Celle,Türkei,Veränderung gegenüber 2005 in Prozent,K03351,-39.4127378,-39.4127377998346
2017,Cuxhaven,Türkei,Veränderung gegenüber 2005 in Prozent,K03352,-29.192007,-29.1920069504778
2017,Harburg,Türkei,Veränderung gegenüber 2005 in Prozent,K03353,-10.1297097,-10.129709697344
2017,Lüchow-Dannenberg,Türkei,Veränderung gegenüber 2005 in Prozent,K03354,-3.84615385,-3.84615384615385
2017,Lüneburg,Türkei,Veränderung gegenüber 2005 in Prozent,K03355,-22.1105528,-22.1105527638191
2017,Osterholz,Türkei,Veränderung gegenüber 2005 in Prozent,K03356,-26.5873016,-26.5873015873016
2017,Rotenburg (Wümme),Türkei,Veränderung gegenüber 2005 in Prozent,K03357,-25.5,-25.5
2017,Heidekreis,Türkei,Veränderung gegenüber 2005 in Prozent,K03358,-30.6090979,-30.6090979182729
2017,Stade,Türkei,Veränderung gegenüber 2005 in Prozent,K03359,-8.7200408,-8.72004079551249
2017,Uelzen,Türkei,Veränderung gegenüber 2005 in Prozent,K03360,-21.3483146,-21.3483146067416
2017,Verden,Türkei,Veränderung gegenüber 2005 in Prozent,K03361,-32.2896282,-32.2896281800391
2017,Statistische Region Lüneburg,Türkei,Veränderung gegenüber 2005 in Prozent,K033,-25.4009956,-25.4009955752212
2017,"Delmenhorst, Stadt",Türkei,Veränderung gegenüber 2005 in Prozent,K03401,-24.8500158,-24.8500157878118
2017,"Emden, Stadt",Türkei,Veränderung gegenüber 2005 in Prozent,K03402,-24.9329759,-24.9329758713137
2017,"Oldenburg (Oldb), Stadt",Türkei,Veränderung gegenüber 2005 in Prozent,K03403,-28.4043051,-28.4043051006083
2017,"Osnabrück, Stadt",Türkei,Veränderung gegenüber 2005 in Prozent,K03404,-15.8107688,-15.8107687519452
2017,"Wilhelmshaven, Stadt",Türkei,Veränderung gegenüber 2005 in Prozent,K03405,-29.8118669,-29.8118668596237
2017,Ammerland,Türkei,Veränderung gegenüber 2005 in Prozent,K03451,-33.5180055,-33.5180055401662
2017,Aurich,Türkei,Veränderung gegenüber 2005 in Prozent,K03452,-7.95454545,-7.95454545454545
2017,Cloppenburg,Türkei,Veränderung gegenüber 2005 in Prozent,K03453,-25.5836576,-25.5836575875486
2017,Emsland,Türkei,Veränderung gegenüber 2005 in Prozent,K03454,-27.7408638,-27.7408637873754
2017,Friesland,Türkei,Veränderung gegenüber 2005 in Prozent,K03455,-40.5797101,-40.5797101449275
2017,Grafschaft Bentheim,Türkei,Veränderung gegenüber 2005 in Prozent,K03456,-28.5714286,-28.5714285714286
2017,Leer,Türkei,Veränderung gegenüber 2005 in Prozent,K03457,-30.3599374,-30.3599374021909
2017,Oldenburg,Türkei,Veränderung gegenüber 2005 in Prozent,K03458,-36.2041467,-36.2041467304625
2017,Osnabrück,Türkei,Veränderung gegenüber 2005 in Prozent,K03459,-16.6666667,-16.6666666666667
2017,Vechta,Türkei,Veränderung gegenüber 2005 in Prozent,K03460,-21.0944957,-21.0944957047407
2017,Wesermarsch,Türkei,Veränderung gegenüber 2005 in Prozent,K03461,-28.8437103,-28.843710292249
2017,Wittmund,Türkei,Veränderung gegenüber 2005 in Prozent,K03462,-54.2682927,-54.2682926829268
2017,Statistische Region Weser-Ems,Türkei,Veränderung gegenüber 2005 in Prozent,K034,-23.9187181,-23.9187181237701
2017,Niedersachsen,Türkei,Veränderung gegenüber 2005 in Prozent,K030,-19.6446173,-19.6446172870482
2018,"Braunschweig, Stadt",Türkei,Veränderung gegenüber 2005 in Prozent,K03101,-14.6382407,-14.6382407251972
2018,"Salzgitter, Stadt",Türkei,Veränderung gegenüber 2005 in Prozent,K03102,-18.0379747,-18.0379746835443
2018,"Wolfsburg, Stadt",Türkei,Veränderung gegenüber 2005 in Prozent,K03103,20.4819277,20.4819277108434
2018,Gifhorn,Türkei,Veränderung gegenüber 2005 in Prozent,K03151,-12.2438255,-12.2438255386232
2018,Goslar,Türkei,Veränderung gegenüber 2005 in Prozent,K03153,-24.0702479,-24.0702479338843
2018,Helmstedt,Türkei,Veränderung gegenüber 2005 in Prozent,K03154,-23.2111693,-23.2111692844677
2018,Northeim,Türkei,Veränderung gegenüber 2005 in Prozent,K03155,-31.7738791,-31.7738791423002
2018,Peine,Türkei,Veränderung gegenüber 2005 in Prozent,K03157,-21.5885947,-21.5885947046843
2018,Wolfenbüttel,Türkei,Veränderung gegenüber 2005 in Prozent,K03158,-31.6981132,-31.6981132075472
2018,Göttingen,Türkei,Veränderung gegenüber 2005 in Prozent,K03159,-21.3968088,-21.3968087889092
2018,Statistische Region Braunschweig,Türkei,Veränderung gegenüber 2005 in Prozent,K031,-18.796128,-18.7961280272967
2018,Region Hannover,Türkei,Veränderung gegenüber 2005 in Prozent,K03241,-12.5391427,-12.5391427320785
2018,"dav. Hannover, Lhst.",Türkei,Veränderung gegenüber 2005 in Prozent,K03241001,-15.0904393,-15.0904392764858
2018,"dav. Hannover, Umland",Türkei,Veränderung gegenüber 2005 in Prozent,K03241999,-7.76886656,-7.76886655715528
2018,Diepholz,Türkei,Veränderung gegenüber 2005 in Prozent,K03251,-14.4295302,-14.4295302013423
2018,Hameln-Pyrmont,Türkei,Veränderung gegenüber 2005 in Prozent,K03252,-16.4855635,-16.4855634895995
2018,Hildesheim,Türkei,Veränderung gegenüber 2005 in Prozent,K03254,-21.0905597,-21.0905596925294
2018,Holzminden,Türkei,Veränderung gegenüber 2005 in Prozent,K03255,-28.7822878,-28.7822878228782
2018,Nienburg (Weser),Türkei,Veränderung gegenüber 2005 in Prozent,K03256,-32.2076613,-32.2076612903226
2018,Schaumburg,Türkei,Veränderung gegenüber 2005 in Prozent,K03257,-30.7189542,-30.718954248366
2018,Statistische Region Hannover,Türkei,Veränderung gegenüber 2005 in Prozent,K032,-16.2690524,-16.2690523525514
2018,Celle,Türkei,Veränderung gegenüber 2005 in Prozent,K03351,-41.27378,-41.2737799834574
2018,Cuxhaven,Türkei,Veränderung gegenüber 2005 in Prozent,K03352,-29.6264118,-29.6264118158123
2018,Harburg,Türkei,Veränderung gegenüber 2005 in Prozent,K03353,-7.35021618,-7.35021618282891
2018,Lüchow-Dannenberg,Türkei,Veränderung gegenüber 2005 in Prozent,K03354,0.96153846,0.961538461538462
2018,Lüneburg,Türkei,Veränderung gegenüber 2005 in Prozent,K03355,-22.1105528,-22.1105527638191
2018,Osterholz,Türkei,Veränderung gegenüber 2005 in Prozent,K03356,-26.0912698,-26.0912698412698
2018,Rotenburg (Wümme),Türkei,Veränderung gegenüber 2005 in Prozent,K03357,-26.0,-26.0
2018,Heidekreis,Türkei,Veränderung gegenüber 2005 in Prozent,K03358,-32.922128,-32.9221279876638
2018,Stade,Türkei,Veränderung gegenüber 2005 in Prozent,K03359,-9.99490056,-9.9949005609383
2018,Uelzen,Türkei,Veränderung gegenüber 2005 in Prozent,K03360,-21.3483146,-21.3483146067416
2018,Verden,Türkei,Veränderung gegenüber 2005 in Prozent,K03361,-34.0508806,-34.0508806262231
2018,Statistische Region Lüneburg,Türkei,Veränderung gegenüber 2005 in Prozent,K033,-26.0923673,-26.0923672566372
2018,"Delmenhorst, Stadt",Türkei,Veränderung gegenüber 2005 in Prozent,K03401,-25.6394064,-25.639406378276
2018,"Emden, Stadt",Türkei,Veränderung gegenüber 2005 in Prozent,K03402,-26.2734584,-26.2734584450402
2018,"Oldenburg (Oldb), Stadt",Türkei,Veränderung gegenüber 2005 in Prozent,K03403,-30.5100608,-30.5100608329434
2018,"Osnabrück, Stadt",Türkei,Veränderung gegenüber 2005 in Prozent,K03404,-17.5225646,-17.5225645813881
2018,"Wilhelmshaven, Stadt",Türkei,Veränderung gegenüber 2005 in Prozent,K03405,-30.5354559,-30.5354558610709
2018,Ammerland,Türkei,Veränderung gegenüber 2005 in Prozent,K03451,-30.7479224,-30.7479224376731
2018,Aurich,Türkei,Veränderung gegenüber 2005 in Prozent,K03452,-6.81818182,-6.81818181818182
2018,Cloppenburg,Türkei,Veränderung gegenüber 2005 in Prozent,K03453,-26.5564202,-26.556420233463
2018,Emsland,Türkei,Veränderung gegenüber 2005 in Prozent,K03454,-27.7408638,-27.7408637873754
2018,Friesland,Türkei,Veränderung gegenüber 2005 in Prozent,K03455,-37.6811594,-37.6811594202899
2018,Grafschaft Bentheim,Türkei,Veränderung gegenüber 2005 in Prozent,K03456,-29.7142857,-29.7142857142857
2018,Leer,Türkei,Veränderung gegenüber 2005 in Prozent,K03457,-25.6651017,-25.6651017214398
2018,Oldenburg,Türkei,Veränderung gegenüber 2005 in Prozent,K03458,-37.7990431,-37.799043062201
2018,Osnabrück,Türkei,Veränderung gegenüber 2005 in Prozent,K03459,-16.8023887,-16.8023887079262
2018,Vechta,Türkei,Veränderung gegenüber 2005 in Prozent,K03460,-22.6853325,-22.6853324848871
2018,Wesermarsch,Türkei,Veränderung gegenüber 2005 in Prozent,K03461,-28.5260483,-28.5260482846252
2018,Wittmund,Türkei,Veränderung gegenüber 2005 in Prozent,K03462,-54.2682927,-54.2682926829268
2018,Statistische Region Weser-Ems,Türkei,Veränderung gegenüber 2005 in Prozent,K034,-24.5612626,-24.5612625998956
2018,Niedersachsen,Türkei,Veränderung gegenüber 2005 in Prozent,K030,-20.0030466,-20.0030466495815
2019,"Braunschweig, Stadt",Türkei,Veränderung gegenüber 2005 in Prozent,K03101,-14.1346315,-14.1346315259359
2019,"Salzgitter, Stadt",Türkei,Veränderung gegenüber 2005 in Prozent,K03102,-19.3829114,-19.3829113924051
2019,"Wolfsburg, Stadt",Türkei,Veränderung gegenüber 2005 in Prozent,K03103,20.4819277,20.4819277108434
2019,Gifhorn,Türkei,Veränderung gegenüber 2005 in Prozent,K03151,-13.0320547,-13.0320546505518
2019,Goslar,Türkei,Veränderung gegenüber 2005 in Prozent,K03153,-25.1033058,-25.103305785124
2019,Helmstedt,Türkei,Veränderung gegenüber 2005 in Prozent,K03154,-24.5200698,-24.5200698080279
2019,Northeim,Türkei,Veränderung gegenüber 2005 in Prozent,K03155,-32.748538,-32.7485380116959
2019,Peine,Türkei,Veränderung gegenüber 2005 in Prozent,K03157,-23.7949762,-23.7949762389681
2019,Wolfenbüttel,Türkei,Veränderung gegenüber 2005 in Prozent,K03158,-30.9433962,-30.9433962264151
2019,Göttingen,Türkei,Veränderung gegenüber 2005 in Prozent,K03159,-21.5275961,-21.5275961286947
2019,Statistische Region Braunschweig,Türkei,Veränderung gegenüber 2005 in Prozent,K031,-19.4266217,-19.4266216667285
2019,Region Hannover,Türkei,Veränderung gegenüber 2005 in Prozent,K03241,-13.0273747,-13.0273746590794
2019,"dav. Hannover, Lhst.",Türkei,Veränderung gegenüber 2005 in Prozent,K03241001,-15.8914729,-15.8914728682171
2019,"dav. Hannover, Umland",Türkei,Veränderung gegenüber 2005 in Prozent,K03241999,-7.67223886,-7.67223886365832
2019,Diepholz,Türkei,Veränderung gegenüber 2005 in Prozent,K03251,-13.8702461,-13.8702460850112
2019,Hameln-Pyrmont,Türkei,Veränderung gegenüber 2005 in Prozent,K03252,-17.1064887,-17.1064886681155
2019,Hildesheim,Türkei,Veränderung gegenüber 2005 in Prozent,K03254,-22.2916166,-22.2916166226279
2019,Holzminden,Türkei,Veränderung gegenüber 2005 in Prozent,K03255,-28.7822878,-28.7822878228782
2019,Nienburg (Weser),Türkei,Veränderung gegenüber 2005 in Prozent,K03256,-33.7197581,-33.7197580645161
2019,Schaumburg,Türkei,Veränderung gegenüber 2005 in Prozent,K03257,-31.8627451,-31.8627450980392
2019,Statistische Region Hannover,Türkei,Veränderung gegenüber 2005 in Prozent,K032,-16.8654738,-16.8654738237243
2019,Celle,Türkei,Veränderung gegenüber 2005 in Prozent,K03351,-43.3416046,-43.3416046319272
2019,Cuxhaven,Türkei,Veränderung gegenüber 2005 in Prozent,K03352,-31.3640313,-31.3640312771503
2019,Harburg,Türkei,Veränderung gegenüber 2005 in Prozent,K03353,-3.33539222,-3.33539221741816
2019,Lüchow-Dannenberg,Türkei,Veränderung gegenüber 2005 in Prozent,K03354,5.76923077,5.76923076923077
2019,Lüneburg,Türkei,Veränderung gegenüber 2005 in Prozent,K03355,-22.1105528,-22.1105527638191
2019,Osterholz,Türkei,Veränderung gegenüber 2005 in Prozent,K03356,-25.5952381,-25.5952380952381
2019,Rotenburg (Wümme),Türkei,Veränderung gegenüber 2005 in Prozent,K03357,-27.5,-27.5
2019,Heidekreis,Türkei,Veränderung gegenüber 2005 in Prozent,K03358,-29.8380879,-29.8380878951426
2019,Stade,Türkei,Veränderung gegenüber 2005 in Prozent,K03359,-9.48495665,-9.48495665476798
2019,Uelzen,Türkei,Veränderung gegenüber 2005 in Prozent,K03360,-21.3483146,-21.3483146067416
2019,Verden,Türkei,Veränderung gegenüber 2005 in Prozent,K03361,-35.0293542,-35.0293542074364
2019,Statistische Region Lüneburg,Türkei,Veränderung gegenüber 2005 in Prozent,K033,-25.9540929,-25.954092920354
2019,"Delmenhorst, Stadt",Türkei,Veränderung gegenüber 2005 in Prozent,K03401,-27.2181876,-27.2181875592043
2019,"Emden, Stadt",Türkei,Veränderung gegenüber 2005 in Prozent,K03402,-27.613941,-27.6139410187668
2019,"Oldenburg (Oldb), Stadt",Türkei,Veränderung gegenüber 2005 in Prozent,K03403,-32.6158166,-32.6158165652784
2019,"Osnabrück, Stadt",Türkei,Veränderung gegenüber 2005 in Prozent,K03404,-17.8338002,-17.8338001867414
2019,"Wilhelmshaven, Stadt",Türkei,Veränderung gegenüber 2005 in Prozent,K03405,-31.2590449,-31.2590448625181
2019,Ammerland,Türkei,Veränderung gegenüber 2005 in Prozent,K03451,-30.7479224,-30.7479224376731
2019,Aurich,Türkei,Veränderung gegenüber 2005 in Prozent,K03452,-3.40909091,-3.40909090909091
2019,Cloppenburg,Türkei,Veränderung gegenüber 2005 in Prozent,K03453,-27.5291829,-27.5291828793774
2019,Emsland,Türkei,Veränderung gegenüber 2005 in Prozent,K03454,-25.2491694,-25.2491694352159
2019,Friesland,Türkei,Veränderung gegenüber 2005 in Prozent,K03455,-34.7826087,-34.7826086956522
2019,Grafschaft Bentheim,Türkei,Veränderung gegenüber 2005 in Prozent,K03456,-30.5714286,-30.5714285714286
2019,Leer,Türkei,Veränderung gegenüber 2005 in Prozent,K03457,-22.5352113,-22.5352112676056
2019,Oldenburg,Türkei,Veränderung gegenüber 2005 in Prozent,K03458,-37.7990431,-37.799043062201
2019,Osnabrück,Türkei,Veränderung gegenüber 2005 in Prozent,K03459,-16.8023887,-16.8023887079262
2019,Vechta,Türkei,Veränderung gegenüber 2005 in Prozent,K03460,-24.2761693,-24.2761692650334
2019,Wesermarsch,Türkei,Veränderung gegenüber 2005 in Prozent,K03461,-29.4790343,-29.4790343074968
2019,Wittmund,Türkei,Veränderung gegenüber 2005 in Prozent,K03462,-54.2682927,-54.2682926829268
2019,Statistische Region Weser-Ems,Türkei,Veränderung gegenüber 2005 in Prozent,K034,-25.0632505,-25.0632504718686
2019,Niedersachsen,Türkei,Veränderung gegenüber 2005 in Prozent,K030,-20.4869263,-20.4869262890016
2020,"Braunschweig, Stadt",Türkei,Veränderung gegenüber 2005 in Prozent,K03101,-15.0579151,-15.0579150579151
2020,"Salzgitter, Stadt",Türkei,Veränderung gegenüber 2005 in Prozent,K03102,-20.0158228,-20.0158227848101
2020,"Wolfsburg, Stadt",Türkei,Veränderung gegenüber 2005 in Prozent,K03103,23.0636833,23.0636833046472
2020,Gifhorn,Türkei,Veränderung gegenüber 2005 in Prozent,K03151,-11.1928534,-11.1928533893852
2020,Goslar,Türkei,Veränderung gegenüber 2005 in Prozent,K03153,-27.6859504,-27.6859504132231
2020,Helmstedt,Türkei,Veränderung gegenüber 2005 in Prozent,K03154,-23.6474695,-23.6474694589878
2020,Northeim,Türkei,Veränderung gegenüber 2005 in Prozent,K03155,-33.7231969,-33.7231968810916
2020,Peine,Türkei,Veränderung gegenüber 2005 in Prozent,K03157,-23.1160896,-23.1160896130346
2020,Wolfenbüttel,Türkei,Veränderung gegenüber 2005 in Prozent,K03158,-31.6981132,-31.6981132075472
2020,Göttingen,Türkei,Veränderung gegenüber 2005 in Prozent,K03159,-21.1352341,-21.1352341093382
2020,Statistische Region Braunschweig,Türkei,Veränderung gegenüber 2005 in Prozent,K031,-19.6306049,-19.6306049030152
2020,Region Hannover,Türkei,Veränderung gegenüber 2005 in Prozent,K03241,-14.306879,-14.3068790194956
2020,"dav. Hannover, Lhst.",Türkei,Veränderung gegenüber 2005 in Prozent,K03241001,-18.1912145,-18.1912144702842
2020,"dav. Hannover, Umland",Türkei,Veränderung gegenüber 2005 in Prozent,K03241999,-7.04415886,-7.04415885592811
2020,Diepholz,Türkei,Veränderung gegenüber 2005 in Prozent,K03251,-15.5480984,-15.5480984340045
2020,Hameln-Pyrmont,Türkei,Veränderung gegenüber 2005 in Prozent,K03252,-18.1931077,-18.1931077305185
2020,Hildesheim,Türkei,Veränderung gegenüber 2005 in Prozent,K03254,-22.6519337,-22.6519337016575
2020,Holzminden,Türkei,Veränderung gegenüber 2005 in Prozent,K03255,-29.1512915,-29.1512915129151
2020,Nienburg (Weser),Türkei,Veränderung gegenüber 2005 in Prozent,K03256,-34.2237903,-34.2237903225806
2020,Schaumburg,Türkei,Veränderung gegenüber 2005 in Prozent,K03257,-32.6797386,-32.6797385620915
2020,Statistische Region Hannover,Türkei,Veränderung gegenüber 2005 in Prozent,K032,-17.9589132,-17.9589131875414
2020,Celle,Türkei,Veränderung gegenüber 2005 in Prozent,K03351,-44.375517,-44.3755169561621
2020,Cuxhaven,Türkei,Veränderung gegenüber 2005 in Prozent,K03352,-31.7984361,-31.7984361424848
2020,Harburg,Türkei,Veränderung gegenüber 2005 in Prozent,K03353,-0.5558987,-0.555898702903027
2020,Lüchow-Dannenberg,Türkei,Veränderung gegenüber 2005 in Prozent,K03354,15.3846154,15.3846153846154
2020,Lüneburg,Türkei,Veränderung gegenüber 2005 in Prozent,K03355,-21.1055276,-21.105527638191
2020,Osterholz,Türkei,Veränderung gegenüber 2005 in Prozent,K03356,-22.1230159,-22.1230158730159
2020,Rotenburg (Wümme),Türkei,Veränderung gegenüber 2005 in Prozent,K03357,-27.5,-27.5
2020,Heidekreis,Türkei,Veränderung gegenüber 2005 in Prozent,K03358,-29.0670779,-29.0670778720123
2020,Stade,Türkei,Veränderung gegenüber 2005 in Prozent,K03359,-9.2299847,-9.22998470168281
2020,Uelzen,Türkei,Veränderung gegenüber 2005 in Prozent,K03360,-21.3483146,-21.3483146067416
2020,Verden,Türkei,Veränderung gegenüber 2005 in Prozent,K03361,-35.8121331,-35.812133072407
2020,Statistische Region Lüneburg,Türkei,Veränderung gegenüber 2005 in Prozent,K033,-25.5047013,-25.5047013274336
2020,"Delmenhorst, Stadt",Türkei,Veränderung gegenüber 2005 in Prozent,K03401,-28.4812125,-28.481212503947
2020,"Emden, Stadt",Türkei,Veränderung gegenüber 2005 in Prozent,K03402,-27.613941,-27.6139410187668
2020,"Oldenburg (Oldb), Stadt",Türkei,Veränderung gegenüber 2005 in Prozent,K03403,-33.3177351,-33.3177351427234
2020,"Osnabrück, Stadt",Türkei,Veränderung gegenüber 2005 in Prozent,K03404,-19.2343604,-19.234360410831
2020,"Wilhelmshaven, Stadt",Türkei,Veränderung gegenüber 2005 in Prozent,K03405,-32.7062229,-32.7062228654124
2020,Ammerland,Türkei,Veränderung gegenüber 2005 in Prozent,K03451,-28.6703601,-28.6703601108033
2020,Aurich,Türkei,Veränderung gegenüber 2005 in Prozent,K03452,0.0,0.0
2020,Cloppenburg,Türkei,Veränderung gegenüber 2005 in Prozent,K03453,-26.5564202,-26.556420233463
2020,Emsland,Türkei,Veränderung gegenüber 2005 in Prozent,K03454,-24.833887,-24.8338870431894
2020,Friesland,Türkei,Veränderung gegenüber 2005 in Prozent,K03455,-30.4347826,-30.4347826086957
2020,Grafschaft Bentheim,Türkei,Veränderung gegenüber 2005 in Prozent,K03456,-29.7142857,-29.7142857142857
2020,Leer,Türkei,Veränderung gegenüber 2005 in Prozent,K03457,-21.7527387,-21.7527386541471
2020,Oldenburg,Türkei,Veränderung gegenüber 2005 in Prozent,K03458,-37.7990431,-37.799043062201
2020,Osnabrück,Türkei,Veränderung gegenüber 2005 in Prozent,K03459,-17.0738328,-17.0738327904452
2020,Vechta,Türkei,Veränderung gegenüber 2005 in Prozent,K03460,-25.389755,-25.3897550111359
2020,Wesermarsch,Türkei,Veränderung gegenüber 2005 in Prozent,K03461,-34.5616264,-34.561626429479
2020,Wittmund,Türkei,Veränderung gegenüber 2005 in Prozent,K03462,-48.1707317,-48.1707317073171
2020,Statistische Region Weser-Ems,Türkei,Veränderung gegenüber 2005 in Prozent,K034,-25.6857154,-25.6857154331151
2020,Niedersachsen,Türkei,Veränderung gegenüber 2005 in Prozent,K030,-21.069374,-21.0693740031183
2021,"Braunschweig, Stadt",Türkei,Veränderung gegenüber 2005 in Prozent,K03101,-16.4008729,-16.4008729226121
2021,"Salzgitter, Stadt",Türkei,Veränderung gegenüber 2005 in Prozent,K03102,-20.4113924,-20.4113924050633
2021,"Wolfsburg, Stadt",Türkei,Veränderung gegenüber 2005 in Prozent,K03103,22.2030981,22.2030981067126
2021,Gifhorn,Türkei,Veränderung gegenüber 2005 in Prozent,K03151,-11.1928534,-11.1928533893852
2021,Goslar,Türkei,Veränderung gegenüber 2005 in Prozent,K03153,-27.1694215,-27.1694214876033
2021,Helmstedt,Türkei,Veränderung gegenüber 2005 in Prozent,K03154,-20.1570681,-20.1570680628272
2021,Northeim,Türkei,Veränderung gegenüber 2005 in Prozent,K03155,-33.2358674,-33.2358674463938
2021,Peine,Türkei,Veränderung gegenüber 2005 in Prozent,K03157,-22.946368,-22.9463679565513
2021,Wolfenbüttel,Türkei,Veränderung gegenüber 2005 in Prozent,K03158,-31.6981132,-31.6981132075472
2021,Göttingen,Türkei,Veränderung gegenüber 2005 in Prozent,K03159,-21.9199581,-21.9199581480513
2021,Statistische Region Braunschweig,Türkei,Veränderung gegenüber 2005 in Prozent,K031,-19.9458517,-19.9458517227311
2021,Region Hannover,Türkei,Veränderung gegenüber 2005 in Prozent,K03241,-13.4314287,-13.4314286676319
2021,"dav. Hannover, Lhst.",Türkei,Veränderung gegenüber 2005 in Prozent,K03241001,-18.7080103,-18.7080103359173
2021,"dav. Hannover, Umland",Türkei,Veränderung gegenüber 2005 in Prozent,K03241999,-3.56556189,-3.56556189003768
2021,Diepholz,Türkei,Veränderung gegenüber 2005 in Prozent,K03251,-14.4295302,-14.4295302013423
2021,Hameln-Pyrmont,Türkei,Veränderung gegenüber 2005 in Prozent,K03252,-18.0378764,-18.0378764358895
2021,Hildesheim,Türkei,Veränderung gegenüber 2005 in Prozent,K03254,-22.8921451,-22.8921450876772
2021,Holzminden,Türkei,Veränderung gegenüber 2005 in Prozent,K03255,-29.5202952,-29.520295202952
2021,Nienburg (Weser),Türkei,Veränderung gegenüber 2005 in Prozent,K03256,-35.483871,-35.4838709677419
2021,Schaumburg,Türkei,Veränderung gegenüber 2005 in Prozent,K03257,-33.0065359,-33.0065359477124
2021,Statistische Region Hannover,Türkei,Veränderung gegenüber 2005 in Prozent,K032,-17.4508505,-17.4508504528385
2021,Celle,Türkei,Veränderung gegenüber 2005 in Prozent,K03351,-46.2365591,-46.2365591397849
2021,Cuxhaven,Türkei,Veränderung gegenüber 2005 in Prozent,K03352,-30.9296264,-30.9296264118158
2021,Harburg,Türkei,Veränderung gegenüber 2005 in Prozent,K03353,6.23841878,6.23841877702285
2021,Lüchow-Dannenberg,Türkei,Veränderung gegenüber 2005 in Prozent,K03354,15.3846154,15.3846153846154
2021,Lüneburg,Türkei,Veränderung gegenüber 2005 in Prozent,K03355,-19.0954774,-19.0954773869347
2021,Osterholz,Türkei,Veränderung gegenüber 2005 in Prozent,K03356,-21.1309524,-21.1309523809524
2021,Rotenburg (Wümme),Türkei,Veränderung gegenüber 2005 in Prozent,K03357,-26.5,-26.5
2021,Heidekreis,Türkei,Veränderung gegenüber 2005 in Prozent,K03358,-27.9105628,-27.9105628373169
2021,Stade,Türkei,Veränderung gegenüber 2005 in Prozent,K03359,-9.2299847,-9.22998470168281
2021,Uelzen,Türkei,Veränderung gegenüber 2005 in Prozent,K03360,-15.7303371,-15.7303370786517
2021,Verden,Türkei,Veränderung gegenüber 2005 in Prozent,K03361,-34.8336595,-34.8336594911937
2021,Statistische Region Lüneburg,Türkei,Veränderung gegenüber 2005 in Prozent,K033,-24.2948009,-24.2948008849558
2021,"Delmenhorst, Stadt",Türkei,Veränderung gegenüber 2005 in Prozent,K03401,-28.7969687,-28.7969687401326
2021,"Emden, Stadt",Türkei,Veränderung gegenüber 2005 in Prozent,K03402,-24.9329759,-24.9329758713137
2021,"Oldenburg (Oldb), Stadt",Türkei,Veränderung gegenüber 2005 in Prozent,K03403,-32.8497894,-32.8497894244268
2021,"Osnabrück, Stadt",Türkei,Veränderung gegenüber 2005 in Prozent,K03404,-19.7012138,-19.7012138188609
2021,"Wilhelmshaven, Stadt",Türkei,Veränderung gegenüber 2005 in Prozent,K03405,-34.8769899,-34.876989869754
2021,Ammerland,Türkei,Veränderung gegenüber 2005 in Prozent,K03451,-28.6703601,-28.6703601108033
2021,Aurich,Türkei,Veränderung gegenüber 2005 in Prozent,K03452,3.40909091,3.40909090909091
2021,Cloppenburg,Türkei,Veränderung gegenüber 2005 in Prozent,K03453,-25.5836576,-25.5836575875486
2021,Emsland,Türkei,Veränderung gegenüber 2005 in Prozent,K03454,-22.7574751,-22.7574750830565
2021,Friesland,Türkei,Veränderung gegenüber 2005 in Prozent,K03455,-34.7826087,-34.7826086956522
2021,Grafschaft Bentheim,Türkei,Veränderung gegenüber 2005 in Prozent,K03456,-29.1428571,-29.1428571428571
2021,Leer,Türkei,Veränderung gegenüber 2005 in Prozent,K03457,-18.6228482,-18.622848200313
2021,Oldenburg,Türkei,Veränderung gegenüber 2005 in Prozent,K03458,-39.3939394,-39.3939393939394
2021,Osnabrück,Türkei,Veränderung gegenüber 2005 in Prozent,K03459,-17.752443,-17.7524429967427
2021,Vechta,Türkei,Veränderung gegenüber 2005 in Prozent,K03460,-26.9805918,-26.9805917912822
2021,Wesermarsch,Türkei,Veränderung gegenüber 2005 in Prozent,K03461,-35.5146125,-35.5146124523507
2021,Wittmund,Türkei,Veränderung gegenüber 2005 in Prozent,K03462,-42.0731707,-42.0731707317073
2021,Statistische Region Weser-Ems,Türkei,Veränderung gegenüber 2005 in Prozent,K034,-25.826272,-25.8262720372676
2021,Niedersachsen,Türkei,Veränderung gegenüber 2005 in Prozent,K030,-20.8095127,-20.8095127152816
2022,"Braunschweig, Stadt",Türkei,Veränderung gegenüber 2005 in Prozent,K03101,-13.9667618,-13.9667617928488
2022,"Salzgitter, Stadt",Türkei,Veränderung gegenüber 2005 in Prozent,K03102,-21.835443,-21.8354430379747
2022,"Wolfsburg, Stadt",Türkei,Veränderung gegenüber 2005 in Prozent,K03103,33.3907057,33.3907056798623
2022,Gifhorn,Türkei,Veränderung gegenüber 2005 in Prozent,K03151,-8.56542302,-8.56542301629007
2022,Goslar,Türkei,Veränderung gegenüber 2005 in Prozent,K03153,-26.1363636,-26.1363636363636
2022,Helmstedt,Türkei,Veränderung gegenüber 2005 in Prozent,K03154,-19.7207679,-19.7207678883072
2022,Northeim,Türkei,Veränderung gegenüber 2005 in Prozent,K03155,-33.7231969,-33.7231968810916
2022,Peine,Türkei,Veränderung gegenüber 2005 in Prozent,K03157,-22.7766463,-22.7766463000679
2022,Wolfenbüttel,Türkei,Veränderung gegenüber 2005 in Prozent,K03158,-31.3207547,-31.3207547169811
2022,Göttingen,Türkei,Veränderung gegenüber 2005 in Prozent,K03159,-20.7428721,-20.7428720899817
2022,Statistische Region Braunschweig,Türkei,Veränderung gegenüber 2005 in Prozent,K031,-19.074287,-19.0742869858695
2022,Region Hannover,Türkei,Veränderung gegenüber 2005 in Prozent,K03241,-10.0811475,-10.0811475133843
2022,"dav. Hannover, Lhst.",Türkei,Veränderung gegenüber 2005 in Prozent,K03241001,-18.0620155,-18.062015503876
2022,"dav. Hannover, Umland",Türkei,Veränderung gegenüber 2005 in Prozent,K03241999,4.84104744,4.84104744419751
2022,Diepholz,Türkei,Veränderung gegenüber 2005 in Prozent,K03251,-10.5145414,-10.5145413870246
2022,Hameln-Pyrmont,Türkei,Veränderung gegenüber 2005 in Prozent,K03252,-17.1064887,-17.1064886681155
2022,Hildesheim,Türkei,Veränderung gegenüber 2005 in Prozent,K03254,-21.9312995,-21.9312995435984
2022,Holzminden,Türkei,Veränderung gegenüber 2005 in Prozent,K03255,-30.6273063,-30.6273062730627
2022,Nienburg (Weser),Türkei,Veränderung gegenüber 2005 in Prozent,K03256,-34.7278226,-34.7278225806452
2022,Schaumburg,Türkei,Veränderung gegenüber 2005 in Prozent,K03257,-31.6993464,-31.6993464052288
2022,Statistische Region Hannover,Türkei,Veränderung gegenüber 2005 in Prozent,K032,-14.8442677,-14.8442677269715
2022,Celle,Türkei,Veränderung gegenüber 2005 in Prozent,K03351,-46.4433416,-46.4433416046319
2022,Cuxhaven,Türkei,Veränderung gegenüber 2005 in Prozent,K03352,-28.7576021,-28.7576020851434
2022,Harburg,Türkei,Veränderung gegenüber 2005 in Prozent,K03353,17.6652254,17.6652254478073
2022,Lüchow-Dannenberg,Türkei,Veränderung gegenüber 2005 in Prozent,K03354,34.6153846,34.6153846153846
2022,Lüneburg,Türkei,Veränderung gegenüber 2005 in Prozent,K03355,-12.0603015,-12.0603015075377
2022,Osterholz,Türkei,Veränderung gegenüber 2005 in Prozent,K03356,-20.1388889,-20.1388888888889
2022,Rotenburg (Wümme),Türkei,Veränderung gegenüber 2005 in Prozent,K03357,-27.5,-27.5
2022,Heidekreis,Türkei,Veränderung gegenüber 2005 in Prozent,K03358,-22.8989977,-22.8989976869699
2022,Stade,Türkei,Veränderung gegenüber 2005 in Prozent,K03359,-5.40540541,-5.40540540540541
2022,Uelzen,Türkei,Veränderung gegenüber 2005 in Prozent,K03360,-17.1348315,-17.1348314606742
2022,Verden,Türkei,Veränderung gegenüber 2005 in Prozent,K03361,-33.4637965,-33.4637964774951
2022,Statistische Region Lüneburg,Türkei,Veränderung gegenüber 2005 in Prozent,K033,-21.0799226,-21.0799225663717
2022,"Delmenhorst, Stadt",Türkei,Veränderung gegenüber 2005 in Prozent,K03401,-28.9548469,-28.9548468582255
2022,"Emden, Stadt",Türkei,Veränderung gegenüber 2005 in Prozent,K03402,-22.2520107,-22.2520107238606
2022,"Oldenburg (Oldb), Stadt",Türkei,Veränderung gegenüber 2005 in Prozent,K03403,-27.7023865,-27.7023865231633
2022,"Osnabrück, Stadt",Türkei,Veränderung gegenüber 2005 in Prozent,K03404,-19.7012138,-19.7012138188609
2022,"Wilhelmshaven, Stadt",Türkei,Veränderung gegenüber 2005 in Prozent,K03405,-35.6005789,-35.6005788712012
2022,Ammerland,Türkei,Veränderung gegenüber 2005 in Prozent,K03451,-27.9778393,-27.9778393351801
2022,Aurich,Türkei,Veränderung gegenüber 2005 in Prozent,K03452,25.0,25.0
2022,Cloppenburg,Türkei,Veränderung gegenüber 2005 in Prozent,K03453,-23.151751,-23.1517509727626
2022,Emsland,Türkei,Veränderung gegenüber 2005 in Prozent,K03454,-21.5116279,-21.5116279069767
2022,Friesland,Türkei,Veränderung gegenüber 2005 in Prozent,K03455,-24.6376812,-24.6376811594203
2022,Grafschaft Bentheim,Türkei,Veränderung gegenüber 2005 in Prozent,K03456,-30.0,-30.0
2022,Leer,Türkei,Veränderung gegenüber 2005 in Prozent,K03457,-12.3630673,-12.3630672926448
2022,Oldenburg,Türkei,Veränderung gegenüber 2005 in Prozent,K03458,-31.4194577,-31.4194577352472
2022,Osnabrück,Türkei,Veränderung gegenüber 2005 in Prozent,K03459,-16.8023887,-16.8023887079262
2022,Vechta,Türkei,Veränderung gegenüber 2005 in Prozent,K03460,-28.0941775,-28.0941775373847
2022,Wesermarsch,Türkei,Veränderung gegenüber 2005 in Prozent,K03461,-35.8322745,-35.8322744599746
2022,Wittmund,Türkei,Veränderung gegenüber 2005 in Prozent,K03462,-39.0243902,-39.0243902439024
2022,Statistische Region Weser-Ems,Türkei,Veränderung gegenüber 2005 in Prozent,K034,-24.380547,-24.3805469659853
2022,Niedersachsen,Türkei,Veränderung gegenüber 2005 in Prozent,K030,-18.8023083,-18.8023082850947
2023,"Braunschweig, Stadt",Türkei,Veränderung gegenüber 2005 in Prozent,K03101,-11.8683901,-11.8683901292597
2023,"Salzgitter, Stadt",Türkei,Veränderung gegenüber 2005 in Prozent,K03102,-20.6487342,-20.6487341772152
2023,"Wolfsburg, Stadt",Türkei,Veränderung gegenüber 2005 in Prozent,K03103,68.6746988,68.6746987951807
2023,Gifhorn,Türkei,Veränderung gegenüber 2005 in Prozent,K03151,5.88544404,5.88544403573305
2023,Goslar,Türkei,Veränderung gegenüber 2005 in Prozent,K03153,-18.3884298,-18.3884297520661
2023,Helmstedt,Türkei,Veränderung gegenüber 2005 in Prozent,K03154,-14.4851658,-14.4851657940663
2023,Northeim,Türkei,Veränderung gegenüber 2005 in Prozent,K03155,-23.0019493,-23.0019493177388
2023,Peine,Türkei,Veränderung gegenüber 2005 in Prozent,K03157,-19.2124915,-19.2124915139172
2023,Wolfenbüttel,Türkei,Veränderung gegenüber 2005 in Prozent,K03158,-20.0,-20.0
2023,Göttingen,Türkei,Veränderung gegenüber 2005 in Prozent,K03159,-15.7729532,-15.7729531781324
2023,Statistische Region Braunschweig,Türkei,Veränderung gegenüber 2005 in Prozent,K031,-13.7150911,-13.7150910506991
2023,Region Hannover,Türkei,Veränderung gegenüber 2005 in Prozent,K03241,-10.7714064,-10.7714064446614
2023,"dav. Hannover, Lhst.",Türkei,Veränderung gegenüber 2005 in Prozent,K03241001,-17.881137,-17.8811369509044
2023,"dav. Hannover, Umland",Türkei,Veränderung gegenüber 2005 in Prozent,K03241999,2.5219828,2.52198280027056
2023,Diepholz,Türkei,Veränderung gegenüber 2005 in Prozent,K03251,-2.96420582,-2.96420581655481
2023,Hameln-Pyrmont,Türkei,Veränderung gegenüber 2005 in Prozent,K03252,-11.5181621,-11.5181620614716
2023,Hildesheim,Türkei,Veränderung gegenüber 2005 in Prozent,K03254,-12.9233726,-12.9233725678597
2023,Holzminden,Türkei,Veränderung gegenüber 2005 in Prozent,K03255,-25.8302583,-25.830258302583
2023,Nienburg (Weser),Türkei,Veränderung gegenüber 2005 in Prozent,K03256,-22.3790323,-22.3790322580645
2023,Schaumburg,Türkei,Veränderung gegenüber 2005 in Prozent,K03257,-23.0392157,-23.0392156862745
2023,Statistische Region Hannover,Türkei,Veränderung gegenüber 2005 in Prozent,K032,-12.4917164,-12.4917163684559
2023,Celle,Türkei,Veränderung gegenüber 2005 in Prozent,K03351,-43.5483871,-43.5483870967742
2023,Cuxhaven,Türkei,Veränderung gegenüber 2005 in Prozent,K03352,-17.0286707,-17.0286707211121
2023,Harburg,Türkei,Veränderung gegenüber 2005 in Prozent,K03353,38.0481779,38.0481778875849
2023,Lüchow-Dannenberg,Türkei,Veränderung gegenüber 2005 in Prozent,K03354,39.4230769,39.4230769230769
2023,Lüneburg,Türkei,Veränderung gegenüber 2005 in Prozent,K03355,4.0201005,4.02010050251256
2023,Osterholz,Türkei,Veränderung gegenüber 2005 in Prozent,K03356,-9.72222222,-9.72222222222222
2023,Rotenburg (Wümme),Türkei,Veränderung gegenüber 2005 in Prozent,K03357,-14.5,-14.5
2023,Heidekreis,Türkei,Veränderung gegenüber 2005 in Prozent,K03358,-27.9105628,-27.9105628373169
2023,Stade,Türkei,Veränderung gegenüber 2005 in Prozent,K03359,5.30341662,5.30341662417134
2023,Uelzen,Türkei,Veränderung gegenüber 2005 in Prozent,K03360,-8.70786517,-8.70786516853933
2023,Verden,Türkei,Veränderung gegenüber 2005 in Prozent,K03361,-31.3111546,-31.3111545988258
2023,Statistische Region Lüneburg,Türkei,Veränderung gegenüber 2005 in Prozent,K033,-12.9908739,-12.9908738938053
2023,"Delmenhorst, Stadt",Türkei,Veränderung gegenüber 2005 in Prozent,K03401,-25.6394064,-25.639406378276
2023,"Emden, Stadt",Türkei,Veränderung gegenüber 2005 in Prozent,K03402,-8.84718499,-8.84718498659517
2023,"Oldenburg (Oldb), Stadt",Türkei,Veränderung gegenüber 2005 in Prozent,K03403,-26.5325222,-26.5325222274216
2023,"Osnabrück, Stadt",Türkei,Veränderung gegenüber 2005 in Prozent,K03404,-14.4102085,-14.4102085278556
2023,"Wilhelmshaven, Stadt",Türkei,Veränderung gegenüber 2005 in Prozent,K03405,-29.0882779,-29.0882778581766
2023,Ammerland,Türkei,Veränderung gegenüber 2005 in Prozent,K03451,-11.3573407,-11.3573407202216
2023,Aurich,Türkei,Veränderung gegenüber 2005 in Prozent,K03452,80.6818182,80.6818181818182
2023,Cloppenburg,Türkei,Veränderung gegenüber 2005 in Prozent,K03453,-8.07392996,-8.07392996108949
2023,Emsland,Türkei,Veränderung gegenüber 2005 in Prozent,K03454,-7.39202658,-7.39202657807309
2023,Friesland,Türkei,Veränderung gegenüber 2005 in Prozent,K03455,-4.34782609,-4.34782608695652
2023,Grafschaft Bentheim,Türkei,Veränderung gegenüber 2005 in Prozent,K03456,-26.0,-26.0
2023,Leer,Türkei,Veränderung gegenüber 2005 in Prozent,K03457,27.543036,27.5430359937402
2023,Oldenburg,Türkei,Veränderung gegenüber 2005 in Prozent,K03458,2.8708134,2.87081339712919
2023,Osnabrück,Türkei,Veränderung gegenüber 2005 in Prozent,K03459,-13.9522258,-13.9522258414767
2023,Vechta,Türkei,Veränderung gegenüber 2005 in Prozent,K03460,-24.912504,-24.912503977092
2023,Wesermarsch,Türkei,Veränderung gegenüber 2005 in Prozent,K03461,-25.9847522,-25.9847522236341
2023,Wittmund,Türkei,Veränderung gegenüber 2005 in Prozent,K03462,0.6097561,0.609756097560976
2023,Statistische Region Weser-Ems,Türkei,Veränderung gegenüber 2005 in Prozent,K034,-15.9069917,-15.9069916870808
2023,Niedersachsen,Türkei,Veränderung gegenüber 2005 in Prozent,K030,-13.6140433,-13.6140432624241
2024,"Braunschweig, Stadt",Türkei,Veränderung gegenüber 2005 in Prozent,K03101,-13.8828269,-13.8828269263052
2024,"Salzgitter, Stadt",Türkei,Veränderung gegenüber 2005 in Prozent,K03102,-22.4683544,-22.4683544303797
2024,"Wolfsburg, Stadt",Türkei,Veränderung gegenüber 2005 in Prozent,K03103,73.83821,73.8382099827883
2024,Gifhorn,Türkei,Veränderung gegenüber 2005 in Prozent,K03151,10.3520757,10.3520756699947
2024,Goslar,Türkei,Veränderung gegenüber 2005 in Prozent,K03153,-17.3553719,-17.3553719008264
2024,Helmstedt,Türkei,Veränderung gegenüber 2005 in Prozent,K03154,-15.7940663,-15.7940663176265
2024,Northeim,Türkei,Veränderung gegenüber 2005 in Prozent,K03155,-18.128655,-18.1286549707602
2024,Peine,Türkei,Veränderung gegenüber 2005 in Prozent,K03157,-19.3822132,-19.3822131704005
2024,Wolfenbüttel,Türkei,Veränderung gegenüber 2005 in Prozent,K03158,-16.6037736,-16.6037735849057
2024,Göttingen,Türkei,Veränderung gegenüber 2005 in Prozent,K03159,-15.3805912,-15.3805911587758
2024,Statistische Region Braunschweig,Türkei,Veränderung gegenüber 2005 in Prozent,K031,-13.733635,-13.7336349812706
2024,Region Hannover,Türkei,Veränderung gegenüber 2005 in Prozent,K03241,-10.1316543,-10.1316542644533
2024,"dav. Hannover, Lhst.",Türkei,Veränderung gegenüber 2005 in Prozent,K03241001,-18.5271318,-18.5271317829457
2024,"dav. Hannover, Umland",Türkei,Veränderung gegenüber 2005 in Prozent,K03241999,5.56575515,5.56575514542468
2024,Diepholz,Türkei,Veränderung gegenüber 2005 in Prozent,K03251,2.34899329,2.3489932885906
2024,Hameln-Pyrmont,Türkei,Veränderung gegenüber 2005 in Prozent,K03252,-11.2076995,-11.2076994722136
2024,Hildesheim,Türkei,Veränderung gegenüber 2005 in Prozent,K03254,-13.523901,-13.523901032909
2024,Holzminden,Türkei,Veränderung gegenüber 2005 in Prozent,K03255,-26.199262,-26.1992619926199
2024,Nienburg (Weser),Türkei,Veränderung gegenüber 2005 in Prozent,K03256,-22.8830645,-22.883064516129
2024,Schaumburg,Türkei,Veränderung gegenüber 2005 in Prozent,K03257,-21.8954248,-21.8954248366013
2024,Statistische Region Hannover,Türkei,Veränderung gegenüber 2005 in Prozent,K032,-11.8621604,-11.8621603711067
2024,Celle,Türkei,Veränderung gegenüber 2005 in Prozent,K03351,-42.7212572,-42.7212572373863
2024,Cuxhaven,Türkei,Veränderung gegenüber 2005 in Prozent,K03352,-13.1190269,-13.1190269331017
2024,Harburg,Türkei,Veränderung gegenüber 2005 in Prozent,K03353,40.5188388,40.5188387893762
2024,Lüchow-Dannenberg,Türkei,Veränderung gegenüber 2005 in Prozent,K03354,49.0384615,49.0384615384615
2024,Lüneburg,Türkei,Veränderung gegenüber 2005 in Prozent,K03355,9.54773869,9.54773869346734
2024,Osterholz,Türkei,Veränderung gegenüber 2005 in Prozent,K03356,-9.72222222,-9.72222222222222
2024,Rotenburg (Wümme),Türkei,Veränderung gegenüber 2005 in Prozent,K03357,-12.0,-12.0
2024,Heidekreis,Türkei,Veränderung gegenüber 2005 in Prozent,K03358,-34.078643,-34.0786430223593
2024,Stade,Türkei,Veränderung gegenüber 2005 in Prozent,K03359,6.83324834,6.83324834268231
2024,Uelzen,Türkei,Veränderung gegenüber 2005 in Prozent,K03360,-7.30337079,-7.30337078651685
2024,Verden,Türkei,Veränderung gegenüber 2005 in Prozent,K03361,-32.4853229,-32.4853228962818
2024,Statistische Region Lüneburg,Türkei,Veränderung gegenüber 2005 in Prozent,K033,-12.1957965,-12.195796460177
2024,"Delmenhorst, Stadt",Türkei,Veränderung gegenüber 2005 in Prozent,K03401,-25.3236501,-25.3236501420903
2024,"Emden, Stadt",Türkei,Veränderung gegenüber 2005 in Prozent,K03402,-19.5710456,-19.5710455764075
2024,"Oldenburg (Oldb), Stadt",Türkei,Veränderung gegenüber 2005 in Prozent,K03403,-29.5741694,-29.57416939635
2024,"Osnabrück, Stadt",Türkei,Veränderung gegenüber 2005 in Prozent,K03404,-14.7214441,-14.7214441332088
2024,"Wilhelmshaven, Stadt",Türkei,Veränderung gegenüber 2005 in Prozent,K03405,-30.5354559,-30.5354558610709
2024,Ammerland,Türkei,Veränderung gegenüber 2005 in Prozent,K03451,-12.7423823,-12.7423822714681
2024,Aurich,Türkei,Veränderung gegenüber 2005 in Prozent,K03452,118.181818,118.181818181818
2024,Cloppenburg,Türkei,Veränderung gegenüber 2005 in Prozent,K03453,-9.04669261,-9.04669260700389
2024,Emsland,Türkei,Veränderung gegenüber 2005 in Prozent,K03454,-3.23920266,-3.23920265780731
2024,Friesland,Türkei,Veränderung gegenüber 2005 in Prozent,K03455,-7.24637681,-7.2463768115942
2024,Grafschaft Bentheim,Türkei,Veränderung gegenüber 2005 in Prozent,K03456,-24.5714286,-24.5714285714286
2024,Leer,Türkei,Veränderung gegenüber 2005 in Prozent,K03457,29.8904538,29.8904538341158
2024,Oldenburg,Türkei,Veränderung gegenüber 2005 in Prozent,K03458,0.4784689,0.478468899521531
2024,Osnabrück,Türkei,Veränderung gegenüber 2005 in Prozent,K03459,-15.7166124,-15.7166123778502
2024,Vechta,Türkei,Veränderung gegenüber 2005 in Prozent,K03460,-27.1396755,-27.1396754692969
2024,Wesermarsch,Türkei,Veränderung gegenüber 2005 in Prozent,K03461,-25.0317662,-25.0317662007624
2024,Wittmund,Türkei,Veränderung gegenüber 2005 in Prozent,K03462,-2.43902439,-2.4390243902439
2024,Statistische Region Weser-Ems,Türkei,Veränderung gegenüber 2005 in Prozent,K034,-15.9873097,-15.9873097465965
2024,Niedersachsen,Türkei,Veränderung gegenüber 2005 in Prozent,K030,-13.2780157,-13.278015735049
2025,"Braunschweig, Stadt",Türkei,Veränderung gegenüber 2005 in Prozent,K03101,-15.8133289,-15.8133288568071
2025,"Salzgitter, Stadt",Türkei,Veränderung gegenüber 2005 in Prozent,K03102,-23.3386076,-23.3386075949367
2025,"Wolfsburg, Stadt",Türkei,Veränderung gegenüber 2005 in Prozent,K03103,71.2564544,71.2564543889845
2025,Gifhorn,Türkei,Veränderung gegenüber 2005 in Prozent,K03151,8.77561745,8.77561744613768
2025,Goslar,Türkei,Veränderung gegenüber 2005 in Prozent,K03153,-24.0702479,-24.0702479338843
2025,Helmstedt,Türkei,Veränderung gegenüber 2005 in Prozent,K03154,-17.9755672,-17.9755671902269
2025,Northeim,Türkei,Veränderung gegenüber 2005 in Prozent,K03155,-22.0272904,-22.0272904483431
2025,Peine,Türkei,Veränderung gegenüber 2005 in Prozent,K03157,-21.2491514,-21.2491513917176
2025,Wolfenbüttel,Türkei,Veränderung gegenüber 2005 in Prozent,K03158,-17.7358491,-17.7358490566038
2025,Göttingen,Türkei,Veränderung gegenüber 2005 in Prozent,K03159,-18.2579126,-18.257912634057
2025,Statistische Region Braunschweig,Türkei,Veränderung gegenüber 2005 in Prozent,K031,-15.9032749,-15.9032748581389
2025,Region Hannover,Türkei,Veränderung gegenüber 2005 in Prozent,K03241,-11.9162261,-11.9162261355601
2025,"dav. Hannover, Lhst.",Türkei,Veränderung gegenüber 2005 in Prozent,K03241001,-21.8604651,-21.8604651162791
2025,"dav. Hannover, Umland",Türkei,Veränderung gegenüber 2005 in Prozent,K03241999,6.67697362,6.67697362063968
2025,Diepholz,Türkei,Veränderung gegenüber 2005 in Prozent,K03251,-2.96420582,-2.96420581655481
2025,Hameln-Pyrmont,Türkei,Veränderung gegenüber 2005 in Prozent,K03252,-13.5361689,-13.5361688916486
2025,Hildesheim,Türkei,Veränderung gegenüber 2005 in Prozent,K03254,-16.286332,-16.2863319721355
2025,Holzminden,Türkei,Veränderung gegenüber 2005 in Prozent,K03255,-29.1512915,-29.1512915129151
2025,Nienburg (Weser),Türkei,Veränderung gegenüber 2005 in Prozent,K03256,-24.8991935,-24.8991935483871
2025,Schaumburg,Türkei,Veränderung gegenüber 2005 in Prozent,K03257,-23.8562092,-23.8562091503268
2025,Statistische Region Hannover,Türkei,Veränderung gegenüber 2005 in Prozent,K032,-13.9606804,-13.9606803622708
2025,Celle,Türkei,Veränderung gegenüber 2005 in Prozent,K03351,-43.7551696,-43.7551695616212
2025,Cuxhaven,Türkei,Veränderung gegenüber 2005 in Prozent,K03352,-12.2502172,-12.2502172024327
2025,Harburg,Türkei,Veränderung gegenüber 2005 in Prozent,K03353,33.7245213,33.7245213094503
2025,Lüchow-Dannenberg,Türkei,Veränderung gegenüber 2005 in Prozent,K03354,44.2307692,44.2307692307692
2025,Lüneburg,Türkei,Veränderung gegenüber 2005 in Prozent,K03355,8.04020101,8.04020100502512
2025,Osterholz,Türkei,Veränderung gegenüber 2005 in Prozent,K03356,-12.202381,-12.202380952381
2025,Rotenburg (Wümme),Türkei,Veränderung gegenüber 2005 in Prozent,K03357,-17.0,-17.0
2025,Heidekreis,Türkei,Veränderung gegenüber 2005 in Prozent,K03358,-37.1626831,-37.1626831148805
2025,Stade,Türkei,Veränderung gegenüber 2005 in Prozent,K03359,6.83324834,6.83324834268231
2025,Uelzen,Türkei,Veränderung gegenüber 2005 in Prozent,K03360,-0.28089888,-0.280898876404494
2025,Verden,Türkei,Veränderung gegenüber 2005 in Prozent,K03361,-34.4422701,-34.4422700587084
2025,Statistische Region Lüneburg,Türkei,Veränderung gegenüber 2005 in Prozent,K033,-14.2007743,-14.2007743362832
2025,"Delmenhorst, Stadt",Türkei,Veränderung gegenüber 2005 in Prozent,K03401,-26.2709189,-26.2709188506473
2025,"Emden, Stadt",Türkei,Veränderung gegenüber 2005 in Prozent,K03402,-26.2734584,-26.2734584450402
2025,"Oldenburg (Oldb), Stadt",Türkei,Veränderung gegenüber 2005 in Prozent,K03403,-29.5741694,-29.57416939635
2025,"Osnabrück, Stadt",Türkei,Veränderung gegenüber 2005 in Prozent,K03404,-13.0096483,-13.009648303766
2025,"Wilhelmshaven, Stadt",Türkei,Veränderung gegenüber 2005 in Prozent,K03405,-32.7062229,-32.7062228654124
2025,Ammerland,Türkei,Veränderung gegenüber 2005 in Prozent,K03451,-14.1274238,-14.1274238227147
2025,Aurich,Türkei,Veränderung gegenüber 2005 in Prozent,K03452,106.818182,106.818181818182
2025,Cloppenburg,Türkei,Veränderung gegenüber 2005 in Prozent,K03453,-8.56031128,-8.56031128404669
2025,Emsland,Türkei,Veränderung gegenüber 2005 in Prozent,K03454,-7.80730897,-7.80730897009967
2025,Friesland,Türkei,Veränderung gegenüber 2005 in Prozent,K03455,-8.69565217,-8.69565217391304
2025,Grafschaft Bentheim,Türkei,Veränderung gegenüber 2005 in Prozent,K03456,-29.7142857,-29.7142857142857
2025,Leer,Türkei,Veränderung gegenüber 2005 in Prozent,K03457,37.71518,37.7151799687011
2025,Oldenburg,Türkei,Veränderung gegenüber 2005 in Prozent,K03458,-1.11642743,-1.11642743221691
2025,Osnabrück,Türkei,Veränderung gegenüber 2005 in Prozent,K03459,-18.2953312,-18.2953311617807
2025,Vechta,Türkei,Veränderung gegenüber 2005 in Prozent,K03460,-31.7531021,-31.7531021317213
2025,Wesermarsch,Türkei,Veränderung gegenüber 2005 in Prozent,K03461,-27.8907243,-27.8907242693774
2025,Wittmund,Türkei,Veränderung gegenüber 2005 in Prozent,K03462,-8.53658537,-8.53658536585366
2025,Statistische Region Weser-Ems,Türkei,Veränderung gegenüber 2005 in Prozent,K034,-17.8948637,-17.894863660094
2025,Niedersachsen,Türkei,Veränderung gegenüber 2005 in Prozent,K030,-15.3434649,-15.3434649366476
2005,"Braunschweig, Stadt",Rumänien,Veränderung gegenüber 2005 in Prozent,K03101,0.0,0.0
2005,"Salzgitter, Stadt",Rumänien,Veränderung gegenüber 2005 in Prozent,K03102,0.0,0.0
2005,"Wolfsburg, Stadt",Rumänien,Veränderung gegenüber 2005 in Prozent,K03103,0.0,0.0
2005,Gifhorn,Rumänien,Veränderung gegenüber 2005 in Prozent,K03151,0.0,0.0
2005,Goslar,Rumänien,Veränderung gegenüber 2005 in Prozent,K03153,0.0,0.0
2005,Helmstedt,Rumänien,Veränderung gegenüber 2005 in Prozent,K03154,0.0,0.0
2005,Northeim,Rumänien,Veränderung gegenüber 2005 in Prozent,K03155,0.0,0.0
2005,Peine,Rumänien,Veränderung gegenüber 2005 in Prozent,K03157,0.0,0.0
2005,Wolfenbüttel,Rumänien,Veränderung gegenüber 2005 in Prozent,K03158,0.0,0.0
2005,Göttingen,Rumänien,Veränderung gegenüber 2005 in Prozent,K03159,0.0,0.0
2005,Statistische Region Braunschweig,Rumänien,Veränderung gegenüber 2005 in Prozent,K031,0.0,0.0
2005,Region Hannover,Rumänien,Veränderung gegenüber 2005 in Prozent,K03241,0.0,0.0
2005,"dav. Hannover, Lhst.",Rumänien,Veränderung gegenüber 2005 in Prozent,K03241001,0.0,0.0
2005,"dav. Hannover, Umland",Rumänien,Veränderung gegenüber 2005 in Prozent,K03241999,0.0,0.0
2005,Diepholz,Rumänien,Veränderung gegenüber 2005 in Prozent,K03251,0.0,0.0
2005,Hameln-Pyrmont,Rumänien,Veränderung gegenüber 2005 in Prozent,K03252,0.0,0.0
2005,Hildesheim,Rumänien,Veränderung gegenüber 2005 in Prozent,K03254,0.0,0.0
2005,Holzminden,Rumänien,Veränderung gegenüber 2005 in Prozent,K03255,0.0,0.0
2005,Nienburg (Weser),Rumänien,Veränderung gegenüber 2005 in Prozent,K03256,0.0,0.0
2005,Schaumburg,Rumänien,Veränderung gegenüber 2005 in Prozent,K03257,0.0,0.0
2005,Statistische Region Hannover,Rumänien,Veränderung gegenüber 2005 in Prozent,K032,0.0,0.0
2005,Celle,Rumänien,Veränderung gegenüber 2005 in Prozent,K03351,0.0,0.0
2005,Cuxhaven,Rumänien,Veränderung gegenüber 2005 in Prozent,K03352,0.0,0.0
2005,Harburg,Rumänien,Veränderung gegenüber 2005 in Prozent,K03353,0.0,0.0
2005,Lüchow-Dannenberg,Rumänien,Veränderung gegenüber 2005 in Prozent,K03354,0.0,0.0
2005,Lüneburg,Rumänien,Veränderung gegenüber 2005 in Prozent,K03355,0.0,0.0
2005,Osterholz,Rumänien,Veränderung gegenüber 2005 in Prozent,K03356,0.0,0.0
2005,Rotenburg (Wümme),Rumänien,Veränderung gegenüber 2005 in Prozent,K03357,0.0,0.0
2005,Heidekreis,Rumänien,Veränderung gegenüber 2005 in Prozent,K03358,0.0,0.0
2005,Stade,Rumänien,Veränderung gegenüber 2005 in Prozent,K03359,0.0,0.0
2005,Uelzen,Rumänien,Veränderung gegenüber 2005 in Prozent,K03360,0.0,0.0
2005,Verden,Rumänien,Veränderung gegenüber 2005 in Prozent,K03361,0.0,0.0
2005,Statistische Region Lüneburg,Rumänien,Veränderung gegenüber 2005 in Prozent,K033,0.0,0.0
2005,"Delmenhorst, Stadt",Rumänien,Veränderung gegenüber 2005 in Prozent,K03401,0.0,0.0
2005,"Emden, Stadt",Rumänien,Veränderung gegenüber 2005 in Prozent,K03402,0.0,0.0
2005,"Oldenburg (Oldb), Stadt",Rumänien,Veränderung gegenüber 2005 in Prozent,K03403,0.0,0.0
2005,"Osnabrück, Stadt",Rumänien,Veränderung gegenüber 2005 in Prozent,K03404,0.0,0.0
2005,"Wilhelmshaven, Stadt",Rumänien,Veränderung gegenüber 2005 in Prozent,K03405,0.0,0.0
2005,Ammerland,Rumänien,Veränderung gegenüber 2005 in Prozent,K03451,0.0,0.0
2005,Aurich,Rumänien,Veränderung gegenüber 2005 in Prozent,K03452,0.0,0.0
2005,Cloppenburg,Rumänien,Veränderung gegenüber 2005 in Prozent,K03453,0.0,0.0
2005,Emsland,Rumänien,Veränderung gegenüber 2005 in Prozent,K03454,0.0,0.0
2005,Friesland,Rumänien,Veränderung gegenüber 2005 in Prozent,K03455,0.0,0.0
2005,Grafschaft Bentheim,Rumänien,Veränderung gegenüber 2005 in Prozent,K03456,0.0,0.0
2005,Leer,Rumänien,Veränderung gegenüber 2005 in Prozent,K03457,0.0,0.0
2005,Oldenburg,Rumänien,Veränderung gegenüber 2005 in Prozent,K03458,0.0,0.0
2005,Osnabrück,Rumänien,Veränderung gegenüber 2005 in Prozent,K03459,0.0,0.0
2005,Vechta,Rumänien,Veränderung gegenüber 2005 in Prozent,K03460,0.0,0.0
2005,Wesermarsch,Rumänien,Veränderung gegenüber 2005 in Prozent,K03461,0.0,0.0
2005,Wittmund,Rumänien,Veränderung gegenüber 2005 in Prozent,K03462,0.0,0.0
2005,Statistische Region Weser-Ems,Rumänien,Veränderung gegenüber 2005 in Prozent,K034,0.0,0.0
2005,Niedersachsen,Rumänien,Veränderung gegenüber 2005 in Prozent,K030,0.0,0.0
2011,"Braunschweig, Stadt",Rumänien,Veränderung gegenüber 2005 in Prozent,K03101,-16.8067227,-16.8067226890756
2011,"Salzgitter, Stadt",Rumänien,Veränderung gegenüber 2005 in Prozent,K03102,16.6666667,16.6666666666667
2011,"Wolfsburg, Stadt",Rumänien,Veränderung gegenüber 2005 in Prozent,K03103,10.2564103,10.2564102564103
2011,Gifhorn,Rumänien,Veränderung gegenüber 2005 in Prozent,K03151,50.0,50.0
2011,Goslar,Rumänien,Veränderung gegenüber 2005 in Prozent,K03153,123.913043,123.913043478261
2011,Helmstedt,Rumänien,Veränderung gegenüber 2005 in Prozent,K03154,66.6666667,66.6666666666667
2011,Northeim,Rumänien,Veränderung gegenüber 2005 in Prozent,K03155,120.512821,120.512820512821
2011,Peine,Rumänien,Veränderung gegenüber 2005 in Prozent,K03157,56.25,56.25
2011,Wolfenbüttel,Rumänien,Veränderung gegenüber 2005 in Prozent,K03158,108.333333,108.333333333333
2011,Göttingen,Rumänien,Veränderung gegenüber 2005 in Prozent,K03159,23.8993711,23.8993710691824
2011,Statistische Region Braunschweig,Rumänien,Veränderung gegenüber 2005 in Prozent,K031,26.3613861,26.3613861386139
2011,Region Hannover,Rumänien,Veränderung gegenüber 2005 in Prozent,K03241,81.8306011,81.8306010928962
2011,"dav. Hannover, Lhst.",Rumänien,Veränderung gegenüber 2005 in Prozent,K03241001,172.835821,172.835820895522
2011,"dav. Hannover, Umland",Rumänien,Veränderung gegenüber 2005 in Prozent,K03241999,5.03778338,5.03778337531486
2011,Diepholz,Rumänien,Veränderung gegenüber 2005 in Prozent,K03251,113.559322,113.559322033898
2011,Hameln-Pyrmont,Rumänien,Veränderung gegenüber 2005 in Prozent,K03252,190.909091,190.909090909091
2011,Hildesheim,Rumänien,Veränderung gegenüber 2005 in Prozent,K03254,23.0769231,23.0769230769231
2011,Holzminden,Rumänien,Veränderung gegenüber 2005 in Prozent,K03255,71.4285714,71.4285714285714
2011,Nienburg (Weser),Rumänien,Veränderung gegenüber 2005 in Prozent,K03256,315.151515,315.151515151515
2011,Schaumburg,Rumänien,Veränderung gegenüber 2005 in Prozent,K03257,8.47457627,8.47457627118644
2011,Statistische Region Hannover,Rumänien,Veränderung gegenüber 2005 in Prozent,K032,85.0277264,85.0277264325323
2011,Celle,Rumänien,Veränderung gegenüber 2005 in Prozent,K03351,46.6666667,46.6666666666667
2011,Cuxhaven,Rumänien,Veränderung gegenüber 2005 in Prozent,K03352,46.1538462,46.1538461538462
2011,Harburg,Rumänien,Veränderung gegenüber 2005 in Prozent,K03353,51.5873016,51.5873015873016
2011,Lüchow-Dannenberg,Rumänien,Veränderung gegenüber 2005 in Prozent,K03354,612.5,612.5
2011,Lüneburg,Rumänien,Veränderung gegenüber 2005 in Prozent,K03355,108.108108,108.108108108108
2011,Osterholz,Rumänien,Veränderung gegenüber 2005 in Prozent,K03356,100.0,100.0
2011,Rotenburg (Wümme),Rumänien,Veränderung gegenüber 2005 in Prozent,K03357,151.785714,151.785714285714
2011,Heidekreis,Rumänien,Veränderung gegenüber 2005 in Prozent,K03358,41.4634146,41.4634146341463
2011,Stade,Rumänien,Veränderung gegenüber 2005 in Prozent,K03359,78.8235294,78.8235294117647
2011,Uelzen,Rumänien,Veränderung gegenüber 2005 in Prozent,K03360,131.818182,131.818181818182
2011,Verden,Rumänien,Veränderung gegenüber 2005 in Prozent,K03361,92.8571429,92.8571428571429
2011,Statistische Region Lüneburg,Rumänien,Veränderung gegenüber 2005 in Prozent,K033,84.3351548,84.3351548269581
2011,"Delmenhorst, Stadt",Rumänien,Veränderung gegenüber 2005 in Prozent,K03401,80.7692308,80.7692307692308
2011,"Emden, Stadt",Rumänien,Veränderung gegenüber 2005 in Prozent,K03402,105.128205,105.128205128205
2011,"Oldenburg (Oldb), Stadt",Rumänien,Veränderung gegenüber 2005 in Prozent,K03403,40.8695652,40.8695652173913
2011,"Osnabrück, Stadt",Rumänien,Veränderung gegenüber 2005 in Prozent,K03404,345.762712,345.762711864407
2011,"Wilhelmshaven, Stadt",Rumänien,Veränderung gegenüber 2005 in Prozent,K03405,393.333333,393.333333333333
2011,Ammerland,Rumänien,Veränderung gegenüber 2005 in Prozent,K03451,272.0,272.0
2011,Aurich,Rumänien,Veränderung gegenüber 2005 in Prozent,K03452,138.709677,138.709677419355
2011,Cloppenburg,Rumänien,Veränderung gegenüber 2005 in Prozent,K03453,3161.76471,3161.76470588235
2011,Emsland,Rumänien,Veränderung gegenüber 2005 in Prozent,K03454,1196.05263,1196.05263157895
2011,Friesland,Rumänien,Veränderung gegenüber 2005 in Prozent,K03455,95.6521739,95.6521739130435
2011,Grafschaft Bentheim,Rumänien,Veränderung gegenüber 2005 in Prozent,K03456,381.081081,381.081081081081
2011,Leer,Rumänien,Veränderung gegenüber 2005 in Prozent,K03457,67.2131148,67.2131147540984
2011,Oldenburg,Rumänien,Veränderung gegenüber 2005 in Prozent,K03458,583.333333,583.333333333333
2011,Osnabrück,Rumänien,Veränderung gegenüber 2005 in Prozent,K03459,451.908397,451.908396946565
2011,Vechta,Rumänien,Veränderung gegenüber 2005 in Prozent,K03460,645.348837,645.348837209302
2011,Wesermarsch,Rumänien,Veränderung gegenüber 2005 in Prozent,K03461,50.0,50.0
2011,Wittmund,Rumänien,Veränderung gegenüber 2005 in Prozent,K03462,175.0,175.0
2011,Statistische Region Weser-Ems,Rumänien,Veränderung gegenüber 2005 in Prozent,K034,437.221633,437.221633085896
2011,Niedersachsen,Rumänien,Veränderung gegenüber 2005 in Prozent,K030,169.101124,169.101123595506
2012,"Braunschweig, Stadt",Rumänien,Veränderung gegenüber 2005 in Prozent,K03101,0.42016807,0.420168067226891
2012,"Salzgitter, Stadt",Rumänien,Veränderung gegenüber 2005 in Prozent,K03102,40.8333333,40.8333333333333
2012,"Wolfsburg, Stadt",Rumänien,Veränderung gegenüber 2005 in Prozent,K03103,62.8205128,62.8205128205128
2012,Gifhorn,Rumänien,Veränderung gegenüber 2005 in Prozent,K03151,90.7407407,90.7407407407407
2012,Goslar,Rumänien,Veränderung gegenüber 2005 in Prozent,K03153,158.695652,158.695652173913
2012,Helmstedt,Rumänien,Veränderung gegenüber 2005 in Prozent,K03154,222.222222,222.222222222222
2012,Northeim,Rumänien,Veränderung gegenüber 2005 in Prozent,K03155,123.076923,123.076923076923
2012,Peine,Rumänien,Veränderung gegenüber 2005 in Prozent,K03157,81.25,81.25
2012,Wolfenbüttel,Rumänien,Veränderung gegenüber 2005 in Prozent,K03158,137.5,137.5
2012,Göttingen,Rumänien,Veränderung gegenüber 2005 in Prozent,K03159,54.7169811,54.7169811320755
2012,Statistische Region Braunschweig,Rumänien,Veränderung gegenüber 2005 in Prozent,K031,56.3118812,56.3118811881188
2012,Region Hannover,Rumänien,Veränderung gegenüber 2005 in Prozent,K03241,139.89071,139.890710382514
2012,"dav. Hannover, Lhst.",Rumänien,Veränderung gegenüber 2005 in Prozent,K03241001,263.283582,263.283582089552
2012,"dav. Hannover, Umland",Rumänien,Veränderung gegenüber 2005 in Prozent,K03241999,35.768262,35.7682619647355
2012,Diepholz,Rumänien,Veränderung gegenüber 2005 in Prozent,K03251,442.372881,442.372881355932
2012,Hameln-Pyrmont,Rumänien,Veränderung gegenüber 2005 in Prozent,K03252,241.818182,241.818181818182
2012,Hildesheim,Rumänien,Veränderung gegenüber 2005 in Prozent,K03254,70.7692308,70.7692307692308
2012,Holzminden,Rumänien,Veränderung gegenüber 2005 in Prozent,K03255,92.8571429,92.8571428571429
2012,Nienburg (Weser),Rumänien,Veränderung gegenüber 2005 in Prozent,K03256,384.848485,384.848484848485
2012,Schaumburg,Rumänien,Veränderung gegenüber 2005 in Prozent,K03257,40.6779661,40.6779661016949
2012,Statistische Region Hannover,Rumänien,Veränderung gegenüber 2005 in Prozent,K032,154.713494,154.713493530499
2012,Celle,Rumänien,Veränderung gegenüber 2005 in Prozent,K03351,90.6666667,90.6666666666667
2012,Cuxhaven,Rumänien,Veränderung gegenüber 2005 in Prozent,K03352,56.4102564,56.4102564102564
2012,Harburg,Rumänien,Veränderung gegenüber 2005 in Prozent,K03353,71.4285714,71.4285714285714
2012,Lüchow-Dannenberg,Rumänien,Veränderung gegenüber 2005 in Prozent,K03354,1225.0,1225.0
2012,Lüneburg,Rumänien,Veränderung gegenüber 2005 in Prozent,K03355,248.648649,248.648648648649
2012,Osterholz,Rumänien,Veränderung gegenüber 2005 in Prozent,K03356,118.75,118.75
2012,Rotenburg (Wümme),Rumänien,Veränderung gegenüber 2005 in Prozent,K03357,232.142857,232.142857142857
2012,Heidekreis,Rumänien,Veränderung gegenüber 2005 in Prozent,K03358,109.756098,109.756097560976
2012,Stade,Rumänien,Veränderung gegenüber 2005 in Prozent,K03359,130.588235,130.588235294118
2012,Uelzen,Rumänien,Veränderung gegenüber 2005 in Prozent,K03360,190.909091,190.909090909091
2012,Verden,Rumänien,Veränderung gegenüber 2005 in Prozent,K03361,171.428571,171.428571428571
2012,Statistische Region Lüneburg,Rumänien,Veränderung gegenüber 2005 in Prozent,K033,142.8051,142.805100182149
2012,"Delmenhorst, Stadt",Rumänien,Veränderung gegenüber 2005 in Prozent,K03401,230.769231,230.769230769231
2012,"Emden, Stadt",Rumänien,Veränderung gegenüber 2005 in Prozent,K03402,161.538462,161.538461538462
2012,"Oldenburg (Oldb), Stadt",Rumänien,Veränderung gegenüber 2005 in Prozent,K03403,73.0434783,73.0434782608696
2012,"Osnabrück, Stadt",Rumänien,Veränderung gegenüber 2005 in Prozent,K03404,603.389831,603.389830508475
2012,"Wilhelmshaven, Stadt",Rumänien,Veränderung gegenüber 2005 in Prozent,K03405,553.333333,553.333333333333
2012,Ammerland,Rumänien,Veränderung gegenüber 2005 in Prozent,K03451,444.0,444.0
2012,Aurich,Rumänien,Veränderung gegenüber 2005 in Prozent,K03452,225.806452,225.806451612903
2012,Cloppenburg,Rumänien,Veränderung gegenüber 2005 in Prozent,K03453,3997.05882,3997.05882352941
2012,Emsland,Rumänien,Veränderung gegenüber 2005 in Prozent,K03454,1756.57895,1756.57894736842
2012,Friesland,Rumänien,Veränderung gegenüber 2005 in Prozent,K03455,104.347826,104.347826086957
2012,Grafschaft Bentheim,Rumänien,Veränderung gegenüber 2005 in Prozent,K03456,435.135135,435.135135135135
2012,Leer,Rumänien,Veränderung gegenüber 2005 in Prozent,K03457,123.770492,123.770491803279
2012,Oldenburg,Rumänien,Veränderung gegenüber 2005 in Prozent,K03458,1038.88889,1038.88888888889
2012,Osnabrück,Rumänien,Veränderung gegenüber 2005 in Prozent,K03459,727.480916,727.480916030534
2012,Vechta,Rumänien,Veränderung gegenüber 2005 in Prozent,K03460,794.186047,794.186046511628
2012,Wesermarsch,Rumänien,Veränderung gegenüber 2005 in Prozent,K03461,57.5,57.5
2012,Wittmund,Rumänien,Veränderung gegenüber 2005 in Prozent,K03462,362.5,362.5
2012,Statistische Region Weser-Ems,Rumänien,Veränderung gegenüber 2005 in Prozent,K034,630.116649,630.116648992577
2012,Niedersachsen,Rumänien,Veränderung gegenüber 2005 in Prozent,K030,261.827321,261.827321111768
2013,"Braunschweig, Stadt",Rumänien,Veränderung gegenüber 2005 in Prozent,K03101,13.0252101,13.0252100840336
2013,"Salzgitter, Stadt",Rumänien,Veränderung gegenüber 2005 in Prozent,K03102,102.5,102.5
2013,"Wolfsburg, Stadt",Rumänien,Veränderung gegenüber 2005 in Prozent,K03103,107.692308,107.692307692308
2013,Gifhorn,Rumänien,Veränderung gegenüber 2005 in Prozent,K03151,140.740741,140.740740740741
2013,Goslar,Rumänien,Veränderung gegenüber 2005 in Prozent,K03153,171.73913,171.739130434783
2013,Helmstedt,Rumänien,Veränderung gegenüber 2005 in Prozent,K03154,255.555556,255.555555555556
2013,Northeim,Rumänien,Veränderung gegenüber 2005 in Prozent,K03155,284.615385,284.615384615385
2013,Peine,Rumänien,Veränderung gegenüber 2005 in Prozent,K03157,140.625,140.625
2013,Wolfenbüttel,Rumänien,Veränderung gegenüber 2005 in Prozent,K03158,245.833333,245.833333333333
2013,Göttingen,Rumänien,Veränderung gegenüber 2005 in Prozent,K03159,75.4716981,75.4716981132076
2013,Statistische Region Braunschweig,Rumänien,Veränderung gegenüber 2005 in Prozent,K031,95.7920792,95.7920792079208
2013,Region Hannover,Rumänien,Veränderung gegenüber 2005 in Prozent,K03241,219.398907,219.398907103825
2013,"dav. Hannover, Lhst.",Rumänien,Veränderung gegenüber 2005 in Prozent,K03241001,367.761194,367.761194029851
2013,"dav. Hannover, Umland",Rumänien,Veränderung gegenüber 2005 in Prozent,K03241999,94.2065491,94.2065491183879
2013,Diepholz,Rumänien,Veränderung gegenüber 2005 in Prozent,K03251,1137.28814,1137.28813559322
2013,Hameln-Pyrmont,Rumänien,Veränderung gegenüber 2005 in Prozent,K03252,521.818182,521.818181818182
2013,Hildesheim,Rumänien,Veränderung gegenüber 2005 in Prozent,K03254,134.615385,134.615384615385
2013,Holzminden,Rumänien,Veränderung gegenüber 2005 in Prozent,K03255,42.8571429,42.8571428571429
2013,Nienburg (Weser),Rumänien,Veränderung gegenüber 2005 in Prozent,K03256,627.272727,627.272727272727
2013,Schaumburg,Rumänien,Veränderung gegenüber 2005 in Prozent,K03257,88.1355932,88.135593220339
2013,Statistische Region Hannover,Rumänien,Veränderung gegenüber 2005 in Prozent,K032,277.634011,277.634011090573
2013,Celle,Rumänien,Veränderung gegenüber 2005 in Prozent,K03351,148.0,148.0
2013,Cuxhaven,Rumänien,Veränderung gegenüber 2005 in Prozent,K03352,117.948718,117.948717948718
2013,Harburg,Rumänien,Veränderung gegenüber 2005 in Prozent,K03353,63.4920635,63.4920634920635
2013,Lüchow-Dannenberg,Rumänien,Veränderung gegenüber 2005 in Prozent,K03354,1787.5,1787.5
2013,Lüneburg,Rumänien,Veränderung gegenüber 2005 in Prozent,K03355,294.594595,294.594594594595
2013,Osterholz,Rumänien,Veränderung gegenüber 2005 in Prozent,K03356,153.125,153.125
2013,Rotenburg (Wümme),Rumänien,Veränderung gegenüber 2005 in Prozent,K03357,305.357143,305.357142857143
2013,Heidekreis,Rumänien,Veränderung gegenüber 2005 in Prozent,K03358,253.658537,253.658536585366
2013,Stade,Rumänien,Veränderung gegenüber 2005 in Prozent,K03359,255.294118,255.294117647059
2013,Uelzen,Rumänien,Veränderung gegenüber 2005 in Prozent,K03360,440.909091,440.909090909091
2013,Verden,Rumänien,Veränderung gegenüber 2005 in Prozent,K03361,339.285714,339.285714285714
2013,Statistische Region Lüneburg,Rumänien,Veränderung gegenüber 2005 in Prozent,K033,222.586521,222.586520947177
2013,"Delmenhorst, Stadt",Rumänien,Veränderung gegenüber 2005 in Prozent,K03401,250.0,250.0
2013,"Emden, Stadt",Rumänien,Veränderung gegenüber 2005 in Prozent,K03402,369.230769,369.230769230769
2013,"Oldenburg (Oldb), Stadt",Rumänien,Veränderung gegenüber 2005 in Prozent,K03403,115.652174,115.652173913043
2013,"Osnabrück, Stadt",Rumänien,Veränderung gegenüber 2005 in Prozent,K03404,672.881356,672.881355932203
2013,"Wilhelmshaven, Stadt",Rumänien,Veränderung gegenüber 2005 in Prozent,K03405,766.666667,766.666666666667
2013,Ammerland,Rumänien,Veränderung gegenüber 2005 in Prozent,K03451,544.0,544.0
2013,Aurich,Rumänien,Veränderung gegenüber 2005 in Prozent,K03452,461.290323,461.290322580645
2013,Cloppenburg,Rumänien,Veränderung gegenüber 2005 in Prozent,K03453,4317.64706,4317.64705882353
2013,Emsland,Rumänien,Veränderung gegenüber 2005 in Prozent,K03454,2146.05263,2146.05263157895
2013,Friesland,Rumänien,Veränderung gegenüber 2005 in Prozent,K03455,178.26087,178.260869565217
2013,Grafschaft Bentheim,Rumänien,Veränderung gegenüber 2005 in Prozent,K03456,418.918919,418.918918918919
2013,Leer,Rumänien,Veränderung gegenüber 2005 in Prozent,K03457,227.04918,227.049180327869
2013,Oldenburg,Rumänien,Veränderung gegenüber 2005 in Prozent,K03458,1386.11111,1386.11111111111
2013,Osnabrück,Rumänien,Veränderung gegenüber 2005 in Prozent,K03459,890.076336,890.076335877863
2013,Vechta,Rumänien,Veränderung gegenüber 2005 in Prozent,K03460,867.44186,867.441860465116
2013,Wesermarsch,Rumänien,Veränderung gegenüber 2005 in Prozent,K03461,92.5,92.5
2013,Wittmund,Rumänien,Veränderung gegenüber 2005 in Prozent,K03462,525.0,525.0
2013,Statistische Region Weser-Ems,Rumänien,Veränderung gegenüber 2005 in Prozent,K034,766.914104,766.914103923648
2013,Niedersachsen,Rumänien,Veränderung gegenüber 2005 in Prozent,K030,361.67948,361.679479597871
2014,"Braunschweig, Stadt",Rumänien,Veränderung gegenüber 2005 in Prozent,K03101,25.210084,25.2100840336134
2014,"Salzgitter, Stadt",Rumänien,Veränderung gegenüber 2005 in Prozent,K03102,242.5,242.5
2014,"Wolfsburg, Stadt",Rumänien,Veränderung gegenüber 2005 in Prozent,K03103,224.358974,224.358974358974
2014,Gifhorn,Rumänien,Veränderung gegenüber 2005 in Prozent,K03151,285.185185,285.185185185185
2014,Goslar,Rumänien,Veränderung gegenüber 2005 in Prozent,K03153,260.869565,260.869565217391
2014,Helmstedt,Rumänien,Veränderung gegenüber 2005 in Prozent,K03154,361.111111,361.111111111111
2014,Northeim,Rumänien,Veränderung gegenüber 2005 in Prozent,K03155,364.102564,364.102564102564
2014,Peine,Rumänien,Veränderung gegenüber 2005 in Prozent,K03157,284.375,284.375
2014,Wolfenbüttel,Rumänien,Veränderung gegenüber 2005 in Prozent,K03158,229.166667,229.166666666667
2014,Göttingen,Rumänien,Veränderung gegenüber 2005 in Prozent,K03159,155.345912,155.345911949686
2014,Statistische Region Braunschweig,Rumänien,Veränderung gegenüber 2005 in Prozent,K031,173.267327,173.267326732673
2014,Region Hannover,Rumänien,Veränderung gegenüber 2005 in Prozent,K03241,335.245902,335.245901639344
2014,"dav. Hannover, Lhst.",Rumänien,Veränderung gegenüber 2005 in Prozent,K03241001,521.19403,521.194029850746
2014,"dav. Hannover, Umland",Rumänien,Veränderung gegenüber 2005 in Prozent,K03241999,178.337531,178.337531486146
2014,Diepholz,Rumänien,Veränderung gegenüber 2005 in Prozent,K03251,1237.28814,1237.28813559322
2014,Hameln-Pyrmont,Rumänien,Veränderung gegenüber 2005 in Prozent,K03252,967.272727,967.272727272727
2014,Hildesheim,Rumänien,Veränderung gegenüber 2005 in Prozent,K03254,247.692308,247.692307692308
2014,Holzminden,Rumänien,Veränderung gegenüber 2005 in Prozent,K03255,42.8571429,42.8571428571429
2014,Nienburg (Weser),Rumänien,Veränderung gegenüber 2005 in Prozent,K03256,987.878788,987.878787878788
2014,Schaumburg,Rumänien,Veränderung gegenüber 2005 in Prozent,K03257,293.220339,293.220338983051
2014,Statistische Region Hannover,Rumänien,Veränderung gegenüber 2005 in Prozent,K032,419.87061,419.870609981516
2014,Celle,Rumänien,Veränderung gegenüber 2005 in Prozent,K03351,405.333333,405.333333333333
2014,Cuxhaven,Rumänien,Veränderung gegenüber 2005 in Prozent,K03352,525.641026,525.641025641026
2014,Harburg,Rumänien,Veränderung gegenüber 2005 in Prozent,K03353,90.4761905,90.4761904761905
2014,Lüchow-Dannenberg,Rumänien,Veränderung gegenüber 2005 in Prozent,K03354,1700.0,1700.0
2014,Lüneburg,Rumänien,Veränderung gegenüber 2005 in Prozent,K03355,456.756757,456.756756756757
2014,Osterholz,Rumänien,Veränderung gegenüber 2005 in Prozent,K03356,265.625,265.625
2014,Rotenburg (Wümme),Rumänien,Veränderung gegenüber 2005 in Prozent,K03357,419.642857,419.642857142857
2014,Heidekreis,Rumänien,Veränderung gegenüber 2005 in Prozent,K03358,351.219512,351.219512195122
2014,Stade,Rumänien,Veränderung gegenüber 2005 in Prozent,K03359,416.470588,416.470588235294
2014,Uelzen,Rumänien,Veränderung gegenüber 2005 in Prozent,K03360,563.636364,563.636363636364
2014,Verden,Rumänien,Veränderung gegenüber 2005 in Prozent,K03361,557.142857,557.142857142857
2014,Statistische Region Lüneburg,Rumänien,Veränderung gegenüber 2005 in Prozent,K033,369.034608,369.034608378871
2014,"Delmenhorst, Stadt",Rumänien,Veränderung gegenüber 2005 in Prozent,K03401,900.0,900.0
2014,"Emden, Stadt",Rumänien,Veränderung gegenüber 2005 in Prozent,K03402,569.230769,569.230769230769
2014,"Oldenburg (Oldb), Stadt",Rumänien,Veränderung gegenüber 2005 in Prozent,K03403,199.130435,199.130434782609
2014,"Osnabrück, Stadt",Rumänien,Veränderung gegenüber 2005 in Prozent,K03404,849.152542,849.152542372881
2014,"Wilhelmshaven, Stadt",Rumänien,Veränderung gegenüber 2005 in Prozent,K03405,1273.33333,1273.33333333333
2014,Ammerland,Rumänien,Veränderung gegenüber 2005 in Prozent,K03451,960.0,960.0
2014,Aurich,Rumänien,Veränderung gegenüber 2005 in Prozent,K03452,967.741935,967.741935483871
2014,Cloppenburg,Rumänien,Veränderung gegenüber 2005 in Prozent,K03453,6470.58824,6470.58823529412
2014,Emsland,Rumänien,Veränderung gegenüber 2005 in Prozent,K03454,2673.68421,2673.68421052632
2014,Friesland,Rumänien,Veränderung gegenüber 2005 in Prozent,K03455,291.304348,291.304347826087
2014,Grafschaft Bentheim,Rumänien,Veränderung gegenüber 2005 in Prozent,K03456,616.216216,616.216216216216
2014,Leer,Rumänien,Veränderung gegenüber 2005 in Prozent,K03457,376.229508,376.229508196721
2014,Oldenburg,Rumänien,Veränderung gegenüber 2005 in Prozent,K03458,2000.0,2000.0
2014,Osnabrück,Rumänien,Veränderung gegenüber 2005 in Prozent,K03459,1234.35115,1234.35114503817
2014,Vechta,Rumänien,Veränderung gegenüber 2005 in Prozent,K03460,1300.0,1300.0
2014,Wesermarsch,Rumänien,Veränderung gegenüber 2005 in Prozent,K03461,130.0,130.0
2014,Wittmund,Rumänien,Veränderung gegenüber 2005 in Prozent,K03462,1000.0,1000.0
2014,Statistische Region Weser-Ems,Rumänien,Veränderung gegenüber 2005 in Prozent,K034,1117.92153,1117.92152704136
2014,Niedersachsen,Rumänien,Veränderung gegenüber 2005 in Prozent,K030,547.338853,547.338852749852
2015,"Braunschweig, Stadt",Rumänien,Veränderung gegenüber 2005 in Prozent,K03101,77.7310924,77.7310924369748
2015,"Salzgitter, Stadt",Rumänien,Veränderung gegenüber 2005 in Prozent,K03102,382.5,382.5
2015,"Wolfsburg, Stadt",Rumänien,Veränderung gegenüber 2005 in Prozent,K03103,305.128205,305.128205128205
2015,Gifhorn,Rumänien,Veränderung gegenüber 2005 in Prozent,K03151,420.37037,420.37037037037
2015,Goslar,Rumänien,Veränderung gegenüber 2005 in Prozent,K03153,389.130435,389.130434782609
2015,Helmstedt,Rumänien,Veränderung gegenüber 2005 in Prozent,K03154,855.555556,855.555555555556
2015,Northeim,Rumänien,Veränderung gegenüber 2005 in Prozent,K03155,538.461538,538.461538461538
2015,Peine,Rumänien,Veränderung gegenüber 2005 in Prozent,K03157,590.625,590.625
2015,Wolfenbüttel,Rumänien,Veränderung gegenüber 2005 in Prozent,K03158,358.333333,358.333333333333
2015,Göttingen,Rumänien,Veränderung gegenüber 2005 in Prozent,K03159,252.201258,252.201257861635
2015,Statistische Region Braunschweig,Rumänien,Veränderung gegenüber 2005 in Prozent,K031,288.118812,288.118811881188
2015,Region Hannover,Rumänien,Veränderung gegenüber 2005 in Prozent,K03241,495.355191,495.355191256831
2015,"dav. Hannover, Lhst.",Rumänien,Veränderung gegenüber 2005 in Prozent,K03241001,692.835821,692.835820895522
2015,"dav. Hannover, Umland",Rumänien,Veränderung gegenüber 2005 in Prozent,K03241999,328.715365,328.715365239295
2015,Diepholz,Rumänien,Veränderung gegenüber 2005 in Prozent,K03251,1581.35593,1581.35593220339
2015,Hameln-Pyrmont,Rumänien,Veränderung gegenüber 2005 in Prozent,K03252,1234.54545,1234.54545454545
2015,Hildesheim,Rumänien,Veränderung gegenüber 2005 in Prozent,K03254,373.076923,373.076923076923
2015,Holzminden,Rumänien,Veränderung gegenüber 2005 in Prozent,K03255,50.0,50.0
2015,Nienburg (Weser),Rumänien,Veränderung gegenüber 2005 in Prozent,K03256,1300.0,1300.0
2015,Schaumburg,Rumänien,Veränderung gegenüber 2005 in Prozent,K03257,474.576271,474.576271186441
2015,Statistische Region Hannover,Rumänien,Veränderung gegenüber 2005 in Prozent,K032,595.101664,595.101663585952
2015,Celle,Rumänien,Veränderung gegenüber 2005 in Prozent,K03351,492.0,492.0
2015,Cuxhaven,Rumänien,Veränderung gegenüber 2005 in Prozent,K03352,571.794872,571.794871794872
2015,Harburg,Rumänien,Veränderung gegenüber 2005 in Prozent,K03353,103.968254,103.968253968254
2015,Lüchow-Dannenberg,Rumänien,Veränderung gegenüber 2005 in Prozent,K03354,750.0,750.0
2015,Lüneburg,Rumänien,Veränderung gegenüber 2005 in Prozent,K03355,543.243243,543.243243243243
2015,Osterholz,Rumänien,Veränderung gegenüber 2005 in Prozent,K03356,325.0,325.0
2015,Rotenburg (Wümme),Rumänien,Veränderung gegenüber 2005 in Prozent,K03357,505.357143,505.357142857143
2015,Heidekreis,Rumänien,Veränderung gegenüber 2005 in Prozent,K03358,595.121951,595.121951219512
2015,Stade,Rumänien,Veränderung gegenüber 2005 in Prozent,K03359,556.470588,556.470588235294
2015,Uelzen,Rumänien,Veränderung gegenüber 2005 in Prozent,K03360,709.090909,709.090909090909
2015,Verden,Rumänien,Veränderung gegenüber 2005 in Prozent,K03361,775.0,775.0
2015,Statistische Region Lüneburg,Rumänien,Veränderung gegenüber 2005 in Prozent,K033,448.269581,448.269581056466
2015,"Delmenhorst, Stadt",Rumänien,Veränderung gegenüber 2005 in Prozent,K03401,1853.84615,1853.84615384615
2015,"Emden, Stadt",Rumänien,Veränderung gegenüber 2005 in Prozent,K03402,779.487179,779.487179487179
2015,"Oldenburg (Oldb), Stadt",Rumänien,Veränderung gegenüber 2005 in Prozent,K03403,346.956522,346.95652173913
2015,"Osnabrück, Stadt",Rumänien,Veränderung gegenüber 2005 in Prozent,K03404,1061.01695,1061.01694915254
2015,"Wilhelmshaven, Stadt",Rumänien,Veränderung gegenüber 2005 in Prozent,K03405,1766.66667,1766.66666666667
2015,Ammerland,Rumänien,Veränderung gegenüber 2005 in Prozent,K03451,1348.0,1348.0
2015,Aurich,Rumänien,Veränderung gegenüber 2005 in Prozent,K03452,1500.0,1500.0
2015,Cloppenburg,Rumänien,Veränderung gegenüber 2005 in Prozent,K03453,7473.52941,7473.52941176471
2015,Emsland,Rumänien,Veränderung gegenüber 2005 in Prozent,K03454,3738.15789,3738.15789473684
2015,Friesland,Rumänien,Veränderung gegenüber 2005 in Prozent,K03455,404.347826,404.347826086957
2015,Grafschaft Bentheim,Rumänien,Veränderung gegenüber 2005 in Prozent,K03456,900.0,900.0
2015,Leer,Rumänien,Veränderung gegenüber 2005 in Prozent,K03457,557.377049,557.377049180328
2015,Oldenburg,Rumänien,Veränderung gegenüber 2005 in Prozent,K03458,2525.0,2525.0
2015,Osnabrück,Rumänien,Veränderung gegenüber 2005 in Prozent,K03459,1848.0916,1848.09160305344
2015,Vechta,Rumänien,Veränderung gegenüber 2005 in Prozent,K03460,1722.09302,1722.09302325581
2015,Wesermarsch,Rumänien,Veränderung gegenüber 2005 in Prozent,K03461,190.0,190.0
2015,Wittmund,Rumänien,Veränderung gegenüber 2005 in Prozent,K03462,1575.0,1575.0
2015,Statistische Region Weser-Ems,Rumänien,Veränderung gegenüber 2005 in Prozent,K034,1532.87381,1532.87380699894
2015,Niedersachsen,Rumänien,Veränderung gegenüber 2005 in Prozent,K030,759.40272,759.402720283856
2016,"Braunschweig, Stadt",Rumänien,Veränderung gegenüber 2005 in Prozent,K03101,101.680672,101.680672268908
2016,"Salzgitter, Stadt",Rumänien,Veränderung gegenüber 2005 in Prozent,K03102,587.5,587.5
2016,"Wolfsburg, Stadt",Rumänien,Veränderung gegenüber 2005 in Prozent,K03103,374.358974,374.358974358974
2016,Gifhorn,Rumänien,Veränderung gegenüber 2005 in Prozent,K03151,474.074074,474.074074074074
2016,Goslar,Rumänien,Veränderung gegenüber 2005 in Prozent,K03153,541.304348,541.304347826087
2016,Helmstedt,Rumänien,Veränderung gegenüber 2005 in Prozent,K03154,1233.33333,1233.33333333333
2016,Northeim,Rumänien,Veränderung gegenüber 2005 in Prozent,K03155,758.974359,758.974358974359
2016,Peine,Rumänien,Veränderung gegenüber 2005 in Prozent,K03157,837.5,837.5
2016,Wolfenbüttel,Rumänien,Veränderung gegenüber 2005 in Prozent,K03158,337.5,337.5
2016,Göttingen,Rumänien,Veränderung gegenüber 2005 in Prozent,K03159,283.647799,283.647798742138
2016,Statistische Region Braunschweig,Rumänien,Veränderung gegenüber 2005 in Prozent,K031,379.579208,379.579207920792
2016,Region Hannover,Rumänien,Veränderung gegenüber 2005 in Prozent,K03241,665.027322,665.027322404372
2016,"dav. Hannover, Lhst.",Rumänien,Veränderung gegenüber 2005 in Prozent,K03241001,925.373134,925.373134328358
2016,"dav. Hannover, Umland",Rumänien,Veränderung gegenüber 2005 in Prozent,K03241999,445.34005,445.340050377834
2016,Diepholz,Rumänien,Veränderung gegenüber 2005 in Prozent,K03251,1586.44068,1586.4406779661
2016,Hameln-Pyrmont,Rumänien,Veränderung gegenüber 2005 in Prozent,K03252,1709.09091,1709.09090909091
2016,Hildesheim,Rumänien,Veränderung gegenüber 2005 in Prozent,K03254,465.384615,465.384615384615
2016,Holzminden,Rumänien,Veränderung gegenüber 2005 in Prozent,K03255,78.5714286,78.5714285714286
2016,Nienburg (Weser),Rumänien,Veränderung gegenüber 2005 in Prozent,K03256,2460.60606,2460.60606060606
2016,Schaumburg,Rumänien,Veränderung gegenüber 2005 in Prozent,K03257,561.016949,561.016949152542
2016,Statistische Region Hannover,Rumänien,Veränderung gegenüber 2005 in Prozent,K032,785.859519,785.859519408503
2016,Celle,Rumänien,Veränderung gegenüber 2005 in Prozent,K03351,560.0,560.0
2016,Cuxhaven,Rumänien,Veränderung gegenüber 2005 in Prozent,K03352,1156.41026,1156.41025641026
2016,Harburg,Rumänien,Veränderung gegenüber 2005 in Prozent,K03353,257.142857,257.142857142857
2016,Lüchow-Dannenberg,Rumänien,Veränderung gegenüber 2005 in Prozent,K03354,1462.5,1462.5
2016,Lüneburg,Rumänien,Veränderung gegenüber 2005 in Prozent,K03355,859.459459,859.459459459459
2016,Osterholz,Rumänien,Veränderung gegenüber 2005 in Prozent,K03356,337.5,337.5
2016,Rotenburg (Wümme),Rumänien,Veränderung gegenüber 2005 in Prozent,K03357,685.714286,685.714285714286
2016,Heidekreis,Rumänien,Veränderung gegenüber 2005 in Prozent,K03358,826.829268,826.829268292683
2016,Stade,Rumänien,Veränderung gegenüber 2005 in Prozent,K03359,894.117647,894.117647058824
2016,Uelzen,Rumänien,Veränderung gegenüber 2005 in Prozent,K03360,900.0,900.0
2016,Verden,Rumänien,Veränderung gegenüber 2005 in Prozent,K03361,1114.28571,1114.28571428571
2016,Statistische Region Lüneburg,Rumänien,Veränderung gegenüber 2005 in Prozent,K033,678.688525,678.688524590164
2016,"Delmenhorst, Stadt",Rumänien,Veränderung gegenüber 2005 in Prozent,K03401,2400.0,2400.0
2016,"Emden, Stadt",Rumänien,Veränderung gegenüber 2005 in Prozent,K03402,951.282051,951.282051282051
2016,"Oldenburg (Oldb), Stadt",Rumänien,Veränderung gegenüber 2005 in Prozent,K03403,386.956522,386.95652173913
2016,"Osnabrück, Stadt",Rumänien,Veränderung gegenüber 2005 in Prozent,K03404,1120.33898,1120.33898305085
2016,"Wilhelmshaven, Stadt",Rumänien,Veränderung gegenüber 2005 in Prozent,K03405,1933.33333,1933.33333333333
2016,Ammerland,Rumänien,Veränderung gegenüber 2005 in Prozent,K03451,1800.0,1800.0
2016,Aurich,Rumänien,Veränderung gegenüber 2005 in Prozent,K03452,1851.6129,1851.61290322581
2016,Cloppenburg,Rumänien,Veränderung gegenüber 2005 in Prozent,K03453,10076.4706,10076.4705882353
2016,Emsland,Rumänien,Veränderung gegenüber 2005 in Prozent,K03454,4636.84211,4636.84210526316
2016,Friesland,Rumänien,Veränderung gegenüber 2005 in Prozent,K03455,421.73913,421.739130434783
2016,Grafschaft Bentheim,Rumänien,Veränderung gegenüber 2005 in Prozent,K03456,1332.43243,1332.43243243243
2016,Leer,Rumänien,Veränderung gegenüber 2005 in Prozent,K03457,666.393443,666.393442622951
2016,Oldenburg,Rumänien,Veränderung gegenüber 2005 in Prozent,K03458,3830.55556,3830.55555555556
2016,Osnabrück,Rumänien,Veränderung gegenüber 2005 in Prozent,K03459,2506.87023,2506.87022900763
2016,Vechta,Rumänien,Veränderung gegenüber 2005 in Prozent,K03460,2086.04651,2086.04651162791
2016,Wesermarsch,Rumänien,Veränderung gegenüber 2005 in Prozent,K03461,256.25,256.25
2016,Wittmund,Rumänien,Veränderung gegenüber 2005 in Prozent,K03462,1712.5,1712.5
2016,Statistische Region Weser-Ems,Rumänien,Veränderung gegenüber 2005 in Prozent,K034,1969.45917,1969.4591728526
2016,Niedersachsen,Rumänien,Veränderung gegenüber 2005 in Prozent,K030,1001.41928,1001.41927853341
2017,"Braunschweig, Stadt",Rumänien,Veränderung gegenüber 2005 in Prozent,K03101,112.184874,112.18487394958
2017,"Salzgitter, Stadt",Rumänien,Veränderung gegenüber 2005 in Prozent,K03102,870.833333,870.833333333333
2017,"Wolfsburg, Stadt",Rumänien,Veränderung gegenüber 2005 in Prozent,K03103,444.871795,444.871794871795
2017,Gifhorn,Rumänien,Veränderung gegenüber 2005 in Prozent,K03151,585.185185,585.185185185185
2017,Goslar,Rumänien,Veränderung gegenüber 2005 in Prozent,K03153,726.086957,726.086956521739
2017,Helmstedt,Rumänien,Veränderung gegenüber 2005 in Prozent,K03154,1788.88889,1788.88888888889
2017,Northeim,Rumänien,Veränderung gegenüber 2005 in Prozent,K03155,771.794872,771.794871794872
2017,Peine,Rumänien,Veränderung gegenüber 2005 in Prozent,K03157,1040.625,1040.625
2017,Wolfenbüttel,Rumänien,Veränderung gegenüber 2005 in Prozent,K03158,441.666667,441.666666666667
2017,Göttingen,Rumänien,Veränderung gegenüber 2005 in Prozent,K03159,296.226415,296.22641509434
2017,Statistische Region Braunschweig,Rumänien,Veränderung gegenüber 2005 in Prozent,K031,475.49505,475.49504950495
2017,Region Hannover,Rumänien,Veränderung gegenüber 2005 in Prozent,K03241,739.480874,739.48087431694
2017,"dav. Hannover, Lhst.",Rumänien,Veränderung gegenüber 2005 in Prozent,K03241001,974.626866,974.626865671642
2017,"dav. Hannover, Umland",Rumänien,Veränderung gegenüber 2005 in Prozent,K03241999,541.057935,541.057934508816
2017,Diepholz,Rumänien,Veränderung gegenüber 2005 in Prozent,K03251,1722.0339,1722.03389830508
2017,Hameln-Pyrmont,Rumänien,Veränderung gegenüber 2005 in Prozent,K03252,1936.36364,1936.36363636364
2017,Hildesheim,Rumänien,Veränderung gegenüber 2005 in Prozent,K03254,576.923077,576.923076923077
2017,Holzminden,Rumänien,Veränderung gegenüber 2005 in Prozent,K03255,114.285714,114.285714285714
2017,Nienburg (Weser),Rumänien,Veränderung gegenüber 2005 in Prozent,K03256,3081.81818,3081.81818181818
2017,Schaumburg,Rumänien,Veränderung gegenüber 2005 in Prozent,K03257,705.084746,705.084745762712
2017,Statistische Region Hannover,Rumänien,Veränderung gegenüber 2005 in Prozent,K032,895.841035,895.841035120148
2017,Celle,Rumänien,Veränderung gegenüber 2005 in Prozent,K03351,660.0,660.0
2017,Cuxhaven,Rumänien,Veränderung gegenüber 2005 in Prozent,K03352,1323.07692,1323.07692307692
2017,Harburg,Rumänien,Veränderung gegenüber 2005 in Prozent,K03353,431.746032,431.746031746032
2017,Lüchow-Dannenberg,Rumänien,Veränderung gegenüber 2005 in Prozent,K03354,1400.0,1400.0
2017,Lüneburg,Rumänien,Veränderung gegenüber 2005 in Prozent,K03355,886.486486,886.486486486486
2017,Osterholz,Rumänien,Veränderung gegenüber 2005 in Prozent,K03356,509.375,509.375
2017,Rotenburg (Wümme),Rumänien,Veränderung gegenüber 2005 in Prozent,K03357,846.428571,846.428571428571
2017,Heidekreis,Rumänien,Veränderung gegenüber 2005 in Prozent,K03358,960.97561,960.975609756098
2017,Stade,Rumänien,Veränderung gegenüber 2005 in Prozent,K03359,1135.29412,1135.29411764706
2017,Uelzen,Rumänien,Veränderung gegenüber 2005 in Prozent,K03360,1195.45455,1195.45454545455
2017,Verden,Rumänien,Veränderung gegenüber 2005 in Prozent,K03361,1400.0,1400.0
2017,Statistische Region Lüneburg,Rumänien,Veränderung gegenüber 2005 in Prozent,K033,848.087432,848.087431693989
2017,"Delmenhorst, Stadt",Rumänien,Veränderung gegenüber 2005 in Prozent,K03401,3438.46154,3438.46153846154
2017,"Emden, Stadt",Rumänien,Veränderung gegenüber 2005 in Prozent,K03402,1169.23077,1169.23076923077
2017,"Oldenburg (Oldb), Stadt",Rumänien,Veränderung gegenüber 2005 in Prozent,K03403,465.217391,465.217391304348
2017,"Osnabrück, Stadt",Rumänien,Veränderung gegenüber 2005 in Prozent,K03404,1315.25424,1315.25423728814
2017,"Wilhelmshaven, Stadt",Rumänien,Veränderung gegenüber 2005 in Prozent,K03405,2266.66667,2266.66666666667
2017,Ammerland,Rumänien,Veränderung gegenüber 2005 in Prozent,K03451,2340.0,2340.0
2017,Aurich,Rumänien,Veränderung gegenüber 2005 in Prozent,K03452,2545.16129,2545.16129032258
2017,Cloppenburg,Rumänien,Veränderung gegenüber 2005 in Prozent,K03453,9591.17647,9591.17647058824
2017,Emsland,Rumänien,Veränderung gegenüber 2005 in Prozent,K03454,6005.26316,6005.26315789474
2017,Friesland,Rumänien,Veränderung gegenüber 2005 in Prozent,K03455,660.869565,660.869565217391
2017,Grafschaft Bentheim,Rumänien,Veränderung gegenüber 2005 in Prozent,K03456,1481.08108,1481.08108108108
2017,Leer,Rumänien,Veränderung gegenüber 2005 in Prozent,K03457,854.918033,854.918032786885
2017,Oldenburg,Rumänien,Veränderung gegenüber 2005 in Prozent,K03458,4608.33333,4608.33333333333
2017,Osnabrück,Rumänien,Veränderung gegenüber 2005 in Prozent,K03459,3159.54198,3159.54198473282
2017,Vechta,Rumänien,Veränderung gegenüber 2005 in Prozent,K03460,2458.13953,2458.13953488372
2017,Wesermarsch,Rumänien,Veränderung gegenüber 2005 in Prozent,K03461,337.5,337.5
2017,Wittmund,Rumänien,Veränderung gegenüber 2005 in Prozent,K03462,2150.0,2150.0
2017,Statistische Region Weser-Ems,Rumänien,Veränderung gegenüber 2005 in Prozent,K034,2363.94486,2363.94485683987
2017,Niedersachsen,Rumänien,Veränderung gegenüber 2005 in Prozent,K030,1196.86576,1196.86575990538
2018,"Braunschweig, Stadt",Rumänien,Veränderung gegenüber 2005 in Prozent,K03101,135.294118,135.294117647059
2018,"Salzgitter, Stadt",Rumänien,Veränderung gegenüber 2005 in Prozent,K03102,1254.16667,1254.16666666667
2018,"Wolfsburg, Stadt",Rumänien,Veränderung gegenüber 2005 in Prozent,K03103,476.923077,476.923076923077
2018,Gifhorn,Rumänien,Veränderung gegenüber 2005 in Prozent,K03151,779.62963,779.62962962963
2018,Goslar,Rumänien,Veränderung gegenüber 2005 in Prozent,K03153,780.434783,780.434782608696
2018,Helmstedt,Rumänien,Veränderung gegenüber 2005 in Prozent,K03154,1761.11111,1761.11111111111
2018,Northeim,Rumänien,Veränderung gegenüber 2005 in Prozent,K03155,912.820513,912.820512820513
2018,Peine,Rumänien,Veränderung gegenüber 2005 in Prozent,K03157,1353.125,1353.125
2018,Wolfenbüttel,Rumänien,Veränderung gegenüber 2005 in Prozent,K03158,441.666667,441.666666666667
2018,Göttingen,Rumänien,Veränderung gegenüber 2005 in Prozent,K03159,409.433962,409.433962264151
2018,Statistische Region Braunschweig,Rumänien,Veränderung gegenüber 2005 in Prozent,K031,599.257426,599.257425742574
2018,Region Hannover,Rumänien,Veränderung gegenüber 2005 in Prozent,K03241,783.196721,783.196721311475
2018,"dav. Hannover, Lhst.",Rumänien,Veränderung gegenüber 2005 in Prozent,K03241001,991.044776,991.044776119403
2018,"dav. Hannover, Umland",Rumänien,Veränderung gegenüber 2005 in Prozent,K03241999,607.808564,607.808564231738
2018,Diepholz,Rumänien,Veränderung gegenüber 2005 in Prozent,K03251,2188.13559,2188.13559322034
2018,Hameln-Pyrmont,Rumänien,Veränderung gegenüber 2005 in Prozent,K03252,2263.63636,2263.63636363636
2018,Hildesheim,Rumänien,Veränderung gegenüber 2005 in Prozent,K03254,684.615385,684.615384615385
2018,Holzminden,Rumänien,Veränderung gegenüber 2005 in Prozent,K03255,257.142857,257.142857142857
2018,Nienburg (Weser),Rumänien,Veränderung gegenüber 2005 in Prozent,K03256,3793.93939,3793.93939393939
2018,Schaumburg,Rumänien,Veränderung gegenüber 2005 in Prozent,K03257,823.728814,823.728813559322
2018,Statistische Region Hannover,Rumänien,Veränderung gegenüber 2005 in Prozent,K032,1010.44362,1010.44362292052
2018,Celle,Rumänien,Veränderung gegenüber 2005 in Prozent,K03351,940.0,940.0
2018,Cuxhaven,Rumänien,Veränderung gegenüber 2005 in Prozent,K03352,1387.17949,1387.17948717949
2018,Harburg,Rumänien,Veränderung gegenüber 2005 in Prozent,K03353,709.52381,709.52380952381
2018,Lüchow-Dannenberg,Rumänien,Veränderung gegenüber 2005 in Prozent,K03354,1525.0,1525.0
2018,Lüneburg,Rumänien,Veränderung gegenüber 2005 in Prozent,K03355,1224.32432,1224.32432432432
2018,Osterholz,Rumänien,Veränderung gegenüber 2005 in Prozent,K03356,509.375,509.375
2018,Rotenburg (Wümme),Rumänien,Veränderung gegenüber 2005 in Prozent,K03357,989.285714,989.285714285714
2018,Heidekreis,Rumänien,Veränderung gegenüber 2005 in Prozent,K03358,1400.0,1400.0
2018,Stade,Rumänien,Veränderung gegenüber 2005 in Prozent,K03359,1400.0,1400.0
2018,Uelzen,Rumänien,Veränderung gegenüber 2005 in Prozent,K03360,1377.27273,1377.27272727273
2018,Verden,Rumänien,Veränderung gegenüber 2005 in Prozent,K03361,1614.28571,1614.28571428571
2018,Statistische Region Lüneburg,Rumänien,Veränderung gegenüber 2005 in Prozent,K033,1084.8816,1084.88160291439
2018,"Delmenhorst, Stadt",Rumänien,Veränderung gegenüber 2005 in Prozent,K03401,4034.61538,4034.61538461538
2018,"Emden, Stadt",Rumänien,Veränderung gegenüber 2005 in Prozent,K03402,1297.4359,1297.4358974359
2018,"Oldenburg (Oldb), Stadt",Rumänien,Veränderung gegenüber 2005 in Prozent,K03403,586.956522,586.95652173913
2018,"Osnabrück, Stadt",Rumänien,Veränderung gegenüber 2005 in Prozent,K03404,1357.62712,1357.62711864407
2018,"Wilhelmshaven, Stadt",Rumänien,Veränderung gegenüber 2005 in Prozent,K03405,2666.66667,2666.66666666667
2018,Ammerland,Rumänien,Veränderung gegenüber 2005 in Prozent,K03451,2660.0,2660.0
2018,Aurich,Rumänien,Veränderung gegenüber 2005 in Prozent,K03452,2980.64516,2980.64516129032
2018,Cloppenburg,Rumänien,Veränderung gegenüber 2005 in Prozent,K03453,13635.2941,13635.2941176471
2018,Emsland,Rumänien,Veränderung gegenüber 2005 in Prozent,K03454,7880.26316,7880.26315789474
2018,Friesland,Rumänien,Veränderung gegenüber 2005 in Prozent,K03455,834.782609,834.782608695652
2018,Grafschaft Bentheim,Rumänien,Veränderung gegenüber 2005 in Prozent,K03456,1589.18919,1589.18918918919
2018,Leer,Rumänien,Veränderung gegenüber 2005 in Prozent,K03457,1043.44262,1043.44262295082
2018,Oldenburg,Rumänien,Veränderung gegenüber 2005 in Prozent,K03458,4719.44444,4719.44444444444
2018,Osnabrück,Rumänien,Veränderung gegenüber 2005 in Prozent,K03459,3858.01527,3858.01526717557
2018,Vechta,Rumänien,Veränderung gegenüber 2005 in Prozent,K03460,3056.97674,3056.97674418605
2018,Wesermarsch,Rumänien,Veränderung gegenüber 2005 in Prozent,K03461,312.5,312.5
2018,Wittmund,Rumänien,Veränderung gegenüber 2005 in Prozent,K03462,2337.5,2337.5
2018,Statistische Region Weser-Ems,Rumänien,Veränderung gegenüber 2005 in Prozent,K034,2918.55779,2918.55779427359
2018,Niedersachsen,Rumänien,Veränderung gegenüber 2005 in Prozent,K030,1456.32762,1456.3276167948
2019,"Braunschweig, Stadt",Rumänien,Veränderung gegenüber 2005 in Prozent,K03101,156.302521,156.302521008403
2019,"Salzgitter, Stadt",Rumänien,Veränderung gegenüber 2005 in Prozent,K03102,1262.5,1262.5
2019,"Wolfsburg, Stadt",Rumänien,Veränderung gegenüber 2005 in Prozent,K03103,521.794872,521.794871794872
2019,Gifhorn,Rumänien,Veränderung gegenüber 2005 in Prozent,K03151,1057.40741,1057.40740740741
2019,Goslar,Rumänien,Veränderung gegenüber 2005 in Prozent,K03153,943.478261,943.478260869565
2019,Helmstedt,Rumänien,Veränderung gegenüber 2005 in Prozent,K03154,1650.0,1650.0
2019,Northeim,Rumänien,Veränderung gegenüber 2005 in Prozent,K03155,1169.23077,1169.23076923077
2019,Peine,Rumänien,Veränderung gegenüber 2005 in Prozent,K03157,1525.0,1525.0
2019,Wolfenbüttel,Rumänien,Veränderung gegenüber 2005 in Prozent,K03158,420.833333,420.833333333333
2019,Göttingen,Rumänien,Veränderung gegenüber 2005 in Prozent,K03159,613.836478,613.836477987421
2019,Statistische Region Braunschweig,Rumänien,Veränderung gegenüber 2005 in Prozent,K031,695.792079,695.792079207921
2019,Region Hannover,Rumänien,Veränderung gegenüber 2005 in Prozent,K03241,838.52459,838.524590163934
2019,"dav. Hannover, Lhst.",Rumänien,Veränderung gegenüber 2005 in Prozent,K03241001,1008.95522,1008.9552238806
2019,"dav. Hannover, Umland",Rumänien,Veränderung gegenüber 2005 in Prozent,K03241999,694.710327,694.710327455919
2019,Diepholz,Rumänien,Veränderung gegenüber 2005 in Prozent,K03251,2916.94915,2916.94915254237
2019,Hameln-Pyrmont,Rumänien,Veränderung gegenüber 2005 in Prozent,K03252,2254.54545,2254.54545454545
2019,Hildesheim,Rumänien,Veränderung gegenüber 2005 in Prozent,K03254,838.461538,838.461538461538
2019,Holzminden,Rumänien,Veränderung gegenüber 2005 in Prozent,K03255,364.285714,364.285714285714
2019,Nienburg (Weser),Rumänien,Veränderung gegenüber 2005 in Prozent,K03256,3475.75758,3475.75757575758
2019,Schaumburg,Rumänien,Veränderung gegenüber 2005 in Prozent,K03257,959.322034,959.322033898305
2019,Statistische Region Hannover,Rumänien,Veränderung gegenüber 2005 in Prozent,K032,1104.71349,1104.7134935305
2019,Celle,Rumänien,Veränderung gegenüber 2005 in Prozent,K03351,1120.0,1120.0
2019,Cuxhaven,Rumänien,Veränderung gegenüber 2005 in Prozent,K03352,1387.17949,1387.17948717949
2019,Harburg,Rumänien,Veränderung gegenüber 2005 in Prozent,K03353,1201.5873,1201.5873015873
2019,Lüchow-Dannenberg,Rumänien,Veränderung gegenüber 2005 in Prozent,K03354,1587.5,1587.5
2019,Lüneburg,Rumänien,Veränderung gegenüber 2005 in Prozent,K03355,1400.0,1400.0
2019,Osterholz,Rumänien,Veränderung gegenüber 2005 in Prozent,K03356,493.75,493.75
2019,Rotenburg (Wümme),Rumänien,Veränderung gegenüber 2005 in Prozent,K03357,1194.64286,1194.64285714286
2019,Heidekreis,Rumänien,Veränderung gegenüber 2005 in Prozent,K03358,1717.07317,1717.07317073171
2019,Stade,Rumänien,Veränderung gegenüber 2005 in Prozent,K03359,1688.23529,1688.23529411765
2019,Uelzen,Rumänien,Veränderung gegenüber 2005 in Prozent,K03360,1468.18182,1468.18181818182
2019,Verden,Rumänien,Veränderung gegenüber 2005 in Prozent,K03361,1989.28571,1989.28571428571
2019,Statistische Region Lüneburg,Rumänien,Veränderung gegenüber 2005 in Prozent,K033,1344.44444,1344.44444444444
2019,"Delmenhorst, Stadt",Rumänien,Veränderung gegenüber 2005 in Prozent,K03401,4207.69231,4207.69230769231
2019,"Emden, Stadt",Rumänien,Veränderung gegenüber 2005 in Prozent,K03402,1361.53846,1361.53846153846
2019,"Oldenburg (Oldb), Stadt",Rumänien,Veränderung gegenüber 2005 in Prozent,K03403,739.130435,739.130434782609
2019,"Osnabrück, Stadt",Rumänien,Veränderung gegenüber 2005 in Prozent,K03404,1552.54237,1552.54237288136
2019,"Wilhelmshaven, Stadt",Rumänien,Veränderung gegenüber 2005 in Prozent,K03405,3400.0,3400.0
2019,Ammerland,Rumänien,Veränderung gegenüber 2005 in Prozent,K03451,3040.0,3040.0
2019,Aurich,Rumänien,Veränderung gegenüber 2005 in Prozent,K03452,3367.74194,3367.74193548387
2019,Cloppenburg,Rumänien,Veränderung gegenüber 2005 in Prozent,K03453,13179.4118,13179.4117647059
2019,Emsland,Rumänien,Veränderung gegenüber 2005 in Prozent,K03454,8946.05263,8946.05263157895
2019,Friesland,Rumänien,Veränderung gegenüber 2005 in Prozent,K03455,704.347826,704.347826086957
2019,Grafschaft Bentheim,Rumänien,Veränderung gegenüber 2005 in Prozent,K03456,1859.45946,1859.45945945946
2019,Leer,Rumänien,Veränderung gegenüber 2005 in Prozent,K03457,1240.16393,1240.16393442623
2019,Oldenburg,Rumänien,Veränderung gegenüber 2005 in Prozent,K03458,6580.55556,6580.55555555556
2019,Osnabrück,Rumänien,Veränderung gegenüber 2005 in Prozent,K03459,4144.27481,4144.27480916031
2019,Vechta,Rumänien,Veränderung gegenüber 2005 in Prozent,K03460,3411.62791,3411.62790697674
2019,Wesermarsch,Rumänien,Veränderung gegenüber 2005 in Prozent,K03461,418.75,418.75
2019,Wittmund,Rumänien,Veränderung gegenüber 2005 in Prozent,K03462,2712.5,2712.5
2019,Statistische Region Weser-Ems,Rumänien,Veränderung gegenüber 2005 in Prozent,K034,3248.88653,3248.88653234358
2019,Niedersachsen,Rumänien,Veränderung gegenüber 2005 in Prozent,K030,1643.9385,1643.93849793022
2020,"Braunschweig, Stadt",Rumänien,Veränderung gegenüber 2005 in Prozent,K03101,139.495798,139.495798319328
2020,"Salzgitter, Stadt",Rumänien,Veränderung gegenüber 2005 in Prozent,K03102,1333.33333,1333.33333333333
2020,"Wolfsburg, Stadt",Rumänien,Veränderung gegenüber 2005 in Prozent,K03103,508.974359,508.974358974359
2020,Gifhorn,Rumänien,Veränderung gegenüber 2005 in Prozent,K03151,1362.96296,1362.96296296296
2020,Goslar,Rumänien,Veränderung gegenüber 2005 in Prozent,K03153,1280.43478,1280.4347826087
2020,Helmstedt,Rumänien,Veränderung gegenüber 2005 in Prozent,K03154,2094.44444,2094.44444444444
2020,Northeim,Rumänien,Veränderung gegenüber 2005 in Prozent,K03155,1169.23077,1169.23076923077
2020,Peine,Rumänien,Veränderung gegenüber 2005 in Prozent,K03157,1806.25,1806.25
2020,Wolfenbüttel,Rumänien,Veränderung gegenüber 2005 in Prozent,K03158,545.833333,545.833333333333
2020,Göttingen,Rumänien,Veränderung gegenüber 2005 in Prozent,K03159,761.63522,761.635220125786
2020,Statistische Region Braunschweig,Rumänien,Veränderung gegenüber 2005 in Prozent,K031,792.945545,792.945544554455
2020,Region Hannover,Rumänien,Veränderung gegenüber 2005 in Prozent,K03241,853.551913,853.551912568306
2020,"dav. Hannover, Lhst.",Rumänien,Veränderung gegenüber 2005 in Prozent,K03241001,968.656716,968.656716417911
2020,"dav. Hannover, Umland",Rumänien,Veränderung gegenüber 2005 in Prozent,K03241999,756.423174,756.423173803526
2020,Diepholz,Rumänien,Veränderung gegenüber 2005 in Prozent,K03251,3366.10169,3366.10169491525
2020,Hameln-Pyrmont,Rumänien,Veränderung gegenüber 2005 in Prozent,K03252,2554.54545,2554.54545454545
2020,Hildesheim,Rumänien,Veränderung gegenüber 2005 in Prozent,K03254,953.846154,953.846153846154
2020,Holzminden,Rumänien,Veränderung gegenüber 2005 in Prozent,K03255,971.428571,971.428571428571
2020,Nienburg (Weser),Rumänien,Veränderung gegenüber 2005 in Prozent,K03256,3460.60606,3460.60606060606
2020,Schaumburg,Rumänien,Veränderung gegenüber 2005 in Prozent,K03257,1111.86441,1111.86440677966
2020,Statistische Region Hannover,Rumänien,Veränderung gegenüber 2005 in Prozent,K032,1184.19593,1184.19593345656
2020,Celle,Rumänien,Veränderung gegenüber 2005 in Prozent,K03351,1106.66667,1106.66666666667
2020,Cuxhaven,Rumänien,Veränderung gegenüber 2005 in Prozent,K03352,1400.0,1400.0
2020,Harburg,Rumänien,Veränderung gegenüber 2005 in Prozent,K03353,1376.19048,1376.19047619048
2020,Lüchow-Dannenberg,Rumänien,Veränderung gegenüber 2005 in Prozent,K03354,1775.0,1775.0
2020,Lüneburg,Rumänien,Veränderung gegenüber 2005 in Prozent,K03355,1386.48649,1386.48648648649
2020,Osterholz,Rumänien,Veränderung gegenüber 2005 in Prozent,K03356,509.375,509.375
2020,Rotenburg (Wümme),Rumänien,Veränderung gegenüber 2005 in Prozent,K03357,1328.57143,1328.57142857143
2020,Heidekreis,Rumänien,Veränderung gegenüber 2005 in Prozent,K03358,2253.65854,2253.65853658537
2020,Stade,Rumänien,Veränderung gegenüber 2005 in Prozent,K03359,1711.76471,1711.76470588235
2020,Uelzen,Rumänien,Veränderung gegenüber 2005 in Prozent,K03360,1490.90909,1490.90909090909
2020,Verden,Rumänien,Veränderung gegenüber 2005 in Prozent,K03361,2346.42857,2346.42857142857
2020,Statistische Region Lüneburg,Rumänien,Veränderung gegenüber 2005 in Prozent,K033,1463.75228,1463.75227686703
2020,"Delmenhorst, Stadt",Rumänien,Veränderung gegenüber 2005 in Prozent,K03401,4573.07692,4573.07692307692
2020,"Emden, Stadt",Rumänien,Veränderung gegenüber 2005 in Prozent,K03402,1476.92308,1476.92307692308
2020,"Oldenburg (Oldb), Stadt",Rumänien,Veränderung gegenüber 2005 in Prozent,K03403,886.956522,886.95652173913
2020,"Osnabrück, Stadt",Rumänien,Veränderung gegenüber 2005 in Prozent,K03404,1645.76271,1645.76271186441
2020,"Wilhelmshaven, Stadt",Rumänien,Veränderung gegenüber 2005 in Prozent,K03405,3566.66667,3566.66666666667
2020,Ammerland,Rumänien,Veränderung gegenüber 2005 in Prozent,K03451,3580.0,3580.0
2020,Aurich,Rumänien,Veränderung gegenüber 2005 in Prozent,K03452,3480.64516,3480.64516129032
2020,Cloppenburg,Rumänien,Veränderung gegenüber 2005 in Prozent,K03453,16532.3529,16532.3529411765
2020,Emsland,Rumänien,Veränderung gegenüber 2005 in Prozent,K03454,9215.78947,9215.78947368421
2020,Friesland,Rumänien,Veränderung gegenüber 2005 in Prozent,K03455,791.304348,791.304347826087
2020,Grafschaft Bentheim,Rumänien,Veränderung gegenüber 2005 in Prozent,K03456,2183.78378,2183.78378378378
2020,Leer,Rumänien,Veränderung gegenüber 2005 in Prozent,K03457,1231.96721,1231.96721311475
2020,Oldenburg,Rumänien,Veränderung gegenüber 2005 in Prozent,K03458,6844.44444,6844.44444444444
2020,Osnabrück,Rumänien,Veränderung gegenüber 2005 in Prozent,K03459,4842.74809,4842.74809160305
2020,Vechta,Rumänien,Veränderung gegenüber 2005 in Prozent,K03460,3731.39535,3731.39534883721
2020,Wesermarsch,Rumänien,Veränderung gegenüber 2005 in Prozent,K03461,468.75,468.75
2020,Wittmund,Rumänien,Veränderung gegenüber 2005 in Prozent,K03462,3275.0,3275.0
2020,Statistische Region Weser-Ems,Rumänien,Veränderung gegenüber 2005 in Prozent,K034,3609.43796,3609.43796394486
2020,Niedersachsen,Rumänien,Veränderung gegenüber 2005 in Prozent,K030,1812.32998,1812.32998225902
2021,"Braunschweig, Stadt",Rumänien,Veränderung gegenüber 2005 in Prozent,K03101,173.109244,173.109243697479
2021,"Salzgitter, Stadt",Rumänien,Veränderung gegenüber 2005 in Prozent,K03102,1375.0,1375.0
2021,"Wolfsburg, Stadt",Rumänien,Veränderung gegenüber 2005 in Prozent,K03103,496.153846,496.153846153846
2021,Gifhorn,Rumänien,Veränderung gegenüber 2005 in Prozent,K03151,1557.40741,1557.40740740741
2021,Goslar,Rumänien,Veränderung gegenüber 2005 in Prozent,K03153,1280.43478,1280.4347826087
2021,Helmstedt,Rumänien,Veränderung gegenüber 2005 in Prozent,K03154,2288.88889,2288.88888888889
2021,Northeim,Rumänien,Veränderung gegenüber 2005 in Prozent,K03155,1143.58974,1143.58974358974
2021,Peine,Rumänien,Veränderung gegenüber 2005 in Prozent,K03157,1946.875,1946.875
2021,Wolfenbüttel,Rumänien,Veränderung gegenüber 2005 in Prozent,K03158,545.833333,545.833333333333
2021,Göttingen,Rumänien,Veränderung gegenüber 2005 in Prozent,K03159,846.540881,846.540880503145
2021,Statistische Region Braunschweig,Rumänien,Veränderung gegenüber 2005 in Prozent,K031,845.544554,845.544554455446
2021,Region Hannover,Rumänien,Veränderung gegenüber 2005 in Prozent,K03241,943.032787,943.032786885246
2021,"dav. Hannover, Lhst.",Rumänien,Veränderung gegenüber 2005 in Prozent,K03241001,1102.98507,1102.98507462687
2021,"dav. Hannover, Umland",Rumänien,Veränderung gegenüber 2005 in Prozent,K03241999,808.060453,808.060453400504
2021,Diepholz,Rumänien,Veränderung gegenüber 2005 in Prozent,K03251,3772.88136,3772.8813559322
2021,Hameln-Pyrmont,Rumänien,Veränderung gegenüber 2005 in Prozent,K03252,2727.27273,2727.27272727273
2021,Hildesheim,Rumänien,Veränderung gegenüber 2005 in Prozent,K03254,1046.15385,1046.15384615385
2021,Holzminden,Rumänien,Veränderung gegenüber 2005 in Prozent,K03255,1507.14286,1507.14285714286
2021,Nienburg (Weser),Rumänien,Veränderung gegenüber 2005 in Prozent,K03256,3945.45455,3945.45454545455
2021,Schaumburg,Rumänien,Veränderung gegenüber 2005 in Prozent,K03257,1137.28814,1137.28813559322
2021,Statistische Region Hannover,Rumänien,Veränderung gegenüber 2005 in Prozent,K032,1309.88909,1309.88909426987
2021,Celle,Rumänien,Veränderung gegenüber 2005 in Prozent,K03351,1286.66667,1286.66666666667
2021,Cuxhaven,Rumänien,Veränderung gegenüber 2005 in Prozent,K03352,1605.12821,1605.12820512821
2021,Harburg,Rumänien,Veränderung gegenüber 2005 in Prozent,K03353,1618.25397,1618.25396825397
2021,Lüchow-Dannenberg,Rumänien,Veränderung gegenüber 2005 in Prozent,K03354,2150.0,2150.0
2021,Lüneburg,Rumänien,Veränderung gegenüber 2005 in Prozent,K03355,1454.05405,1454.05405405405
2021,Osterholz,Rumänien,Veränderung gegenüber 2005 in Prozent,K03356,665.625,665.625
2021,Rotenburg (Wümme),Rumänien,Veränderung gegenüber 2005 in Prozent,K03357,1551.78571,1551.78571428571
2021,Heidekreis,Rumänien,Veränderung gegenüber 2005 in Prozent,K03358,2607.31707,2607.31707317073
2021,Stade,Rumänien,Veränderung gegenüber 2005 in Prozent,K03359,1764.70588,1764.70588235294
2021,Uelzen,Rumänien,Veränderung gegenüber 2005 in Prozent,K03360,1672.72727,1672.72727272727
2021,Verden,Rumänien,Veränderung gegenüber 2005 in Prozent,K03361,2828.57143,2828.57142857143
2021,Statistische Region Lüneburg,Rumänien,Veränderung gegenüber 2005 in Prozent,K033,1667.75956,1667.75956284153
2021,"Delmenhorst, Stadt",Rumänien,Veränderung gegenüber 2005 in Prozent,K03401,5111.53846,5111.53846153846
2021,"Emden, Stadt",Rumänien,Veränderung gegenüber 2005 in Prozent,K03402,1348.71795,1348.71794871795
2021,"Oldenburg (Oldb), Stadt",Rumänien,Veränderung gegenüber 2005 in Prozent,K03403,1017.3913,1017.39130434783
2021,"Osnabrück, Stadt",Rumänien,Veränderung gegenüber 2005 in Prozent,K03404,1764.40678,1764.40677966102
2021,"Wilhelmshaven, Stadt",Rumänien,Veränderung gegenüber 2005 in Prozent,K03405,4000.0,4000.0
2021,Ammerland,Rumänien,Veränderung gegenüber 2005 in Prozent,K03451,3040.0,3040.0
2021,Aurich,Rumänien,Veränderung gegenüber 2005 in Prozent,K03452,3641.93548,3641.93548387097
2021,Cloppenburg,Rumänien,Veränderung gegenüber 2005 in Prozent,K03453,21341.1765,21341.1764705882
2021,Emsland,Rumänien,Veränderung gegenüber 2005 in Prozent,K03454,9972.36842,9972.36842105263
2021,Friesland,Rumänien,Veränderung gegenüber 2005 in Prozent,K03455,943.478261,943.478260869565
2021,Grafschaft Bentheim,Rumänien,Veränderung gegenüber 2005 in Prozent,K03456,2535.13514,2535.13513513514
2021,Leer,Rumänien,Veränderung gegenüber 2005 in Prozent,K03457,1285.2459,1285.24590163934
2021,Oldenburg,Rumänien,Veränderung gegenüber 2005 in Prozent,K03458,7358.33333,7358.33333333333
2021,Osnabrück,Rumänien,Veränderung gegenüber 2005 in Prozent,K03459,5422.90076,5422.90076335878
2021,Vechta,Rumänien,Veränderung gegenüber 2005 in Prozent,K03460,4051.16279,4051.16279069767
2021,Wesermarsch,Rumänien,Veränderung gegenüber 2005 in Prozent,K03461,487.5,487.5
2021,Wittmund,Rumänien,Veränderung gegenüber 2005 in Prozent,K03462,3212.5,3212.5
2021,Statistische Region Weser-Ems,Rumänien,Veränderung gegenüber 2005 in Prozent,K034,4029.37434,4029.37433722163
2021,Niedersachsen,Rumänien,Veränderung gegenüber 2005 in Prozent,K030,2015.31638,2015.31638083974
2022,"Braunschweig, Stadt",Rumänien,Veränderung gegenüber 2005 in Prozent,K03101,166.806723,166.806722689076
2022,"Salzgitter, Stadt",Rumänien,Veränderung gegenüber 2005 in Prozent,K03102,1416.66667,1416.66666666667
2022,"Wolfsburg, Stadt",Rumänien,Veränderung gegenüber 2005 in Prozent,K03103,566.666667,566.666666666667
2022,Gifhorn,Rumänien,Veränderung gegenüber 2005 in Prozent,K03151,1548.14815,1548.14814814815
2022,Goslar,Rumänien,Veränderung gegenüber 2005 in Prozent,K03153,1345.65217,1345.65217391304
2022,Helmstedt,Rumänien,Veränderung gegenüber 2005 in Prozent,K03154,2177.77778,2177.77777777778
2022,Northeim,Rumänien,Veränderung gegenüber 2005 in Prozent,K03155,1233.33333,1233.33333333333
2022,Peine,Rumänien,Veränderung gegenüber 2005 in Prozent,K03157,2103.125,2103.125
2022,Wolfenbüttel,Rumänien,Veränderung gegenüber 2005 in Prozent,K03158,712.5,712.5
2022,Göttingen,Rumänien,Veränderung gegenüber 2005 in Prozent,K03159,909.433962,909.433962264151
2022,Statistische Region Braunschweig,Rumänien,Veränderung gegenüber 2005 in Prozent,K031,886.386139,886.386138613861
2022,Region Hannover,Rumänien,Veränderung gegenüber 2005 in Prozent,K03241,1000.40984,1000.40983606557
2022,"dav. Hannover, Lhst.",Rumänien,Veränderung gegenüber 2005 in Prozent,K03241001,1129.85075,1129.85074626866
2022,"dav. Hannover, Umland",Rumänien,Veränderung gegenüber 2005 in Prozent,K03241999,891.183879,891.183879093199
2022,Diepholz,Rumänien,Veränderung gegenüber 2005 in Prozent,K03251,3891.52542,3891.52542372881
2022,Hameln-Pyrmont,Rumänien,Veränderung gegenüber 2005 in Prozent,K03252,2690.90909,2690.90909090909
2022,Hildesheim,Rumänien,Veränderung gegenüber 2005 in Prozent,K03254,1126.92308,1126.92307692308
2022,Holzminden,Rumänien,Veränderung gegenüber 2005 in Prozent,K03255,1471.42857,1471.42857142857
2022,Nienburg (Weser),Rumänien,Veränderung gegenüber 2005 in Prozent,K03256,4021.21212,4021.21212121212
2022,Schaumburg,Rumänien,Veränderung gegenüber 2005 in Prozent,K03257,1264.40678,1264.40677966102
2022,Statistische Region Hannover,Rumänien,Veränderung gegenüber 2005 in Prozent,K032,1371.81146,1371.81146025878
2022,Celle,Rumänien,Veränderung gegenüber 2005 in Prozent,K03351,1446.66667,1446.66666666667
2022,Cuxhaven,Rumänien,Veränderung gegenüber 2005 in Prozent,K03352,1758.97436,1758.97435897436
2022,Harburg,Rumänien,Veränderung gegenüber 2005 in Prozent,K03353,1626.19048,1626.19047619048
2022,Lüchow-Dannenberg,Rumänien,Veränderung gegenüber 2005 in Prozent,K03354,2087.5,2087.5
2022,Lüneburg,Rumänien,Veränderung gegenüber 2005 in Prozent,K03355,1818.91892,1818.91891891892
2022,Osterholz,Rumänien,Veränderung gegenüber 2005 in Prozent,K03356,728.125,728.125
2022,Rotenburg (Wümme),Rumänien,Veränderung gegenüber 2005 in Prozent,K03357,1667.85714,1667.85714285714
2022,Heidekreis,Rumänien,Veränderung gegenüber 2005 in Prozent,K03358,2765.85366,2765.85365853659
2022,Stade,Rumänien,Veränderung gegenüber 2005 in Prozent,K03359,1858.82353,1858.82352941176
2022,Uelzen,Rumänien,Veränderung gegenüber 2005 in Prozent,K03360,1740.90909,1740.90909090909
2022,Verden,Rumänien,Veränderung gegenüber 2005 in Prozent,K03361,3150.0,3150.0
2022,Statistische Region Lüneburg,Rumänien,Veränderung gegenüber 2005 in Prozent,K033,1784.33515,1784.33515482696
2022,"Delmenhorst, Stadt",Rumänien,Veränderung gegenüber 2005 in Prozent,K03401,5842.30769,5842.30769230769
2022,"Emden, Stadt",Rumänien,Veränderung gegenüber 2005 in Prozent,K03402,1528.20513,1528.20512820513
2022,"Oldenburg (Oldb), Stadt",Rumänien,Veränderung gegenüber 2005 in Prozent,K03403,1082.6087,1082.60869565217
2022,"Osnabrück, Stadt",Rumänien,Veränderung gegenüber 2005 in Prozent,K03404,1908.47458,1908.47457627119
2022,"Wilhelmshaven, Stadt",Rumänien,Veränderung gegenüber 2005 in Prozent,K03405,4600.0,4600.0
2022,Ammerland,Rumänien,Veränderung gegenüber 2005 in Prozent,K03451,3140.0,3140.0
2022,Aurich,Rumänien,Veränderung gegenüber 2005 in Prozent,K03452,4061.29032,4061.29032258065
2022,Cloppenburg,Rumänien,Veränderung gegenüber 2005 in Prozent,K03453,20429.4118,20429.4117647059
2022,Emsland,Rumänien,Veränderung gegenüber 2005 in Prozent,K03454,10571.0526,10571.0526315789
2022,Friesland,Rumänien,Veränderung gegenüber 2005 in Prozent,K03455,813.043478,813.04347826087
2022,Grafschaft Bentheim,Rumänien,Veränderung gegenüber 2005 in Prozent,K03456,3075.67568,3075.67567567568
2022,Leer,Rumänien,Veränderung gegenüber 2005 in Prozent,K03457,1326.22951,1326.22950819672
2022,Oldenburg,Rumänien,Veränderung gegenüber 2005 in Prozent,K03458,7066.66667,7066.66666666667
2022,Osnabrück,Rumänien,Veränderung gegenüber 2005 in Prozent,K03459,5808.39695,5808.39694656489
2022,Vechta,Rumänien,Veränderung gegenüber 2005 in Prozent,K03460,4231.39535,4231.39534883721
2022,Wesermarsch,Rumänien,Veränderung gegenüber 2005 in Prozent,K03461,512.5,512.5
2022,Wittmund,Rumänien,Veränderung gegenüber 2005 in Prozent,K03462,3650.0,3650.0
2022,Statistische Region Weser-Ems,Rumänien,Veränderung gegenüber 2005 in Prozent,K034,4201.69671,4201.6967126193
2022,Niedersachsen,Rumänien,Veränderung gegenüber 2005 in Prozent,K030,2111.85689,2111.85688941455
2023,"Braunschweig, Stadt",Rumänien,Veränderung gegenüber 2005 in Prozent,K03101,179.411765,179.411764705882
2023,"Salzgitter, Stadt",Rumänien,Veränderung gegenüber 2005 in Prozent,K03102,1545.83333,1545.83333333333
2023,"Wolfsburg, Stadt",Rumänien,Veränderung gegenüber 2005 in Prozent,K03103,656.410256,656.410256410256
2023,Gifhorn,Rumänien,Veränderung gegenüber 2005 in Prozent,K03151,1937.03704,1937.03703703704
2023,Goslar,Rumänien,Veränderung gegenüber 2005 in Prozent,K03153,1323.91304,1323.91304347826
2023,Helmstedt,Rumänien,Veränderung gegenüber 2005 in Prozent,K03154,2372.22222,2372.22222222222
2023,Northeim,Rumänien,Veränderung gegenüber 2005 in Prozent,K03155,1476.92308,1476.92307692308
2023,Peine,Rumänien,Veränderung gegenüber 2005 in Prozent,K03157,2087.5,2087.5
2023,Wolfenbüttel,Rumänien,Veränderung gegenüber 2005 in Prozent,K03158,650.0,650.0
2023,Göttingen,Rumänien,Veränderung gegenüber 2005 in Prozent,K03159,1044.65409,1044.65408805031
2023,Statistische Region Braunschweig,Rumänien,Veränderung gegenüber 2005 in Prozent,K031,982.30198,982.30198019802
2023,Region Hannover,Rumänien,Veränderung gegenüber 2005 in Prozent,K03241,1028.4153,1028.41530054645
2023,"dav. Hannover, Lhst.",Rumänien,Veränderung gegenüber 2005 in Prozent,K03241001,1147.76119,1147.76119402985
2023,"dav. Hannover, Umland",Rumänien,Veränderung gegenüber 2005 in Prozent,K03241999,927.707809,927.707808564232
2023,Diepholz,Rumänien,Veränderung gegenüber 2005 in Prozent,K03251,4205.08475,4205.08474576271
2023,Hameln-Pyrmont,Rumänien,Veränderung gegenüber 2005 in Prozent,K03252,2709.09091,2709.09090909091
2023,Hildesheim,Rumänien,Veränderung gegenüber 2005 in Prozent,K03254,1176.92308,1176.92307692308
2023,Holzminden,Rumänien,Veränderung gegenüber 2005 in Prozent,K03255,1757.14286,1757.14285714286
2023,Nienburg (Weser),Rumänien,Veränderung gegenüber 2005 in Prozent,K03256,4400.0,4400.0
2023,Schaumburg,Rumänien,Veränderung gegenüber 2005 in Prozent,K03257,1306.77966,1306.77966101695
2023,Statistische Region Hannover,Rumänien,Veränderung gegenüber 2005 in Prozent,K032,1432.3475,1432.34750462107
2023,Celle,Rumänien,Veränderung gegenüber 2005 in Prozent,K03351,1553.33333,1553.33333333333
2023,Cuxhaven,Rumänien,Veränderung gegenüber 2005 in Prozent,K03352,2028.20513,2028.20512820513
2023,Harburg,Rumänien,Veränderung gegenüber 2005 in Prozent,K03353,1709.52381,1709.52380952381
2023,Lüchow-Dannenberg,Rumänien,Veränderung gegenüber 2005 in Prozent,K03354,1712.5,1712.5
2023,Lüneburg,Rumänien,Veränderung gegenüber 2005 in Prozent,K03355,1562.16216,1562.16216216216
2023,Osterholz,Rumänien,Veränderung gegenüber 2005 in Prozent,K03356,775.0,775.0
2023,Rotenburg (Wümme),Rumänien,Veränderung gegenüber 2005 in Prozent,K03357,1864.28571,1864.28571428571
2023,Heidekreis,Rumänien,Veränderung gegenüber 2005 in Prozent,K03358,2973.17073,2973.17073170732
2023,Stade,Rumänien,Veränderung gegenüber 2005 in Prozent,K03359,2000.0,2000.0
2023,Uelzen,Rumänien,Veränderung gegenüber 2005 in Prozent,K03360,1672.72727,1672.72727272727
2023,Verden,Rumänien,Veränderung gegenüber 2005 in Prozent,K03361,3257.14286,3257.14285714286
2023,Statistische Region Lüneburg,Rumänien,Veränderung gegenüber 2005 in Prozent,K033,1879.05282,1879.05282331512
2023,"Delmenhorst, Stadt",Rumänien,Veränderung gegenüber 2005 in Prozent,K03401,6669.23077,6669.23076923077
2023,"Emden, Stadt",Rumänien,Veränderung gegenüber 2005 in Prozent,K03402,1810.25641,1810.25641025641
2023,"Oldenburg (Oldb), Stadt",Rumänien,Veränderung gegenüber 2005 in Prozent,K03403,1147.82609,1147.82608695652
2023,"Osnabrück, Stadt",Rumänien,Veränderung gegenüber 2005 in Prozent,K03404,2044.0678,2044.06779661017
2023,"Wilhelmshaven, Stadt",Rumänien,Veränderung gegenüber 2005 in Prozent,K03405,5333.33333,5333.33333333333
2023,Ammerland,Rumänien,Veränderung gegenüber 2005 in Prozent,K03451,3220.0,3220.0
2023,Aurich,Rumänien,Veränderung gegenüber 2005 in Prozent,K03452,4400.0,4400.0
2023,Cloppenburg,Rumänien,Veränderung gegenüber 2005 in Prozent,K03453,23605.8824,23605.8823529412
2023,Emsland,Rumänien,Veränderung gegenüber 2005 in Prozent,K03454,11347.3684,11347.3684210526
2023,Friesland,Rumänien,Veränderung gegenüber 2005 in Prozent,K03455,921.73913,921.739130434783
2023,Grafschaft Bentheim,Rumänien,Veränderung gegenüber 2005 in Prozent,K03456,3521.62162,3521.62162162162
2023,Leer,Rumänien,Veränderung gegenüber 2005 in Prozent,K03457,1354.91803,1354.91803278689
2023,Oldenburg,Rumänien,Veränderung gegenüber 2005 in Prozent,K03458,7038.88889,7038.88888888889
2023,Osnabrück,Rumänien,Veränderung gegenüber 2005 in Prozent,K03459,6048.85496,6048.85496183206
2023,Vechta,Rumänien,Veränderung gegenüber 2005 in Prozent,K03460,4423.25581,4423.25581395349
2023,Wesermarsch,Rumänien,Veränderung gegenüber 2005 in Prozent,K03461,587.5,587.5
2023,Wittmund,Rumänien,Veränderung gegenüber 2005 in Prozent,K03462,3400.0,3400.0
2023,Statistische Region Weser-Ems,Rumänien,Veränderung gegenüber 2005 in Prozent,K034,4533.61612,4533.61611876988
2023,Niedersachsen,Rumänien,Veränderung gegenüber 2005 in Prozent,K030,2262.21171,2262.2117090479
2024,"Braunschweig, Stadt",Rumänien,Veränderung gegenüber 2005 in Prozent,K03101,158.403361,158.403361344538
2024,"Salzgitter, Stadt",Rumänien,Veränderung gegenüber 2005 in Prozent,K03102,1704.16667,1704.16666666667
2024,"Wolfsburg, Stadt",Rumänien,Veränderung gegenüber 2005 in Prozent,K03103,726.923077,726.923076923077
2024,Gifhorn,Rumänien,Veränderung gegenüber 2005 in Prozent,K03151,1909.25926,1909.25925925926
2024,Goslar,Rumänien,Veränderung gegenüber 2005 in Prozent,K03153,1334.78261,1334.78260869565
2024,Helmstedt,Rumänien,Veränderung gegenüber 2005 in Prozent,K03154,2372.22222,2372.22222222222
2024,Northeim,Rumänien,Veränderung gegenüber 2005 in Prozent,K03155,1964.10256,1964.10256410256
2024,Peine,Rumänien,Veränderung gegenüber 2005 in Prozent,K03157,2228.125,2228.125
2024,Wolfenbüttel,Rumänien,Veränderung gegenüber 2005 in Prozent,K03158,608.333333,608.333333333333
2024,Göttingen,Rumänien,Veränderung gegenüber 2005 in Prozent,K03159,1164.15094,1164.15094339623
2024,Statistische Region Braunschweig,Rumänien,Veränderung gegenüber 2005 in Prozent,K031,1057.17822,1057.17821782178
2024,Region Hannover,Rumänien,Veränderung gegenüber 2005 in Prozent,K03241,1079.64481,1079.64480874317
2024,"dav. Hannover, Lhst.",Rumänien,Veränderung gegenüber 2005 in Prozent,K03241001,1228.35821,1228.35820895522
2024,"dav. Hannover, Umland",Rumänien,Veränderung gegenüber 2005 in Prozent,K03241999,954.156171,954.156171284635
2024,Diepholz,Rumänien,Veränderung gegenüber 2005 in Prozent,K03251,4094.91525,4094.91525423729
2024,Hameln-Pyrmont,Rumänien,Veränderung gegenüber 2005 in Prozent,K03252,2600.0,2600.0
2024,Hildesheim,Rumänien,Veränderung gegenüber 2005 in Prozent,K03254,1138.46154,1138.46153846154
2024,Holzminden,Rumänien,Veränderung gegenüber 2005 in Prozent,K03255,2257.14286,2257.14285714286
2024,Nienburg (Weser),Rumänien,Veränderung gegenüber 2005 in Prozent,K03256,4081.81818,4081.81818181818
2024,Schaumburg,Rumänien,Veränderung gegenüber 2005 in Prozent,K03257,1391.52542,1391.52542372881
2024,Statistische Region Hannover,Rumänien,Veränderung gegenüber 2005 in Prozent,K032,1452.21811,1452.21811460259
2024,Celle,Rumänien,Veränderung gegenüber 2005 in Prozent,K03351,1613.33333,1613.33333333333
2024,Cuxhaven,Rumänien,Veränderung gegenüber 2005 in Prozent,K03352,1964.10256,1964.10256410256
2024,Harburg,Rumänien,Veränderung gegenüber 2005 in Prozent,K03353,1737.30159,1737.30158730159
2024,Lüchow-Dannenberg,Rumänien,Veränderung gegenüber 2005 in Prozent,K03354,1900.0,1900.0
2024,Lüneburg,Rumänien,Veränderung gegenüber 2005 in Prozent,K03355,1427.02703,1427.02702702703
2024,Osterholz,Rumänien,Veränderung gegenüber 2005 in Prozent,K03356,759.375,759.375
2024,Rotenburg (Wümme),Rumänien,Veränderung gegenüber 2005 in Prozent,K03357,1792.85714,1792.85714285714
2024,Heidekreis,Rumänien,Veränderung gegenüber 2005 in Prozent,K03358,2826.82927,2826.82926829268
2024,Stade,Rumänien,Veränderung gegenüber 2005 in Prozent,K03359,2147.05882,2147.05882352941
2024,Uelzen,Rumänien,Veränderung gegenüber 2005 in Prozent,K03360,1672.72727,1672.72727272727
2024,Verden,Rumänien,Veränderung gegenüber 2005 in Prozent,K03361,3221.42857,3221.42857142857
2024,Statistische Region Lüneburg,Rumänien,Veränderung gegenüber 2005 in Prozent,K033,1884.5173,1884.51730418944
2024,"Delmenhorst, Stadt",Rumänien,Veränderung gegenüber 2005 in Prozent,K03401,6707.69231,6707.69230769231
2024,"Emden, Stadt",Rumänien,Veränderung gegenüber 2005 in Prozent,K03402,1784.61538,1784.61538461538
2024,"Oldenburg (Oldb), Stadt",Rumänien,Veränderung gegenüber 2005 in Prozent,K03403,1121.73913,1121.73913043478
2024,"Osnabrück, Stadt",Rumänien,Veränderung gegenüber 2005 in Prozent,K03404,1942.37288,1942.37288135593
2024,"Wilhelmshaven, Stadt",Rumänien,Veränderung gegenüber 2005 in Prozent,K03405,5233.33333,5233.33333333333
2024,Ammerland,Rumänien,Veränderung gegenüber 2005 in Prozent,K03451,3100.0,3100.0
2024,Aurich,Rumänien,Veränderung gegenüber 2005 in Prozent,K03452,4093.54839,4093.54838709677
2024,Cloppenburg,Rumänien,Veränderung gegenüber 2005 in Prozent,K03453,24194.1176,24194.1176470588
2024,Emsland,Rumänien,Veränderung gegenüber 2005 in Prozent,K03454,11669.7368,11669.7368421053
2024,Friesland,Rumänien,Veränderung gegenüber 2005 in Prozent,K03455,965.217391,965.217391304348
2024,Grafschaft Bentheim,Rumänien,Veränderung gegenüber 2005 in Prozent,K03456,3562.16216,3562.16216216216
2024,Leer,Rumänien,Veränderung gegenüber 2005 in Prozent,K03457,1346.72131,1346.72131147541
2024,Oldenburg,Rumänien,Veränderung gegenüber 2005 in Prozent,K03458,6844.44444,6844.44444444444
2024,Osnabrück,Rumänien,Veränderung gegenüber 2005 in Prozent,K03459,6090.83969,6090.83969465649
2024,Vechta,Rumänien,Veränderung gegenüber 2005 in Prozent,K03460,4341.86047,4341.86046511628
2024,Wesermarsch,Rumänien,Veränderung gegenüber 2005 in Prozent,K03461,618.75,618.75
2024,Wittmund,Rumänien,Veränderung gegenüber 2005 in Prozent,K03462,3587.5,3587.5
2024,Statistische Region Weser-Ems,Rumänien,Veränderung gegenüber 2005 in Prozent,K034,4554.2948,4554.2948038176
2024,Niedersachsen,Rumänien,Veränderung gegenüber 2005 in Prozent,K030,2293.11059,2293.11058545239
2025,"Braunschweig, Stadt",Rumänien,Veränderung gegenüber 2005 in Prozent,K03101,175.210084,175.210084033613
2025,"Salzgitter, Stadt",Rumänien,Veränderung gegenüber 2005 in Prozent,K03102,1854.16667,1854.16666666667
2025,"Wolfsburg, Stadt",Rumänien,Veränderung gegenüber 2005 in Prozent,K03103,688.461538,688.461538461538
2025,Gifhorn,Rumänien,Veränderung gegenüber 2005 in Prozent,K03151,1788.88889,1788.88888888889
2025,Goslar,Rumänien,Veränderung gegenüber 2005 in Prozent,K03153,1258.69565,1258.69565217391
2025,Helmstedt,Rumänien,Veränderung gegenüber 2005 in Prozent,K03154,2511.11111,2511.11111111111
2025,Northeim,Rumänien,Veränderung gegenüber 2005 in Prozent,K03155,1733.33333,1733.33333333333
2025,Peine,Rumänien,Veränderung gegenüber 2005 in Prozent,K03157,2212.5,2212.5
2025,Wolfenbüttel,Rumänien,Veränderung gegenüber 2005 in Prozent,K03158,629.166667,629.166666666667
2025,Göttingen,Rumänien,Veränderung gegenüber 2005 in Prozent,K03159,1208.1761,1208.17610062893
2025,Statistische Region Braunschweig,Rumänien,Veränderung gegenüber 2005 in Prozent,K031,1068.31683,1068.31683168317
2025,Region Hannover,Rumänien,Veränderung gegenüber 2005 in Prozent,K03241,999.043716,999.043715846995
2025,"dav. Hannover, Lhst.",Rumänien,Veränderung gegenüber 2005 in Prozent,K03241001,1097.01493,1097.01492537313
2025,"dav. Hannover, Umland",Rumänien,Veränderung gegenüber 2005 in Prozent,K03241999,916.372796,916.372795969773
2025,Diepholz,Rumänien,Veränderung gegenüber 2005 in Prozent,K03251,4154.23729,4154.23728813559
2025,Hameln-Pyrmont,Rumänien,Veränderung gegenüber 2005 in Prozent,K03252,2645.45455,2645.45454545455
2025,Hildesheim,Rumänien,Veränderung gegenüber 2005 in Prozent,K03254,1150.0,1150.0
2025,Holzminden,Rumänien,Veränderung gegenüber 2005 in Prozent,K03255,2507.14286,2507.14285714286
2025,Nienburg (Weser),Rumänien,Veränderung gegenüber 2005 in Prozent,K03256,3930.30303,3930.30303030303
2025,Schaumburg,Rumänien,Veränderung gegenüber 2005 in Prozent,K03257,1332.20339,1332.20338983051
2025,Statistische Region Hannover,Rumänien,Veränderung gegenüber 2005 in Prozent,K032,1400.0,1400.0
2025,Celle,Rumänien,Veränderung gegenüber 2005 in Prozent,K03351,1606.66667,1606.66666666667
2025,Cuxhaven,Rumänien,Veränderung gegenüber 2005 in Prozent,K03352,1938.46154,1938.46153846154
2025,Harburg,Rumänien,Veränderung gegenüber 2005 in Prozent,K03353,1590.47619,1590.47619047619
2025,Lüchow-Dannenberg,Rumänien,Veränderung gegenüber 2005 in Prozent,K03354,2025.0,2025.0
2025,Lüneburg,Rumänien,Veränderung gegenüber 2005 in Prozent,K03355,1413.51351,1413.51351351351
2025,Osterholz,Rumänien,Veränderung gegenüber 2005 in Prozent,K03356,665.625,665.625
2025,Rotenburg (Wümme),Rumänien,Veränderung gegenüber 2005 in Prozent,K03357,1855.35714,1855.35714285714
2025,Heidekreis,Rumänien,Veränderung gegenüber 2005 in Prozent,K03358,2875.60976,2875.60975609756
2025,Stade,Rumänien,Veränderung gegenüber 2005 in Prozent,K03359,2094.11765,2094.11764705882
2025,Uelzen,Rumänien,Veränderung gegenüber 2005 in Prozent,K03360,1763.63636,1763.63636363636
2025,Verden,Rumänien,Veränderung gegenüber 2005 in Prozent,K03361,3453.57143,3453.57142857143
2025,Statistische Region Lüneburg,Rumänien,Veränderung gegenüber 2005 in Prozent,K033,1861.74863,1861.74863387978
2025,"Delmenhorst, Stadt",Rumänien,Veränderung gegenüber 2005 in Prozent,K03401,6976.92308,6976.92307692308
2025,"Emden, Stadt",Rumänien,Veränderung gegenüber 2005 in Prozent,K03402,1656.41026,1656.41025641026
2025,"Oldenburg (Oldb), Stadt",Rumänien,Veränderung gegenüber 2005 in Prozent,K03403,1060.86957,1060.86956521739
2025,"Osnabrück, Stadt",Rumänien,Veränderung gegenüber 2005 in Prozent,K03404,1874.57627,1874.57627118644
2025,"Wilhelmshaven, Stadt",Rumänien,Veränderung gegenüber 2005 in Prozent,K03405,5466.66667,5466.66666666667
2025,Ammerland,Rumänien,Veränderung gegenüber 2005 in Prozent,K03451,3640.0,3640.0
2025,Aurich,Rumänien,Veränderung gegenüber 2005 in Prozent,K03452,4238.70968,4238.70967741936
2025,Cloppenburg,Rumänien,Veränderung gegenüber 2005 in Prozent,K03453,22208.8235,22208.8235294118
2025,Emsland,Rumänien,Veränderung gegenüber 2005 in Prozent,K03454,11946.0526,11946.0526315789
2025,Friesland,Rumänien,Veränderung gegenüber 2005 in Prozent,K03455,1117.3913,1117.39130434783
2025,Grafschaft Bentheim,Rumänien,Veränderung gegenüber 2005 in Prozent,K03456,3845.94595,3845.94594594595
2025,Leer,Rumänien,Veränderung gegenüber 2005 in Prozent,K03457,1363.11475,1363.11475409836
2025,Oldenburg,Rumänien,Veränderung gegenüber 2005 in Prozent,K03458,6302.77778,6302.77777777778
2025,Osnabrück,Rumänien,Veränderung gegenüber 2005 in Prozent,K03459,6094.65649,6094.65648854962
2025,Vechta,Rumänien,Veränderung gegenüber 2005 in Prozent,K03460,4411.62791,4411.62790697674
2025,Wesermarsch,Rumänien,Veränderung gegenüber 2005 in Prozent,K03461,668.75,668.75
2025,Wittmund,Rumänien,Veränderung gegenüber 2005 in Prozent,K03462,3087.5,3087.5
2025,Statistische Region Weser-Ems,Rumänien,Veränderung gegenüber 2005 in Prozent,K034,4520.36055,4520.3605514316
2025,Niedersachsen,Rumänien,Veränderung gegenüber 2005 in Prozent,K030,2265.75991,2265.75990538143
